0 core=0 start r=0 y=0 c0=t3 c1=t1
1 core=1 give_isr r=1 y=0 c0=t3 c1=t1
2 core=0 delete 1 t1 r=0 y=2 c0=t3 c1=t2
3 core=0 give r=0 y=0 c0=t3 c1=t2
4 core=1 delay t2 1 r=0 y=2 c0=t3 c1=t0
5 core=0 noop r=0 y=0 c0=t3 c1=t0
6 core=1 yield r=0 y=2 c0=t3 c1=t0
7 core=1 yield r=0 y=2 c0=t3 c1=t0
8 core=0 tick r=0 y=2 c0=t3 c1=t2
9 core=0 prio t2 1 r=0 y=2 c0=t3 c1=t0
10 core=1 noop r=0 y=0 c0=t3 c1=t0
11 core=0 tick r=0 y=2 c0=t3 c1=t2
12 core=1 noop r=0 y=0 c0=t3 c1=t2
13 core=0 noop r=0 y=0 c0=t3 c1=t2
14 core=0 take t3 r=1 y=0 c0=t3 c1=t2
15 core=0 create 8 t4 p0 r=1 y=0 c0=t3 c1=t2
16 core=0 noop r=0 y=0 c0=t3 c1=t2
17 core=0 create 1 t5 p2 r=1 y=2 c0=t3 c1=t5
18 core=0 noop r=0 y=0 c0=t3 c1=t5
19 core=1 noop r=0 y=0 c0=t3 c1=t5
20 core=1 noop r=0 y=0 c0=t3 c1=t5
21 core=1 take t5 r=0 y=0 c0=t3 c1=t5
22 core=1 delay t5 2 r=0 y=2 c0=t3 c1=t0
23 core=0 tick r=0 y=2 c0=t3 c1=t2
24 core=0 noop r=0 y=0 c0=t3 c1=t2
25 core=0 noop r=0 y=0 c0=t3 c1=t2
26 core=0 give r=1 y=0 c0=t3 c1=t2
27 core=0 create 5 t6 p3 r=1 y=2 c0=t3 c1=t6
28 core=1 noop r=0 y=0 c0=t3 c1=t6
29 core=1 yield r=0 y=2 c0=t3 c1=t6
30 core=1 delay t6 5 r=0 y=2 c0=t3 c1=t0
31 core=0 give r=0 y=0 c0=t3 c1=t0
32 core=0 prio t0 3 r=0 y=0 c0=t3 c1=t0
33 core=1 take t0 r=1 y=0 c0=t3 c1=t0
34 core=0 noop r=0 y=0 c0=t3 c1=t0
35 core=1 take t0 r=0 y=0 c0=t3 c1=t0
36 core=0 give r=1 y=0 c0=t3 c1=t0
37 core=1 suspend t5 r=0 y=0 c0=t3 c1=t0
38 core=1 take t0 r=1 y=0 c0=t3 c1=t0
39 core=0 noop r=0 y=0 c0=t3 c1=t0
40 core=0 noop r=0 y=0 c0=t3 c1=t0
41 core=0 take t3 r=0 y=0 c0=t3 c1=t0
42 core=1 suspend t5 r=0 y=0 c0=t3 c1=t0
43 core=1 give_isr r=1 y=0 c0=t3 c1=t0
44 core=1 take t0 r=1 y=0 c0=t3 c1=t0
45 core=0 tick r=1 y=3 c0=t3 c1=t0
46 core=0 noop r=0 y=0 c0=t3 c1=t0
47 core=1 noop r=0 y=0 c0=t3 c1=t0
48 core=1 take t0 r=0 y=0 c0=t3 c1=t0
49 core=0 noop r=0 y=0 c0=t3 c1=t0
50 core=0 resume t2 r=0 y=0 c0=t3 c1=t0
51 core=1 delete 8 t4 r=0 y=0 c0=t3 c1=t0
52 core=0 tick r=1 y=3 c0=t3 c1=t0
53 core=1 suspend t5 r=0 y=0 c0=t3 c1=t0
54 core=1 suspend t6 r=0 y=0 c0=t3 c1=t0
55 core=1 create 6 t7 p3 r=1 y=0 c0=t3 c1=t0
56 core=1 delay t0 5 r=0 y=2 c0=t3 c1=t7
57 core=0 delete 0 t0 r=0 y=0 c0=t3 c1=t7
58 core=1 delay t7 4 r=0 y=2 c0=t3 c1=t2
59 core=0 noop r=0 y=0 c0=t3 c1=t2
60 core=1 give_isr r=1 y=0 c0=t3 c1=t2
61 core=1 take t2 r=1 y=0 c0=t3 c1=t2
62 core=0 noop r=0 y=0 c0=t3 c1=t2
63 core=1 delay t2 3 r=0 y=2 c0=t3 c1=IDLE0
64 core=1 yield r=0 y=2 c0=t3 c1=IDLE1
65 core=0 take t3 r=0 y=0 c0=t3 c1=IDLE1
66 core=1 create 9 t8 p1 r=1 y=2 c0=t3 c1=t8
67 core=1 delete 9 t8 r=0 y=2 c0=t3 c1=IDLE0
68 core=1 noop r=0 y=0 c0=t3 c1=IDLE0
69 core=0 noop r=0 y=0 c0=t3 c1=IDLE0
70 core=0 give r=1 y=0 c0=t3 c1=IDLE0
71 core=1 suspend t6 r=0 y=0 c0=t3 c1=IDLE0
72 core=1 noop r=0 y=0 c0=t3 c1=IDLE0
73 core=0 give_isr r=0 y=0 c0=t3 c1=IDLE0
74 core=1 noop r=0 y=0 c0=t3 c1=IDLE0
75 core=1 give r=0 y=0 c0=t3 c1=IDLE0
76 core=0 take t3 r=1 y=0 c0=t3 c1=IDLE0
77 core=0 tick r=0 y=2 c0=t3 c1=IDLE1
78 core=0 delete 2 t2 r=0 y=0 c0=t3 c1=IDLE1
79 core=0 take t3 r=0 y=0 c0=t3 c1=IDLE1
80 core=0 tick r=0 y=2 c0=t3 c1=IDLE0
81 core=1 noop r=0 y=0 c0=t3 c1=IDLE0
82 core=1 yield r=0 y=2 c0=t3 c1=IDLE1
83 core=0 noop r=0 y=0 c0=t3 c1=IDLE1
84 core=1 noop r=0 y=0 c0=t3 c1=IDLE1
85 core=0 noop r=0 y=0 c0=t3 c1=IDLE1
86 core=0 resume t3 r=0 y=0 c0=t3 c1=IDLE1
87 core=0 give r=1 y=0 c0=t3 c1=IDLE1
88 core=1 noop r=0 y=0 c0=t3 c1=IDLE1
89 core=1 noop r=0 y=0 c0=t3 c1=IDLE1
90 core=0 noop r=0 y=0 c0=t3 c1=IDLE1
91 core=1 give_isr r=0 y=0 c0=t3 c1=IDLE1
92 core=0 delay t3 4 r=0 y=1 c0=IDLE0 c1=IDLE1
93 core=1 suspend t6 r=0 y=0 c0=IDLE0 c1=IDLE1
94 core=1 create 7 t9 p2 r=1 y=2 c0=IDLE0 c1=t9
95 core=0 give_isr r=0 y=0 c0=IDLE0 c1=t9
96 core=0 give r=0 y=0 c0=IDLE0 c1=t9
97 core=0 noop r=0 y=0 c0=IDLE0 c1=t9
98 core=1 noop r=0 y=0 c0=IDLE0 c1=t9
99 core=1 give_isr r=0 y=0 c0=IDLE0 c1=t9
100 core=0 create 0 t10 p1 r=1 y=1 c0=t10 c1=t9
101 core=0 delay t10 5 r=0 y=1 c0=IDLE1 c1=t9
102 core=0 yield r=0 y=1 c0=IDLE0 c1=t9
103 core=1 noop r=0 y=0 c0=IDLE0 c1=t9
104 core=1 suspend t3 r=0 y=0 c0=IDLE0 c1=t9
105 core=1 noop r=0 y=0 c0=IDLE0 c1=t9
106 core=0 resume t7 r=0 y=0 c0=IDLE0 c1=t9
107 core=0 resume t9 r=0 y=0 c0=IDLE0 c1=t9
108 core=0 noop r=0 y=0 c0=IDLE0 c1=t9
109 core=0 noop r=0 y=0 c0=IDLE0 c1=t9
110 core=0 give_isr r=0 y=0 c0=IDLE0 c1=t9
111 core=1 delay t9 5 r=0 y=2 c0=IDLE0 c1=IDLE1
112 core=0 delete 5 t6 r=0 y=0 c0=IDLE0 c1=IDLE1
113 core=1 suspend t9 r=0 y=0 c0=IDLE0 c1=IDLE1
114 core=1 give r=0 y=0 c0=IDLE0 c1=IDLE1
115 core=0 noop r=0 y=0 c0=IDLE0 c1=IDLE1
116 core=1 noop r=0 y=0 c0=IDLE0 c1=IDLE1
117 core=0 suspend t10 r=0 y=0 c0=IDLE0 c1=IDLE1
118 core=1 suspend t9 r=0 y=0 c0=IDLE0 c1=IDLE1
119 core=1 resume t9 r=0 y=2 c0=IDLE0 c1=t9
120 core=0 tick r=1 y=1 c0=IDLE1 c1=t9
121 core=0 create 2 t11 p2 r=1 y=1 c0=t11 c1=t9
122 core=0 suspend t9 r=0 y=2 c0=t11 c1=IDLE0
123 core=1 suspend t7 r=0 y=0 c0=t11 c1=IDLE0
124 core=1 give r=0 y=0 c0=t11 c1=IDLE0
125 core=1 resume t9 r=0 y=2 c0=t11 c1=t9
126 core=1 prio t9 1 r=0 y=2 c0=t11 c1=t9
127 core=0 yield r=0 y=1 c0=t11 c1=t9
128 core=0 tick r=0 y=0 c0=t11 c1=t9
129 core=1 give r=0 y=0 c0=t11 c1=t9
130 core=0 noop r=0 y=0 c0=t11 c1=t9
131 core=1 delay t9 3 r=0 y=2 c0=t11 c1=IDLE1
132 core=0 tick r=0 y=2 c0=t11 c1=IDLE0
133 core=1 give r=0 y=0 c0=t11 c1=IDLE0
134 core=0 give r=0 y=0 c0=t11 c1=IDLE0
135 core=0 prio t9 3 r=0 y=0 c0=t11 c1=IDLE0
136 core=1 suspend t5 r=0 y=0 c0=t11 c1=IDLE0
137 core=0 take t11 r=1 y=0 c0=t11 c1=IDLE0
138 core=0 tick r=0 y=2 c0=t11 c1=IDLE1
139 core=0 noop r=0 y=0 c0=t11 c1=IDLE1
140 core=0 give_isr r=1 y=0 c0=t11 c1=IDLE1
141 core=0 prio t5 0 r=0 y=0 c0=t11 c1=IDLE1
142 core=1 give r=0 y=0 c0=t11 c1=IDLE1
143 core=1 delete 2 t11 r=0 y=1 c0=IDLE0 c1=IDLE1
144 core=0 prio t10 2 r=0 y=0 c0=IDLE0 c1=IDLE1
145 core=0 tick r=1 y=3 c0=t9 c1=IDLE0
146 core=0 tick r=0 y=2 c0=t9 c1=IDLE1
147 core=1 create 2 t12 p0 r=1 y=2 c0=t9 c1=IDLE0
148 core=1 delete 0 t10 r=0 y=0 c0=t9 c1=IDLE0
149 core=1 resume t3 r=0 y=2 c0=t9 c1=t3
150 core=1 noop r=0 y=0 c0=t9 c1=t3
151 core=1 take t3 r=1 y=0 c0=t9 c1=t3
152 core=0 create 5 t13 p0 r=1 y=0 c0=t9 c1=t3
153 core=0 delay t9 1 r=0 y=1 c0=t12 c1=t3
154 core=1 give_isr r=1 y=0 c0=t12 c1=t3
155 core=1 noop r=0 y=0 c0=t12 c1=t3
156 core=0 tick r=1 y=3 c0=t9 c1=t3
157 core=1 noop r=0 y=0 c0=t9 c1=t3
158 core=0 tick r=1 y=3 c0=t9 c1=t3
159 core=0 tick r=1 y=3 c0=t9 c1=t3
160 core=1 take t3 r=1 y=0 c0=t9 c1=t3
161 core=1 delay t3 2 r=0 y=2 c0=t9 c1=IDLE1
162 core=0 create 9 t14 p0 r=1 y=2 c0=t9 c1=IDLE0
163 core=0 take t9 r=0 y=0 c0=t9 c1=IDLE0
164 core=0 resume t13 r=0 y=0 c0=t9 c1=IDLE0
165 core=1 create 0 t15 p1 r=1 y=2 c0=t9 c1=t15
166 core=0 resume t3 r=0 y=0 c0=t9 c1=t15
167 core=0 suspend t5 r=0 y=0 c0=t9 c1=t15
168 core=1 suspend t5 r=0 y=0 c0=t9 c1=t15
169 core=1 noop r=0 y=0 c0=t9 c1=t15
170 core=0 take t9 r=0 y=0 c0=t9 c1=t15
171 core=1 resume t14 r=0 y=0 c0=t9 c1=t15
172 core=0 give r=1 y=0 c0=t9 c1=t15
173 core=0 noop r=0 y=0 c0=t9 c1=t15
174 core=0 tick r=0 y=0 c0=t9 c1=t15
175 core=0 delay t9 2 r=0 y=1 c0=t13 c1=t15
176 core=0 resume t13 r=0 y=0 c0=t13 c1=t15
177 core=0 tick r=1 y=1 c0=t3 c1=t15
178 core=1 resume t12 r=0 y=0 c0=t3 c1=t15
179 core=0 give r=0 y=0 c0=t3 c1=t15
180 core=0 noop r=0 y=0 c0=t3 c1=t15
181 core=1 suspend t7 r=0 y=0 c0=t3 c1=t15
182 core=1 prio t13 2 r=0 y=2 c0=t3 c1=t13
183 core=1 prio t14 0 r=0 y=0 c0=t3 c1=t13
184 core=0 noop r=0 y=0 c0=t3 c1=t13
185 core=0 resume t14 r=0 y=0 c0=t3 c1=t13
186 core=1 delete 0 t15 r=0 y=0 c0=t3 c1=t13
187 core=1 suspend t9 r=0 y=0 c0=t3 c1=t13
188 core=0 yield r=0 y=1 c0=t3 c1=t13
189 core=1 noop r=0 y=0 c0=t3 c1=t13
190 core=0 give r=0 y=0 c0=t3 c1=t13
191 core=1 create 0 t16 p0 r=1 y=0 c0=t3 c1=t13
192 core=0 noop r=0 y=0 c0=t3 c1=t13
193 core=0 delay t3 5 r=0 y=1 c0=t12 c1=t13
194 core=1 take t13 r=1 y=0 c0=t12 c1=t13
195 core=1 noop r=0 y=0 c0=t12 c1=t13
196 core=0 delay t12 2 r=0 y=1 c0=t14 c1=t13
197 core=1 noop r=0 y=0 c0=t14 c1=t13
198 core=0 give r=1 y=0 c0=t14 c1=t13
199 core=0 prio t7 1 r=0 y=0 c0=t14 c1=t13
200 core=0 delay t14 1 r=0 y=1 c0=IDLE1 c1=t13
201 core=0 resume t16 r=0 y=0 c0=IDLE1 c1=t13
202 core=1 take t13 r=1 y=0 c0=IDLE1 c1=t13
203 core=0 noop r=0 y=0 c0=IDLE1 c1=t13
204 core=0 give r=1 y=0 c0=IDLE1 c1=t13
205 core=0 resume t13 r=0 y=0 c0=IDLE1 c1=t13
206 core=1 noop r=0 y=0 c0=IDLE1 c1=t13
207 core=0 noop r=0 y=0 c0=IDLE1 c1=t13
208 core=1 give r=0 y=0 c0=IDLE1 c1=t13
209 core=0 give r=0 y=0 c0=IDLE1 c1=t13
210 core=0 resume t5 r=0 y=1 c0=IDLE0 c1=t13
211 core=0 tick r=1 y=1 c0=t16 c1=t13
212 core=1 yield r=0 y=2 c0=t16 c1=t13
213 core=0 give r=0 y=0 c0=t16 c1=t13
214 core=0 noop r=0 y=0 c0=t16 c1=t13
215 core=0 noop r=0 y=0 c0=t16 c1=t13
216 core=1 yield r=0 y=2 c0=t16 c1=t13
217 core=0 yield r=0 y=1 c0=t5 c1=t13
218 core=1 noop r=0 y=0 c0=t5 c1=t13
219 core=0 prio t7 2 r=0 y=0 c0=t5 c1=t13
220 core=1 take t13 r=1 y=0 c0=t5 c1=t13
221 core=0 noop r=0 y=0 c0=t5 c1=t13
222 core=1 resume t9 r=0 y=1 c0=t9 c1=t13
223 core=1 resume t5 r=0 y=0 c0=t9 c1=t13
224 core=0 resume t13 r=0 y=0 c0=t9 c1=t13
225 core=1 delete 6 t7 r=0 y=0 c0=t9 c1=t13
226 core=1 noop r=0 y=0 c0=t9 c1=t13
227 core=1 noop r=0 y=0 c0=t9 c1=t13
228 core=0 prio t9 3 r=0 y=0 c0=t9 c1=t13
229 core=1 give_isr r=1 y=0 c0=t9 c1=t13
230 core=0 tick r=0 y=0 c0=t9 c1=t13
231 core=0 resume t16 r=0 y=0 c0=t9 c1=t13
232 core=1 yield r=0 y=2 c0=t9 c1=t13
233 core=0 take t9 r=1 y=0 c0=t9 c1=t13
234 core=0 delay t9 5 r=0 y=1 c0=IDLE1 c1=t13
235 core=1 prio t13 2 r=0 y=0 c0=IDLE1 c1=t13
236 core=0 prio t5 3 r=0 y=1 c0=t5 c1=t13
237 core=0 tick r=0 y=0 c0=t5 c1=t13
238 core=1 give r=1 y=0 c0=t5 c1=t13
239 core=0 tick r=0 y=0 c0=t5 c1=t13
240 core=1 delay t13 4 r=0 y=2 c0=t5 c1=t14
241 core=0 resume t14 r=0 y=0 c0=t5 c1=t14
242 core=1 delay t14 5 r=0 y=2 c0=t5 c1=IDLE0
243 core=0 take t5 r=1 y=0 c0=t5 c1=IDLE0
244 core=1 noop r=0 y=0 c0=t5 c1=IDLE0
245 core=0 yield r=0 y=1 c0=t5 c1=IDLE0
246 core=1 give r=1 y=0 c0=t5 c1=IDLE0
247 core=0 noop r=0 y=0 c0=t5 c1=IDLE0
248 core=0 give_isr r=0 y=0 c0=t5 c1=IDLE0
249 core=0 noop r=0 y=0 c0=t5 c1=IDLE0
250 core=1 prio t5 2 r=0 y=1 c0=t5 c1=IDLE0
251 core=1 noop r=0 y=0 c0=t5 c1=IDLE0
252 core=0 give r=0 y=0 c0=t5 c1=IDLE0
253 core=1 noop r=0 y=0 c0=t5 c1=IDLE0
254 core=1 give_isr r=0 y=0 c0=t5 c1=IDLE0
255 core=0 take t5 r=1 y=0 c0=t5 c1=IDLE0
256 core=1 noop r=0 y=0 c0=t5 c1=IDLE0
257 core=0 give r=1 y=0 c0=t5 c1=IDLE0
258 core=0 suspend t16 r=0 y=0 c0=t5 c1=IDLE0
259 core=0 noop r=0 y=0 c0=t5 c1=IDLE0
260 core=1 noop r=0 y=0 c0=t5 c1=IDLE0
261 core=0 noop r=0 y=0 c0=t5 c1=IDLE0
262 core=1 noop r=0 y=0 c0=t5 c1=IDLE0
263 core=1 give_isr r=0 y=0 c0=t5 c1=IDLE0
264 core=0 give r=0 y=0 c0=t5 c1=IDLE0
265 core=0 tick r=0 y=2 c0=t5 c1=t3
266 core=0 noop r=0 y=0 c0=t5 c1=t3
267 core=0 resume t3 r=0 y=0 c0=t5 c1=t3
268 core=0 delay t5 5 r=0 y=1 c0=t12 c1=t3
269 core=1 delay t3 1 r=0 y=2 c0=t12 c1=IDLE1
270 core=0 give r=0 y=0 c0=t12 c1=IDLE1
271 core=1 give r=0 y=0 c0=t12 c1=IDLE1
272 core=0 noop r=0 y=0 c0=t12 c1=IDLE1
273 core=0 delay t12 3 r=0 y=1 c0=IDLE0 c1=IDLE1
274 core=0 give r=0 y=0 c0=IDLE0 c1=IDLE1
275 core=1 suspend t3 r=0 y=0 c0=IDLE0 c1=IDLE1
276 core=1 noop r=0 y=0 c0=IDLE0 c1=IDLE1
277 core=1 noop r=0 y=0 c0=IDLE0 c1=IDLE1
278 core=1 noop r=0 y=0 c0=IDLE0 c1=IDLE1
279 core=1 noop r=0 y=0 c0=IDLE0 c1=IDLE1
280 core=0 noop r=0 y=0 c0=IDLE0 c1=IDLE1
281 core=0 resume t3 r=0 y=2 c0=IDLE0 c1=t3
282 core=0 delete 1 t5 r=0 y=0 c0=IDLE0 c1=t3
283 core=0 noop r=0 y=0 c0=IDLE0 c1=t3
284 core=0 suspend t12 r=0 y=0 c0=IDLE0 c1=t3
285 core=1 prio t13 3 r=0 y=0 c0=IDLE0 c1=t3
286 core=0 resume t12 r=0 y=1 c0=IDLE1 c1=t3
287 core=1 delay t3 4 r=0 y=2 c0=IDLE1 c1=t12
288 core=0 resume t16 r=0 y=1 c0=IDLE0 c1=t12
289 core=0 tick r=1 y=3 c0=t16 c1=IDLE1
290 core=1 suspend t12 r=0 y=0 c0=t16 c1=IDLE1
291 core=0 noop r=0 y=0 c0=t16 c1=IDLE1
292 core=0 resume t14 r=0 y=0 c0=t16 c1=IDLE1
293 core=0 delete 9 t14 r=0 y=0 c0=t16 c1=IDLE1
294 core=1 suspend t3 r=0 y=0 c0=t16 c1=IDLE1
295 core=0 give_isr r=0 y=0 c0=t16 c1=IDLE1
296 core=1 suspend t13 r=0 y=0 c0=t16 c1=IDLE1
297 core=1 noop r=0 y=0 c0=t16 c1=IDLE1
298 core=1 give r=0 y=0 c0=t16 c1=IDLE1
299 core=1 give r=0 y=0 c0=t16 c1=IDLE1
300 core=1 give r=0 y=0 c0=t16 c1=IDLE1
301 core=1 noop r=0 y=0 c0=t16 c1=IDLE1
302 core=1 noop r=0 y=0 c0=t16 c1=IDLE1
303 core=0 delete 5 t13 r=0 y=0 c0=t16 c1=IDLE1
304 core=0 tick r=1 y=3 c0=t9 c1=IDLE0
305 core=0 give r=0 y=0 c0=t9 c1=IDLE0
306 core=1 yield r=0 y=2 c0=t9 c1=t16
307 core=0 noop r=0 y=0 c0=t9 c1=t16
308 core=0 noop r=0 y=0 c0=t9 c1=t16
309 core=1 noop r=0 y=0 c0=t9 c1=t16
310 core=0 noop r=0 y=0 c0=t9 c1=t16
311 core=0 noop r=0 y=0 c0=t9 c1=t16
312 core=0 give r=0 y=0 c0=t9 c1=t16
313 core=0 noop r=0 y=0 c0=t9 c1=t16
314 core=0 noop r=0 y=0 c0=t9 c1=t16
315 core=0 delay t9 4 r=0 y=1 c0=IDLE1 c1=t16
316 core=0 noop r=0 y=0 c0=IDLE1 c1=t16
317 core=1 suspend t9 r=0 y=0 c0=IDLE1 c1=t16
318 core=0 noop r=0 y=0 c0=IDLE1 c1=t16
319 core=0 noop r=0 y=0 c0=IDLE1 c1=t16
320 core=0 tick r=1 y=3 c0=IDLE0 c1=IDLE1
321 core=0 create 6 t17 p1 r=1 y=2 c0=IDLE0 c1=t17
322 core=1 resume t17 r=0 y=0 c0=IDLE0 c1=t17
323 core=0 give_isr r=0 y=0 c0=IDLE0 c1=t17
324 core=0 noop r=0 y=0 c0=IDLE0 c1=t17
325 core=0 suspend t16 r=0 y=0 c0=IDLE0 c1=t17
326 core=1 create 5 t18 p2 r=1 y=1 c0=t18 c1=t17
327 core=1 resume t9 r=0 y=2 c0=t18 c1=t9
328 core=1 yield r=0 y=2 c0=t18 c1=t9
329 core=1 noop r=0 y=0 c0=t18 c1=t9
330 core=1 suspend t3 r=0 y=0 c0=t18 c1=t9
331 core=1 give r=0 y=0 c0=t18 c1=t9
332 core=1 take t9 r=1 y=0 c0=t18 c1=t9
333 core=1 suspend t3 r=0 y=0 c0=t18 c1=t9
334 core=0 delete 7 t9 r=0 y=2 c0=t18 c1=t17
335 core=0 resume t17 r=0 y=0 c0=t18 c1=t17
336 core=0 delay t18 1 r=0 y=1 c0=IDLE1 c1=t17
337 core=1 noop r=0 y=0 c0=IDLE1 c1=t17
338 core=0 prio t18 2 r=0 y=0 c0=IDLE1 c1=t17
339 core=0 noop r=0 y=0 c0=IDLE1 c1=t17
340 core=0 noop r=0 y=0 c0=IDLE1 c1=t17
341 core=0 noop r=0 y=0 c0=IDLE1 c1=t17
342 core=1 take t17 r=0 y=0 c0=IDLE1 c1=t17
343 core=0 noop r=0 y=0 c0=IDLE1 c1=t17
344 core=1 noop r=0 y=0 c0=IDLE1 c1=t17
345 core=1 suspend t12 r=0 y=0 c0=IDLE1 c1=t17
346 core=0 give r=1 y=0 c0=IDLE1 c1=t17
347 core=0 tick r=1 y=1 c0=t18 c1=t17
348 core=1 resume t16 r=0 y=0 c0=t18 c1=t17
349 core=0 tick r=0 y=0 c0=t18 c1=t17
350 core=0 create 8 t19 p3 r=1 y=2 c0=t18 c1=t19
351 core=1 create 1 t20 p3 r=1 y=1 c0=t20 c1=t19
352 core=0 delay t20 1 r=0 y=1 c0=t18 c1=t19
353 core=0 tick r=1 y=3 c0=t20 c1=t19
354 core=1 give_isr r=0 y=0 c0=t20 c1=t19
355 core=1 take t19 r=1 y=0 c0=t20 c1=t19
356 core=1 take t19 r=0 y=0 c0=t20 c1=t19
357 core=0 delete 5 t18 r=0 y=0 c0=t20 c1=t19
358 core=0 noop r=0 y=0 c0=t20 c1=t19
359 core=0 suspend t12 r=0 y=0 c0=t20 c1=t19
360 core=0 tick r=1 y=3 c0=t20 c1=t19
361 core=0 prio t12 3 r=0 y=0 c0=t20 c1=t19
362 core=0 noop r=0 y=0 c0=t20 c1=t19
363 core=0 give r=1 y=0 c0=t20 c1=t19
364 core=0 give r=0 y=0 c0=t20 c1=t19
365 core=0 give_isr r=0 y=0 c0=t20 c1=t19
366 core=0 give r=0 y=0 c0=t20 c1=t19
367 core=0 suspend t17 r=0 y=0 c0=t20 c1=t19
368 core=1 suspend t3 r=0 y=0 c0=t20 c1=t19
369 core=1 delay t19 2 r=0 y=2 c0=t20 c1=IDLE0
370 core=0 resume t16 r=0 y=0 c0=t20 c1=IDLE0
371 core=1 prio t12 2 r=0 y=0 c0=t20 c1=IDLE0
372 core=1 noop r=0 y=0 c0=t20 c1=IDLE0
373 core=0 suspend t17 r=0 y=0 c0=t20 c1=IDLE0
374 core=0 delay t20 2 r=0 y=1 c0=IDLE1 c1=IDLE0
375 core=0 tick r=1 y=3 c0=t16 c1=IDLE1
376 core=0 prio t20 0 r=0 y=0 c0=t16 c1=IDLE1
377 core=1 noop r=0 y=0 c0=t16 c1=IDLE1
378 core=1 noop r=0 y=0 c0=t16 c1=IDLE1
379 core=1 delete 1 t20 r=0 y=0 c0=t16 c1=IDLE1
380 core=0 take t16 r=1 y=0 c0=t16 c1=IDLE1
381 core=0 take t16 r=0 y=0 c0=t16 c1=IDLE1
382 core=0 delete 3 t3 r=0 y=0 c0=t16 c1=IDLE1
383 core=1 noop r=0 y=0 c0=t16 c1=IDLE1
384 core=1 give r=1 y=0 c0=t16 c1=IDLE1
385 core=0 noop r=0 y=0 c0=t16 c1=IDLE1
386 core=0 yield r=0 y=1 c0=IDLE0 c1=IDLE1
387 core=0 noop r=0 y=0 c0=IDLE0 c1=IDLE1
388 core=0 noop r=0 y=0 c0=IDLE0 c1=IDLE1
389 core=1 create 5 t21 p2 r=1 y=2 c0=IDLE0 c1=t21
390 core=1 suspend t17 r=0 y=0 c0=IDLE0 c1=t21
391 core=0 delete 8 t19 r=0 y=0 c0=IDLE0 c1=t21
392 core=1 yield r=0 y=2 c0=IDLE0 c1=t21
393 core=1 delay t21 3 r=0 y=2 c0=IDLE0 c1=t16
394 core=1 noop r=0 y=0 c0=IDLE0 c1=t16
395 core=0 give r=0 y=0 c0=IDLE0 c1=t16
396 core=0 noop r=0 y=0 c0=IDLE0 c1=t16
397 core=0 create 1 t22 p1 r=1 y=1 c0=t22 c1=t16
398 core=0 yield r=0 y=1 c0=t22 c1=t16
399 core=1 create 7 t23 p3 r=1 y=2 c0=t22 c1=t23
400 core=0 tick r=0 y=0 c0=t22 c1=t23
401 core=1 yield r=0 y=2 c0=t22 c1=t23
402 core=0 give r=0 y=0 c0=t22 c1=t23
403 core=1 prio t16 3 r=0 y=1 c0=t16 c1=t23
404 core=0 give r=0 y=0 c0=t16 c1=t23
405 core=1 resume t16 r=0 y=0 c0=t16 c1=t23
406 core=1 give_isr r=0 y=0 c0=t16 c1=t23
407 core=0 tick r=1 y=3 c0=t16 c1=t23
408 core=1 noop r=0 y=0 c0=t16 c1=t23
409 core=0 resume t21 r=0 y=0 c0=t16 c1=t23
410 core=1 give r=0 y=0 c0=t16 c1=t23
411 core=0 give r=0 y=0 c0=t16 c1=t23
412 core=0 suspend t12 r=0 y=0 c0=t16 c1=t23
413 core=0 tick r=1 y=3 c0=t16 c1=t23
414 core=1 resume t17 r=0 y=0 c0=t16 c1=t23
415 core=1 prio t16 1 r=0 y=1 c0=t21 c1=t23
416 core=1 yield r=0 y=2 c0=t21 c1=t23
417 core=1 noop r=0 y=0 c0=t21 c1=t23
418 core=0 delay t21 1 r=0 y=1 c0=t22 c1=t23
419 core=0 noop r=0 y=0 c0=t22 c1=t23
420 core=0 take t22 r=1 y=0 c0=t22 c1=t23
421 core=0 delay t22 4 r=0 y=1 c0=t17 c1=t23
422 core=0 noop r=0 y=0 c0=t17 c1=t23
423 core=0 give_isr r=1 y=0 c0=t17 c1=t23
424 core=0 noop r=0 y=0 c0=t17 c1=t23
425 core=1 give r=0 y=0 c0=t17 c1=t23
426 core=0 create 4 t24 p1 r=1 y=0 c0=t17 c1=t23
427 core=0 delete 2 t12 r=0 y=0 c0=t17 c1=t23
428 core=1 delete 7 t23 r=0 y=2 c0=t17 c1=t16
429 core=0 delay t17 2 r=0 y=1 c0=t24 c1=t16
430 core=1 delay t16 3 r=0 y=2 c0=t24 c1=IDLE1
431 core=1 give r=0 y=0 c0=t24 c1=IDLE1
432 core=0 yield r=0 y=1 c0=t24 c1=IDLE1
433 core=1 give_isr r=0 y=0 c0=t24 c1=IDLE1
434 core=1 yield r=0 y=2 c0=t24 c1=IDLE0
435 core=0 delay t24 1 r=0 y=1 c0=IDLE1 c1=IDLE0
436 core=1 noop r=0 y=0 c0=IDLE1 c1=IDLE0
437 core=1 noop r=0 y=0 c0=IDLE1 c1=IDLE0
438 core=1 noop r=0 y=0 c0=IDLE1 c1=IDLE0
439 core=1 noop r=0 y=0 c0=IDLE1 c1=IDLE0
440 core=1 noop r=0 y=0 c0=IDLE1 c1=IDLE0
441 core=1 yield r=0 y=2 c0=IDLE1 c1=IDLE0
442 core=0 noop r=0 y=0 c0=IDLE1 c1=IDLE0
443 core=1 noop r=0 y=0 c0=IDLE1 c1=IDLE0
444 core=1 create 9 t25 p0 r=1 y=2 c0=IDLE1 c1=t25
445 core=0 create 2 t26 p3 r=1 y=1 c0=t26 c1=t25
446 core=1 take t25 r=1 y=0 c0=t26 c1=t25
447 core=1 resume t25 r=0 y=0 c0=t26 c1=t25
448 core=0 noop r=0 y=0 c0=t26 c1=t25
449 core=0 delay t26 4 r=0 y=1 c0=IDLE0 c1=t25
450 core=1 take t25 r=0 y=0 c0=IDLE0 c1=t25
451 core=1 delay t25 5 r=0 y=2 c0=IDLE0 c1=IDLE1
452 core=0 resume t16 r=0 y=0 c0=IDLE0 c1=IDLE1
453 core=0 noop r=0 y=0 c0=IDLE0 c1=IDLE1
454 core=0 give_isr r=1 y=0 c0=IDLE0 c1=IDLE1
455 core=0 tick r=1 y=3 c0=t21 c1=t24
456 core=1 noop r=0 y=0 c0=t21 c1=t24
457 core=0 noop r=0 y=0 c0=t21 c1=t24
458 core=0 give_isr r=0 y=0 c0=t21 c1=t24
459 core=0 noop r=0 y=0 c0=t21 c1=t24
460 core=0 take t21 r=1 y=0 c0=t21 c1=t24
461 core=0 noop r=0 y=0 c0=t21 c1=t24
462 core=1 prio t21 0 r=0 y=1 c0=IDLE0 c1=t24
463 core=0 delete 5 t21 r=0 y=0 c0=IDLE0 c1=t24
464 core=0 give r=1 y=0 c0=IDLE0 c1=t24
465 core=1 noop r=0 y=0 c0=IDLE0 c1=t24
466 core=0 noop r=0 y=0 c0=IDLE0 c1=t24
467 core=0 noop r=0 y=0 c0=IDLE0 c1=t24
468 core=0 give r=0 y=0 c0=IDLE0 c1=t24
469 core=1 yield r=0 y=2 c0=IDLE0 c1=t24
470 core=0 noop r=0 y=0 c0=IDLE0 c1=t24
471 core=0 prio t26 1 r=0 y=0 c0=IDLE0 c1=t24
472 core=0 suspend t26 r=0 y=0 c0=IDLE0 c1=t24
473 core=1 prio t17 2 r=0 y=0 c0=IDLE0 c1=t24
474 core=1 prio t16 0 r=0 y=0 c0=IDLE0 c1=t24
475 core=0 give_isr r=0 y=0 c0=IDLE0 c1=t24
476 core=0 yield r=0 y=1 c0=IDLE1 c1=t24
477 core=1 yield r=0 y=2 c0=IDLE1 c1=t24
478 core=0 give r=0 y=0 c0=IDLE1 c1=t24
479 core=0 noop r=0 y=0 c0=IDLE1 c1=t24
480 core=1 noop r=0 y=0 c0=IDLE1 c1=t24
481 core=1 yield r=0 y=2 c0=IDLE1 c1=t24
482 core=0 tick r=1 y=1 c0=t17 c1=t24
483 core=1 noop r=0 y=0 c0=t17 c1=t24
484 core=0 noop r=0 y=0 c0=t17 c1=t24
485 core=1 take t24 r=1 y=0 c0=t17 c1=t24
486 core=1 noop r=0 y=0 c0=t17 c1=t24
487 core=0 tick r=0 y=0 c0=t17 c1=t24
488 core=0 delete 4 t24 r=0 y=2 c0=t17 c1=IDLE0
489 core=0 take t17 r=0 y=0 c0=t17 c1=IDLE0
490 core=0 delay t17 5 r=0 y=1 c0=IDLE1 c1=IDLE0
491 core=1 prio t25 1 r=0 y=0 c0=IDLE1 c1=IDLE0
492 core=1 create 7 t27 p1 r=1 y=2 c0=IDLE1 c1=t27
493 core=0 noop r=0 y=0 c0=IDLE1 c1=t27
494 core=1 noop r=0 y=0 c0=IDLE1 c1=t27
495 core=1 take t27 r=0 y=0 c0=IDLE1 c1=t27
496 core=0 prio t27 1 r=0 y=0 c0=IDLE1 c1=t27
497 core=0 give_isr r=1 y=0 c0=IDLE1 c1=t27
498 core=0 noop r=0 y=0 c0=IDLE1 c1=t27
499 core=1 noop r=0 y=0 c0=IDLE1 c1=t27
500 core=0 give_isr r=0 y=0 c0=IDLE1 c1=t27
501 core=0 noop r=0 y=0 c0=IDLE1 c1=t27
502 core=1 prio t22 2 r=0 y=0 c0=IDLE1 c1=t27
503 core=0 give r=0 y=0 c0=IDLE1 c1=t27
504 core=1 prio t22 1 r=0 y=0 c0=IDLE1 c1=t27
505 core=1 noop r=0 y=0 c0=IDLE1 c1=t27
506 core=1 give_isr r=0 y=0 c0=IDLE1 c1=t27
507 core=0 noop r=0 y=0 c0=IDLE1 c1=t27
508 core=0 noop r=0 y=0 c0=IDLE1 c1=t27
509 core=1 noop r=0 y=0 c0=IDLE1 c1=t27
510 core=0 delete 9 t25 r=0 y=0 c0=IDLE1 c1=t27
511 core=1 noop r=0 y=0 c0=IDLE1 c1=t27
512 core=1 suspend t27 r=0 y=2 c0=IDLE1 c1=t16
513 core=1 give r=0 y=0 c0=IDLE1 c1=t16
514 core=1 delay t16 1 r=0 y=2 c0=IDLE1 c1=IDLE0
515 core=0 noop r=0 y=0 c0=IDLE1 c1=IDLE0
516 core=0 noop r=0 y=0 c0=IDLE1 c1=IDLE0
517 core=0 suspend t22 r=0 y=0 c0=IDLE1 c1=IDLE0
518 core=0 noop r=0 y=0 c0=IDLE1 c1=IDLE0
519 core=1 noop r=0 y=0 c0=IDLE1 c1=IDLE0
520 core=1 noop r=0 y=0 c0=IDLE1 c1=IDLE0
521 core=0 noop r=0 y=0 c0=IDLE1 c1=IDLE0
522 core=1 noop r=0 y=0 c0=IDLE1 c1=IDLE0
523 core=0 noop r=0 y=0 c0=IDLE1 c1=IDLE0
524 core=0 noop r=0 y=0 c0=IDLE1 c1=IDLE0
525 core=0 give_isr r=0 y=0 c0=IDLE1 c1=IDLE0
526 core=0 tick r=1 y=3 c0=t16 c1=IDLE1
527 core=0 noop r=0 y=0 c0=t16 c1=IDLE1
528 core=1 give_isr r=0 y=0 c0=t16 c1=IDLE1
529 core=0 give r=0 y=0 c0=t16 c1=IDLE1
530 core=0 tick r=1 y=3 c0=IDLE0 c1=t16
531 core=0 suspend t27 r=0 y=0 c0=IDLE0 c1=t16
532 core=0 tick r=1 y=3 c0=IDLE1 c1=IDLE0
533 core=1 suspend t27 r=0 y=0 c0=IDLE1 c1=IDLE0
534 core=1 noop r=0 y=0 c0=IDLE1 c1=IDLE0
535 core=0 noop r=0 y=0 c0=IDLE1 c1=IDLE0
536 core=0 noop r=0 y=0 c0=IDLE1 c1=IDLE0
537 core=0 noop r=0 y=0 c0=IDLE1 c1=IDLE0
538 core=1 yield r=0 y=2 c0=IDLE1 c1=t16
539 core=1 prio t16 0 r=0 y=0 c0=IDLE1 c1=t16
540 core=1 noop r=0 y=0 c0=IDLE1 c1=t16
541 core=0 tick r=1 y=3 c0=IDLE0 c1=IDLE1
542 core=0 noop r=0 y=0 c0=IDLE0 c1=IDLE1
543 core=0 give r=0 y=0 c0=IDLE0 c1=IDLE1
544 core=1 noop r=0 y=0 c0=IDLE0 c1=IDLE1
545 core=1 noop r=0 y=0 c0=IDLE0 c1=IDLE1
546 core=0 noop r=0 y=0 c0=IDLE0 c1=IDLE1
547 core=1 noop r=0 y=0 c0=IDLE0 c1=IDLE1
548 core=1 give_isr r=0 y=0 c0=IDLE0 c1=IDLE1
549 core=1 noop r=0 y=0 c0=IDLE0 c1=IDLE1
550 core=0 noop r=0 y=0 c0=IDLE0 c1=IDLE1
551 core=1 resume t16 r=0 y=0 c0=IDLE0 c1=IDLE1
552 core=1 noop r=0 y=0 c0=IDLE0 c1=IDLE1
553 core=1 noop r=0 y=0 c0=IDLE0 c1=IDLE1
554 core=0 noop r=0 y=0 c0=IDLE0 c1=IDLE1
555 core=0 noop r=0 y=0 c0=IDLE0 c1=IDLE1
556 core=1 noop r=0 y=0 c0=IDLE0 c1=IDLE1
557 core=0 tick r=1 y=3 c0=t17 c1=t16
558 core=1 give_isr r=0 y=0 c0=t17 c1=t16
559 core=1 create 5 t28 p2 r=1 y=2 c0=t17 c1=t28
560 core=0 noop r=0 y=0 c0=t17 c1=t28
561 core=1 give r=0 y=0 c0=t17 c1=t28
562 core=1 noop r=0 y=0 c0=t17 c1=t28
563 core=0 noop r=0 y=0 c0=t17 c1=t28
564 core=1 noop r=0 y=0 c0=t17 c1=t28
565 core=0 tick r=1 y=3 c0=t17 c1=t28
566 core=1 prio t17 2 r=0 y=0 c0=t17 c1=t28
567 core=1 noop r=0 y=0 c0=t17 c1=t28
568 core=1 noop r=0 y=0 c0=t17 c1=t28
569 core=1 take t28 r=1 y=0 c0=t17 c1=t28
570 core=1 delay t28 3 r=0 y=2 c0=t17 c1=IDLE0
571 core=0 noop r=0 y=0 c0=t17 c1=IDLE0
572 core=0 yield r=0 y=1 c0=t17 c1=IDLE0
573 core=0 noop r=0 y=0 c0=t17 c1=IDLE0
574 core=1 noop r=0 y=0 c0=t17 c1=IDLE0
575 core=1 give_isr r=1 y=0 c0=t17 c1=IDLE0
576 core=0 noop r=0 y=0 c0=t17 c1=IDLE0
577 core=1 give_isr r=0 y=0 c0=t17 c1=IDLE0
578 core=0 suspend t28 r=0 y=0 c0=t17 c1=IDLE0
579 core=0 suspend t28 r=0 y=0 c0=t17 c1=IDLE0
580 core=0 delay t17 2 r=0 y=1 c0=IDLE1 c1=IDLE0
581 core=0 suspend t16 r=0 y=0 c0=IDLE1 c1=IDLE0
582 core=0 noop r=0 y=0 c0=IDLE1 c1=IDLE0
583 core=1 delete 6 t17 r=0 y=0 c0=IDLE1 c1=IDLE0
584 core=1 give r=0 y=0 c0=IDLE1 c1=IDLE0
585 core=1 create 9 t29 p1 r=1 y=2 c0=IDLE1 c1=t29
586 core=0 create 4 t30 p2 r=1 y=1 c0=t30 c1=t29
587 core=0 tick r=0 y=0 c0=t30 c1=t29
588 core=1 delay t29 5 r=0 y=2 c0=t30 c1=IDLE0
589 core=0 tick r=0 y=2 c0=t30 c1=IDLE1
590 core=1 resume t29 r=0 y=0 c0=t30 c1=IDLE1
591 core=1 noop r=0 y=0 c0=t30 c1=IDLE1
592 core=1 noop r=0 y=0 c0=t30 c1=IDLE1
593 core=0 delay t30 3 r=0 y=1 c0=IDLE0 c1=IDLE1
594 core=0 delete 5 t28 r=0 y=0 c0=IDLE0 c1=IDLE1
595 core=0 resume t30 r=0 y=0 c0=IDLE0 c1=IDLE1
596 core=1 give r=0 y=0 c0=IDLE0 c1=IDLE1
597 core=1 noop r=0 y=0 c0=IDLE0 c1=IDLE1
598 core=1 resume t27 r=0 y=2 c0=IDLE0 c1=t27
599 core=0 noop r=0 y=0 c0=IDLE0 c1=t27
600 core=1 delay t27 5 r=0 y=2 c0=IDLE0 c1=IDLE1
601 core=1 noop r=0 y=0 c0=IDLE0 c1=IDLE1
602 core=1 prio t16 1 r=0 y=0 c0=IDLE0 c1=IDLE1
603 core=1 noop r=0 y=0 c0=IDLE0 c1=IDLE1
604 core=0 tick r=1 y=3 c0=IDLE0 c1=IDLE1
605 core=0 noop r=0 y=0 c0=IDLE0 c1=IDLE1
606 core=0 give_isr r=0 y=0 c0=IDLE0 c1=IDLE1
607 core=0 noop r=0 y=0 c0=IDLE0 c1=IDLE1
608 core=1 noop r=0 y=0 c0=IDLE0 c1=IDLE1
609 core=1 suspend t16 r=0 y=0 c0=IDLE0 c1=IDLE1
610 core=1 noop r=0 y=0 c0=IDLE0 c1=IDLE1
611 core=0 resume t30 r=0 y=0 c0=IDLE0 c1=IDLE1
612 core=1 suspend t22 r=0 y=0 c0=IDLE0 c1=IDLE1
613 core=0 noop r=0 y=0 c0=IDLE0 c1=IDLE1
614 core=0 tick r=1 y=3 c0=IDLE0 c1=IDLE1
615 core=1 resume t27 r=0 y=0 c0=IDLE0 c1=IDLE1
616 core=0 create 8 t31 p3 r=1 y=2 c0=IDLE0 c1=t31
617 core=1 resume t22 r=0 y=1 c0=t22 c1=t31
618 core=0 tick r=1 y=1 c0=t30 c1=t31
619 core=0 suspend t29 r=0 y=0 c0=t30 c1=t31
620 core=0 noop r=0 y=0 c0=t30 c1=t31
621 core=0 yield r=0 y=1 c0=t30 c1=t31
622 core=1 noop r=0 y=0 c0=t30 c1=t31
623 core=0 tick r=0 y=0 c0=t30 c1=t31
624 core=0 noop r=0 y=0 c0=t30 c1=t31
625 core=0 noop r=0 y=0 c0=t30 c1=t31
626 core=0 delete 7 t27 r=0 y=0 c0=t30 c1=t31
627 core=1 delay t31 3 r=0 y=2 c0=t30 c1=t22
628 core=1 delete 8 t31 r=0 y=0 c0=t30 c1=t22
629 core=1 noop r=0 y=0 c0=t30 c1=t22
630 core=0 take t30 r=1 y=0 c0=t30 c1=t22
631 core=0 delay t30 1 r=0 y=1 c0=IDLE1 c1=t22
632 core=0 suspend t22 r=0 y=2 c0=IDLE1 c1=IDLE0
633 core=0 noop r=0 y=0 c0=IDLE1 c1=IDLE0
634 core=1 noop r=0 y=0 c0=IDLE1 c1=IDLE0
635 core=0 resume t29 r=0 y=2 c0=IDLE1 c1=t29
636 core=1 delay t29 4 r=0 y=2 c0=IDLE1 c1=IDLE0
637 core=0 noop r=0 y=0 c0=IDLE1 c1=IDLE0
638 core=0 noop r=0 y=0 c0=IDLE1 c1=IDLE0
639 core=0 tick r=1 y=3 c0=t30 c1=IDLE1
640 core=1 resume t30 r=0 y=0 c0=t30 c1=IDLE1
641 core=0 delay t30 4 r=0 y=1 c0=IDLE0 c1=IDLE1
642 core=0 yield r=0 y=1 c0=IDLE0 c1=IDLE1
643 core=1 noop r=0 y=0 c0=IDLE0 c1=IDLE1
644 core=0 tick r=1 y=3 c0=IDLE0 c1=IDLE1
645 core=0 give r=1 y=0 c0=IDLE0 c1=IDLE1
646 core=0 noop r=0 y=0 c0=IDLE0 c1=IDLE1
647 core=0 suspend t22 r=0 y=0 c0=IDLE0 c1=IDLE1
648 core=1 delete 1 t22 r=0 y=0 c0=IDLE0 c1=IDLE1
649 core=0 tick r=1 y=3 c0=IDLE0 c1=IDLE1
650 core=1 noop r=0 y=0 c0=IDLE0 c1=IDLE1
651 core=1 noop r=0 y=0 c0=IDLE0 c1=IDLE1
652 core=0 suspend t26 r=0 y=0 c0=IDLE0 c1=IDLE1
653 core=0 noop r=0 y=0 c0=IDLE0 c1=IDLE1
654 core=0 noop r=0 y=0 c0=IDLE0 c1=IDLE1
655 core=1 noop r=0 y=0 c0=IDLE0 c1=IDLE1
656 core=1 give_isr r=0 y=0 c0=IDLE0 c1=IDLE1
657 core=1 noop r=0 y=0 c0=IDLE0 c1=IDLE1
658 core=1 prio t30 3 r=0 y=0 c0=IDLE0 c1=IDLE1
659 core=0 tick r=1 y=3 c0=t29 c1=IDLE0
660 core=0 delay t29 4 r=0 y=1 c0=IDLE1 c1=IDLE0
661 core=1 create 8 t32 p0 r=1 y=2 c0=IDLE1 c1=t32
662 core=0 noop r=0 y=0 c0=IDLE1 c1=t32
663 core=0 noop r=0 y=0 c0=IDLE1 c1=t32
664 core=0 noop r=0 y=0 c0=IDLE1 c1=t32
665 core=0 yield r=0 y=1 c0=IDLE0 c1=t32
666 core=0 give_isr r=0 y=0 c0=IDLE0 c1=t32
667 core=0 tick r=1 y=3 c0=t30 c1=IDLE1
668 core=0 delay t30 4 r=0 y=1 c0=IDLE0 c1=IDLE1
669 core=0 create 7 t33 p1 r=1 y=2 c0=IDLE0 c1=t33
670 core=1 delay t33 2 r=0 y=2 c0=IDLE0 c1=t32
671 core=1 delay t32 3 r=0 y=2 c0=IDLE0 c1=IDLE1
672 core=1 resume t16 r=0 y=2 c0=IDLE0 c1=t16
673 core=1 create 5 t34 p2 r=1 y=1 c0=t34 c1=t16
674 core=0 tick r=0 y=0 c0=t34 c1=t16
675 core=0 take t34 r=1 y=0 c0=t34 c1=t16
676 core=0 give r=1 y=0 c0=t34 c1=t16
677 core=1 prio t33 0 r=0 y=0 c0=t34 c1=t16
678 core=0 prio t32 3 r=0 y=0 c0=t34 c1=t16
679 core=0 give_isr r=0 y=0 c0=t34 c1=t16
680 core=0 noop r=0 y=0 c0=t34 c1=t16
681 core=1 delay t16 4 r=0 y=2 c0=t34 c1=IDLE1
682 core=0 give r=0 y=0 c0=t34 c1=IDLE1
683 core=1 give_isr r=0 y=0 c0=t34 c1=IDLE1
684 core=0 noop r=0 y=0 c0=t34 c1=IDLE1
685 core=1 give_isr r=0 y=0 c0=t34 c1=IDLE1
686 core=0 resume t32 r=0 y=0 c0=t34 c1=IDLE1
687 core=0 resume t34 r=0 y=0 c0=t34 c1=IDLE1
688 core=0 take t34 r=1 y=0 c0=t34 c1=IDLE1
689 core=0 tick r=0 y=2 c0=t34 c1=IDLE0
690 core=0 tick r=1 y=3 c0=t32 c1=t34
691 core=1 noop r=0 y=0 c0=t32 c1=t34
692 core=1 noop r=0 y=0 c0=t32 c1=t34
693 core=1 suspend t33 r=0 y=0 c0=t32 c1=t34
694 core=0 take t32 r=0 y=0 c0=t32 c1=t34
695 core=0 give r=1 y=0 c0=t32 c1=t34
696 core=1 give r=0 y=0 c0=t32 c1=t34
697 core=0 noop r=0 y=0 c0=t32 c1=t34
698 core=0 prio t26 1 r=0 y=0 c0=t32 c1=t34
699 core=1 prio t34 2 r=0 y=0 c0=t32 c1=t34
700 core=1 resume t30 r=0 y=0 c0=t32 c1=t34
701 core=0 prio t30 2 r=0 y=0 c0=t32 c1=t34
702 core=0 give r=0 y=0 c0=t32 c1=t34
703 core=0 noop r=0 y=0 c0=t32 c1=t34
704 core=0 delay t32 1 r=0 y=1 c0=t29 c1=t34
705 core=0 noop r=0 y=0 c0=t29 c1=t34
706 core=0 noop r=0 y=0 c0=t29 c1=t34
707 core=1 prio t16 2 r=0 y=0 c0=t29 c1=t34
708 core=0 prio t30 1 r=0 y=0 c0=t29 c1=t34
709 core=1 delete 7 t33 r=0 y=0 c0=t29 c1=t34
710 core=0 tick r=1 y=1 c0=t32 c1=t34
711 core=1 resume t32 r=0 y=0 c0=t32 c1=t34
712 core=1 noop r=0 y=0 c0=t32 c1=t34
713 core=0 noop r=0 y=0 c0=t32 c1=t34
714 core=0 resume t16 r=0 y=0 c0=t32 c1=t34
715 core=0 give r=0 y=0 c0=t32 c1=t34
716 core=0 delay t32 5 r=0 y=1 c0=t30 c1=t34
717 core=0 take t30 r=1 y=0 c0=t30 c1=t34
718 core=0 tick r=1 y=3 c0=t16 c1=t34
719 core=1 give r=1 y=0 c0=t16 c1=t34
720 core=0 take t16 r=1 y=0 c0=t16 c1=t34
721 core=1 noop r=0 y=0 c0=t16 c1=t34
722 core=1 noop r=0 y=0 c0=t16 c1=t34
723 core=1 noop r=0 y=0 c0=t16 c1=t34
724 core=1 delete 4 t30 r=0 y=0 c0=t16 c1=t34
725 core=1 noop r=0 y=0 c0=t16 c1=t34
726 core=0 delay t16 5 r=0 y=1 c0=t29 c1=t34
727 core=0 tick r=0 y=0 c0=t29 c1=t34
728 core=0 noop r=0 y=0 c0=t29 c1=t34
729 core=1 create 4 t35 p3 r=1 y=1 c0=t35 c1=t34
730 core=0 noop r=0 y=0 c0=t35 c1=t34
731 core=1 yield r=0 y=2 c0=t35 c1=t34
732 core=1 prio t29 1 r=0 y=0 c0=t35 c1=t34
733 core=1 noop r=0 y=0 c0=t35 c1=t34
734 core=1 give r=1 y=0 c0=t35 c1=t34
735 core=1 prio t26 3 r=0 y=0 c0=t35 c1=t34
736 core=1 take t34 r=1 y=0 c0=t35 c1=t34
737 core=0 create 1 t36 p0 r=1 y=0 c0=t35 c1=t34
738 core=1 take t34 r=0 y=0 c0=t35 c1=t34
739 core=1 noop r=0 y=0 c0=t35 c1=t34
740 core=0 noop r=0 y=0 c0=t35 c1=t34
741 core=1 take t34 r=0 y=0 c0=t35 c1=t34
742 core=1 suspend t16 r=0 y=0 c0=t35 c1=t34
743 core=1 give r=1 y=0 c0=t35 c1=t34
744 core=1 prio t16 2 r=0 y=0 c0=t35 c1=t34
745 core=0 give r=0 y=0 c0=t35 c1=t34
746 core=1 noop r=0 y=0 c0=t35 c1=t34
747 core=0 noop r=0 y=0 c0=t35 c1=t34
748 core=1 suspend t26 r=0 y=0 c0=t35 c1=t34
749 core=1 delay t34 4 r=0 y=2 c0=t35 c1=t29
750 core=0 resume t16 r=0 y=2 c0=t35 c1=t16
751 core=1 delay t16 1 r=0 y=2 c0=t35 c1=t29
752 core=0 delay t35 1 r=0 y=1 c0=IDLE1 c1=t29
753 core=1 delay t29 2 r=0 y=2 c0=IDLE1 c1=IDLE0
754 core=1 prio t29 0 r=0 y=0 c0=IDLE1 c1=IDLE0
755 core=0 resume t36 r=0 y=0 c0=IDLE1 c1=IDLE0
756 core=0 noop r=0 y=0 c0=IDLE1 c1=IDLE0
757 core=0 give r=0 y=0 c0=IDLE1 c1=IDLE0
758 core=0 noop r=0 y=0 c0=IDLE1 c1=IDLE0
759 core=1 give r=0 y=0 c0=IDLE1 c1=IDLE0
760 core=0 noop r=0 y=0 c0=IDLE1 c1=IDLE0
761 core=0 prio t36 0 r=0 y=0 c0=IDLE1 c1=IDLE0
762 core=0 noop r=0 y=0 c0=IDLE1 c1=IDLE0
763 core=1 give r=0 y=0 c0=IDLE1 c1=IDLE0
764 core=1 suspend t36 r=0 y=0 c0=IDLE1 c1=IDLE0
765 core=1 give r=0 y=0 c0=IDLE1 c1=IDLE0
766 core=1 noop r=0 y=0 c0=IDLE1 c1=IDLE0
767 core=0 delete 9 t29 r=0 y=0 c0=IDLE1 c1=IDLE0
768 core=0 tick r=1 y=3 c0=t35 c1=t16
769 core=0 resume t26 r=0 y=2 c0=t35 c1=t26
770 core=0 create 9 t37 p0 r=1 y=0 c0=t35 c1=t26
771 core=1 give_isr r=0 y=0 c0=t35 c1=t26
772 core=0 prio t35 0 r=0 y=1 c0=t16 c1=t26
773 core=0 tick r=0 y=0 c0=t16 c1=t26
774 core=1 delay t26 3 r=0 y=2 c0=t16 c1=IDLE1
775 core=0 delay t16 3 r=0 y=1 c0=IDLE0 c1=IDLE1
776 core=0 give r=0 y=0 c0=IDLE0 c1=IDLE1
777 core=1 noop r=0 y=0 c0=IDLE0 c1=IDLE1
778 core=1 delete 5 t34 r=0 y=0 c0=IDLE0 c1=IDLE1
779 core=1 noop r=0 y=0 c0=IDLE0 c1=IDLE1
780 core=0 noop r=0 y=0 c0=IDLE0 c1=IDLE1
781 core=1 resume t37 r=0 y=0 c0=IDLE0 c1=IDLE1
782 core=1 give r=0 y=0 c0=IDLE0 c1=IDLE1
783 core=1 noop r=0 y=0 c0=IDLE0 c1=IDLE1
784 core=0 tick r=1 y=3 c0=t32 c1=t37
785 core=1 noop r=0 y=0 c0=t32 c1=t37
786 core=1 delay t37 2 r=0 y=2 c0=t32 c1=t35
787 core=0 noop r=0 y=0 c0=t32 c1=t35
788 core=0 delete 1 t36 r=0 y=0 c0=t32 c1=t35
789 core=0 suspend t32 r=0 y=1 c0=IDLE0 c1=t35
790 core=0 noop r=0 y=0 c0=IDLE0 c1=t35
791 core=1 resume t26 r=0 y=0 c0=IDLE0 c1=t35
792 core=0 prio t37 0 r=0 y=0 c0=IDLE0 c1=t35
793 core=0 yield r=0 y=1 c0=IDLE1 c1=t35
794 core=1 noop r=0 y=0 c0=IDLE1 c1=t35
795 core=0 noop r=0 y=0 c0=IDLE1 c1=t35
796 core=0 tick r=1 y=3 c0=IDLE0 c1=IDLE1
797 core=0 noop r=0 y=0 c0=IDLE0 c1=IDLE1
798 core=1 give_isr r=0 y=0 c0=IDLE0 c1=IDLE1
799 core=0 noop r=0 y=0 c0=IDLE0 c1=IDLE1
800 core=1 noop r=0 y=0 c0=IDLE0 c1=IDLE1
801 core=1 give r=0 y=0 c0=IDLE0 c1=IDLE1
802 core=1 noop r=0 y=0 c0=IDLE0 c1=IDLE1
803 core=1 give r=0 y=0 c0=IDLE0 c1=IDLE1
804 core=0 noop r=0 y=0 c0=IDLE0 c1=IDLE1
805 core=0 noop r=0 y=0 c0=IDLE0 c1=IDLE1
806 core=0 create 6 t38 p1 r=1 y=2 c0=IDLE0 c1=t38
807 core=1 suspend t16 r=0 y=0 c0=IDLE0 c1=t38
808 core=1 create 3 t39 p1 r=1 y=1 c0=t39 c1=t38
809 core=1 give r=0 y=0 c0=t39 c1=t38
810 core=0 tick r=1 y=3 c0=t26 c1=t39
811 core=0 noop r=0 y=0 c0=t26 c1=t39
812 core=0 tick r=0 y=2 c0=t26 c1=t38
813 core=0 resume t39 r=0 y=0 c0=t26 c1=t38
814 core=1 noop r=0 y=0 c0=t26 c1=t38
815 core=0 yield r=0 y=1 c0=t26 c1=t38
816 core=0 resume t16 r=0 y=2 c0=t26 c1=t16
817 core=0 noop r=0 y=0 c0=t26 c1=t16
818 core=1 noop r=0 y=0 c0=t26 c1=t16
819 core=1 noop r=0 y=0 c0=t26 c1=t16
820 core=0 noop r=0 y=0 c0=t26 c1=t16
821 core=0 noop r=0 y=0 c0=t26 c1=t16
822 core=1 delete 9 t37 r=0 y=0 c0=t26 c1=t16
823 core=0 noop r=0 y=0 c0=t26 c1=t16
824 core=0 noop r=0 y=0 c0=t26 c1=t16
825 core=0 suspend t38 r=0 y=0 c0=t26 c1=t16
826 core=1 resume t38 r=0 y=0 c0=t26 c1=t16
827 core=1 delay t16 5 r=0 y=2 c0=t26 c1=t39
828 core=0 give r=0 y=0 c0=t26 c1=t39
829 core=0 yield r=0 y=1 c0=t26 c1=t39
830 core=1 give r=0 y=0 c0=t26 c1=t39
831 core=0 give_isr r=0 y=0 c0=t26 c1=t39
832 core=1 yield r=0 y=2 c0=t26 c1=t38
833 core=0 yield r=0 y=1 c0=t26 c1=t38
834 core=0 yield r=0 y=1 c0=t26 c1=t38
835 core=1 delay t38 5 r=0 y=2 c0=t26 c1=t39
836 core=0 noop r=0 y=0 c0=t26 c1=t39
837 core=0 noop r=0 y=0 c0=t26 c1=t39
838 core=1 create 9 t40 p1 r=1 y=0 c0=t26 c1=t39
839 core=0 take t26 r=1 y=0 c0=t26 c1=t39
840 core=1 take t39 r=0 y=0 c0=t26 c1=t39
841 core=1 prio t32 3 r=0 y=0 c0=t26 c1=t39
842 core=0 prio t35 1 r=0 y=0 c0=t26 c1=t39
843 core=1 create 1 t41 p3 r=1 y=2 c0=t26 c1=t41
844 core=0 give r=1 y=0 c0=t26 c1=t41
845 core=0 tick r=1 y=3 c0=t26 c1=t41
846 core=1 suspend t39 r=0 y=0 c0=t26 c1=t41
847 core=1 give r=0 y=0 c0=t26 c1=t41
848 core=1 delay t41 5 r=0 y=2 c0=t26 c1=t40
849 core=0 delete 2 t26 r=0 y=1 c0=t35 c1=t40
850 core=1 prio t41 3 r=0 y=0 c0=t35 c1=t40
851 core=1 delay t40 4 r=0 y=2 c0=t35 c1=IDLE1
852 core=1 noop r=0 y=0 c0=t35 c1=IDLE1
853 core=0 noop r=0 y=0 c0=t35 c1=IDLE1
854 core=0 suspend t40 r=0 y=0 c0=t35 c1=IDLE1
855 core=1 give r=0 y=0 c0=t35 c1=IDLE1
856 core=1 resume t38 r=0 y=0 c0=t35 c1=IDLE1
857 core=0 noop r=0 y=0 c0=t35 c1=IDLE1
858 core=1 give r=0 y=0 c0=t35 c1=IDLE1
859 core=0 noop r=0 y=0 c0=t35 c1=IDLE1
860 core=0 tick r=0 y=2 c0=t35 c1=IDLE0
861 core=1 prio t41 1 r=0 y=0 c0=t35 c1=IDLE0
862 core=0 delay t35 1 r=0 y=1 c0=IDLE1 c1=IDLE0
863 core=1 resume t32 r=0 y=2 c0=IDLE1 c1=t32
864 core=0 yield r=0 y=1 c0=IDLE0 c1=t32
865 core=1 take t32 r=1 y=0 c0=IDLE0 c1=t32
866 core=0 delete 0 t16 r=0 y=0 c0=IDLE0 c1=t32
867 core=0 resume t41 r=0 y=0 c0=IDLE0 c1=t32
868 core=1 noop r=0 y=0 c0=IDLE0 c1=t32
869 core=1 delay t32 1 r=0 y=2 c0=IDLE0 c1=IDLE1
870 core=0 resume t40 r=0 y=2 c0=IDLE0 c1=t40
871 core=1 delete 6 t38 r=0 y=0 c0=IDLE0 c1=t40
872 core=0 tick r=1 y=3 c0=t32 c1=t35
873 core=0 take t32 r=0 y=0 c0=t32 c1=t35
874 core=0 prio t32 3 r=0 y=0 c0=t32 c1=t35
875 core=0 noop r=0 y=0 c0=t32 c1=t35
876 core=1 take t35 r=0 y=0 c0=t32 c1=t35
877 core=1 create 7 t42 p3 r=1 y=2 c0=t32 c1=t42
878 core=1 delete 1 t41 r=0 y=0 c0=t32 c1=t42
879 core=1 noop r=0 y=0 c0=t32 c1=t42
880 core=1 noop r=0 y=0 c0=t32 c1=t42
881 core=1 give r=1 y=0 c0=t32 c1=t42
882 core=0 yield r=0 y=1 c0=t32 c1=t42
883 core=0 delay t32 2 r=0 y=1 c0=t40 c1=t42
884 core=0 tick r=1 y=1 c0=t35 c1=t42
885 core=0 noop r=0 y=0 c0=t35 c1=t42
886 core=1 suspend t35 r=0 y=1 c0=t40 c1=t42
887 core=0 give_isr r=0 y=0 c0=t40 c1=t42
888 core=1 resume t35 r=0 y=0 c0=t40 c1=t42
889 core=1 noop r=0 y=0 c0=t40 c1=t42
890 core=1 take t42 r=1 y=0 c0=t40 c1=t42
891 core=1 yield r=0 y=2 c0=t40 c1=t42
892 core=0 tick r=1 y=3 c0=t32 c1=t42
893 core=0 give r=1 y=0 c0=t32 c1=t42
894 core=1 noop r=0 y=0 c0=t32 c1=t42
895 core=0 tick r=1 y=3 c0=t32 c1=t42
896 core=0 tick r=1 y=3 c0=t32 c1=t42
897 core=0 tick r=1 y=3 c0=t32 c1=t42
898 core=0 take t32 r=1 y=0 c0=t32 c1=t42
899 core=1 yield r=0 y=2 c0=t32 c1=t42
900 core=1 take t42 r=0 y=0 c0=t32 c1=t42
901 core=1 noop r=0 y=0 c0=t32 c1=t42
902 core=1 prio t42 0 r=0 y=2 c0=t32 c1=t35
903 core=1 prio t39 2 r=0 y=0 c0=t32 c1=t35
904 core=0 tick r=0 y=2 c0=t32 c1=t40
905 core=0 delay t32 4 r=0 y=1 c0=t35 c1=t40
906 core=0 tick r=1 y=3 c0=t35 c1=t40
907 core=1 yield r=0 y=2 c0=t35 c1=t40
908 core=1 delay t40 1 r=0 y=2 c0=t35 c1=IDLE1
909 core=0 suspend t39 r=0 y=0 c0=t35 c1=IDLE1
910 core=1 prio t35 0 r=0 y=1 c0=IDLE0 c1=IDLE1
911 core=1 create 1 t43 p1 r=1 y=2 c0=IDLE0 c1=t43
912 core=0 yield r=0 y=1 c0=t42 c1=t43
913 core=1 give_isr r=1 y=0 c0=t42 c1=t43
914 core=1 noop r=0 y=0 c0=t42 c1=t43
915 core=1 noop r=0 y=0 c0=t42 c1=t43
916 core=1 noop r=0 y=0 c0=t42 c1=t43
917 core=0 noop r=0 y=0 c0=t42 c1=t43
918 core=1 yield r=0 y=2 c0=t42 c1=t43
919 core=0 resume t32 r=0 y=0 c0=t42 c1=t43
920 core=1 noop r=0 y=0 c0=t42 c1=t43
921 core=0 create 2 t44 p0 r=1 y=0 c0=t42 c1=t43
922 core=1 resume t40 r=0 y=0 c0=t42 c1=t43
923 core=0 delay t42 4 r=0 y=1 c0=t35 c1=t43
924 core=0 tick r=1 y=3 c0=t40 c1=t43
925 core=0 noop r=0 y=0 c0=t40 c1=t43
926 core=0 suspend t43 r=0 y=2 c0=t40 c1=IDLE1
927 core=0 take t40 r=1 y=0 c0=t40 c1=IDLE1
928 core=1 prio t35 0 r=0 y=0 c0=t40 c1=IDLE1
929 core=1 resume t35 r=0 y=0 c0=t40 c1=IDLE1
930 core=0 take t40 r=0 y=0 c0=t40 c1=IDLE1
931 core=1 give r=1 y=0 c0=t40 c1=IDLE1
932 core=0 delete 3 t39 r=0 y=0 c0=t40 c1=IDLE1
933 core=0 noop r=0 y=0 c0=t40 c1=IDLE1
934 core=0 noop r=0 y=0 c0=t40 c1=IDLE1
935 core=0 tick r=0 y=2 c0=t40 c1=IDLE0
936 core=0 prio t32 1 r=0 y=0 c0=t40 c1=IDLE0
937 core=1 prio t32 1 r=0 y=0 c0=t40 c1=IDLE0
938 core=0 resume t43 r=0 y=2 c0=t40 c1=t43
939 core=0 tick r=1 y=3 c0=t32 c1=t40
940 core=1 noop r=0 y=0 c0=t32 c1=t40
941 core=1 give_isr r=0 y=0 c0=t32 c1=t40
942 core=0 resume t44 r=0 y=0 c0=t32 c1=t40
943 core=1 resume t42 r=0 y=0 c0=t32 c1=t40
944 core=1 give r=0 y=0 c0=t32 c1=t40
945 core=0 tick r=1 y=3 c0=t43 c1=t32
946 core=0 give_isr r=0 y=0 c0=t43 c1=t32
947 core=0 take t43 r=1 y=0 c0=t43 c1=t32
948 core=1 delay t32 4 r=0 y=2 c0=t43 c1=t40
949 core=1 take t40 r=0 y=0 c0=t43 c1=t40
950 core=0 tick r=1 y=3 c0=t43 c1=t40
951 core=1 noop r=0 y=0 c0=t43 c1=t40
952 core=0 yield r=0 y=1 c0=t43 c1=t40
953 core=1 delay t40 1 r=0 y=2 c0=t43 c1=t44
954 core=1 give_isr r=1 y=0 c0=t43 c1=t44
955 core=0 give r=0 y=0 c0=t43 c1=t44
956 core=0 noop r=0 y=0 c0=t43 c1=t44
957 core=0 take t43 r=1 y=0 c0=t43 c1=t44
958 core=1 noop r=0 y=0 c0=t43 c1=t44
959 core=1 give_isr r=1 y=0 c0=t43 c1=t44
960 core=1 take t44 r=1 y=0 c0=t43 c1=t44
961 core=0 give_isr r=1 y=0 c0=t43 c1=t44
962 core=0 noop r=0 y=0 c0=t43 c1=t44
963 core=0 noop r=0 y=0 c0=t43 c1=t44
964 core=0 resume t40 r=0 y=0 c0=t43 c1=t44
965 core=0 delay t43 5 r=0 y=1 c0=t35 c1=t44
966 core=0 tick r=1 y=3 c0=t40 c1=IDLE1
967 core=0 resume t35 r=0 y=0 c0=t40 c1=IDLE1
968 core=1 noop r=0 y=0 c0=t40 c1=IDLE1
969 core=0 tick r=0 y=2 c0=t40 c1=IDLE0
970 core=0 noop r=0 y=0 c0=t40 c1=IDLE0
971 core=0 prio t42 0 r=0 y=0 c0=t40 c1=IDLE0
972 core=0 delay t40 4 r=0 y=1 c0=t42 c1=IDLE0
973 core=0 delay t42 3 r=0 y=1 c0=t35 c1=IDLE0
974 core=0 delay t35 3 r=0 y=1 c0=t44 c1=IDLE0
975 core=0 delay t44 4 r=0 y=1 c0=IDLE1 c1=IDLE0
976 core=0 give_isr r=0 y=0 c0=IDLE1 c1=IDLE0
977 core=1 give r=0 y=0 c0=IDLE1 c1=IDLE0
978 core=0 noop r=0 y=0 c0=IDLE1 c1=IDLE0
979 core=1 yield r=0 y=2 c0=IDLE1 c1=IDLE0
980 core=1 give r=0 y=0 c0=IDLE1 c1=IDLE0
981 core=0 tick r=1 y=3 c0=t32 c1=IDLE1
982 core=1 create 5 t45 p2 r=1 y=2 c0=t32 c1=t45
983 core=1 give r=0 y=0 c0=t32 c1=t45
984 core=1 noop r=0 y=0 c0=t32 c1=t45
985 core=1 suspend t32 r=0 y=1 c0=IDLE0 c1=t45
986 core=0 noop r=0 y=0 c0=IDLE0 c1=t45
987 core=1 give r=0 y=0 c0=IDLE0 c1=t45
988 core=1 yield r=0 y=2 c0=IDLE0 c1=t45
989 core=0 yield r=0 y=1 c0=IDLE1 c1=t45
990 core=1 prio t35 3 r=0 y=0 c0=IDLE1 c1=t45
991 core=1 prio t32 1 r=0 y=0 c0=IDLE1 c1=t45
992 core=1 take t45 r=1 y=0 c0=IDLE1 c1=t45
993 core=0 resume t40 r=0 y=0 c0=IDLE1 c1=t45
994 core=1 prio t43 0 r=0 y=0 c0=IDLE1 c1=t45
995 core=1 suspend t45 r=0 y=2 c0=IDLE1 c1=IDLE0
996 core=0 suspend t43 r=0 y=0 c0=IDLE1 c1=IDLE0
997 core=0 prio t40 2 r=0 y=0 c0=IDLE1 c1=IDLE0
998 core=1 noop r=0 y=0 c0=IDLE1 c1=IDLE0
999 core=0 give_isr r=1 y=0 c0=IDLE1 c1=IDLE0
1000 core=1 noop r=0 y=0 c0=IDLE1 c1=IDLE0
1001 core=0 prio t35 2 r=0 y=0 c0=IDLE1 c1=IDLE0
1002 core=1 noop r=0 y=0 c0=IDLE1 c1=IDLE0
1003 core=1 create 3 t46 p0 r=1 y=2 c0=IDLE1 c1=t46
1004 core=1 suspend t35 r=0 y=0 c0=IDLE1 c1=t46
1005 core=0 noop r=0 y=0 c0=IDLE1 c1=t46
1006 core=0 tick r=1 y=3 c0=IDLE0 c1=IDLE1
1007 core=0 give_isr r=0 y=0 c0=IDLE0 c1=IDLE1
1008 core=0 give_isr r=0 y=0 c0=IDLE0 c1=IDLE1
1009 core=1 suspend t40 r=0 y=0 c0=IDLE0 c1=IDLE1
1010 core=1 noop r=0 y=0 c0=IDLE0 c1=IDLE1
1011 core=0 noop r=0 y=0 c0=IDLE0 c1=IDLE1
1012 core=1 prio t35 0 r=0 y=0 c0=IDLE0 c1=IDLE1
1013 core=1 noop r=0 y=0 c0=IDLE0 c1=IDLE1
1014 core=0 noop r=0 y=0 c0=IDLE0 c1=IDLE1
1015 core=1 noop r=0 y=0 c0=IDLE0 c1=IDLE1
1016 core=0 noop r=0 y=0 c0=IDLE0 c1=IDLE1
1017 core=0 noop r=0 y=0 c0=IDLE0 c1=IDLE1
1018 core=0 suspend t44 r=0 y=0 c0=IDLE0 c1=IDLE1
1019 core=0 noop r=0 y=0 c0=IDLE0 c1=IDLE1
1020 core=0 noop r=0 y=0 c0=IDLE0 c1=IDLE1
1021 core=1 give_isr r=0 y=0 c0=IDLE0 c1=IDLE1
1022 core=0 give_isr r=0 y=0 c0=IDLE0 c1=IDLE1
1023 core=0 noop r=0 y=0 c0=IDLE0 c1=IDLE1
1024 core=0 tick r=1 y=3 c0=t46 c1=t42
1025 core=0 give_isr r=0 y=0 c0=t46 c1=t42
1026 core=1 prio t45 3 r=0 y=0 c0=t46 c1=t42
1027 core=1 create 6 t47 p3 r=1 y=2 c0=t46 c1=t47
1028 core=0 take t46 r=1 y=0 c0=t46 c1=t47
1029 core=0 give_isr r=1 y=0 c0=t46 c1=t47
1030 core=0 tick r=1 y=1 c0=IDLE0 c1=t47
1031 core=0 tick r=1 y=1 c0=IDLE1 c1=t47
1032 core=1 prio t47 3 r=0 y=0 c0=IDLE1 c1=t47
1033 core=1 give_isr r=0 y=0 c0=IDLE1 c1=t47
1034 core=0 resume t43 r=0 y=1 c0=t42 c1=t47
1035 core=1 noop r=0 y=0 c0=t42 c1=t47
1036 core=0 tick r=1 y=1 c0=t46 c1=t47
1037 core=0 take t46 r=1 y=0 c0=t46 c1=t47
1038 core=1 give r=1 y=0 c0=t46 c1=t47
1039 core=1 resume t44 r=0 y=0 c0=t46 c1=t47
1040 core=0 take t46 r=1 y=0 c0=t46 c1=t47
1041 core=0 noop r=0 y=0 c0=t46 c1=t47
1042 core=1 suspend t40 r=0 y=0 c0=t46 c1=t47
1043 core=0 suspend t46 r=0 y=1 c0=IDLE0 c1=t47
1044 core=0 give_isr r=1 y=0 c0=IDLE0 c1=t47
1045 core=0 suspend t32 r=0 y=0 c0=IDLE0 c1=t47
1046 core=0 tick r=1 y=1 c0=t43 c1=t47
1047 core=0 suspend t42 r=0 y=0 c0=t43 c1=t47
1048 core=0 tick r=1 y=1 c0=IDLE1 c1=t47
1049 core=0 suspend t44 r=0 y=0 c0=IDLE1 c1=t47
1050 core=0 tick r=1 y=1 c0=IDLE0 c1=t47
1051 core=0 tick r=1 y=1 c0=t43 c1=t47
1052 core=0 delete 6 t47 r=0 y=2 c0=t43 c1=IDLE1
1053 core=0 delay t43 4 r=0 y=1 c0=IDLE0 c1=IDLE1
1054 core=0 suspend t35 r=0 y=0 c0=IDLE0 c1=IDLE1
1055 core=1 noop r=0 y=0 c0=IDLE0 c1=IDLE1
1056 core=0 suspend t42 r=0 y=0 c0=IDLE0 c1=IDLE1
1057 core=1 suspend t32 r=0 y=0 c0=IDLE0 c1=IDLE1
1058 core=1 noop r=0 y=0 c0=IDLE0 c1=IDLE1
1059 core=1 delete 1 t43 r=0 y=0 c0=IDLE0 c1=IDLE1
1060 core=0 noop r=0 y=0 c0=IDLE0 c1=IDLE1
1061 core=0 tick r=1 y=3 c0=IDLE0 c1=IDLE1
1062 core=0 noop r=0 y=0 c0=IDLE0 c1=IDLE1
1063 core=0 noop r=0 y=0 c0=IDLE0 c1=IDLE1
1064 core=0 noop r=0 y=0 c0=IDLE0 c1=IDLE1
1065 core=0 give_isr r=0 y=0 c0=IDLE0 c1=IDLE1
1066 core=0 noop r=0 y=0 c0=IDLE0 c1=IDLE1
1067 core=0 give_isr r=0 y=0 c0=IDLE0 c1=IDLE1
1068 core=0 noop r=0 y=0 c0=IDLE0 c1=IDLE1
1069 core=1 suspend t40 r=0 y=0 c0=IDLE0 c1=IDLE1
1070 core=1 resume t32 r=0 y=2 c0=IDLE0 c1=t32
1071 core=1 noop r=0 y=0 c0=IDLE0 c1=t32
1072 core=1 noop r=0 y=0 c0=IDLE0 c1=t32
1073 core=0 tick r=1 y=1 c0=IDLE1 c1=t32
1074 core=1 noop r=0 y=0 c0=IDLE1 c1=t32
1075 core=1 yield r=0 y=2 c0=IDLE1 c1=t32
1076 core=1 suspend t45 r=0 y=0 c0=IDLE1 c1=t32
1077 core=1 give r=0 y=0 c0=IDLE1 c1=t32
1078 core=0 suspend t32 r=0 y=2 c0=IDLE1 c1=IDLE0
1079 core=1 noop r=0 y=0 c0=IDLE1 c1=IDLE0
1080 core=1 noop r=0 y=0 c0=IDLE1 c1=IDLE0
1081 core=0 noop r=0 y=0 c0=IDLE1 c1=IDLE0
1082 core=0 resume t45 r=0 y=2 c0=IDLE1 c1=t45
1083 core=1 give_isr r=0 y=0 c0=IDLE1 c1=t45
1084 core=0 noop r=0 y=0 c0=IDLE1 c1=t45
1085 core=1 create 1 t48 p1 r=1 y=1 c0=t48 c1=t45
1086 core=1 yield r=0 y=2 c0=t48 c1=t45
1087 core=0 give r=0 y=0 c0=t48 c1=t45
1088 core=0 take t48 r=1 y=0 c0=t48 c1=t45
1089 core=1 give_isr r=1 y=0 c0=t48 c1=t45
1090 core=0 noop r=0 y=0 c0=t48 c1=t45
1091 core=0 noop r=0 y=0 c0=t48 c1=t45
1092 core=0 give r=0 y=0 c0=t48 c1=t45
1093 core=0 noop r=0 y=0 c0=t48 c1=t45
1094 core=0 noop r=0 y=0 c0=t48 c1=t45
1095 core=1 resume t42 r=0 y=0 c0=t48 c1=t45
1096 core=0 give_isr r=0 y=0 c0=t48 c1=t45
1097 core=1 noop r=0 y=0 c0=t48 c1=t45
1098 core=0 tick r=0 y=0 c0=t48 c1=t45
1099 core=1 delay t45 3 r=0 y=2 c0=t48 c1=IDLE0
1100 core=0 resume t42 r=0 y=0 c0=t48 c1=IDLE0
1101 core=1 noop r=0 y=0 c0=t48 c1=IDLE0
1102 core=0 tick r=0 y=2 c0=t48 c1=IDLE1
1103 core=0 delay t48 5 r=0 y=1 c0=t42 c1=IDLE1
1104 core=1 resume t44 r=0 y=2 c0=t42 c1=IDLE0
1105 core=1 give_isr r=0 y=0 c0=t42 c1=IDLE0
1106 core=1 noop r=0 y=0 c0=t42 c1=IDLE0
1107 core=1 noop r=0 y=0 c0=t42 c1=IDLE0
1108 core=0 take t42 r=1 y=0 c0=t42 c1=IDLE0
1109 core=1 noop r=0 y=0 c0=t42 c1=IDLE0
1110 core=1 noop r=0 y=0 c0=t42 c1=IDLE0
1111 core=0 noop r=0 y=0 c0=t42 c1=IDLE0
1112 core=1 delete 2 t44 r=0 y=0 c0=t42 c1=IDLE0
1113 core=0 resume t42 r=0 y=0 c0=t42 c1=IDLE0
1114 core=0 resume t48 r=0 y=0 c0=t42 c1=IDLE0
1115 core=0 noop r=0 y=0 c0=t42 c1=IDLE0
1116 core=1 suspend t45 r=0 y=0 c0=t42 c1=IDLE0
1117 core=0 give_isr r=1 y=0 c0=t42 c1=IDLE0
1118 core=1 noop r=0 y=0 c0=t42 c1=IDLE0
1119 core=0 noop r=0 y=0 c0=t42 c1=IDLE0
1120 core=0 tick r=1 y=3 c0=IDLE1 c1=t42
1121 core=1 prio t32 1 r=0 y=0 c0=IDLE1 c1=t42
1122 core=0 noop r=0 y=0 c0=IDLE1 c1=t42
1123 core=0 give_isr r=0 y=0 c0=IDLE1 c1=t42
1124 core=0 tick r=1 y=3 c0=IDLE0 c1=IDLE1
1125 core=1 resume t42 r=0 y=0 c0=IDLE0 c1=IDLE1
1126 core=0 resume t45 r=0 y=2 c0=IDLE0 c1=t45
1127 core=1 prio t46 0 r=0 y=0 c0=IDLE0 c1=t45
1128 core=0 give r=0 y=0 c0=IDLE0 c1=t45
1129 core=1 noop r=0 y=0 c0=IDLE0 c1=t45
1130 core=1 noop r=0 y=0 c0=IDLE0 c1=t45
1131 core=0 yield r=0 y=1 c0=t42 c1=t45
1132 core=0 delay t42 1 r=0 y=1 c0=IDLE1 c1=t45
1133 core=0 prio t40 0 r=0 y=0 c0=IDLE1 c1=t45
1134 core=1 delay t45 2 r=0 y=2 c0=IDLE1 c1=IDLE0
1135 core=0 noop r=0 y=0 c0=IDLE1 c1=IDLE0
1136 core=1 yield r=0 y=2 c0=IDLE1 c1=IDLE0
1137 core=0 suspend t45 r=0 y=0 c0=IDLE1 c1=IDLE0
1138 core=1 noop r=0 y=0 c0=IDLE1 c1=IDLE0
1139 core=1 noop r=0 y=0 c0=IDLE1 c1=IDLE0
1140 core=1 prio t40 2 r=0 y=0 c0=IDLE1 c1=IDLE0
1141 core=1 create 6 t49 p3 r=1 y=2 c0=IDLE1 c1=t49
1142 core=0 resume t48 r=0 y=0 c0=IDLE1 c1=t49
1143 core=1 resume t42 r=0 y=0 c0=IDLE1 c1=t49
1144 core=0 noop r=0 y=0 c0=IDLE1 c1=t49
1145 core=1 noop r=0 y=0 c0=IDLE1 c1=t49
1146 core=0 resume t35 r=0 y=1 c0=IDLE0 c1=t49
1147 core=1 noop r=0 y=0 c0=IDLE0 c1=t49
1148 core=1 resume t45 r=0 y=1 c0=t45 c1=t49
1149 core=1 resume t32 r=0 y=0 c0=t45 c1=t49
1150 core=1 noop r=0 y=0 c0=t45 c1=t49
1151 core=0 noop r=0 y=0 c0=t45 c1=t49
1152 core=0 give r=0 y=0 c0=t45 c1=t49
1153 core=0 noop r=0 y=0 c0=t45 c1=t49
1154 core=1 give_isr r=0 y=0 c0=t45 c1=t49
1155 core=1 give r=0 y=0 c0=t45 c1=t49
1156 core=0 noop r=0 y=0 c0=t45 c1=t49
1157 core=0 tick r=1 y=3 c0=t45 c1=t49
1158 core=1 suspend t49 r=0 y=2 c0=t45 c1=t32
1159 core=0 noop r=0 y=0 c0=t45 c1=t32
1160 core=0 resume t40 r=0 y=2 c0=t45 c1=t40
1161 core=1 give_isr r=0 y=0 c0=t45 c1=t40
1162 core=0 prio t40 3 r=0 y=0 c0=t45 c1=t40
1163 core=0 tick r=1 y=3 c0=t45 c1=t40
1164 core=1 delay t40 3 r=0 y=2 c0=t45 c1=t32
1165 core=1 create 0 t50 p3 r=1 y=2 c0=t45 c1=t50
1166 core=1 delay t50 1 r=0 y=2 c0=t45 c1=t32
1167 core=1 resume t40 r=0 y=0 c0=t45 c1=t32
1168 core=1 delete 9 t40 r=0 y=0 c0=t45 c1=t32
1169 core=0 noop r=0 y=0 c0=t45 c1=t32
1170 core=0 tick r=1 y=3 c0=t50 c1=t45
1171 core=1 take t45 r=1 y=0 c0=t50 c1=t45
1172 core=0 tick r=1 y=3 c0=t50 c1=t45
1173 core=0 resume t42 r=0 y=0 c0=t50 c1=t45
1174 core=1 resume t49 r=0 y=0 c0=t50 c1=t45
1175 core=0 noop r=0 y=0 c0=t50 c1=t45
1176 core=0 take t50 r=0 y=0 c0=t50 c1=t45
1177 core=0 prio t49 1 r=0 y=0 c0=t50 c1=t45
1178 core=1 give_isr r=1 y=0 c0=t50 c1=t45
1179 core=1 noop r=0 y=0 c0=t50 c1=t45
1180 core=1 give r=0 y=0 c0=t50 c1=t45
1181 core=0 take t50 r=1 y=0 c0=t50 c1=t45
1182 core=0 give r=1 y=0 c0=t50 c1=t45
1183 core=0 delay t50 5 r=0 y=1 c0=t48 c1=t45
1184 core=1 yield r=0 y=2 c0=t48 c1=t45
1185 core=0 create 9 t51 p2 r=1 y=1 c0=t51 c1=t45
1186 core=1 prio t32 0 r=0 y=0 c0=t51 c1=t45
1187 core=0 delete 6 t49 r=0 y=0 c0=t51 c1=t45
1188 core=1 suspend t35 r=0 y=0 c0=t51 c1=t45
1189 core=1 give r=0 y=0 c0=t51 c1=t45
1190 core=1 prio t51 1 r=0 y=1 c0=t48 c1=t45
1191 core=0 give_isr r=0 y=0 c0=t48 c1=t45
1192 core=0 tick r=1 y=1 c0=t51 c1=t45
1193 core=1 noop r=0 y=0 c0=t51 c1=t45
1194 core=0 take t51 r=1 y=0 c0=t51 c1=t45
1195 core=0 delete 5 t45 r=0 y=2 c0=t51 c1=t48
1196 core=0 resume t35 r=0 y=0 c0=t51 c1=t48
1197 core=1 prio t50 2 r=0 y=0 c0=t51 c1=t48
1198 core=0 delete 4 t35 r=0 y=0 c0=t51 c1=t48
1199 core=0 delete 9 t51 r=0 y=1 c0=IDLE1 c1=t48
1200 core=1 resume t48 r=0 y=0 c0=IDLE1 c1=t48
1201 core=0 resume t46 r=0 y=1 c0=IDLE0 c1=t48
1202 core=0 tick r=1 y=1 c0=t42 c1=t48
1203 core=1 take t48 r=0 y=0 c0=t42 c1=t48
1204 core=0 delete 1 t48 r=0 y=2 c0=t42 c1=t32
1205 core=1 noop r=0 y=0 c0=t42 c1=t32
1206 core=0 take t42 r=0 y=0 c0=t42 c1=t32
1207 core=1 delay t32 3 r=0 y=2 c0=t42 c1=t46
1208 core=1 noop r=0 y=0 c0=t42 c1=t46
1209 core=1 noop r=0 y=0 c0=t42 c1=t46
1210 core=0 tick r=1 y=3 c0=IDLE1 c1=IDLE0
1211 core=0 tick r=1 y=3 c0=t42 c1=t46
1212 core=0 tick r=1 y=3 c0=t50 c1=IDLE1
1213 core=0 tick r=0 y=2 c0=t50 c1=IDLE0
1214 core=1 delete 3 t46 r=0 y=0 c0=t50 c1=IDLE0
1215 core=0 resume t42 r=0 y=0 c0=t50 c1=IDLE0
1216 core=0 yield r=0 y=1 c0=t50 c1=IDLE0
1217 core=0 give_isr r=1 y=0 c0=t50 c1=IDLE0
1218 core=0 take t50 r=1 y=0 c0=t50 c1=IDLE0
1219 core=1 noop r=0 y=0 c0=t50 c1=IDLE0
1220 core=0 noop r=0 y=0 c0=t50 c1=IDLE0
1221 core=0 delay t50 3 r=0 y=1 c0=t32 c1=IDLE0
1222 core=1 noop r=0 y=0 c0=t32 c1=IDLE0
1223 core=0 yield r=0 y=1 c0=t42 c1=IDLE0
1224 core=1 noop r=0 y=0 c0=t42 c1=IDLE0
1225 core=1 give_isr r=1 y=0 c0=t42 c1=IDLE0
1226 core=0 yield r=0 y=1 c0=IDLE1 c1=IDLE0
1227 core=1 noop r=0 y=0 c0=IDLE1 c1=IDLE0
1228 core=0 delete 7 t42 r=0 y=0 c0=IDLE1 c1=IDLE0
1229 core=1 noop r=0 y=0 c0=IDLE1 c1=IDLE0
1230 core=0 noop r=0 y=0 c0=IDLE1 c1=IDLE0
1231 core=1 create 9 t52 p1 r=1 y=2 c0=IDLE1 c1=t52
1232 core=0 noop r=0 y=0 c0=IDLE1 c1=t52
1233 core=0 noop r=0 y=0 c0=IDLE1 c1=t52
1234 core=1 noop r=0 y=0 c0=IDLE1 c1=t52
1235 core=1 noop r=0 y=0 c0=IDLE1 c1=t52
1236 core=0 noop r=0 y=0 c0=IDLE1 c1=t52
1237 core=1 noop r=0 y=0 c0=IDLE1 c1=t52
1238 core=0 noop r=0 y=0 c0=IDLE1 c1=t52
1239 core=0 give_isr r=0 y=0 c0=IDLE1 c1=t52
1240 core=0 prio t52 0 r=0 y=2 c0=IDLE1 c1=t32
1241 core=0 noop r=0 y=0 c0=IDLE1 c1=t32
1242 core=1 create 1 t53 p3 r=1 y=1 c0=t53 c1=t32
1243 core=0 noop r=0 y=0 c0=t53 c1=t32
1244 core=0 give r=0 y=0 c0=t53 c1=t32
1245 core=0 delay t53 2 r=0 y=1 c0=IDLE0 c1=t32
1246 core=1 noop r=0 y=0 c0=IDLE0 c1=t32
1247 core=0 noop r=0 y=0 c0=IDLE0 c1=t32
1248 core=0 noop r=0 y=0 c0=IDLE0 c1=t32
1249 core=0 noop r=0 y=0 c0=IDLE0 c1=t32
1250 core=0 tick r=1 y=3 c0=t52 c1=IDLE1
1251 core=0 prio t53 3 r=0 y=0 c0=t52 c1=IDLE1
1252 core=0 give r=0 y=0 c0=t52 c1=IDLE1
1253 core=1 resume t50 r=0 y=0 c0=t52 c1=IDLE1
1254 core=0 create 7 t54 p0 r=1 y=2 c0=t52 c1=IDLE0
1255 core=1 delete 7 t54 r=0 y=0 c0=t52 c1=IDLE0
1256 core=0 noop r=0 y=0 c0=t52 c1=IDLE0
1257 core=1 noop r=0 y=0 c0=t52 c1=IDLE0
1258 core=0 yield r=0 y=1 c0=t32 c1=IDLE0
1259 core=0 tick r=1 y=3 c0=t53 c1=IDLE1
1260 core=0 noop r=0 y=0 c0=t53 c1=IDLE1
1261 core=1 noop r=0 y=0 c0=t53 c1=IDLE1
1262 core=0 noop r=0 y=0 c0=t53 c1=IDLE1
1263 core=1 noop r=0 y=0 c0=t53 c1=IDLE1
1264 core=0 take t53 r=1 y=0 c0=t53 c1=IDLE1
1265 core=0 delay t53 2 r=0 y=1 c0=t52 c1=IDLE1
1266 core=1 noop r=0 y=0 c0=t52 c1=IDLE1
1267 core=1 noop r=0 y=0 c0=t52 c1=IDLE1
1268 core=0 create 4 t55 p1 r=1 y=2 c0=t52 c1=t55
1269 core=0 tick r=1 y=1 c0=t50 c1=t55
1270 core=0 prio t53 3 r=0 y=0 c0=t50 c1=t55
1271 core=1 noop r=0 y=0 c0=t50 c1=t55
1272 core=1 create 5 t56 p0 r=1 y=0 c0=t50 c1=t55
1273 core=1 noop r=0 y=0 c0=t50 c1=t55
1274 core=1 take t55 r=0 y=0 c0=t50 c1=t55
1275 core=1 take t55 r=0 y=0 c0=t50 c1=t55
1276 core=0 prio t53 3 r=0 y=0 c0=t50 c1=t55
1277 core=1 take t55 r=0 y=0 c0=t50 c1=t55
1278 core=0 prio t50 1 r=0 y=1 c0=t50 c1=t55
1279 core=0 suspend t56 r=0 y=0 c0=t50 c1=t55
1280 core=0 resume t55 r=0 y=0 c0=t50 c1=t55
1281 core=0 prio t32 0 r=0 y=0 c0=t50 c1=t55
1282 core=1 prio t32 1 r=0 y=0 c0=t50 c1=t55
1283 core=0 give r=1 y=0 c0=t50 c1=t55
1284 core=0 prio t52 1 r=0 y=0 c0=t50 c1=t55
1285 core=0 tick r=1 y=3 c0=t53 c1=t32
1286 core=0 tick r=0 y=2 c0=t53 c1=t52
1287 core=0 noop r=0 y=0 c0=t53 c1=t52
1288 core=1 noop r=0 y=0 c0=t53 c1=t52
1289 core=0 suspend t50 r=0 y=0 c0=t53 c1=t52
1290 core=1 resume t50 r=0 y=0 c0=t53 c1=t52
1291 core=0 noop r=0 y=0 c0=t53 c1=t52
1292 core=0 noop r=0 y=0 c0=t53 c1=t52
1293 core=0 take t53 r=1 y=0 c0=t53 c1=t52
1294 core=1 create 3 t57 p3 r=1 y=2 c0=t53 c1=t57
1295 core=0 delete 5 t56 r=0 y=0 c0=t53 c1=t57
1296 core=1 noop r=0 y=0 c0=t53 c1=t57
1297 core=0 tick r=1 y=3 c0=t53 c1=t57
1298 core=0 suspend t52 r=0 y=0 c0=t53 c1=t57
1299 core=0 tick r=1 y=3 c0=t53 c1=t57
1300 core=1 suspend t50 r=0 y=0 c0=t53 c1=t57
1301 core=1 noop r=0 y=0 c0=t53 c1=t57
1302 core=1 take t57 r=0 y=0 c0=t53 c1=t57
1303 core=1 noop r=0 y=0 c0=t53 c1=t57
1304 core=0 noop r=0 y=0 c0=t53 c1=t57
1305 core=1 noop r=0 y=0 c0=t53 c1=t57
1306 core=0 tick r=1 y=3 c0=t53 c1=t57
1307 core=0 delay t53 4 r=0 y=1 c0=t55 c1=t57
1308 core=1 delete 3 t57 r=0 y=2 c0=t55 c1=t32
1309 core=1 delay t32 5 r=0 y=2 c0=t55 c1=IDLE0
1310 core=0 give r=1 y=0 c0=t55 c1=IDLE0
1311 core=0 resume t52 r=0 y=2 c0=t55 c1=t52
1312 core=0 noop r=0 y=0 c0=t55 c1=t52
1313 core=0 resume t50 r=0 y=0 c0=t55 c1=t52
1314 core=0 yield r=0 y=1 c0=t50 c1=t52
1315 core=0 noop r=0 y=0 c0=t50 c1=t52
1316 core=0 prio t53 0 r=0 y=0 c0=t50 c1=t52
1317 core=0 delay t50 4 r=0 y=1 c0=t55 c1=t52
1318 core=1 delay t52 5 r=0 y=2 c0=t55 c1=IDLE1
1319 core=0 noop r=0 y=0 c0=t55 c1=IDLE1
1320 core=0 give_isr r=0 y=0 c0=t55 c1=IDLE1
1321 core=0 prio t53 0 r=0 y=0 c0=t55 c1=IDLE1
1322 core=0 noop r=0 y=0 c0=t55 c1=IDLE1
1323 core=1 noop r=0 y=0 c0=t55 c1=IDLE1
1324 core=1 resume t52 r=0 y=0 c0=t55 c1=IDLE1
1325 core=1 noop r=0 y=0 c0=t55 c1=IDLE1
1326 core=1 noop r=0 y=0 c0=t55 c1=IDLE1
1327 core=0 delay t55 2 r=0 y=1 c0=IDLE0 c1=IDLE1
1328 core=1 noop r=0 y=0 c0=IDLE0 c1=IDLE1
1329 core=1 noop r=0 y=0 c0=IDLE0 c1=IDLE1
1330 core=1 prio t55 0 r=0 y=0 c0=IDLE0 c1=IDLE1
1331 core=0 resume t53 r=0 y=0 c0=IDLE0 c1=IDLE1
1332 core=0 noop r=0 y=0 c0=IDLE0 c1=IDLE1
1333 core=0 delete 4 t55 r=0 y=0 c0=IDLE0 c1=IDLE1
1334 core=1 noop r=0 y=0 c0=IDLE0 c1=IDLE1
1335 core=0 tick r=1 y=3 c0=IDLE0 c1=IDLE1
1336 core=0 noop r=0 y=0 c0=IDLE0 c1=IDLE1
1337 core=1 give_isr r=0 y=0 c0=IDLE0 c1=IDLE1
1338 core=0 tick r=1 y=3 c0=IDLE0 c1=IDLE1
1339 core=0 resume t50 r=0 y=0 c0=IDLE0 c1=IDLE1
1340 core=0 noop r=0 y=0 c0=IDLE0 c1=IDLE1
1341 core=0 noop r=0 y=0 c0=IDLE0 c1=IDLE1
1342 core=1 give_isr r=0 y=0 c0=IDLE0 c1=IDLE1
1343 core=1 noop r=0 y=0 c0=IDLE0 c1=IDLE1
1344 core=0 suspend t52 r=0 y=0 c0=IDLE0 c1=IDLE1
1345 core=1 noop r=0 y=0 c0=IDLE0 c1=IDLE1
1346 core=0 tick r=1 y=3 c0=IDLE0 c1=IDLE1
1347 core=1 noop r=0 y=0 c0=IDLE0 c1=IDLE1
1348 core=1 create 5 t58 p1 r=1 y=2 c0=IDLE0 c1=t58
1349 core=0 resume t53 r=0 y=0 c0=IDLE0 c1=t58
1350 core=1 noop r=0 y=0 c0=IDLE0 c1=t58
1351 core=1 delay t58 1 r=0 y=2 c0=IDLE0 c1=IDLE1
1352 core=0 create 3 t59 p1 r=1 y=2 c0=IDLE0 c1=t59
1353 core=0 noop r=0 y=0 c0=IDLE0 c1=t59
1354 core=0 give r=0 y=0 c0=IDLE0 c1=t59
1355 core=0 noop r=0 y=0 c0=IDLE0 c1=t59
1356 core=0 resume t52 r=0 y=1 c0=t52 c1=t59
1357 core=0 tick r=1 y=3 c0=t50 c1=t58
1358 core=0 noop r=0 y=0 c0=t50 c1=t58
1359 core=1 noop r=0 y=0 c0=t50 c1=t58
1360 core=1 suspend t32 r=0 y=0 c0=t50 c1=t58
1361 core=0 take t50 r=1 y=0 c0=t50 c1=t58
1362 core=0 prio t58 2 r=0 y=0 c0=t50 c1=t58
1363 core=0 noop r=0 y=0 c0=t50 c1=t58
1364 core=1 yield r=0 y=2 c0=t50 c1=t58
1365 core=1 prio t50 2 r=0 y=0 c0=t50 c1=t58
1366 core=0 tick r=1 y=3 c0=t50 c1=t58
1367 core=0 noop r=0 y=0 c0=t50 c1=t58
1368 core=0 take t50 r=0 y=0 c0=t50 c1=t58
1369 core=0 delay t50 2 r=0 y=1 c0=t52 c1=t58
1370 core=1 delay t58 3 r=0 y=2 c0=t52 c1=t59
1371 core=0 delay t52 5 r=0 y=1 c0=IDLE1 c1=t59
1372 core=1 give_isr r=1 y=0 c0=IDLE1 c1=t59
1373 core=0 delete 8 t32 r=0 y=0 c0=IDLE1 c1=t59
1374 core=1 give r=0 y=0 c0=IDLE1 c1=t59
1375 core=1 give_isr r=0 y=0 c0=IDLE1 c1=t59
1376 core=0 yield r=0 y=1 c0=IDLE0 c1=t59
1377 core=0 noop r=0 y=0 c0=IDLE0 c1=t59
1378 core=0 give r=0 y=0 c0=IDLE0 c1=t59
1379 core=1 noop r=0 y=0 c0=IDLE0 c1=t59
1380 core=0 give_isr r=0 y=0 c0=IDLE0 c1=t59
1381 core=0 yield r=0 y=1 c0=t53 c1=t59
1382 core=1 take t59 r=1 y=0 c0=t53 c1=t59
1383 core=1 give_isr r=1 y=0 c0=t53 c1=t59
1384 core=0 noop r=0 y=0 c0=t53 c1=t59
1385 core=0 noop r=0 y=0 c0=t53 c1=t59
1386 core=0 noop r=0 y=0 c0=t53 c1=t59
1387 core=1 take t59 r=1 y=0 c0=t53 c1=t59
1388 core=0 noop r=0 y=0 c0=t53 c1=t59
1389 core=1 delay t59 2 r=0 y=2 c0=t53 c1=IDLE1
1390 core=0 delay t53 4 r=0 y=1 c0=IDLE0 c1=IDLE1
1391 core=0 create 7 t60 p0 r=1 y=2 c0=IDLE0 c1=t60
1392 core=0 give_isr r=1 y=0 c0=IDLE0 c1=t60
1393 core=0 noop r=0 y=0 c0=IDLE0 c1=t60
1394 core=1 delay t60 2 r=0 y=2 c0=IDLE0 c1=IDLE1
1395 core=1 noop r=0 y=0 c0=IDLE0 c1=IDLE1
1396 core=1 suspend t50 r=0 y=0 c0=IDLE0 c1=IDLE1
1397 core=1 noop r=0 y=0 c0=IDLE0 c1=IDLE1
1398 core=0 noop r=0 y=0 c0=IDLE0 c1=IDLE1
1399 core=0 noop r=0 y=0 c0=IDLE0 c1=IDLE1
1400 core=1 resume t53 r=0 y=0 c0=IDLE0 c1=IDLE1
1401 core=0 noop r=0 y=0 c0=IDLE0 c1=IDLE1
1402 core=0 tick r=1 y=3 c0=IDLE0 c1=IDLE1
1403 core=1 give_isr r=0 y=0 c0=IDLE0 c1=IDLE1
1404 core=1 noop r=0 y=0 c0=IDLE0 c1=IDLE1
1405 core=0 noop r=0 y=0 c0=IDLE0 c1=IDLE1
1406 core=0 tick r=1 y=3 c0=t59 c1=t60
1407 core=1 resume t59 r=0 y=0 c0=t59 c1=t60
1408 core=1 yield r=0 y=2 c0=t59 c1=IDLE0
1409 core=1 noop r=0 y=0 c0=t59 c1=IDLE0
1410 core=0 suspend t53 r=0 y=0 c0=t59 c1=IDLE0
1411 core=0 tick r=0 y=2 c0=t59 c1=t58
1412 core=1 noop r=0 y=0 c0=t59 c1=t58
1413 core=0 noop r=0 y=0 c0=t59 c1=t58
1414 core=1 give_isr r=0 y=0 c0=t59 c1=t58
1415 core=0 create 6 t61 p1 r=1 y=0 c0=t59 c1=t58
1416 core=0 delay t59 1 r=0 y=1 c0=t61 c1=t58
1417 core=1 take t58 r=1 y=0 c0=t61 c1=t58
1418 core=0 resume t52 r=0 y=0 c0=t61 c1=t58
1419 core=0 suspend t50 r=0 y=0 c0=t61 c1=t58
1420 core=1 noop r=0 y=0 c0=t61 c1=t58
1421 core=0 noop r=0 y=0 c0=t61 c1=t58
1422 core=0 resume t52 r=0 y=0 c0=t61 c1=t58
1423 core=1 suspend t50 r=0 y=0 c0=t61 c1=t58
1424 core=1 give r=1 y=0 c0=t61 c1=t58
1425 core=0 tick r=1 y=1 c0=t59 c1=t58
1426 core=0 take t59 r=1 y=0 c0=t59 c1=t58
1427 core=1 suspend t52 r=0 y=0 c0=t59 c1=t58
1428 core=0 take t59 r=0 y=0 c0=t59 c1=t58
1429 core=1 take t58 r=0 y=0 c0=t59 c1=t58
1430 core=0 noop r=0 y=0 c0=t59 c1=t58
1431 core=0 noop r=0 y=0 c0=t59 c1=t58
1432 core=0 resume t60 r=0 y=0 c0=t59 c1=t58
1433 core=0 prio t50 1 r=0 y=0 c0=t59 c1=t58
1434 core=1 give_isr r=1 y=0 c0=t59 c1=t58
1435 core=1 give r=0 y=0 c0=t59 c1=t58
1436 core=0 delete 9 t52 r=0 y=0 c0=t59 c1=t58
1437 core=0 give r=0 y=0 c0=t59 c1=t58
1438 core=0 tick r=1 y=1 c0=t61 c1=t58
1439 core=0 give r=0 y=0 c0=t61 c1=t58
1440 core=1 noop r=0 y=0 c0=t61 c1=t58
1441 core=1 take t58 r=1 y=0 c0=t61 c1=t58
1442 core=0 tick r=1 y=1 c0=t59 c1=t58
1443 core=1 give_isr r=1 y=0 c0=t59 c1=t58
1444 core=1 noop r=0 y=0 c0=t59 c1=t58
1445 core=0 tick r=1 y=1 c0=t61 c1=t58
1446 core=0 take t61 r=1 y=0 c0=t61 c1=t58
1447 core=0 tick r=1 y=1 c0=t59 c1=t58
1448 core=1 noop r=0 y=0 c0=t59 c1=t58
1449 core=1 suspend t61 r=0 y=0 c0=t59 c1=t58
1450 core=0 noop r=0 y=0 c0=t59 c1=t58
1451 core=0 noop r=0 y=0 c0=t59 c1=t58
1452 core=1 delay t58 5 r=0 y=2 c0=t59 c1=IDLE1
1453 core=1 noop r=0 y=0 c0=t59 c1=IDLE1
1454 core=1 suspend t60 r=0 y=0 c0=t59 c1=IDLE1
1455 core=1 give_isr r=1 y=0 c0=t59 c1=IDLE1
1456 core=1 noop r=0 y=0 c0=t59 c1=IDLE1
1457 core=1 suspend t53 r=0 y=0 c0=t59 c1=IDLE1
1458 core=1 noop r=0 y=0 c0=t59 c1=IDLE1
1459 core=0 tick r=0 y=2 c0=t59 c1=IDLE0
1460 core=0 yield r=0 y=1 c0=t59 c1=IDLE0
1461 core=1 noop r=0 y=0 c0=t59 c1=IDLE0
1462 core=1 give r=0 y=0 c0=t59 c1=IDLE0
1463 core=0 yield r=0 y=1 c0=t59 c1=IDLE0
1464 core=1 noop r=0 y=0 c0=t59 c1=IDLE0
1465 core=0 give r=0 y=0 c0=t59 c1=IDLE0
1466 core=1 prio t61 1 r=0 y=0 c0=t59 c1=IDLE0
1467 core=1 suspend t61 r=0 y=0 c0=t59 c1=IDLE0
1468 core=1 delete 0 t50 r=0 y=0 c0=t59 c1=IDLE0
1469 core=1 give r=0 y=0 c0=t59 c1=IDLE0
1470 core=0 take t59 r=1 y=0 c0=t59 c1=IDLE0
1471 core=0 suspend t53 r=0 y=0 c0=t59 c1=IDLE0
1472 core=1 give r=1 y=0 c0=t59 c1=IDLE0
1473 core=0 delay t59 1 r=0 y=1 c0=IDLE1 c1=IDLE0
1474 core=1 resume t58 r=0 y=0 c0=IDLE1 c1=IDLE0
1475 core=0 noop r=0 y=0 c0=IDLE1 c1=IDLE0
1476 core=0 give r=0 y=0 c0=IDLE1 c1=IDLE0
1477 core=0 give r=0 y=0 c0=IDLE1 c1=IDLE0
1478 core=0 resume t61 r=0 y=2 c0=IDLE1 c1=t61
1479 core=0 tick r=1 y=3 c0=t59 c1=t61
1480 core=0 noop r=0 y=0 c0=t59 c1=t61
1481 core=0 noop r=0 y=0 c0=t59 c1=t61
1482 core=1 noop r=0 y=0 c0=t59 c1=t61
1483 core=1 delay t61 5 r=0 y=2 c0=t59 c1=IDLE0
1484 core=1 suspend t61 r=0 y=0 c0=t59 c1=IDLE0
1485 core=0 give_isr r=0 y=0 c0=t59 c1=IDLE0
1486 core=0 tick r=0 y=2 c0=t59 c1=IDLE1
1487 core=0 take t59 r=1 y=0 c0=t59 c1=IDLE1
1488 core=1 noop r=0 y=0 c0=t59 c1=IDLE1
1489 core=0 tick r=0 y=2 c0=t59 c1=IDLE0
1490 core=0 tick r=0 y=2 c0=t59 c1=t58
1491 core=0 tick r=0 y=0 c0=t59 c1=t58
1492 core=1 create 0 t62 p2 r=1 y=1 c0=t62 c1=t58
1493 core=1 noop r=0 y=0 c0=t62 c1=t58
1494 core=0 create 2 t63 p2 r=1 y=0 c0=t62 c1=t58
1495 core=0 tick r=1 y=3 c0=t63 c1=t62
1496 core=0 suspend t58 r=0 y=0 c0=t63 c1=t62
1497 core=1 resume t59 r=0 y=0 c0=t63 c1=t62
1498 core=1 prio t60 2 r=0 y=0 c0=t63 c1=t62
1499 core=1 noop r=0 y=0 c0=t63 c1=t62
1500 core=0 tick r=1 y=3 c0=t63 c1=t62
1501 core=1 noop r=0 y=0 c0=t63 c1=t62
1502 core=0 delay t63 4 r=0 y=1 c0=t59 c1=t62
1503 core=1 resume t58 r=0 y=1 c0=t58 c1=t62
1504 core=0 tick r=1 y=3 c0=t58 c1=t62
1505 core=0 delay t58 5 r=0 y=1 c0=t59 c1=t62
1506 core=0 give r=1 y=0 c0=t59 c1=t62
1507 core=0 suspend t59 r=0 y=1 c0=IDLE1 c1=t62
1508 core=0 noop r=0 y=0 c0=IDLE1 c1=t62
1509 core=0 noop r=0 y=0 c0=IDLE1 c1=t62
1510 core=1 give_isr r=0 y=0 c0=IDLE1 c1=t62
1511 core=1 take t62 r=1 y=0 c0=IDLE1 c1=t62
1512 core=0 noop r=0 y=0 c0=IDLE1 c1=t62
1513 core=0 give r=1 y=0 c0=IDLE1 c1=t62
1514 core=0 prio t60 0 r=0 y=0 c0=IDLE1 c1=t62
1515 core=0 noop r=0 y=0 c0=IDLE1 c1=t62
1516 core=0 noop r=0 y=0 c0=IDLE1 c1=t62
1517 core=0 give r=0 y=0 c0=IDLE1 c1=t62
1518 core=1 delay t62 1 r=0 y=2 c0=IDLE1 c1=IDLE0
1519 core=0 resume t62 r=0 y=0 c0=IDLE1 c1=IDLE0
1520 core=1 noop r=0 y=0 c0=IDLE1 c1=IDLE0
1521 core=0 suspend t62 r=0 y=0 c0=IDLE1 c1=IDLE0
1522 core=1 noop r=0 y=0 c0=IDLE1 c1=IDLE0
1523 core=1 noop r=0 y=0 c0=IDLE1 c1=IDLE0
1524 core=1 prio t61 2 r=0 y=0 c0=IDLE1 c1=IDLE0
1525 core=0 give r=0 y=0 c0=IDLE1 c1=IDLE0
1526 core=0 give r=0 y=0 c0=IDLE1 c1=IDLE0
1527 core=1 create 9 t64 p2 r=1 y=2 c0=IDLE1 c1=t64
1528 core=0 prio t62 3 r=0 y=0 c0=IDLE1 c1=t64
1529 core=0 give_isr r=0 y=0 c0=IDLE1 c1=t64
1530 core=0 noop r=0 y=0 c0=IDLE1 c1=t64
1531 core=1 give r=0 y=0 c0=IDLE1 c1=t64
1532 core=0 noop r=0 y=0 c0=IDLE1 c1=t64
1533 core=1 noop r=0 y=0 c0=IDLE1 c1=t64
1534 core=0 noop r=0 y=0 c0=IDLE1 c1=t64
1535 core=0 resume t58 r=0 y=0 c0=IDLE1 c1=t64
1536 core=1 suspend t58 r=0 y=0 c0=IDLE1 c1=t64
1537 core=1 suspend t62 r=0 y=0 c0=IDLE1 c1=t64
1538 core=0 resume t63 r=0 y=0 c0=IDLE1 c1=t64
1539 core=1 suspend t61 r=0 y=0 c0=IDLE1 c1=t64
1540 core=1 delay t64 3 r=0 y=2 c0=IDLE1 c1=IDLE0
1541 core=0 tick r=1 y=3 c0=IDLE1 c1=IDLE0
1542 core=0 noop r=0 y=0 c0=IDLE1 c1=IDLE0
1543 core=1 noop r=0 y=0 c0=IDLE1 c1=IDLE0
1544 core=0 give r=0 y=0 c0=IDLE1 c1=IDLE0
1545 core=0 yield r=0 y=1 c0=IDLE1 c1=IDLE0
1546 core=0 prio t63 3 r=0 y=0 c0=IDLE1 c1=IDLE0
1547 core=0 tick r=1 y=3 c0=IDLE1 c1=IDLE0
1548 core=1 noop r=0 y=0 c0=IDLE1 c1=IDLE0
1549 core=0 noop r=0 y=0 c0=IDLE1 c1=IDLE0
1550 core=1 noop r=0 y=0 c0=IDLE1 c1=IDLE0
1551 core=1 noop r=0 y=0 c0=IDLE1 c1=IDLE0
1552 core=0 suspend t62 r=0 y=0 c0=IDLE1 c1=IDLE0
1553 core=0 noop r=0 y=0 c0=IDLE1 c1=IDLE0
1554 core=1 prio t61 2 r=0 y=0 c0=IDLE1 c1=IDLE0
1555 core=0 resume t63 r=0 y=0 c0=IDLE1 c1=IDLE0
1556 core=0 give_isr r=0 y=0 c0=IDLE1 c1=IDLE0
1557 core=0 prio t59 1 r=0 y=0 c0=IDLE1 c1=IDLE0
1558 core=1 suspend t62 r=0 y=0 c0=IDLE1 c1=IDLE0
1559 core=1 suspend t64 r=0 y=0 c0=IDLE1 c1=IDLE0
1560 core=0 prio t58 3 r=0 y=0 c0=IDLE1 c1=IDLE0
1561 core=0 resume t59 r=0 y=2 c0=IDLE1 c1=t59
1562 core=0 prio t53 3 r=0 y=0 c0=IDLE1 c1=t59
1563 core=0 prio t59 3 r=0 y=0 c0=IDLE1 c1=t59
1564 core=1 noop r=0 y=0 c0=IDLE1 c1=t59
1565 core=1 prio t58 0 r=0 y=0 c0=IDLE1 c1=t59
1566 core=1 prio t62 0 r=0 y=0 c0=IDLE1 c1=t59
1567 core=0 noop r=0 y=0 c0=IDLE1 c1=t59
1568 core=0 delete 1 t53 r=0 y=0 c0=IDLE1 c1=t59
1569 core=1 create 4 t65 p3 r=1 y=1 c0=t65 c1=t59
1570 core=0 tick r=1 y=3 c0=t63 c1=t65
1571 core=1 delay t65 1 r=0 y=2 c0=t63 c1=t59
1572 core=0 delay t63 1 r=0 y=1 c0=IDLE0 c1=t59
1573 core=0 noop r=0 y=0 c0=IDLE0 c1=t59
1574 core=1 prio t58 3 r=0 y=0 c0=IDLE0 c1=t59
1575 core=1 give r=0 y=0 c0=IDLE0 c1=t59
1576 core=1 give_isr r=0 y=0 c0=IDLE0 c1=t59
1577 core=0 prio t59 3 r=0 y=0 c0=IDLE0 c1=t59
1578 core=1 suspend t65 r=0 y=0 c0=IDLE0 c1=t59
1579 core=0 tick r=1 y=3 c0=t63 c1=t59
1580 core=1 noop r=0 y=0 c0=t63 c1=t59
1581 core=1 resume t62 r=0 y=0 c0=t63 c1=t59
1582 core=1 noop r=0 y=0 c0=t63 c1=t59
1583 core=0 give r=0 y=0 c0=t63 c1=t59
1584 core=1 give r=0 y=0 c0=t63 c1=t59
1585 core=0 noop r=0 y=0 c0=t63 c1=t59
1586 core=1 suspend t62 r=0 y=0 c0=t63 c1=t59
1587 core=0 tick r=1 y=3 c0=t63 c1=t59
1588 core=0 delay t63 1 r=0 y=1 c0=IDLE1 c1=t59
1589 core=0 tick r=1 y=3 c0=t63 c1=t59
1590 core=1 noop r=0 y=0 c0=t63 c1=t59
1591 core=0 delay t63 3 r=0 y=1 c0=IDLE0 c1=t59
1592 core=1 take t59 r=1 y=0 c0=IDLE0 c1=t59
1593 core=1 resume t62 r=0 y=1 c0=IDLE1 c1=t59
1594 core=1 noop r=0 y=0 c0=IDLE1 c1=t59
1595 core=0 tick r=1 y=1 c0=t62 c1=t59
1596 core=0 suspend t62 r=0 y=1 c0=IDLE0 c1=t59
1597 core=1 delay t59 2 r=0 y=2 c0=IDLE0 c1=IDLE1
1598 core=0 noop r=0 y=0 c0=IDLE0 c1=IDLE1
1599 core=1 prio t62 2 r=0 y=0 c0=IDLE0 c1=IDLE1
1600 core=1 noop r=0 y=0 c0=IDLE0 c1=IDLE1
1601 core=0 give_isr r=1 y=0 c0=IDLE0 c1=IDLE1
1602 core=0 give r=0 y=0 c0=IDLE0 c1=IDLE1
1603 core=1 prio t64 3 r=0 y=0 c0=IDLE0 c1=IDLE1
1604 core=0 noop r=0 y=0 c0=IDLE0 c1=IDLE1
1605 core=1 resume t60 r=0 y=2 c0=IDLE0 c1=t60
1606 core=1 prio t58 3 r=0 y=0 c0=IDLE0 c1=t60
1607 core=1 prio t58 0 r=0 y=0 c0=IDLE0 c1=t60
1608 core=0 suspend t65 r=0 y=0 c0=IDLE0 c1=t60
1609 core=0 noop r=0 y=0 c0=IDLE0 c1=t60
1610 core=0 give r=0 y=0 c0=IDLE0 c1=t60
1611 core=1 noop r=0 y=0 c0=IDLE0 c1=t60
1612 core=0 give r=0 y=0 c0=IDLE0 c1=t60
1613 core=0 tick r=1 y=3 c0=IDLE1 c1=IDLE0
1614 core=1 noop r=0 y=0 c0=IDLE1 c1=IDLE0
1615 core=0 prio t59 1 r=0 y=0 c0=IDLE1 c1=IDLE0
1616 core=0 noop r=0 y=0 c0=IDLE1 c1=IDLE0
1617 core=0 delete 0 t62 r=0 y=0 c0=IDLE1 c1=IDLE0
1618 core=1 noop r=0 y=0 c0=IDLE1 c1=IDLE0
1619 core=0 suspend t64 r=0 y=0 c0=IDLE1 c1=IDLE0
1620 core=0 suspend t60 r=0 y=0 c0=IDLE1 c1=IDLE0
1621 core=1 noop r=0 y=0 c0=IDLE1 c1=IDLE0
1622 core=1 noop r=0 y=0 c0=IDLE1 c1=IDLE0
1623 core=1 suspend t59 r=0 y=0 c0=IDLE1 c1=IDLE0
1624 core=0 prio t61 3 r=0 y=0 c0=IDLE1 c1=IDLE0
1625 core=1 resume t59 r=0 y=2 c0=IDLE1 c1=t59
1626 core=1 resume t58 r=0 y=1 c0=IDLE0 c1=t59
1627 core=1 take t59 r=1 y=0 c0=IDLE0 c1=t59
1628 core=1 delay t59 4 r=0 y=2 c0=IDLE0 c1=t58
1629 core=0 noop r=0 y=0 c0=IDLE0 c1=t58
1630 core=0 give r=1 y=0 c0=IDLE0 c1=t58
1631 core=0 delete 7 t60 r=0 y=0 c0=IDLE0 c1=t58
1632 core=1 take t58 r=1 y=0 c0=IDLE0 c1=t58
1633 core=0 suspend t58 r=0 y=2 c0=IDLE0 c1=IDLE1
1634 core=0 resume t61 r=0 y=2 c0=IDLE0 c1=t61
1635 core=1 delete 4 t65 r=0 y=0 c0=IDLE0 c1=t61
1636 core=0 tick r=1 y=3 c0=t63 c1=t61
1637 core=1 noop r=0 y=0 c0=t63 c1=t61
1638 core=0 delete 6 t61 r=0 y=2 c0=t63 c1=IDLE1
1639 core=1 noop r=0 y=0 c0=t63 c1=IDLE1
1640 core=1 noop r=0 y=0 c0=t63 c1=IDLE1
1641 core=1 resume t59 r=0 y=0 c0=t63 c1=IDLE1
1642 core=1 yield r=0 y=2 c0=t63 c1=IDLE0
1643 core=1 give_isr r=1 y=0 c0=t63 c1=IDLE0
1644 core=1 give r=0 y=0 c0=t63 c1=IDLE0
1645 core=0 noop r=0 y=0 c0=t63 c1=IDLE0
1646 core=1 create 0 t66 p1 r=1 y=2 c0=t63 c1=t66
1647 core=0 noop r=0 y=0 c0=t63 c1=t66
1648 core=1 delay t66 2 r=0 y=2 c0=t63 c1=IDLE1
1649 core=0 give_isr r=0 y=0 c0=t63 c1=IDLE1
1650 core=1 noop r=0 y=0 c0=t63 c1=IDLE1
1651 core=0 tick r=0 y=2 c0=t63 c1=IDLE0
1652 core=0 yield r=0 y=1 c0=t63 c1=IDLE0
1653 core=0 give r=0 y=0 c0=t63 c1=IDLE0
1654 core=1 noop r=0 y=0 c0=t63 c1=IDLE0
1655 core=0 noop r=0 y=0 c0=t63 c1=IDLE0
1656 core=1 suspend t63 r=0 y=1 c0=IDLE1 c1=IDLE0
1657 core=1 noop r=0 y=0 c0=IDLE1 c1=IDLE0
1658 core=0 give r=0 y=0 c0=IDLE1 c1=IDLE0
1659 core=1 give_isr r=0 y=0 c0=IDLE1 c1=IDLE0
1660 core=0 noop r=0 y=0 c0=IDLE1 c1=IDLE0
1661 core=0 noop r=0 y=0 c0=IDLE1 c1=IDLE0
1662 core=1 noop r=0 y=0 c0=IDLE1 c1=IDLE0
1663 core=1 delete 5 t58 r=0 y=0 c0=IDLE1 c1=IDLE0
1664 core=0 give_isr r=0 y=0 c0=IDLE1 c1=IDLE0
1665 core=1 delete 9 t64 r=0 y=0 c0=IDLE1 c1=IDLE0
1666 core=0 noop r=0 y=0 c0=IDLE1 c1=IDLE0
1667 core=0 noop r=0 y=0 c0=IDLE1 c1=IDLE0
1668 core=0 yield r=0 y=1 c0=IDLE1 c1=IDLE0
1669 core=0 noop r=0 y=0 c0=IDLE1 c1=IDLE0
1670 core=0 suspend t59 r=0 y=0 c0=IDLE1 c1=IDLE0
1671 core=0 give_isr r=0 y=0 c0=IDLE1 c1=IDLE0
1672 core=1 suspend t66 r=0 y=0 c0=IDLE1 c1=IDLE0
1673 core=1 suspend t59 r=0 y=0 c0=IDLE1 c1=IDLE0
1674 core=1 noop r=0 y=0 c0=IDLE1 c1=IDLE0
1675 core=0 give r=0 y=0 c0=IDLE1 c1=IDLE0
1676 core=0 noop r=0 y=0 c0=IDLE1 c1=IDLE0
1677 core=1 create 1 t67 p2 r=1 y=2 c0=IDLE1 c1=t67
1678 core=1 create 4 t68 p0 r=1 y=1 c0=IDLE0 c1=t67
1679 core=1 delay t67 2 r=0 y=2 c0=IDLE0 c1=t68
1680 core=0 give_isr r=0 y=0 c0=IDLE0 c1=t68
1681 core=1 give r=0 y=0 c0=IDLE0 c1=t68
1682 core=0 noop r=0 y=0 c0=IDLE0 c1=t68
1683 core=1 delay t68 1 r=0 y=2 c0=IDLE0 c1=IDLE1
1684 core=0 yield r=0 y=1 c0=IDLE0 c1=IDLE1
1685 core=1 give_isr r=0 y=0 c0=IDLE0 c1=IDLE1
1686 core=0 tick r=1 y=3 c0=t68 c1=IDLE0
1687 core=1 noop r=0 y=0 c0=t68 c1=IDLE0
1688 core=0 take t68 r=1 y=0 c0=t68 c1=IDLE0
1689 core=0 noop r=0 y=0 c0=t68 c1=IDLE0
1690 core=1 give_isr r=1 y=0 c0=t68 c1=IDLE0
1691 core=1 noop r=0 y=0 c0=t68 c1=IDLE0
1692 core=1 noop r=0 y=0 c0=t68 c1=IDLE0
1693 core=1 noop r=0 y=0 c0=t68 c1=IDLE0
1694 core=1 noop r=0 y=0 c0=t68 c1=IDLE0
1695 core=0 tick r=1 y=3 c0=t67 c1=IDLE1
1696 core=0 give r=0 y=0 c0=t67 c1=IDLE1
1697 core=0 take t67 r=1 y=0 c0=t67 c1=IDLE1
1698 core=0 tick r=0 y=2 c0=t67 c1=t68
1699 core=1 noop r=0 y=0 c0=t67 c1=t68
1700 core=0 delay t67 2 r=0 y=1 c0=IDLE0 c1=t68
1701 core=1 delete 1 t67 r=0 y=0 c0=IDLE0 c1=t68
1702 core=1 noop r=0 y=0 c0=IDLE0 c1=t68
1703 core=0 suspend t68 r=0 y=2 c0=IDLE0 c1=IDLE1
1704 core=1 prio t63 1 r=0 y=0 c0=IDLE0 c1=IDLE1
1705 core=0 noop r=0 y=0 c0=IDLE0 c1=IDLE1
1706 core=0 resume t68 r=0 y=2 c0=IDLE0 c1=t68
1707 core=1 take t68 r=0 y=0 c0=IDLE0 c1=t68
1708 core=0 tick r=1 y=3 c0=IDLE1 c1=IDLE0
1709 core=0 noop r=0 y=0 c0=IDLE1 c1=IDLE0
1710 core=1 noop r=0 y=0 c0=IDLE1 c1=IDLE0
1711 core=1 noop r=0 y=0 c0=IDLE1 c1=IDLE0
1712 core=0 tick r=1 y=3 c0=t68 c1=IDLE1
1713 core=0 noop r=0 y=0 c0=t68 c1=IDLE1
1714 core=0 give_isr r=1 y=0 c0=t68 c1=IDLE1
1715 core=1 create 6 t69 p1 r=1 y=2 c0=t68 c1=t69
1716 core=0 give r=0 y=0 c0=t68 c1=t69
1717 core=0 tick r=1 y=1 c0=IDLE0 c1=t69
1718 core=1 noop r=0 y=0 c0=IDLE0 c1=t69
1719 core=1 take t69 r=1 y=0 c0=IDLE0 c1=t69
1720 core=0 yield r=0 y=1 c0=IDLE1 c1=t69
1721 core=0 give_isr r=1 y=0 c0=IDLE1 c1=t69
1722 core=0 tick r=1 y=1 c0=t68 c1=t69
1723 core=0 create 1 t70 p3 r=1 y=1 c0=t70 c1=t69
1724 core=1 prio t68 3 r=0 y=2 c0=t70 c1=t68
1725 core=1 take t68 r=1 y=0 c0=t70 c1=t68
1726 core=0 take t70 r=0 y=0 c0=t70 c1=t68
1727 core=0 delay t70 3 r=0 y=1 c0=t69 c1=t68
1728 core=0 noop r=0 y=0 c0=t69 c1=t68
1729 core=1 noop r=0 y=0 c0=t69 c1=t68
1730 core=1 noop r=0 y=0 c0=t69 c1=t68
1731 core=0 prio t66 1 r=0 y=0 c0=t69 c1=t68
1732 core=1 noop r=0 y=0 c0=t69 c1=t68
1733 core=1 create 8 t71 p1 r=1 y=0 c0=t69 c1=t68
1734 core=0 tick r=1 y=1 c0=t71 c1=t68
1735 core=1 noop r=0 y=0 c0=t71 c1=t68
1736 core=1 delay t68 2 r=0 y=2 c0=t71 c1=t69
1737 core=1 delay t69 1 r=0 y=2 c0=t71 c1=IDLE0
1738 core=1 create 7 t72 p3 r=1 y=2 c0=t71 c1=t72
1739 core=0 yield r=0 y=1 c0=t71 c1=t72
1740 core=0 delay t71 5 r=0 y=1 c0=IDLE1 c1=t72
1741 core=1 prio t63 1 r=0 y=0 c0=IDLE1 c1=t72
1742 core=0 give r=1 y=0 c0=IDLE1 c1=t72
1743 core=1 take t72 r=1 y=0 c0=IDLE1 c1=t72
1744 core=1 take t72 r=0 y=0 c0=IDLE1 c1=t72
1745 core=0 give r=1 y=0 c0=IDLE1 c1=t72
1746 core=1 give r=0 y=0 c0=IDLE1 c1=t72
1747 core=1 delay t72 2 r=0 y=2 c0=IDLE1 c1=IDLE0
1748 core=0 delete 6 t69 r=0 y=0 c0=IDLE1 c1=IDLE0
1749 core=0 noop r=0 y=0 c0=IDLE1 c1=IDLE0
1750 core=0 noop r=0 y=0 c0=IDLE1 c1=IDLE0
1751 core=1 delete 3 t59 r=0 y=0 c0=IDLE1 c1=IDLE0
1752 core=0 tick r=1 y=3 c0=IDLE1 c1=IDLE0
1753 core=1 noop r=0 y=0 c0=IDLE1 c1=IDLE0
1754 core=1 delete 4 t68 r=0 y=0 c0=IDLE1 c1=IDLE0
1755 core=1 give r=0 y=0 c0=IDLE1 c1=IDLE0
1756 core=1 give_isr r=0 y=0 c0=IDLE1 c1=IDLE0
1757 core=1 give r=0 y=0 c0=IDLE1 c1=IDLE0
1758 core=1 create 4 t73 p0 r=1 y=2 c0=IDLE1 c1=t73
1759 core=0 delete 1 t70 r=0 y=0 c0=IDLE1 c1=t73
1760 core=1 take t73 r=1 y=0 c0=IDLE1 c1=t73
1761 core=1 give r=1 y=0 c0=IDLE1 c1=t73
1762 core=1 suspend t63 r=0 y=0 c0=IDLE1 c1=t73
1763 core=1 prio t72 1 r=0 y=0 c0=IDLE1 c1=t73
1764 core=1 delay t73 3 r=0 y=2 c0=IDLE1 c1=IDLE0
1765 core=1 noop r=0 y=0 c0=IDLE1 c1=IDLE0
1766 core=0 tick r=1 y=3 c0=t72 c1=IDLE1
1767 core=1 noop r=0 y=0 c0=t72 c1=IDLE1
1768 core=1 yield r=0 y=2 c0=t72 c1=IDLE0
1769 core=1 give r=0 y=0 c0=t72 c1=IDLE0
1770 core=0 tick r=0 y=2 c0=t72 c1=IDLE1
1771 core=0 noop r=0 y=0 c0=t72 c1=IDLE1
1772 core=1 noop r=0 y=0 c0=t72 c1=IDLE1
1773 core=0 take t72 r=1 y=0 c0=t72 c1=IDLE1
1774 core=1 noop r=0 y=0 c0=t72 c1=IDLE1
1775 core=0 noop r=0 y=0 c0=t72 c1=IDLE1
1776 core=0 take t72 r=0 y=0 c0=t72 c1=IDLE1
1777 core=0 tick r=0 y=2 c0=t72 c1=IDLE0
1778 core=0 delay t72 1 r=0 y=1 c0=t73 c1=IDLE0
1779 core=1 give r=1 y=0 c0=t73 c1=IDLE0
1780 core=0 give r=0 y=0 c0=t73 c1=IDLE0
1781 core=1 noop r=0 y=0 c0=t73 c1=IDLE0
1782 core=0 take t73 r=1 y=0 c0=t73 c1=IDLE0
1783 core=1 noop r=0 y=0 c0=t73 c1=IDLE0
1784 core=1 noop r=0 y=0 c0=t73 c1=IDLE0
1785 core=0 delay t73 3 r=0 y=1 c0=IDLE1 c1=IDLE0
1786 core=0 tick r=1 y=3 c0=t71 c1=t72
1787 core=0 create 9 t74 p0 r=1 y=0 c0=t71 c1=t72
1788 core=1 give r=1 y=0 c0=t71 c1=t72
1789 core=1 resume t71 r=0 y=0 c0=t71 c1=t72
1790 core=0 prio t72 3 r=0 y=0 c0=t71 c1=t72
1791 core=1 give_isr r=0 y=0 c0=t71 c1=t72
1792 core=0 take t71 r=1 y=0 c0=t71 c1=t72
1793 core=0 tick r=0 y=0 c0=t71 c1=t72
1794 core=0 take t71 r=0 y=0 c0=t71 c1=t72
1795 core=1 delete 9 t74 r=0 y=0 c0=t71 c1=t72
1796 core=1 noop r=0 y=0 c0=t71 c1=t72
1797 core=0 prio t66 0 r=0 y=0 c0=t71 c1=t72
1798 core=1 noop r=0 y=0 c0=t71 c1=t72
1799 core=1 noop r=0 y=0 c0=t71 c1=t72
1800 core=0 tick r=0 y=0 c0=t71 c1=t72
1801 core=0 noop r=0 y=0 c0=t71 c1=t72
1802 core=1 give r=1 y=0 c0=t71 c1=t72
1803 core=1 noop r=0 y=0 c0=t71 c1=t72
1804 core=1 resume t66 r=0 y=0 c0=t71 c1=t72
1805 core=1 noop r=0 y=0 c0=t71 c1=t72
1806 core=0 take t71 r=1 y=0 c0=t71 c1=t72
1807 core=1 noop r=0 y=0 c0=t71 c1=t72
1808 core=1 give_isr r=1 y=0 c0=t71 c1=t72
1809 core=1 noop r=0 y=0 c0=t71 c1=t72
1810 core=1 take t72 r=1 y=0 c0=t71 c1=t72
1811 core=0 give r=1 y=0 c0=t71 c1=t72
1812 core=0 tick r=0 y=0 c0=t71 c1=t72
1813 core=0 tick r=0 y=0 c0=t71 c1=t72
1814 core=1 noop r=0 y=0 c0=t71 c1=t72
1815 core=1 noop r=0 y=0 c0=t71 c1=t72
1816 core=1 give_isr r=0 y=0 c0=t71 c1=t72
1817 core=1 give_isr r=0 y=0 c0=t71 c1=t72
1818 core=1 yield r=0 y=2 c0=t71 c1=t72
1819 core=0 noop r=0 y=0 c0=t71 c1=t72
1820 core=1 noop r=0 y=0 c0=t71 c1=t72
1821 core=1 delete 0 t66 r=0 y=0 c0=t71 c1=t72
1822 core=0 suspend t72 r=0 y=2 c0=t71 c1=IDLE1
1823 core=0 noop r=0 y=0 c0=t71 c1=IDLE1
1824 core=1 noop r=0 y=0 c0=t71 c1=IDLE1
1825 core=1 noop r=0 y=0 c0=t71 c1=IDLE1
1826 core=1 give r=0 y=0 c0=t71 c1=IDLE1
1827 core=0 take t71 r=1 y=0 c0=t71 c1=IDLE1
1828 core=1 noop r=0 y=0 c0=t71 c1=IDLE1
1829 core=0 delay t71 1 r=0 y=1 c0=IDLE0 c1=IDLE1
1830 core=0 prio t71 3 r=0 y=0 c0=IDLE0 c1=IDLE1
1831 core=0 tick r=1 y=3 c0=t71 c1=t73
1832 core=0 noop r=0 y=0 c0=t71 c1=t73
1833 core=1 create 5 t75 p0 r=1 y=0 c0=t71 c1=t73
1834 core=0 prio t75 0 r=0 y=0 c0=t71 c1=t73
1835 core=1 noop r=0 y=0 c0=t71 c1=t73
1836 core=1 yield r=0 y=2 c0=t71 c1=IDLE0
1837 core=0 resume t71 r=0 y=0 c0=t71 c1=IDLE0
1838 core=0 take t71 r=0 y=0 c0=t71 c1=IDLE0
1839 core=0 delay t71 5 r=0 y=1 c0=IDLE1 c1=IDLE0
1840 core=0 noop r=0 y=0 c0=IDLE1 c1=IDLE0
1841 core=0 tick r=1 y=3 c0=t75 c1=t73
1842 core=0 noop r=0 y=0 c0=t75 c1=t73
1843 core=0 prio t73 0 r=0 y=0 c0=t75 c1=t73
1844 core=1 noop r=0 y=0 c0=t75 c1=t73
1845 core=0 delay t75 5 r=0 y=1 c0=IDLE1 c1=t73
1846 core=0 noop r=0 y=0 c0=IDLE1 c1=t73
1847 core=0 noop r=0 y=0 c0=IDLE1 c1=t73
1848 core=0 give_isr r=1 y=0 c0=IDLE1 c1=t73
1849 core=1 give r=0 y=0 c0=IDLE1 c1=t73
1850 core=1 noop r=0 y=0 c0=IDLE1 c1=t73
1851 core=0 noop r=0 y=0 c0=IDLE1 c1=t73
1852 core=0 tick r=1 y=3 c0=IDLE0 c1=IDLE1
1853 core=1 suspend t71 r=0 y=0 c0=IDLE0 c1=IDLE1
1854 core=1 noop r=0 y=0 c0=IDLE0 c1=IDLE1
1855 core=1 delete 4 t73 r=0 y=0 c0=IDLE0 c1=IDLE1
1856 core=1 noop r=0 y=0 c0=IDLE0 c1=IDLE1
1857 core=1 noop r=0 y=0 c0=IDLE0 c1=IDLE1
1858 core=1 noop r=0 y=0 c0=IDLE0 c1=IDLE1
1859 core=1 noop r=0 y=0 c0=IDLE0 c1=IDLE1
1860 core=0 noop r=0 y=0 c0=IDLE0 c1=IDLE1
1861 core=0 noop r=0 y=0 c0=IDLE0 c1=IDLE1
1862 core=0 noop r=0 y=0 c0=IDLE0 c1=IDLE1
1863 core=0 create 1 t76 p0 r=1 y=2 c0=IDLE0 c1=t76
1864 core=0 noop r=0 y=0 c0=IDLE0 c1=t76
1865 core=1 give_isr r=0 y=0 c0=IDLE0 c1=t76
1866 core=1 yield r=0 y=2 c0=IDLE0 c1=IDLE1
1867 core=1 give r=0 y=0 c0=IDLE0 c1=IDLE1
1868 core=1 give_isr r=0 y=0 c0=IDLE0 c1=IDLE1
1869 core=0 give_isr r=0 y=0 c0=IDLE0 c1=IDLE1
1870 core=0 prio t71 0 r=0 y=0 c0=IDLE0 c1=IDLE1
1871 core=0 noop r=0 y=0 c0=IDLE0 c1=IDLE1
1872 core=0 noop r=0 y=0 c0=IDLE0 c1=IDLE1
1873 core=1 noop r=0 y=0 c0=IDLE0 c1=IDLE1
1874 core=1 noop r=0 y=0 c0=IDLE0 c1=IDLE1
1875 core=0 yield r=0 y=1 c0=t76 c1=IDLE1
1876 core=0 noop r=0 y=0 c0=t76 c1=IDLE1
1877 core=0 give_isr r=0 y=0 c0=t76 c1=IDLE1
1878 core=1 noop r=0 y=0 c0=t76 c1=IDLE1
1879 core=0 noop r=0 y=0 c0=t76 c1=IDLE1
1880 core=0 prio t63 2 r=0 y=0 c0=t76 c1=IDLE1
1881 core=0 give r=0 y=0 c0=t76 c1=IDLE1
1882 core=0 take t76 r=1 y=0 c0=t76 c1=IDLE1
1883 core=0 give_isr r=1 y=0 c0=t76 c1=IDLE1
1884 core=1 noop r=0 y=0 c0=t76 c1=IDLE1
1885 core=0 delete 1 t76 r=0 y=1 c0=IDLE0 c1=IDLE1
1886 core=0 noop r=0 y=0 c0=IDLE0 c1=IDLE1
1887 core=1 suspend t75 r=0 y=0 c0=IDLE0 c1=IDLE1
1888 core=0 noop r=0 y=0 c0=IDLE0 c1=IDLE1
1889 core=0 give r=0 y=0 c0=IDLE0 c1=IDLE1
1890 core=0 noop r=0 y=0 c0=IDLE0 c1=IDLE1
1891 core=0 suspend t63 r=0 y=0 c0=IDLE0 c1=IDLE1
1892 core=1 noop r=0 y=0 c0=IDLE0 c1=IDLE1
1893 core=0 prio t63 1 r=0 y=0 c0=IDLE0 c1=IDLE1
1894 core=1 prio t71 0 r=0 y=0 c0=IDLE0 c1=IDLE1
1895 core=0 noop r=0 y=0 c0=IDLE0 c1=IDLE1
1896 core=1 resume t72 r=0 y=2 c0=IDLE0 c1=t72
1897 core=1 take t72 r=1 y=0 c0=IDLE0 c1=t72
1898 core=1 suspend t63 r=0 y=0 c0=IDLE0 c1=t72
1899 core=0 noop r=0 y=0 c0=IDLE0 c1=t72
1900 core=1 noop r=0 y=0 c0=IDLE0 c1=t72
1901 core=1 resume t72 r=0 y=0 c0=IDLE0 c1=t72
1902 core=0 give r=1 y=0 c0=IDLE0 c1=t72
1903 core=1 yield r=0 y=2 c0=IDLE0 c1=t72
1904 core=1 yield r=0 y=2 c0=IDLE0 c1=t72
1905 core=0 noop r=0 y=0 c0=IDLE0 c1=t72
1906 core=1 noop r=0 y=0 c0=IDLE0 c1=t72
1907 core=0 tick r=1 y=1 c0=IDLE1 c1=t72
1908 core=1 noop r=0 y=0 c0=IDLE1 c1=t72
1909 core=1 delay t72 3 r=0 y=2 c0=IDLE1 c1=IDLE0
1910 core=1 give r=0 y=0 c0=IDLE1 c1=IDLE0
1911 core=0 tick r=1 y=3 c0=IDLE1 c1=IDLE0
1912 core=0 tick r=1 y=3 c0=IDLE1 c1=IDLE0
1913 core=1 noop r=0 y=0 c0=IDLE1 c1=IDLE0
1914 core=1 noop r=0 y=0 c0=IDLE1 c1=IDLE0
1915 core=1 noop r=0 y=0 c0=IDLE1 c1=IDLE0
1916 core=1 yield r=0 y=2 c0=IDLE1 c1=IDLE0
1917 core=1 suspend t72 r=0 y=0 c0=IDLE1 c1=IDLE0
1918 core=0 suspend t75 r=0 y=0 c0=IDLE1 c1=IDLE0
1919 core=0 give r=0 y=0 c0=IDLE1 c1=IDLE0
1920 core=0 noop r=0 y=0 c0=IDLE1 c1=IDLE0
1921 core=1 noop r=0 y=0 c0=IDLE1 c1=IDLE0
1922 core=0 prio t72 3 r=0 y=0 c0=IDLE1 c1=IDLE0
1923 core=0 noop r=0 y=0 c0=IDLE1 c1=IDLE0
1924 core=1 resume t63 r=0 y=2 c0=IDLE1 c1=t63
1925 core=0 noop r=0 y=0 c0=IDLE1 c1=t63
1926 core=0 noop r=0 y=0 c0=IDLE1 c1=t63
1927 core=1 noop r=0 y=0 c0=IDLE1 c1=t63
1928 core=0 noop r=0 y=0 c0=IDLE1 c1=t63
1929 core=1 give r=0 y=0 c0=IDLE1 c1=t63
1930 core=1 suspend t71 r=0 y=0 c0=IDLE1 c1=t63
1931 core=1 resume t72 r=0 y=1 c0=t72 c1=t63
1932 core=1 delete 5 t75 r=0 y=0 c0=t72 c1=t63
1933 core=1 give_isr r=0 y=0 c0=t72 c1=t63
1934 core=0 tick r=0 y=0 c0=t72 c1=t63
1935 core=0 noop r=0 y=0 c0=t72 c1=t63
1936 core=1 give r=0 y=0 c0=t72 c1=t63
1937 core=1 noop r=0 y=0 c0=t72 c1=t63
1938 core=0 noop r=0 y=0 c0=t72 c1=t63
1939 core=1 give_isr r=0 y=0 c0=t72 c1=t63
1940 core=1 take t63 r=1 y=0 c0=t72 c1=t63
1941 core=0 noop r=0 y=0 c0=t72 c1=t63
1942 core=1 create 6 t77 p2 r=1 y=2 c0=t72 c1=t77
1943 core=0 take t72 r=0 y=0 c0=t72 c1=t77
1944 core=0 noop r=0 y=0 c0=t72 c1=t77
1945 core=1 noop r=0 y=0 c0=t72 c1=t77
1946 core=0 give r=1 y=0 c0=t72 c1=t77
1947 core=1 take t77 r=1 y=0 c0=t72 c1=t77
1948 core=1 create 4 t78 p0 r=1 y=0 c0=t72 c1=t77
1949 core=0 noop r=0 y=0 c0=t72 c1=t77
1950 core=0 tick r=0 y=0 c0=t72 c1=t77
1951 core=0 create 5 t79 p1 r=1 y=0 c0=t72 c1=t77
1952 core=1 create 3 t80 p3 r=1 y=2 c0=t72 c1=t80
1953 core=1 resume t72 r=0 y=0 c0=t72 c1=t80
1954 core=0 noop r=0 y=0 c0=t72 c1=t80
1955 core=1 prio t79 2 r=0 y=0 c0=t72 c1=t80
1956 core=0 suspend t77 r=0 y=0 c0=t72 c1=t80
1957 core=0 tick r=1 y=3 c0=t72 c1=t80
1958 core=0 delete 3 t80 r=0 y=2 c0=t72 c1=t79
1959 core=1 prio t77 2 r=0 y=0 c0=t72 c1=t79
1960 core=0 delay t72 5 r=0 y=1 c0=t63 c1=t79
1961 core=0 tick r=0 y=0 c0=t63 c1=t79
1962 core=1 suspend t77 r=0 y=0 c0=t63 c1=t79
1963 core=1 delete 6 t77 r=0 y=0 c0=t63 c1=t79
1964 core=0 tick r=0 y=0 c0=t63 c1=t79
1965 core=0 tick r=0 y=0 c0=t63 c1=t79
1966 core=0 delay t63 5 r=0 y=1 c0=IDLE0 c1=t79
1967 core=0 noop r=0 y=0 c0=IDLE0 c1=t79
1968 core=0 noop r=0 y=0 c0=IDLE0 c1=t79
1969 core=1 give_isr r=1 y=0 c0=IDLE0 c1=t79
1970 core=1 give_isr r=0 y=0 c0=IDLE0 c1=t79
1971 core=0 tick r=1 y=1 c0=IDLE1 c1=t79
1972 core=1 give_isr r=0 y=0 c0=IDLE1 c1=t79
1973 core=1 prio t71 2 r=0 y=0 c0=IDLE1 c1=t79
1974 core=1 noop r=0 y=0 c0=IDLE1 c1=t79
1975 core=0 resume t79 r=0 y=0 c0=IDLE1 c1=t79
1976 core=0 noop r=0 y=0 c0=IDLE1 c1=t79
1977 core=1 give_isr r=0 y=0 c0=IDLE1 c1=t79
1978 core=0 tick r=1 y=1 c0=t72 c1=t79
1979 core=0 suspend t72 r=0 y=1 c0=t78 c1=t79
1980 core=0 give r=0 y=0 c0=t78 c1=t79
1981 core=1 noop r=0 y=0 c0=t78 c1=t79
1982 core=0 noop r=0 y=0 c0=t78 c1=t79
1983 core=0 noop r=0 y=0 c0=t78 c1=t79
1984 core=0 give r=0 y=0 c0=t78 c1=t79
1985 core=0 tick r=1 y=1 c0=IDLE0 c1=t79
1986 core=0 give r=0 y=0 c0=IDLE0 c1=t79
1987 core=1 delay t79 5 r=0 y=2 c0=IDLE0 c1=IDLE1
1988 core=0 suspend t79 r=0 y=0 c0=IDLE0 c1=IDLE1
1989 core=0 tick r=1 y=3 c0=t78 c1=IDLE0
1990 core=0 take t78 r=1 y=0 c0=t78 c1=IDLE0
1991 core=0 noop r=0 y=0 c0=t78 c1=IDLE0
1992 core=0 noop r=0 y=0 c0=t78 c1=IDLE0
1993 core=0 noop r=0 y=0 c0=t78 c1=IDLE0
1994 core=0 noop r=0 y=0 c0=t78 c1=IDLE0
1995 core=1 noop r=0 y=0 c0=t78 c1=IDLE0
1996 core=0 suspend t79 r=0 y=0 c0=t78 c1=IDLE0
1997 core=0 suspend t79 r=0 y=0 c0=t78 c1=IDLE0
1998 core=1 delete 4 t78 r=0 y=1 c0=IDLE1 c1=IDLE0
1999 core=1 yield r=0 y=2 c0=IDLE1 c1=IDLE0
2000 core=0 create 3 t81 p3 r=1 y=2 c0=IDLE1 c1=t81
2001 core=1 give_isr r=1 y=0 c0=IDLE1 c1=t81
2002 core=1 give r=0 y=0 c0=IDLE1 c1=t81
2003 core=1 noop r=0 y=0 c0=IDLE1 c1=t81
2004 core=0 noop r=0 y=0 c0=IDLE1 c1=t81
2005 core=0 tick r=1 y=1 c0=t63 c1=t81
2006 core=1 create 1 t82 p0 r=1 y=0 c0=t63 c1=t81
2007 core=1 noop r=0 y=0 c0=t63 c1=t81
2008 core=1 yield r=0 y=2 c0=t63 c1=t81
2009 core=1 give_isr r=0 y=0 c0=t63 c1=t81
2010 core=0 noop r=0 y=0 c0=t63 c1=t81
2011 core=0 suspend t71 r=0 y=0 c0=t63 c1=t81
2012 core=1 noop r=0 y=0 c0=t63 c1=t81
2013 core=1 take t81 r=1 y=0 c0=t63 c1=t81
2014 core=0 noop r=0 y=0 c0=t63 c1=t81
2015 core=1 take t81 r=0 y=0 c0=t63 c1=t81
2016 core=1 resume t72 r=0 y=1 c0=t72 c1=t81
2017 core=0 noop r=0 y=0 c0=t72 c1=t81
2018 core=0 tick r=1 y=3 c0=t72 c1=t81
2019 core=0 resume t63 r=0 y=0 c0=t72 c1=t81
2020 core=0 noop r=0 y=0 c0=t72 c1=t81
2021 core=0 delay t72 3 r=0 y=1 c0=t63 c1=t81
2022 core=0 give_isr r=1 y=0 c0=t63 c1=t81
2023 core=0 noop r=0 y=0 c0=t63 c1=t81
2024 core=1 prio t72 2 r=0 y=0 c0=t63 c1=t81
2025 core=0 noop r=0 y=0 c0=t63 c1=t81
2026 core=0 delete 2 t63 r=0 y=1 c0=IDLE0 c1=t81
2027 core=1 give r=0 y=0 c0=IDLE0 c1=t81
2028 core=0 resume t81 r=0 y=0 c0=IDLE0 c1=t81
2029 core=0 resume t72 r=0 y=0 c0=IDLE0 c1=t81
2030 core=1 resume t79 r=0 y=1 c0=t79 c1=t81
2031 core=1 noop r=0 y=0 c0=t79 c1=t81
2032 core=0 give r=0 y=0 c0=t79 c1=t81
2033 core=0 tick r=0 y=0 c0=t79 c1=t81
2034 core=1 give_isr r=0 y=0 c0=t79 c1=t81
2035 core=1 prio t79 0 r=0 y=1 c0=IDLE1 c1=t81
2036 core=0 tick r=1 y=1 c0=t82 c1=t81
2037 core=1 suspend t82 r=0 y=1 c0=IDLE0 c1=t81
2038 core=1 give_isr r=0 y=0 c0=IDLE0 c1=t81
2039 core=1 take t81 r=1 y=0 c0=IDLE0 c1=t81
2040 core=0 yield r=0 y=1 c0=t79 c1=t81
2041 core=0 prio t81 3 r=0 y=0 c0=t79 c1=t81
2042 core=1 noop r=0 y=0 c0=t79 c1=t81
2043 core=0 noop r=0 y=0 c0=t79 c1=t81
2044 core=0 take t79 r=0 y=0 c0=t79 c1=t81
2045 core=0 noop r=0 y=0 c0=t79 c1=t81
2046 core=0 delay t79 3 r=0 y=1 c0=IDLE1 c1=t81
2047 core=1 noop r=0 y=0 c0=IDLE1 c1=t81
2048 core=0 prio t79 1 r=0 y=0 c0=IDLE1 c1=t81
2049 core=0 create 4 t83 p3 r=1 y=1 c0=t83 c1=t81
2050 core=1 prio t81 2 r=0 y=2 c0=t83 c1=t81
2051 core=0 resume t72 r=0 y=0 c0=t83 c1=t81
2052 core=1 suspend t83 r=0 y=1 c0=IDLE0 c1=t81
2053 core=1 give_isr r=1 y=0 c0=IDLE0 c1=t81
2054 core=1 prio t79 2 r=0 y=0 c0=IDLE0 c1=t81
2055 core=1 delay t81 3 r=0 y=2 c0=IDLE0 c1=IDLE1
2056 core=0 create 9 t84 p1 r=1 y=2 c0=IDLE0 c1=t84
2057 core=0 tick r=1 y=1 c0=t72 c1=t84
2058 core=0 resume t72 r=0 y=0 c0=t72 c1=t84
2059 core=1 noop r=0 y=0 c0=t72 c1=t84
2060 core=0 delete 4 t83 r=0 y=0 c0=t72 c1=t84
2061 core=0 tick r=0 y=0 c0=t72 c1=t84
2062 core=1 resume t72 r=0 y=0 c0=t72 c1=t84
2063 core=0 prio t79 1 r=0 y=0 c0=t72 c1=t84
2064 core=1 prio t81 2 r=0 y=0 c0=t72 c1=t84
2065 core=0 resume t71 r=0 y=2 c0=t72 c1=t71
2066 core=1 suspend t84 r=0 y=0 c0=t72 c1=t71
2067 core=0 delay t72 4 r=0 y=1 c0=IDLE1 c1=t71
2068 core=0 resume t71 r=0 y=0 c0=IDLE1 c1=t71
2069 core=0 noop r=0 y=0 c0=IDLE1 c1=t71
2070 core=0 give_isr r=0 y=0 c0=IDLE1 c1=t71
2071 core=0 noop r=0 y=0 c0=IDLE1 c1=t71
2072 core=1 give_isr r=0 y=0 c0=IDLE1 c1=t71
2073 core=1 yield r=0 y=2 c0=IDLE1 c1=t71
2074 core=1 noop r=0 y=0 c0=IDLE1 c1=t71
2075 core=1 suspend t71 r=0 y=2 c0=IDLE1 c1=IDLE0
2076 core=1 noop r=0 y=0 c0=IDLE1 c1=IDLE0
2077 core=1 noop r=0 y=0 c0=IDLE1 c1=IDLE0
2078 core=0 yield r=0 y=1 c0=IDLE1 c1=IDLE0
2079 core=1 suspend t72 r=0 y=0 c0=IDLE1 c1=IDLE0
2080 core=1 noop r=0 y=0 c0=IDLE1 c1=IDLE0
2081 core=1 noop r=0 y=0 c0=IDLE1 c1=IDLE0
2082 core=1 give r=0 y=0 c0=IDLE1 c1=IDLE0
2083 core=0 noop r=0 y=0 c0=IDLE1 c1=IDLE0
2084 core=0 suspend t82 r=0 y=0 c0=IDLE1 c1=IDLE0
2085 core=0 noop r=0 y=0 c0=IDLE1 c1=IDLE0
2086 core=0 tick r=1 y=3 c0=t81 c1=t79
2087 core=1 noop r=0 y=0 c0=t81 c1=t79
2088 core=0 tick r=0 y=0 c0=t81 c1=t79
2089 core=0 give r=0 y=0 c0=t81 c1=t79
2090 core=1 delay t79 2 r=0 y=2 c0=t81 c1=IDLE1
2091 core=1 delete 5 t79 r=0 y=0 c0=t81 c1=IDLE1
2092 core=1 prio t81 1 r=0 y=1 c0=t81 c1=IDLE1
2093 core=0 noop r=0 y=0 c0=t81 c1=IDLE1
2094 core=1 noop r=0 y=0 c0=t81 c1=IDLE1
2095 core=1 noop r=0 y=0 c0=t81 c1=IDLE1
2096 core=1 give r=0 y=0 c0=t81 c1=IDLE1
2097 core=1 noop r=0 y=0 c0=t81 c1=IDLE1
2098 core=1 give r=0 y=0 c0=t81 c1=IDLE1
2099 core=0 take t81 r=1 y=0 c0=t81 c1=IDLE1
2100 core=1 noop r=0 y=0 c0=t81 c1=IDLE1
2101 core=0 prio t81 0 r=0 y=1 c0=IDLE0 c1=IDLE1
2102 core=1 resume t81 r=0 y=0 c0=IDLE0 c1=IDLE1
2103 core=0 noop r=0 y=0 c0=IDLE0 c1=IDLE1
2104 core=1 noop r=0 y=0 c0=IDLE0 c1=IDLE1
2105 core=0 give r=1 y=0 c0=IDLE0 c1=IDLE1
2106 core=0 noop r=0 y=0 c0=IDLE0 c1=IDLE1
2107 core=1 give_isr r=0 y=0 c0=IDLE0 c1=IDLE1
2108 core=0 give r=0 y=0 c0=IDLE0 c1=IDLE1
2109 core=1 noop r=0 y=0 c0=IDLE0 c1=IDLE1
2110 core=0 resume t72 r=0 y=2 c0=IDLE0 c1=t72
2111 core=0 give_isr r=0 y=0 c0=IDLE0 c1=t72
2112 core=0 tick r=1 y=1 c0=t81 c1=t72
2113 core=0 give r=0 y=0 c0=t81 c1=t72
2114 core=0 resume t84 r=0 y=1 c0=t84 c1=t72
2115 core=0 give_isr r=0 y=0 c0=t84 c1=t72
2116 core=0 tick r=0 y=0 c0=t84 c1=t72
2117 core=1 resume t82 r=0 y=0 c0=t84 c1=t72
2118 core=0 take t84 r=1 y=0 c0=t84 c1=t72
2119 core=1 noop r=0 y=0 c0=t84 c1=t72
2120 core=1 noop r=0 y=0 c0=t84 c1=t72
2121 core=1 give r=1 y=0 c0=t84 c1=t72
2122 core=1 give r=0 y=0 c0=t84 c1=t72
2123 core=1 noop r=0 y=0 c0=t84 c1=t72
2124 core=1 give_isr r=0 y=0 c0=t84 c1=t72
2125 core=1 noop r=0 y=0 c0=t84 c1=t72
2126 core=0 suspend t81 r=0 y=0 c0=t84 c1=t72
2127 core=0 tick r=0 y=0 c0=t84 c1=t72
2128 core=1 resume t84 r=0 y=0 c0=t84 c1=t72
2129 core=1 give r=0 y=0 c0=t84 c1=t72
2130 core=0 noop r=0 y=0 c0=t84 c1=t72
2131 core=1 noop r=0 y=0 c0=t84 c1=t72
2132 core=0 noop r=0 y=0 c0=t84 c1=t72
2133 core=1 give r=0 y=0 c0=t84 c1=t72
2134 core=1 suspend t81 r=0 y=0 c0=t84 c1=t72
2135 core=0 give r=0 y=0 c0=t84 c1=t72
2136 core=1 noop r=0 y=0 c0=t84 c1=t72
2137 core=0 prio t81 0 r=0 y=0 c0=t84 c1=t72
2138 core=0 noop r=0 y=0 c0=t84 c1=t72
2139 core=0 give r=0 y=0 c0=t84 c1=t72
2140 core=0 noop r=0 y=0 c0=t84 c1=t72
2141 core=1 take t72 r=1 y=0 c0=t84 c1=t72
2142 core=0 yield r=0 y=1 c0=t84 c1=t72
2143 core=0 noop r=0 y=0 c0=t84 c1=t72
2144 core=1 yield r=0 y=2 c0=t84 c1=t72
2145 core=0 yield r=0 y=1 c0=t84 c1=t72
2146 core=1 create 4 t85 p0 r=1 y=0 c0=t84 c1=t72
2147 core=0 prio t72 2 r=0 y=0 c0=t84 c1=t72
2148 core=0 noop r=0 y=0 c0=t84 c1=t72
2149 core=1 resume t72 r=0 y=0 c0=t84 c1=t72
2150 core=0 tick r=0 y=0 c0=t84 c1=t72
2151 core=0 give_isr r=1 y=0 c0=t84 c1=t72
2152 core=0 noop r=0 y=0 c0=t84 c1=t72
2153 core=1 noop r=0 y=0 c0=t84 c1=t72
2154 core=1 noop r=0 y=0 c0=t84 c1=t72
2155 core=0 noop r=0 y=0 c0=t84 c1=t72
2156 core=0 resume t72 r=0 y=0 c0=t84 c1=t72
2157 core=1 noop r=0 y=0 c0=t84 c1=t72
2158 core=1 take t72 r=1 y=0 c0=t84 c1=t72
2159 core=1 give r=1 y=0 c0=t84 c1=t72
2160 core=0 prio t71 3 r=0 y=0 c0=t84 c1=t72
2161 core=1 take t72 r=1 y=0 c0=t84 c1=t72
2162 core=0 take t84 r=0 y=0 c0=t84 c1=t72
2163 core=0 give_isr r=1 y=0 c0=t84 c1=t72
2164 core=1 delay t72 2 r=0 y=2 c0=t84 c1=IDLE1
2165 core=0 take t84 r=1 y=0 c0=t84 c1=IDLE1
2166 core=0 noop r=0 y=0 c0=t84 c1=IDLE1
2167 core=0 give_isr r=1 y=0 c0=t84 c1=IDLE1
2168 core=0 tick r=0 y=2 c0=t84 c1=IDLE0
2169 core=0 noop r=0 y=0 c0=t84 c1=IDLE0
2170 core=0 tick r=0 y=2 c0=t84 c1=t72
2171 core=1 noop r=0 y=0 c0=t84 c1=t72
2172 core=1 delay t72 3 r=0 y=2 c0=t84 c1=t82
2173 core=1 give_isr r=0 y=0 c0=t84 c1=t82
2174 core=0 tick r=0 y=2 c0=t84 c1=t85
2175 core=1 give_isr r=0 y=0 c0=t84 c1=t85
2176 core=1 prio t82 2 r=0 y=2 c0=t84 c1=t82
2177 core=0 tick r=0 y=0 c0=t84 c1=t82
2178 core=1 noop r=0 y=0 c0=t84 c1=t82
2179 core=0 noop r=0 y=0 c0=t84 c1=t82
2180 core=1 noop r=0 y=0 c0=t84 c1=t82
2181 core=1 give_isr r=0 y=0 c0=t84 c1=t82
2182 core=0 noop r=0 y=0 c0=t84 c1=t82
2183 core=1 give_isr r=0 y=0 c0=t84 c1=t82
2184 core=0 resume t71 r=0 y=1 c0=t71 c1=t82
2185 core=0 delay t71 5 r=0 y=1 c0=t84 c1=t82
2186 core=1 take t82 r=1 y=0 c0=t84 c1=t82
2187 core=0 give_isr r=1 y=0 c0=t84 c1=t82
2188 core=1 delete 3 t81 r=0 y=0 c0=t84 c1=t82
2189 core=0 noop r=0 y=0 c0=t84 c1=t82
2190 core=0 delay t84 1 r=0 y=1 c0=IDLE1 c1=t82
2191 core=0 noop r=0 y=0 c0=IDLE1 c1=t82
2192 core=0 noop r=0 y=0 c0=IDLE1 c1=t82
2193 core=1 noop r=0 y=0 c0=IDLE1 c1=t82
2194 core=1 resume t71 r=0 y=0 c0=IDLE1 c1=t82
2195 core=0 noop r=0 y=0 c0=IDLE1 c1=t82
2196 core=0 resume t82 r=0 y=0 c0=IDLE1 c1=t82
2197 core=1 noop r=0 y=0 c0=IDLE1 c1=t82
2198 core=0 noop r=0 y=0 c0=IDLE1 c1=t82
2199 core=1 give_isr r=0 y=0 c0=IDLE1 c1=t82
2200 core=0 create 5 t86 p2 r=1 y=1 c0=t86 c1=t82
2201 core=1 create 0 t87 p3 r=1 y=2 c0=t86 c1=t87
2202 core=1 delay t87 2 r=0 y=2 c0=t86 c1=t82
2203 core=1 suspend t82 r=0 y=2 c0=t86 c1=IDLE0
2204 core=1 prio t72 2 r=0 y=0 c0=t86 c1=IDLE0
2205 core=0 delete 0 t87 r=0 y=0 c0=t86 c1=IDLE0
2206 core=0 tick r=1 y=3 c0=t72 c1=t86
2207 core=0 take t72 r=1 y=0 c0=t72 c1=t86
2208 core=0 resume t71 r=0 y=0 c0=t72 c1=t86
2209 core=1 delay t86 2 r=0 y=2 c0=t72 c1=t84
2210 core=0 create 2 t88 p2 r=1 y=2 c0=t72 c1=t88
2211 core=1 delete 1 t82 r=0 y=0 c0=t72 c1=t88
2212 core=0 resume t71 r=0 y=0 c0=t72 c1=t88
2213 core=0 suspend t85 r=0 y=0 c0=t72 c1=t88
2214 core=0 resume t86 r=0 y=0 c0=t72 c1=t88
2215 core=0 noop r=0 y=0 c0=t72 c1=t88
2216 core=0 prio t84 0 r=0 y=0 c0=t72 c1=t88
2217 core=1 give_isr r=1 y=0 c0=t72 c1=t88
2218 core=0 tick r=1 y=3 c0=t72 c1=t88
2219 core=0 tick r=1 y=3 c0=t86 c1=t72
2220 core=0 delay t86 2 r=0 y=1 c0=t88 c1=t72
2221 core=1 prio t71 0 r=0 y=0 c0=t88 c1=t72
2222 core=0 create 0 t89 p0 r=1 y=0 c0=t88 c1=t72
2223 core=1 delete 7 t72 r=0 y=2 c0=t88 c1=IDLE1
2224 core=1 resume t71 r=0 y=0 c0=t88 c1=IDLE1
2225 core=0 give r=0 y=0 c0=t88 c1=IDLE1
2226 core=0 delete 0 t89 r=0 y=0 c0=t88 c1=IDLE1
2227 core=1 noop r=0 y=0 c0=t88 c1=IDLE1
2228 core=1 suspend t86 r=0 y=0 c0=t88 c1=IDLE1
2229 core=0 prio t84 2 r=0 y=2 c0=t88 c1=t84
2230 core=0 delay t88 4 r=0 y=1 c0=IDLE0 c1=t84
2231 core=0 resume t86 r=0 y=1 c0=t86 c1=t84
2232 core=1 delay t84 5 r=0 y=2 c0=t86 c1=IDLE1
2233 core=0 delay t86 4 r=0 y=1 c0=IDLE0 c1=IDLE1
2234 core=1 suspend t88 r=0 y=0 c0=IDLE0 c1=IDLE1
2235 core=0 noop r=0 y=0 c0=IDLE0 c1=IDLE1
2236 core=0 noop r=0 y=0 c0=IDLE0 c1=IDLE1
2237 core=1 noop r=0 y=0 c0=IDLE0 c1=IDLE1
2238 core=0 yield r=0 y=1 c0=IDLE0 c1=IDLE1
2239 core=0 tick r=1 y=3 c0=IDLE0 c1=IDLE1
2240 core=0 yield r=0 y=1 c0=IDLE0 c1=IDLE1
2241 core=1 give_isr r=0 y=0 c0=IDLE0 c1=IDLE1
2242 core=1 prio t85 2 r=0 y=0 c0=IDLE0 c1=IDLE1
2243 core=0 give_isr r=0 y=0 c0=IDLE0 c1=IDLE1
2244 core=1 give r=0 y=0 c0=IDLE0 c1=IDLE1
2245 core=0 create 6 t90 p0 r=1 y=2 c0=IDLE0 c1=t90
2246 core=0 suspend t90 r=0 y=2 c0=IDLE0 c1=IDLE1
2247 core=0 tick r=1 y=3 c0=t71 c1=IDLE0
2248 core=0 resume t84 r=0 y=0 c0=t71 c1=IDLE0
2249 core=1 create 3 t91 p0 r=1 y=2 c0=t71 c1=IDLE1
2250 core=0 tick r=1 y=3 c0=t91 c1=IDLE0
2251 core=1 give_isr r=0 y=0 c0=t91 c1=IDLE0
2252 core=1 prio t71 1 r=0 y=2 c0=t91 c1=t71
2253 core=0 tick r=1 y=1 c0=t86 c1=t71
2254 core=0 create 0 t92 p0 r=1 y=0 c0=t86 c1=t71
2255 core=0 give_isr r=0 y=0 c0=t86 c1=t71
2256 core=0 take t86 r=1 y=0 c0=t86 c1=t71
2257 core=1 resume t92 r=0 y=0 c0=t86 c1=t71
2258 core=0 tick r=1 y=3 c0=t84 c1=t86
2259 core=0 resume t92 r=0 y=0 c0=t84 c1=t86
2260 core=1 prio t85 2 r=0 y=0 c0=t84 c1=t86
2261 core=0 suspend t85 r=0 y=0 c0=t84 c1=t86
2262 core=1 delete 2 t88 r=0 y=0 c0=t84 c1=t86
2263 core=0 give r=1 y=0 c0=t84 c1=t86
2264 core=0 tick r=1 y=3 c0=t84 c1=t86
2265 core=1 noop r=0 y=0 c0=t84 c1=t86
2266 core=0 delete 6 t90 r=0 y=0 c0=t84 c1=t86
2267 core=0 take t84 r=1 y=0 c0=t84 c1=t86
2268 core=0 tick r=1 y=3 c0=t84 c1=t86
2269 core=1 give r=1 y=0 c0=t84 c1=t86
2270 core=0 suspend t91 r=0 y=0 c0=t84 c1=t86
2271 core=1 delay t86 1 r=0 y=2 c0=t84 c1=t71
2272 core=0 delay t84 1 r=0 y=1 c0=IDLE1 c1=t71
2273 core=0 tick r=1 y=3 c0=t86 c1=t84
2274 core=1 take t84 r=1 y=0 c0=t86 c1=t84
2275 core=1 prio t91 3 r=0 y=0 c0=t86 c1=t84
2276 core=0 tick r=1 y=3 c0=t86 c1=t84
2277 core=1 suspend t71 r=0 y=0 c0=t86 c1=t84
2278 core=0 give r=1 y=0 c0=t86 c1=t84
2279 core=0 give r=0 y=0 c0=t86 c1=t84
2280 core=1 give r=0 y=0 c0=t86 c1=t84
2281 core=1 create 6 t93 p0 r=1 y=0 c0=t86 c1=t84
2282 core=0 tick r=1 y=3 c0=t86 c1=t84
2283 core=1 resume t85 r=0 y=0 c0=t86 c1=t84
2284 core=0 noop r=0 y=0 c0=t86 c1=t84
2285 core=0 noop r=0 y=0 c0=t86 c1=t84
2286 core=0 noop r=0 y=0 c0=t86 c1=t84
2287 core=1 suspend t91 r=0 y=0 c0=t86 c1=t84
2288 core=1 give r=0 y=0 c0=t86 c1=t84
2289 core=0 resume t91 r=0 y=2 c0=t86 c1=t91
2290 core=1 noop r=0 y=0 c0=t86 c1=t91
2291 core=0 delay t86 5 r=0 y=1 c0=t85 c1=t91
2292 core=1 suspend t86 r=0 y=0 c0=t85 c1=t91
2293 core=1 noop r=0 y=0 c0=t85 c1=t91
2294 core=1 resume t92 r=0 y=0 c0=t85 c1=t91
2295 core=0 yield r=0 y=1 c0=t84 c1=t91
2296 core=0 give_isr r=0 y=0 c0=t84 c1=t91
2297 core=0 noop r=0 y=0 c0=t84 c1=t91
2298 core=1 noop r=0 y=0 c0=t84 c1=t91
2299 core=1 noop r=0 y=0 c0=t84 c1=t91
2300 core=1 suspend t84 r=0 y=1 c0=t85 c1=t91
2301 core=0 give r=0 y=0 c0=t85 c1=t91
2302 core=0 noop r=0 y=0 c0=t85 c1=t91
2303 core=0 delay t85 2 r=0 y=1 c0=IDLE0 c1=t91
2304 core=1 noop r=0 y=0 c0=IDLE0 c1=t91
2305 core=1 resume t84 r=0 y=1 c0=t84 c1=t91
2306 core=1 yield r=0 y=2 c0=t84 c1=t91
2307 core=0 delete 4 t85 r=0 y=0 c0=t84 c1=t91
2308 core=1 noop r=0 y=0 c0=t84 c1=t91
2309 core=1 take t91 r=1 y=0 c0=t84 c1=t91
2310 core=1 give_isr r=1 y=0 c0=t84 c1=t91
2311 core=0 delay t84 3 r=0 y=1 c0=t92 c1=t91
2312 core=1 resume t86 r=0 y=1 c0=t86 c1=t91
2313 core=0 yield r=0 y=1 c0=t86 c1=t91
2314 core=0 give r=0 y=0 c0=t86 c1=t91
2315 core=1 noop r=0 y=0 c0=t86 c1=t91
2316 core=0 delete 3 t91 r=0 y=2 c0=t86 c1=IDLE1
2317 core=0 take t86 r=1 y=0 c0=t86 c1=IDLE1
2318 core=1 noop r=0 y=0 c0=t86 c1=IDLE1
2319 core=0 delay t86 2 r=0 y=1 c0=t93 c1=IDLE1
2320 core=0 give r=1 y=0 c0=t93 c1=IDLE1
2321 core=0 create 7 t94 p3 r=1 y=2 c0=t93 c1=t94
2322 core=1 give_isr r=0 y=0 c0=t93 c1=t94
2323 core=1 resume t86 r=0 y=0 c0=t93 c1=t94
2324 core=0 tick r=1 y=1 c0=IDLE0 c1=t94
2325 core=1 noop r=0 y=0 c0=IDLE0 c1=t94
2326 core=0 noop r=0 y=0 c0=IDLE0 c1=t94
2327 core=1 take t94 r=1 y=0 c0=IDLE0 c1=t94
2328 core=1 create 1 t95 p3 r=1 y=1 c0=t95 c1=t94
2329 core=0 prio t92 0 r=0 y=0 c0=t95 c1=t94
2330 core=1 noop r=0 y=0 c0=t95 c1=t94
2331 core=0 prio t92 1 r=0 y=0 c0=t95 c1=t94
2332 core=1 noop r=0 y=0 c0=t95 c1=t94
2333 core=0 noop r=0 y=0 c0=t95 c1=t94
2334 core=1 noop r=0 y=0 c0=t95 c1=t94
2335 core=1 resume t84 r=0 y=0 c0=t95 c1=t94
2336 core=0 noop r=0 y=0 c0=t95 c1=t94
2337 core=0 delete 6 t93 r=0 y=0 c0=t95 c1=t94
2338 core=0 noop r=0 y=0 c0=t95 c1=t94
2339 core=0 delay t95 2 r=0 y=1 c0=t92 c1=t94
2340 core=0 delay t92 1 r=0 y=1 c0=IDLE1 c1=t94
2341 core=1 take t94 r=0 y=0 c0=IDLE1 c1=t94
2342 core=1 delete 5 t86 r=0 y=0 c0=IDLE1 c1=t94
2343 core=0 prio t92 3 r=0 y=0 c0=IDLE1 c1=t94
2344 core=1 take t94 r=0 y=0 c0=IDLE1 c1=t94
2345 core=0 prio t95 0 r=0 y=0 c0=IDLE1 c1=t94
2346 core=1 take t94 r=0 y=0 c0=IDLE1 c1=t94
2347 core=1 give r=1 y=0 c0=IDLE1 c1=t94
2348 core=0 tick r=1 y=3 c0=t92 c1=t94
2349 core=0 noop r=0 y=0 c0=t92 c1=t94
2350 core=0 give_isr r=0 y=0 c0=t92 c1=t94
2351 core=1 prio t94 2 r=0 y=2 c0=t92 c1=t94
2352 core=1 noop r=0 y=0 c0=t92 c1=t94
2353 core=1 prio t95 0 r=0 y=0 c0=t92 c1=t94
2354 core=0 delay t92 3 r=0 y=1 c0=IDLE0 c1=t94
2355 core=1 create 6 t96 p0 r=1 y=1 c0=IDLE1 c1=t94
2356 core=0 noop r=0 y=0 c0=IDLE1 c1=t94
2357 core=1 give r=0 y=0 c0=IDLE1 c1=t94
2358 core=0 noop r=0 y=0 c0=IDLE1 c1=t94
2359 core=1 noop r=0 y=0 c0=IDLE1 c1=t94
2360 core=0 noop r=0 y=0 c0=IDLE1 c1=t94
2361 core=1 give_isr r=0 y=0 c0=IDLE1 c1=t94
2362 core=1 noop r=0 y=0 c0=IDLE1 c1=t94
2363 core=0 noop r=0 y=0 c0=IDLE1 c1=t94
2364 core=1 noop r=0 y=0 c0=IDLE1 c1=t94
2365 core=0 suspend t92 r=0 y=0 c0=IDLE1 c1=t94
2366 core=0 noop r=0 y=0 c0=IDLE1 c1=t94
2367 core=0 suspend t96 r=0 y=0 c0=IDLE1 c1=t94
2368 core=1 yield r=0 y=2 c0=IDLE1 c1=t94
2369 core=1 noop r=0 y=0 c0=IDLE1 c1=t94
2370 core=1 delete 0 t92 r=0 y=0 c0=IDLE1 c1=t94
2371 core=0 give_isr r=0 y=0 c0=IDLE1 c1=t94
2372 core=1 delay t94 3 r=0 y=2 c0=IDLE1 c1=IDLE0
2373 core=0 noop r=0 y=0 c0=IDLE1 c1=IDLE0
2374 core=0 tick r=1 y=3 c0=t84 c1=t95
2375 core=0 tick r=0 y=2 c0=t84 c1=IDLE1
2376 core=0 give r=0 y=0 c0=t84 c1=IDLE1
2377 core=0 tick r=1 y=3 c0=t94 c1=t84
2378 core=1 noop r=0 y=0 c0=t94 c1=t84
2379 core=0 give r=0 y=0 c0=t94 c1=t84
2380 core=1 noop r=0 y=0 c0=t94 c1=t84
2381 core=1 noop r=0 y=0 c0=t94 c1=t84
2382 core=1 delay t84 2 r=0 y=2 c0=t94 c1=IDLE0
2383 core=0 delay t94 5 r=0 y=1 c0=t95 c1=IDLE0
2384 core=1 suspend t95 r=0 y=1 c0=IDLE1 c1=IDLE0
2385 core=1 noop r=0 y=0 c0=IDLE1 c1=IDLE0
2386 core=1 delete 9 t84 r=0 y=0 c0=IDLE1 c1=IDLE0
2387 core=0 suspend t94 r=0 y=0 c0=IDLE1 c1=IDLE0
2388 core=0 resume t71 r=0 y=2 c0=IDLE1 c1=t71
2389 core=1 give r=0 y=0 c0=IDLE1 c1=t71
2390 core=0 noop r=0 y=0 c0=IDLE1 c1=t71
2391 core=0 tick r=1 y=1 c0=IDLE0 c1=t71
2392 core=0 noop r=0 y=0 c0=IDLE0 c1=t71
2393 core=1 give r=0 y=0 c0=IDLE0 c1=t71
2394 core=1 delay t71 5 r=0 y=2 c0=IDLE0 c1=IDLE1
2395 core=1 delete 7 t94 r=0 y=0 c0=IDLE0 c1=IDLE1
2396 core=1 noop r=0 y=0 c0=IDLE0 c1=IDLE1
2397 core=0 yield r=0 y=1 c0=IDLE0 c1=IDLE1
2398 core=0 tick r=1 y=3 c0=IDLE0 c1=IDLE1
2399 core=1 give r=0 y=0 c0=IDLE0 c1=IDLE1
2400 core=0 noop r=0 y=0 c0=IDLE0 c1=IDLE1
2401 core=0 noop r=0 y=0 c0=IDLE0 c1=IDLE1
2402 core=1 noop r=0 y=0 c0=IDLE0 c1=IDLE1
2403 core=1 suspend t95 r=0 y=0 c0=IDLE0 c1=IDLE1
2404 core=1 noop r=0 y=0 c0=IDLE0 c1=IDLE1
2405 core=0 yield r=0 y=1 c0=IDLE0 c1=IDLE1
2406 core=1 give_isr r=0 y=0 c0=IDLE0 c1=IDLE1
2407 core=0 tick r=1 y=3 c0=IDLE0 c1=IDLE1
2408 core=1 create 5 t97 p2 r=1 y=2 c0=IDLE0 c1=t97
2409 core=0 prio t96 1 r=0 y=0 c0=IDLE0 c1=t97
2410 core=1 noop r=0 y=0 c0=IDLE0 c1=t97
2411 core=0 noop r=0 y=0 c0=IDLE0 c1=t97
2412 core=1 noop r=0 y=0 c0=IDLE0 c1=t97
2413 core=0 noop r=0 y=0 c0=IDLE0 c1=t97
2414 core=0 noop r=0 y=0 c0=IDLE0 c1=t97
2415 core=1 noop r=0 y=0 c0=IDLE0 c1=t97
2416 core=1 resume t96 r=0 y=1 c0=t96 c1=t97
2417 core=0 give_isr r=0 y=0 c0=t96 c1=t97
2418 core=1 create 9 t98 p0 r=1 y=0 c0=t96 c1=t97
2419 core=0 delay t96 4 r=0 y=1 c0=IDLE1 c1=t97
2420 core=1 delay t97 3 r=0 y=2 c0=IDLE1 c1=IDLE0
2421 core=0 noop r=0 y=0 c0=IDLE1 c1=IDLE0
2422 core=0 tick r=1 y=3 c0=t98 c1=IDLE1
2423 core=1 noop r=0 y=0 c0=t98 c1=IDLE1
2424 core=0 noop r=0 y=0 c0=t98 c1=IDLE1
2425 core=0 noop r=0 y=0 c0=t98 c1=IDLE1
2426 core=1 suspend t71 r=0 y=0 c0=t98 c1=IDLE1
2427 core=0 take t98 r=1 y=0 c0=t98 c1=IDLE1
2428 core=1 noop r=0 y=0 c0=t98 c1=IDLE1
2429 core=0 tick r=1 y=3 c0=IDLE0 c1=t98
2430 core=0 create 3 t99 p2 r=1 y=1 c0=t99 c1=t98
2431 core=1 noop r=0 y=0 c0=t99 c1=t98
2432 core=0 noop r=0 y=0 c0=t99 c1=t98
2433 core=0 noop r=0 y=0 c0=t99 c1=t98
2434 core=0 tick r=1 y=3 c0=t97 c1=t99
2435 core=0 tick r=1 y=3 c0=t97 c1=t99
2436 core=1 delay t99 1 r=0 y=2 c0=t97 c1=t96
2437 core=0 tick r=1 y=3 c0=t99 c1=t97
2438 core=0 noop r=0 y=0 c0=t99 c1=t97
2439 core=0 noop r=0 y=0 c0=t99 c1=t97
2440 core=1 prio t95 0 r=0 y=0 c0=t99 c1=t97
2441 core=1 delay t97 2 r=0 y=2 c0=t99 c1=t96
2442 core=0 tick r=0 y=0 c0=t99 c1=t96
2443 core=0 delete 8 t71 r=0 y=0 c0=t99 c1=t96
2444 core=0 tick r=1 y=3 c0=t97 c1=t99
2445 core=1 delete 6 t96 r=0 y=0 c0=t97 c1=t99
2446 core=0 noop r=0 y=0 c0=t97 c1=t99
2447 core=0 noop r=0 y=0 c0=t97 c1=t99
2448 core=0 noop r=0 y=0 c0=t97 c1=t99
2449 core=0 yield r=0 y=1 c0=t97 c1=t99
2450 core=0 suspend t99 r=0 y=2 c0=t97 c1=IDLE1
2451 core=1 noop r=0 y=0 c0=t97 c1=IDLE1
2452 core=0 create 0 t100 p0 r=1 y=2 c0=t97 c1=IDLE0
2453 core=1 resume t100 r=0 y=0 c0=t97 c1=IDLE0
2454 core=0 noop r=0 y=0 c0=t97 c1=IDLE0
2455 core=1 noop r=0 y=0 c0=t97 c1=IDLE0
2456 core=0 prio t100 3 r=0 y=2 c0=t97 c1=t100
2457 core=0 tick r=0 y=0 c0=t97 c1=t100
2458 core=0 tick r=0 y=0 c0=t97 c1=t100
2459 core=1 resume t98 r=0 y=0 c0=t97 c1=t100
2460 core=0 noop r=0 y=0 c0=t97 c1=t100
2461 core=0 prio t97 0 r=0 y=1 c0=t98 c1=t100
2462 core=1 resume t99 r=0 y=1 c0=t99 c1=t100
2463 core=0 take t99 r=0 y=0 c0=t99 c1=t100
2464 core=1 prio t97 3 r=0 y=1 c0=t97 c1=t100
2465 core=0 resume t95 r=0 y=0 c0=t97 c1=t100
2466 core=0 give r=1 y=0 c0=t97 c1=t100
2467 core=1 give_isr r=0 y=0 c0=t97 c1=t100
2468 core=0 noop r=0 y=0 c0=t97 c1=t100
2469 core=0 tick r=1 y=3 c0=t97 c1=t100
2470 core=0 delay t97 4 r=0 y=1 c0=t99 c1=t100
2471 core=0 noop r=0 y=0 c0=t99 c1=t100
2472 core=0 take t99 r=1 y=0 c0=t99 c1=t100
2473 core=0 resume t99 r=0 y=0 c0=t99 c1=t100
2474 core=0 delete 9 t98 r=0 y=0 c0=t99 c1=t100
2475 core=1 delay t100 2 r=0 y=2 c0=t99 c1=IDLE1
2476 core=0 give_isr r=1 y=0 c0=t99 c1=IDLE1
2477 core=1 create 8 t101 p0 r=1 y=2 c0=t99 c1=IDLE0
2478 core=1 noop r=0 y=0 c0=t99 c1=IDLE0
2479 core=0 noop r=0 y=0 c0=t99 c1=IDLE0
2480 core=0 prio t97 2 r=0 y=0 c0=t99 c1=IDLE0
2481 core=0 give r=0 y=0 c0=t99 c1=IDLE0
2482 core=0 resume t95 r=0 y=0 c0=t99 c1=IDLE0
2483 core=0 tick r=0 y=2 c0=t99 c1=t95
2484 core=0 noop r=0 y=0 c0=t99 c1=t95
2485 core=0 noop r=0 y=0 c0=t99 c1=t95
2486 core=0 noop r=0 y=0 c0=t99 c1=t95
2487 core=0 give r=0 y=0 c0=t99 c1=t95
2488 core=1 noop r=0 y=0 c0=t99 c1=t95
2489 core=0 prio t99 0 r=0 y=1 c0=t101 c1=t95
2490 core=1 resume t101 r=0 y=0 c0=t101 c1=t95
2491 core=1 prio t97 0 r=0 y=0 c0=t101 c1=t95
2492 core=0 give r=0 y=0 c0=t101 c1=t95
2493 core=1 resume t95 r=0 y=0 c0=t101 c1=t95
2494 core=1 noop r=0 y=0 c0=t101 c1=t95
2495 core=0 give_isr r=0 y=0 c0=t101 c1=t95
2496 core=1 noop r=0 y=0 c0=t101 c1=t95
2497 core=0 tick r=1 y=3 c0=t100 c1=IDLE1
2498 core=0 give_isr r=0 y=0 c0=t100 c1=IDLE1
2499 core=0 prio t101 1 r=0 y=2 c0=t100 c1=t101
2500 core=0 tick r=0 y=0 c0=t100 c1=t101
2501 core=0 give_isr r=0 y=0 c0=t100 c1=t101
2502 core=1 delete 5 t97 r=0 y=0 c0=t100 c1=t101
2503 core=0 tick r=0 y=0 c0=t100 c1=t101
2504 core=0 give r=0 y=0 c0=t100 c1=t101
2505 core=1 suspend t100 r=0 y=1 c0=IDLE0 c1=t101
2506 core=1 prio t99 2 r=0 y=1 c0=t99 c1=t101
2507 core=1 delay t101 5 r=0 y=2 c0=t99 c1=t95
2508 core=0 tick r=0 y=2 c0=t99 c1=IDLE1
2509 core=0 noop r=0 y=0 c0=t99 c1=IDLE1
2510 core=0 noop r=0 y=0 c0=t99 c1=IDLE1
2511 core=0 delay t99 4 r=0 y=1 c0=IDLE0 c1=IDLE1
2512 core=0 tick r=1 y=3 c0=t95 c1=IDLE0
2513 core=0 create 5 t102 p3 r=1 y=2 c0=t95 c1=t102
2514 core=0 give_isr r=0 y=0 c0=t95 c1=t102
2515 core=0 noop r=0 y=0 c0=t95 c1=t102
2516 core=0 noop r=0 y=0 c0=t95 c1=t102
2517 core=0 prio t101 0 r=0 y=0 c0=t95 c1=t102
2518 core=0 delay t95 1 r=0 y=1 c0=IDLE1 c1=t102
2519 core=0 give r=0 y=0 c0=IDLE1 c1=t102
2520 core=0 tick r=1 y=1 c0=IDLE0 c1=t102
2521 core=0 noop r=0 y=0 c0=IDLE0 c1=t102
2522 core=0 noop r=0 y=0 c0=IDLE0 c1=t102
2523 core=0 noop r=0 y=0 c0=IDLE0 c1=t102
2524 core=1 give r=0 y=0 c0=IDLE0 c1=t102
2525 core=0 resume t101 r=0 y=0 c0=IDLE0 c1=t102
2526 core=1 prio t95 3 r=0 y=1 c0=t95 c1=t102
2527 core=0 tick r=1 y=3 c0=t95 c1=t102
2528 core=1 yield r=0 y=2 c0=t95 c1=t102
2529 core=1 give r=0 y=0 c0=t95 c1=t102
2530 core=0 yield r=0 y=1 c0=t95 c1=t102
2531 core=0 noop r=0 y=0 c0=t95 c1=t102
2532 core=1 give_isr r=0 y=0 c0=t95 c1=t102
2533 core=0 prio t95 2 r=0 y=1 c0=t95 c1=t102
2534 core=0 give_isr r=0 y=0 c0=t95 c1=t102
2535 core=1 noop r=0 y=0 c0=t95 c1=t102
2536 core=0 tick r=1 y=1 c0=t99 c1=t102
2537 core=0 tick r=1 y=1 c0=t95 c1=t102
2538 core=0 resume t100 r=0 y=1 c0=t100 c1=t102
2539 core=1 noop r=0 y=0 c0=t100 c1=t102
2540 core=0 noop r=0 y=0 c0=t100 c1=t102
2541 core=0 tick r=1 y=3 c0=t100 c1=t102
2542 core=0 take t100 r=1 y=0 c0=t100 c1=t102
2543 core=1 noop r=0 y=0 c0=t100 c1=t102
2544 core=1 noop r=0 y=0 c0=t100 c1=t102
2545 core=1 noop r=0 y=0 c0=t100 c1=t102
2546 core=1 give r=1 y=0 c0=t100 c1=t102
2547 core=1 noop r=0 y=0 c0=t100 c1=t102
2548 core=0 give r=0 y=0 c0=t100 c1=t102
2549 core=0 give_isr r=0 y=0 c0=t100 c1=t102
2550 core=0 noop r=0 y=0 c0=t100 c1=t102
2551 core=1 give_isr r=0 y=0 c0=t100 c1=t102
2552 core=0 noop r=0 y=0 c0=t100 c1=t102
2553 core=1 prio t99 2 r=0 y=0 c0=t100 c1=t102
2554 core=1 give r=0 y=0 c0=t100 c1=t102
2555 core=1 give r=0 y=0 c0=t100 c1=t102
2556 core=0 suspend t95 r=0 y=0 c0=t100 c1=t102
2557 core=1 delay t102 2 r=0 y=2 c0=t100 c1=t99
2558 core=1 noop r=0 y=0 c0=t100 c1=t99
2559 core=1 yield r=0 y=2 c0=t100 c1=t99
2560 core=1 noop r=0 y=0 c0=t100 c1=t99
2561 core=0 create 9 t103 p2 r=1 y=0 c0=t100 c1=t99
2562 core=0 noop r=0 y=0 c0=t100 c1=t99
2563 core=0 tick r=0 y=2 c0=t100 c1=t103
2564 core=0 noop r=0 y=0 c0=t100 c1=t103
2565 core=1 prio t102 3 r=0 y=0 c0=t100 c1=t103
2566 core=1 noop r=0 y=0 c0=t100 c1=t103
2567 core=0 noop r=0 y=0 c0=t100 c1=t103
2568 core=1 take t103 r=1 y=0 c0=t100 c1=t103
2569 core=1 prio t102 3 r=0 y=0 c0=t100 c1=t103
2570 core=1 yield r=0 y=2 c0=t100 c1=t99
2571 core=0 suspend t95 r=0 y=0 c0=t100 c1=t99
2572 core=1 delay t99 2 r=0 y=2 c0=t100 c1=t103
2573 core=0 noop r=0 y=0 c0=t100 c1=t103
2574 core=1 create 2 t104 p0 r=1 y=0 c0=t100 c1=t103
2575 core=1 give_isr r=1 y=0 c0=t100 c1=t103
2576 core=0 suspend t102 r=0 y=0 c0=t100 c1=t103
2577 core=0 noop r=0 y=0 c0=t100 c1=t103
2578 core=0 noop r=0 y=0 c0=t100 c1=t103
2579 core=1 give r=0 y=0 c0=t100 c1=t103
2580 core=1 prio t102 0 r=0 y=0 c0=t100 c1=t103
2581 core=1 prio t99 3 r=0 y=0 c0=t100 c1=t103
2582 core=1 delay t103 5 r=0 y=2 c0=t100 c1=IDLE1
2583 core=1 prio t102 1 r=0 y=0 c0=t100 c1=IDLE1
2584 core=1 delete 9 t103 r=0 y=0 c0=t100 c1=IDLE1
2585 core=0 tick r=0 y=2 c0=t100 c1=IDLE0
2586 core=0 delay t100 1 r=0 y=1 c0=t101 c1=IDLE0
2587 core=0 create 7 t105 p2 r=1 y=2 c0=t101 c1=t105
2588 core=0 delay t101 4 r=0 y=1 c0=t104 c1=t105
2589 core=0 take t104 r=1 y=0 c0=t104 c1=t105
2590 core=0 noop r=0 y=0 c0=t104 c1=t105
2591 core=0 create 4 t106 p2 r=1 y=1 c0=t106 c1=t105
2592 core=0 take t106 r=0 y=0 c0=t106 c1=t105
2593 core=0 delay t106 3 r=0 y=1 c0=IDLE1 c1=t105
2594 core=0 suspend t101 r=0 y=0 c0=IDLE1 c1=t105
2595 core=0 noop r=0 y=0 c0=IDLE1 c1=t105
2596 core=0 prio t99 1 r=0 y=0 c0=IDLE1 c1=t105
2597 core=1 noop r=0 y=0 c0=IDLE1 c1=t105
2598 core=1 suspend t100 r=0 y=0 c0=IDLE1 c1=t105
2599 core=1 suspend t104 r=0 y=0 c0=IDLE1 c1=t105
2600 core=0 delete 3 t99 r=0 y=0 c0=IDLE1 c1=t105
2601 core=0 prio t101 3 r=0 y=0 c0=IDLE1 c1=t105
2602 core=1 noop r=0 y=0 c0=IDLE1 c1=t105
2603 core=1 suspend t106 r=0 y=0 c0=IDLE1 c1=t105
2604 core=0 noop r=0 y=0 c0=IDLE1 c1=t105
2605 core=0 suspend t100 r=0 y=0 c0=IDLE1 c1=t105
2606 core=1 resume t106 r=0 y=1 c0=t106 c1=t105
2607 core=1 resume t105 r=0 y=0 c0=t106 c1=t105
2608 core=0 take t106 r=0 y=0 c0=t106 c1=t105
2609 core=1 give r=1 y=0 c0=t106 c1=t105
2610 core=0 take t106 r=1 y=0 c0=t106 c1=t105
2611 core=0 resume t102 r=0 y=0 c0=t106 c1=t105
2612 core=0 give r=1 y=0 c0=t106 c1=t105
2613 core=0 give_isr r=0 y=0 c0=t106 c1=t105
2614 core=1 noop r=0 y=0 c0=t106 c1=t105
2615 core=1 delete 0 t100 r=0 y=0 c0=t106 c1=t105
2616 core=1 yield r=0 y=2 c0=t106 c1=t105
2617 core=0 take t106 r=1 y=0 c0=t106 c1=t105
2618 core=0 tick r=1 y=3 c0=t106 c1=t105
2619 core=1 noop r=0 y=0 c0=t106 c1=t105
2620 core=0 take t106 r=0 y=0 c0=t106 c1=t105
2621 core=1 noop r=0 y=0 c0=t106 c1=t105
2622 core=1 suspend t101 r=0 y=0 c0=t106 c1=t105
2623 core=1 noop r=0 y=0 c0=t106 c1=t105
2624 core=0 noop r=0 y=0 c0=t106 c1=t105
2625 core=0 resume t105 r=0 y=0 c0=t106 c1=t105
2626 core=0 noop r=0 y=0 c0=t106 c1=t105
2627 core=0 take t106 r=0 y=0 c0=t106 c1=t105
2628 core=0 take t106 r=0 y=0 c0=t106 c1=t105
2629 core=1 noop r=0 y=0 c0=t106 c1=t105
2630 core=0 resume t106 r=0 y=0 c0=t106 c1=t105
2631 core=1 resume t106 r=0 y=0 c0=t106 c1=t105
2632 core=1 prio t102 2 r=0 y=0 c0=t106 c1=t105
2633 core=0 tick r=1 y=3 c0=t102 c1=t106
2634 core=0 create 9 t107 p3 r=1 y=2 c0=t102 c1=t107
2635 core=0 suspend t102 r=0 y=1 c0=t105 c1=t107
2636 core=1 delay t107 5 r=0 y=2 c0=t105 c1=t106
2637 core=0 noop r=0 y=0 c0=t105 c1=t106
2638 core=0 give r=1 y=0 c0=t105 c1=t106
2639 core=0 delete 2 t104 r=0 y=0 c0=t105 c1=t106
2640 core=0 take t105 r=1 y=0 c0=t105 c1=t106
2641 core=1 resume t102 r=0 y=0 c0=t105 c1=t106
2642 core=0 give_isr r=1 y=0 c0=t105 c1=t106
2643 core=1 noop r=0 y=0 c0=t105 c1=t106
2644 core=0 noop r=0 y=0 c0=t105 c1=t106
2645 core=1 noop r=0 y=0 c0=t105 c1=t106
2646 core=0 give_isr r=0 y=0 c0=t105 c1=t106
2647 core=0 noop r=0 y=0 c0=t105 c1=t106
2648 core=1 noop r=0 y=0 c0=t105 c1=t106
2649 core=0 give r=0 y=0 c0=t105 c1=t106
2650 core=0 tick r=1 y=3 c0=t102 c1=t105
2651 core=1 suspend t106 r=0 y=0 c0=t102 c1=t105
2652 core=0 noop r=0 y=0 c0=t102 c1=t105
2653 core=1 noop r=0 y=0 c0=t102 c1=t105
2654 core=1 prio t106 0 r=0 y=0 c0=t102 c1=t105
2655 core=1 yield r=0 y=2 c0=t102 c1=t105
2656 core=0 suspend t106 r=0 y=0 c0=t102 c1=t105
2657 core=1 give r=0 y=0 c0=t102 c1=t105
2658 core=0 give r=0 y=0 c0=t102 c1=t105
2659 core=1 give_isr r=0 y=0 c0=t102 c1=t105
2660 core=1 suspend t95 r=0 y=0 c0=t102 c1=t105
2661 core=1 give_isr r=0 y=0 c0=t102 c1=t105
2662 core=0 delay t102 3 r=0 y=1 c0=IDLE0 c1=t105
2663 core=0 delete 5 t102 r=0 y=0 c0=IDLE0 c1=t105
2664 core=0 noop r=0 y=0 c0=IDLE0 c1=t105
2665 core=1 give r=0 y=0 c0=IDLE0 c1=t105
2666 core=0 prio t105 0 r=0 y=2 c0=IDLE0 c1=IDLE1
2667 core=0 prio t107 2 r=0 y=0 c0=IDLE0 c1=IDLE1
2668 core=1 suspend t95 r=0 y=0 c0=IDLE0 c1=IDLE1
2669 core=0 tick r=1 y=3 c0=t105 c1=IDLE0
2670 core=0 create 3 t108 p3 r=1 y=2 c0=t105 c1=t108
2671 core=1 give_isr r=0 y=0 c0=t105 c1=t108
2672 core=0 noop r=0 y=0 c0=t105 c1=t108
2673 core=1 delay t108 1 r=0 y=2 c0=t105 c1=IDLE1
2674 core=0 noop r=0 y=0 c0=t105 c1=IDLE1
2675 core=0 give_isr r=0 y=0 c0=t105 c1=IDLE1
2676 core=0 resume t108 r=0 y=0 c0=t105 c1=IDLE1
2677 core=0 take t105 r=1 y=0 c0=t105 c1=IDLE1
2678 core=0 resume t105 r=0 y=0 c0=t105 c1=IDLE1
2679 core=0 tick r=1 y=3 c0=t108 c1=IDLE0
2680 core=0 noop r=0 y=0 c0=t108 c1=IDLE0
2681 core=1 noop r=0 y=0 c0=t108 c1=IDLE0
2682 core=1 give_isr r=1 y=0 c0=t108 c1=IDLE0
2683 core=0 tick r=0 y=2 c0=t108 c1=t105
2684 core=0 noop r=0 y=0 c0=t108 c1=t105
2685 core=1 delay t105 5 r=0 y=2 c0=t108 c1=IDLE1
2686 core=0 give r=0 y=0 c0=t108 c1=IDLE1
2687 core=0 tick r=0 y=2 c0=t108 c1=t107
2688 core=0 tick r=0 y=0 c0=t108 c1=t107
2689 core=0 noop r=0 y=0 c0=t108 c1=t107
2690 core=1 noop r=0 y=0 c0=t108 c1=t107
2691 core=0 prio t108 2 r=0 y=1 c0=t108 c1=t107
2692 core=1 prio t106 1 r=0 y=0 c0=t108 c1=t107
2693 core=1 give r=0 y=0 c0=t108 c1=t107
2694 core=1 suspend t108 r=0 y=1 c0=IDLE0 c1=t107
2695 core=0 create 2 t109 p1 r=1 y=1 c0=t109 c1=t107
2696 core=1 noop r=0 y=0 c0=t109 c1=t107
2697 core=1 noop r=0 y=0 c0=t109 c1=t107
2698 core=1 noop r=0 y=0 c0=t109 c1=t107
2699 core=1 give_isr r=0 y=0 c0=t109 c1=t107
2700 core=1 delay t107 5 r=0 y=2 c0=t109 c1=IDLE1
2701 core=0 take t109 r=1 y=0 c0=t109 c1=IDLE1
2702 core=0 tick r=0 y=2 c0=t109 c1=IDLE0
2703 core=1 delete 8 t101 r=0 y=0 c0=t109 c1=IDLE0
2704 core=0 delete 9 t107 r=0 y=0 c0=t109 c1=IDLE0
2705 core=1 give r=1 y=0 c0=t109 c1=IDLE0
2706 core=1 noop r=0 y=0 c0=t109 c1=IDLE0
2707 core=0 noop r=0 y=0 c0=t109 c1=IDLE0
2708 core=1 noop r=0 y=0 c0=t109 c1=IDLE0
2709 core=0 noop r=0 y=0 c0=t109 c1=IDLE0
2710 core=0 resume t106 r=0 y=2 c0=t109 c1=t106
2711 core=1 create 0 t110 p0 r=1 y=0 c0=t109 c1=t106
2712 core=1 yield r=0 y=2 c0=t109 c1=t106
2713 core=1 delay t106 4 r=0 y=2 c0=t109 c1=IDLE1
2714 core=0 tick r=0 y=2 c0=t109 c1=IDLE0
2715 core=1 noop r=0 y=0 c0=t109 c1=IDLE0
2716 core=0 tick r=0 y=2 c0=t109 c1=t110
2717 core=0 give r=0 y=0 c0=t109 c1=t110
2718 core=0 tick r=0 y=2 c0=t109 c1=IDLE1
2719 core=0 noop r=0 y=0 c0=t109 c1=IDLE1
2720 core=0 suspend t109 r=0 y=1 c0=t105 c1=IDLE1
2721 core=0 noop r=0 y=0 c0=t105 c1=IDLE1
2722 core=0 give r=0 y=0 c0=t105 c1=IDLE1
2723 core=1 noop r=0 y=0 c0=t105 c1=IDLE1
2724 core=0 tick r=1 y=3 c0=t106 c1=IDLE0
2725 core=1 give r=0 y=0 c0=t106 c1=IDLE0
2726 core=0 delay t106 2 r=0 y=1 c0=t110 c1=IDLE0
2727 core=0 prio t105 2 r=0 y=2 c0=t110 c1=t105
2728 core=1 noop r=0 y=0 c0=t110 c1=t105
2729 core=0 give_isr r=0 y=0 c0=t110 c1=t105
2730 core=0 give r=0 y=0 c0=t110 c1=t105
2731 core=0 prio t106 0 r=0 y=0 c0=t110 c1=t105
2732 core=0 noop r=0 y=0 c0=t110 c1=t105
2733 core=1 give r=0 y=0 c0=t110 c1=t105
2734 core=1 take t105 r=1 y=0 c0=t110 c1=t105
2735 core=0 tick r=1 y=1 c0=IDLE1 c1=t105
2736 core=0 yield r=0 y=1 c0=IDLE0 c1=t105
2737 core=0 noop r=0 y=0 c0=IDLE0 c1=t105
2738 core=1 prio t106 3 r=0 y=0 c0=IDLE0 c1=t105
2739 core=0 suspend t109 r=0 y=0 c0=IDLE0 c1=t105
2740 core=0 give_isr r=1 y=0 c0=IDLE0 c1=t105
2741 core=0 noop r=0 y=0 c0=IDLE0 c1=t105
2742 core=1 take t105 r=1 y=0 c0=IDLE0 c1=t105
2743 core=1 give r=1 y=0 c0=IDLE0 c1=t105
2744 core=1 give r=0 y=0 c0=IDLE0 c1=t105
2745 core=0 prio t95 2 r=0 y=0 c0=IDLE0 c1=t105
2746 core=0 yield r=0 y=1 c0=t110 c1=t105
2747 core=1 yield r=0 y=2 c0=t110 c1=t105
2748 core=0 noop r=0 y=0 c0=t110 c1=t105
2749 core=1 delay t105 1 r=0 y=2 c0=t110 c1=IDLE1
2750 core=1 suspend t95 r=0 y=0 c0=t110 c1=IDLE1
2751 core=0 tick r=1 y=3 c0=t106 c1=t105
2752 core=0 give r=0 y=0 c0=t106 c1=t105
2753 core=0 give_isr r=0 y=0 c0=t106 c1=t105
2754 core=1 give r=0 y=0 c0=t106 c1=t105
2755 core=1 noop r=0 y=0 c0=t106 c1=t105
2756 core=1 create 6 t111 p1 r=1 y=0 c0=t106 c1=t105
2757 core=1 suspend t108 r=0 y=0 c0=t106 c1=t105
2758 core=1 take t105 r=1 y=0 c0=t106 c1=t105
2759 core=0 take t106 r=0 y=0 c0=t106 c1=t105
2760 core=0 prio t110 3 r=0 y=2 c0=t106 c1=t110
2761 core=0 delay t106 1 r=0 y=1 c0=t105 c1=t110
2762 core=1 take t110 r=0 y=0 c0=t105 c1=t110
2763 core=1 give_isr r=1 y=0 c0=t105 c1=t110
2764 core=1 suspend t95 r=0 y=0 c0=t105 c1=t110
2765 core=0 delete 0 t110 r=0 y=2 c0=t105 c1=t111
2766 core=0 take t105 r=1 y=0 c0=t105 c1=t111
2767 core=0 give r=1 y=0 c0=t105 c1=t111
2768 core=1 create 9 t112 p1 r=1 y=0 c0=t105 c1=t111
2769 core=1 delay t111 2 r=0 y=2 c0=t105 c1=t112
2770 core=1 give_isr r=0 y=0 c0=t105 c1=t112
2771 core=0 give_isr r=0 y=0 c0=t105 c1=t112
2772 core=1 noop r=0 y=0 c0=t105 c1=t112
2773 core=0 tick r=0 y=2 c0=t105 c1=t106
2774 core=0 delay t105 1 r=0 y=1 c0=t112 c1=t106
2775 core=0 tick r=1 y=1 c0=t105 c1=t106
2776 core=0 noop r=0 y=0 c0=t105 c1=t106
2777 core=1 noop r=0 y=0 c0=t105 c1=t106
2778 core=1 delay t106 1 r=0 y=2 c0=t105 c1=t111
2779 core=1 noop r=0 y=0 c0=t105 c1=t111
2780 core=0 give r=0 y=0 c0=t105 c1=t111
2781 core=0 noop r=0 y=0 c0=t105 c1=t111
2782 core=0 prio t111 3 r=0 y=0 c0=t105 c1=t111
2783 core=0 noop r=0 y=0 c0=t105 c1=t111
2784 core=0 noop r=0 y=0 c0=t105 c1=t111
2785 core=0 suspend t106 r=0 y=0 c0=t105 c1=t111
2786 core=0 prio t112 1 r=0 y=0 c0=t105 c1=t111
2787 core=0 tick r=0 y=0 c0=t105 c1=t111
2788 core=1 noop r=0 y=0 c0=t105 c1=t111
2789 core=0 take t105 r=1 y=0 c0=t105 c1=t111
2790 core=1 suspend t95 r=0 y=0 c0=t105 c1=t111
2791 core=0 give r=1 y=0 c0=t105 c1=t111
2792 core=1 delete 4 t106 r=0 y=0 c0=t105 c1=t111
2793 core=0 yield r=0 y=1 c0=t105 c1=t111
2794 core=0 noop r=0 y=0 c0=t105 c1=t111
2795 core=0 tick r=0 y=0 c0=t105 c1=t111
2796 core=0 delete 1 t95 r=0 y=0 c0=t105 c1=t111
2797 core=1 noop r=0 y=0 c0=t105 c1=t111
2798 core=0 noop r=0 y=0 c0=t105 c1=t111
2799 core=1 give r=0 y=0 c0=t105 c1=t111
2800 core=1 noop r=0 y=0 c0=t105 c1=t111
2801 core=1 noop r=0 y=0 c0=t105 c1=t111
2802 core=0 noop r=0 y=0 c0=t105 c1=t111
2803 core=0 delay t105 2 r=0 y=1 c0=t112 c1=t111
2804 core=0 delete 9 t112 r=0 y=1 c0=IDLE0 c1=t111
2805 core=0 noop r=0 y=0 c0=IDLE0 c1=t111
2806 core=0 tick r=1 y=1 c0=IDLE1 c1=t111
2807 core=0 noop r=0 y=0 c0=IDLE1 c1=t111
2808 core=1 delay t111 4 r=0 y=2 c0=IDLE1 c1=IDLE0
2809 core=0 suspend t105 r=0 y=0 c0=IDLE1 c1=IDLE0
2810 core=1 give r=0 y=0 c0=IDLE1 c1=IDLE0
2811 core=1 delete 7 t105 r=0 y=0 c0=IDLE1 c1=IDLE0
2812 core=1 noop r=0 y=0 c0=IDLE1 c1=IDLE0
2813 core=1 suspend t109 r=0 y=0 c0=IDLE1 c1=IDLE0
2814 core=1 noop r=0 y=0 c0=IDLE1 c1=IDLE0
2815 core=0 noop r=0 y=0 c0=IDLE1 c1=IDLE0
2816 core=1 give_isr r=0 y=0 c0=IDLE1 c1=IDLE0
2817 core=1 noop r=0 y=0 c0=IDLE1 c1=IDLE0
2818 core=1 noop r=0 y=0 c0=IDLE1 c1=IDLE0
2819 core=0 tick r=1 y=3 c0=IDLE1 c1=IDLE0
2820 core=0 noop r=0 y=0 c0=IDLE1 c1=IDLE0
2821 core=0 noop r=0 y=0 c0=IDLE1 c1=IDLE0
2822 core=0 tick r=1 y=3 c0=IDLE1 c1=IDLE0
2823 core=1 noop r=0 y=0 c0=IDLE1 c1=IDLE0
2824 core=1 give r=0 y=0 c0=IDLE1 c1=IDLE0
2825 core=1 noop r=0 y=0 c0=IDLE1 c1=IDLE0
2826 core=0 suspend t108 r=0 y=0 c0=IDLE1 c1=IDLE0
2827 core=1 noop r=0 y=0 c0=IDLE1 c1=IDLE0
2828 core=0 noop r=0 y=0 c0=IDLE1 c1=IDLE0
2829 core=0 resume t108 r=0 y=2 c0=IDLE1 c1=t108
2830 core=0 noop r=0 y=0 c0=IDLE1 c1=t108
2831 core=0 give r=0 y=0 c0=IDLE1 c1=t108
2832 core=0 resume t109 r=0 y=1 c0=t109 c1=t108
2833 core=0 take t109 r=1 y=0 c0=t109 c1=t108
2834 core=0 tick r=0 y=0 c0=t109 c1=t108
2835 core=0 noop r=0 y=0 c0=t109 c1=t108
2836 core=0 delay t109 5 r=0 y=1 c0=IDLE0 c1=t108
2837 core=1 create 5 t113 p1 r=1 y=1 c0=t113 c1=t108
2838 core=0 tick r=1 y=1 c0=t111 c1=t108
2839 core=0 take t111 r=0 y=0 c0=t111 c1=t108
2840 core=0 tick r=0 y=0 c0=t111 c1=t108
2841 core=0 yield r=0 y=1 c0=t111 c1=t108
2842 core=0 noop r=0 y=0 c0=t111 c1=t108
2843 core=1 give r=1 y=0 c0=t111 c1=t108
2844 core=1 noop r=0 y=0 c0=t111 c1=t108
2845 core=1 yield r=0 y=2 c0=t111 c1=t108
2846 core=1 take t108 r=1 y=0 c0=t111 c1=t108
2847 core=0 suspend t113 r=0 y=0 c0=t111 c1=t108
2848 core=0 tick r=0 y=0 c0=t111 c1=t108
2849 core=0 noop r=0 y=0 c0=t111 c1=t108
2850 core=0 tick r=0 y=0 c0=t111 c1=t108
2851 core=1 yield r=0 y=2 c0=t111 c1=t108
2852 core=0 tick r=0 y=0 c0=t111 c1=t108
2853 core=0 noop r=0 y=0 c0=t111 c1=t108
2854 core=0 delay t111 4 r=0 y=1 c0=t109 c1=t108
2855 core=1 suspend t113 r=0 y=0 c0=t109 c1=t108
2856 core=0 tick r=0 y=0 c0=t109 c1=t108
2857 core=1 take t108 r=0 y=0 c0=t109 c1=t108
2858 core=1 noop r=0 y=0 c0=t109 c1=t108
2859 core=1 delay t108 2 r=0 y=2 c0=t109 c1=IDLE1
2860 core=0 noop r=0 y=0 c0=t109 c1=IDLE1
2861 core=0 give_isr r=1 y=0 c0=t109 c1=IDLE1
2862 core=0 noop r=0 y=0 c0=t109 c1=IDLE1
2863 core=0 tick r=0 y=2 c0=t109 c1=IDLE0
2864 core=1 noop r=0 y=0 c0=t109 c1=IDLE0
2865 core=1 resume t109 r=0 y=0 c0=t109 c1=IDLE0
2866 core=1 noop r=0 y=0 c0=t109 c1=IDLE0
2867 core=1 give r=0 y=0 c0=t109 c1=IDLE0
2868 core=0 delay t109 4 r=0 y=1 c0=IDLE1 c1=IDLE0
2869 core=0 yield r=0 y=1 c0=IDLE1 c1=IDLE0
2870 core=0 give r=0 y=0 c0=IDLE1 c1=IDLE0
2871 core=1 create 4 t114 p0 r=1 y=2 c0=IDLE1 c1=t114
2872 core=0 give_isr r=0 y=0 c0=IDLE1 c1=t114
2873 core=1 take t114 r=1 y=0 c0=IDLE1 c1=t114
2874 core=1 noop r=0 y=0 c0=IDLE1 c1=t114
2875 core=0 noop r=0 y=0 c0=IDLE1 c1=t114
2876 core=0 noop r=0 y=0 c0=IDLE1 c1=t114
2877 core=1 give r=1 y=0 c0=IDLE1 c1=t114
2878 core=0 give_isr r=0 y=0 c0=IDLE1 c1=t114
2879 core=0 noop r=0 y=0 c0=IDLE1 c1=t114
2880 core=0 noop r=0 y=0 c0=IDLE1 c1=t114
2881 core=0 noop r=0 y=0 c0=IDLE1 c1=t114
2882 core=1 delay t114 1 r=0 y=2 c0=IDLE1 c1=IDLE0
2883 core=1 give_isr r=0 y=0 c0=IDLE1 c1=IDLE0
2884 core=0 give r=0 y=0 c0=IDLE1 c1=IDLE0
2885 core=1 delete 3 t108 r=0 y=0 c0=IDLE1 c1=IDLE0
2886 core=0 tick r=1 y=3 c0=t114 c1=IDLE1
2887 core=0 noop r=0 y=0 c0=t114 c1=IDLE1
2888 core=1 prio t109 0 r=0 y=0 c0=t114 c1=IDLE1
2889 core=0 create 0 t115 p0 r=1 y=2 c0=t114 c1=IDLE0
2890 core=1 noop r=0 y=0 c0=t114 c1=IDLE0
2891 core=1 noop r=0 y=0 c0=t114 c1=IDLE0
2892 core=1 yield r=0 y=2 c0=t114 c1=t115
2893 core=0 delete 5 t113 r=0 y=0 c0=t114 c1=t115
2894 core=0 noop r=0 y=0 c0=t114 c1=t115
2895 core=0 take t114 r=1 y=0 c0=t114 c1=t115
2896 core=1 noop r=0 y=0 c0=t114 c1=t115
2897 core=0 noop r=0 y=0 c0=t114 c1=t115
2898 core=1 give_isr r=1 y=0 c0=t114 c1=t115
2899 core=1 give_isr r=0 y=0 c0=t114 c1=t115
2900 core=0 noop r=0 y=0 c0=t114 c1=t115
2901 core=1 prio t111 3 r=0 y=0 c0=t114 c1=t115
2902 core=0 create 8 t116 p0 r=1 y=0 c0=t114 c1=t115
2903 core=1 give_isr r=0 y=0 c0=t114 c1=t115
2904 core=1 delay t115 1 r=0 y=2 c0=t114 c1=IDLE1
2905 core=0 yield r=0 y=1 c0=IDLE0 c1=IDLE1
2906 core=1 noop r=0 y=0 c0=IDLE0 c1=IDLE1
2907 core=1 give r=0 y=0 c0=IDLE0 c1=IDLE1
2908 core=1 noop r=0 y=0 c0=IDLE0 c1=IDLE1
2909 core=0 noop r=0 y=0 c0=IDLE0 c1=IDLE1
2910 core=0 noop r=0 y=0 c0=IDLE0 c1=IDLE1
2911 core=1 noop r=0 y=0 c0=IDLE0 c1=IDLE1
2912 core=1 noop r=0 y=0 c0=IDLE0 c1=IDLE1
2913 core=1 suspend t111 r=0 y=0 c0=IDLE0 c1=IDLE1
2914 core=0 tick r=1 y=3 c0=t116 c1=t114
2915 core=0 give r=0 y=0 c0=t116 c1=t114
2916 core=0 resume t111 r=0 y=2 c0=t116 c1=t111
2917 core=0 give r=0 y=0 c0=t116 c1=t111
2918 core=0 give r=0 y=0 c0=t116 c1=t111
2919 core=0 create 7 t117 p3 r=1 y=1 c0=t117 c1=t111
2920 core=1 yield r=0 y=2 c0=t117 c1=t111
2921 core=0 delay t117 4 r=0 y=1 c0=t115 c1=t111
2922 core=1 yield r=0 y=2 c0=t115 c1=t111
2923 core=1 noop r=0 y=0 c0=t115 c1=t111
2924 core=0 prio t115 3 r=0 y=0 c0=t115 c1=t111
2925 core=1 noop r=0 y=0 c0=t115 c1=t111
2926 core=0 prio t111 2 r=0 y=2 c0=t115 c1=t111
2927 core=1 noop r=0 y=0 c0=t115 c1=t111
2928 core=0 noop r=0 y=0 c0=t115 c1=t111
2929 core=1 prio t114 2 r=0 y=0 c0=t115 c1=t111
2930 core=1 delay t111 3 r=0 y=2 c0=t115 c1=t114
2931 core=1 take t114 r=1 y=0 c0=t115 c1=t114
2932 core=1 give r=1 y=0 c0=t115 c1=t114
2933 core=0 take t115 r=1 y=0 c0=t115 c1=t114
2934 core=1 delay t114 1 r=0 y=2 c0=t115 c1=IDLE0
2935 core=1 noop r=0 y=0 c0=t115 c1=IDLE0
2936 core=1 noop r=0 y=0 c0=t115 c1=IDLE0
2937 core=0 give_isr r=1 y=0 c0=t115 c1=IDLE0
2938 core=0 resume t115 r=0 y=0 c0=t115 c1=IDLE0
2939 core=1 noop r=0 y=0 c0=t115 c1=IDLE0
2940 core=1 noop r=0 y=0 c0=t115 c1=IDLE0
2941 core=0 give_isr r=0 y=0 c0=t115 c1=IDLE0
2942 core=1 noop r=0 y=0 c0=t115 c1=IDLE0
2943 core=1 noop r=0 y=0 c0=t115 c1=IDLE0
2944 core=0 noop r=0 y=0 c0=t115 c1=IDLE0
2945 core=1 resume t114 r=0 y=0 c0=t115 c1=IDLE0
2946 core=0 tick r=0 y=2 c0=t115 c1=t114
2947 core=0 suspend t117 r=0 y=0 c0=t115 c1=t114
2948 core=1 resume t109 r=0 y=0 c0=t115 c1=t114
2949 core=0 prio t115 0 r=0 y=1 c0=IDLE1 c1=t114
2950 core=1 noop r=0 y=0 c0=IDLE1 c1=t114
2951 core=1 noop r=0 y=0 c0=IDLE1 c1=t114
2952 core=0 tick r=1 y=1 c0=t116 c1=t114
2953 core=1 noop r=0 y=0 c0=t116 c1=t114
2954 core=1 give_isr r=0 y=0 c0=t116 c1=t114
2955 core=0 tick r=1 y=3 c0=t111 c1=t114
2956 core=1 take t114 r=1 y=0 c0=t111 c1=t114
2957 core=0 tick r=1 y=3 c0=t111 c1=t114
2958 core=1 noop r=0 y=0 c0=t111 c1=t114
2959 core=1 give r=1 y=0 c0=t111 c1=t114
2960 core=1 take t114 r=1 y=0 c0=t111 c1=t114
2961 core=1 create 3 t118 p0 r=1 y=0 c0=t111 c1=t114
2962 core=1 create 1 t119 p2 r=1 y=0 c0=t111 c1=t114
2963 core=0 prio t109 2 r=0 y=0 c0=t111 c1=t114
2964 core=0 resume t117 r=0 y=2 c0=t111 c1=t117
2965 core=1 delete 2 t109 r=0 y=0 c0=t111 c1=t117
2966 core=1 suspend t114 r=0 y=0 c0=t111 c1=t117
2967 core=1 suspend t114 r=0 y=0 c0=t111 c1=t117
2968 core=0 delay t111 5 r=0 y=1 c0=t119 c1=t117
2969 core=1 resume t115 r=0 y=0 c0=t119 c1=t117
2970 core=0 delay t119 3 r=0 y=1 c0=IDLE0 c1=t117
2971 core=1 noop r=0 y=0 c0=IDLE0 c1=t117
2972 core=0 noop r=0 y=0 c0=IDLE0 c1=t117
2973 core=1 delay t117 5 r=0 y=2 c0=IDLE0 c1=t115
2974 core=0 prio t111 1 r=0 y=0 c0=IDLE0 c1=t115
2975 core=1 delete 0 t115 r=0 y=2 c0=IDLE0 c1=IDLE1
2976 core=1 resume t111 r=0 y=0 c0=IDLE0 c1=IDLE1
2977 core=0 give r=1 y=0 c0=IDLE0 c1=IDLE1
2978 core=1 noop r=0 y=0 c0=IDLE0 c1=IDLE1
2979 core=1 create 2 t120 p0 r=1 y=2 c0=IDLE0 c1=t116
2980 core=1 resume t117 r=0 y=0 c0=IDLE0 c1=t116
2981 core=0 noop r=0 y=0 c0=IDLE0 c1=t116
2982 core=1 give r=0 y=0 c0=IDLE0 c1=t116
2983 core=0 resume t111 r=0 y=0 c0=IDLE0 c1=t116
2984 core=0 tick r=1 y=3 c0=t118 c1=t120
2985 core=0 give r=0 y=0 c0=t118 c1=t120
2986 core=0 noop r=0 y=0 c0=t118 c1=t120
2987 core=1 suspend t119 r=0 y=0 c0=t118 c1=t120
2988 core=1 suspend t117 r=0 y=0 c0=t118 c1=t120
2989 core=1 suspend t119 r=0 y=0 c0=t118 c1=t120
2990 core=1 delay t120 4 r=0 y=2 c0=t118 c1=IDLE1
2991 core=1 delete 8 t116 r=0 y=0 c0=t118 c1=IDLE1
2992 core=1 noop r=0 y=0 c0=t118 c1=IDLE1
2993 core=0 noop r=0 y=0 c0=t118 c1=IDLE1
2994 core=0 give r=0 y=0 c0=t118 c1=IDLE1
2995 core=1 noop r=0 y=0 c0=t118 c1=IDLE1
2996 core=1 yield r=0 y=2 c0=t118 c1=IDLE0
2997 core=0 suspend t119 r=0 y=0 c0=t118 c1=IDLE0
2998 core=1 noop r=0 y=0 c0=t118 c1=IDLE0
2999 core=1 noop r=0 y=0 c0=t118 c1=IDLE0
3000 core=0 create 8 t121 p1 r=1 y=2 c0=t118 c1=t121
3001 core=0 create 0 t122 p2 r=1 y=1 c0=t122 c1=t121
3002 core=0 suspend t117 r=0 y=0 c0=t122 c1=t121
3003 core=1 noop r=0 y=0 c0=t122 c1=t121
3004 core=0 delete 3 t118 r=0 y=0 c0=t122 c1=t121
3005 core=0 delay t122 4 r=0 y=1 c0=IDLE1 c1=t121
3006 core=0 noop r=0 y=0 c0=IDLE1 c1=t121
3007 core=1 suspend t122 r=0 y=0 c0=IDLE1 c1=t121
3008 core=0 noop r=0 y=0 c0=IDLE1 c1=t121
3009 core=1 give r=0 y=0 c0=IDLE1 c1=t121
3010 core=0 noop r=0 y=0 c0=IDLE1 c1=t121
3011 core=1 take t121 r=1 y=0 c0=IDLE1 c1=t121
3012 core=1 give_isr r=1 y=0 c0=IDLE1 c1=t121
3013 core=0 give r=0 y=0 c0=IDLE1 c1=t121
3014 core=0 noop r=0 y=0 c0=IDLE1 c1=t121
3015 core=0 delete 7 t117 r=0 y=0 c0=IDLE1 c1=t121
3016 core=0 tick r=1 y=1 c0=IDLE0 c1=t121
3017 core=1 prio t122 2 r=0 y=0 c0=IDLE0 c1=t121
3018 core=0 noop r=0 y=0 c0=IDLE0 c1=t121
3019 core=1 create 7 t123 p0 r=1 y=1 c0=IDLE1 c1=t121
3020 core=0 yield r=0 y=1 c0=t123 c1=t121
3021 core=0 noop r=0 y=0 c0=t123 c1=t121
3022 core=0 suspend t119 r=0 y=0 c0=t123 c1=t121
3023 core=0 delay t123 5 r=0 y=1 c0=IDLE0 c1=t121
3024 core=0 noop r=0 y=0 c0=IDLE0 c1=t121
3025 core=0 noop r=0 y=0 c0=IDLE0 c1=t121
3026 core=0 noop r=0 y=0 c0=IDLE0 c1=t121
3027 core=0 noop r=0 y=0 c0=IDLE0 c1=t121
3028 core=0 noop r=0 y=0 c0=IDLE0 c1=t121
3029 core=0 tick r=1 y=1 c0=IDLE1 c1=t121
3030 core=0 noop r=0 y=0 c0=IDLE1 c1=t121
3031 core=0 noop r=0 y=0 c0=IDLE1 c1=t121
3032 core=1 delete 8 t121 r=0 y=2 c0=IDLE1 c1=IDLE0
3033 core=1 noop r=0 y=0 c0=IDLE1 c1=IDLE0
3034 core=0 tick r=1 y=3 c0=IDLE1 c1=IDLE0
3035 core=0 noop r=0 y=0 c0=IDLE1 c1=IDLE0
3036 core=1 noop r=0 y=0 c0=IDLE1 c1=IDLE0
3037 core=0 create 9 t124 p3 r=1 y=2 c0=IDLE1 c1=t124
3038 core=1 resume t122 r=0 y=1 c0=t122 c1=t124
3039 core=0 resume t119 r=0 y=0 c0=t122 c1=t124
3040 core=0 delay t122 4 r=0 y=1 c0=t119 c1=t124
3041 core=0 take t119 r=1 y=0 c0=t119 c1=t124
3042 core=1 resume t111 r=0 y=0 c0=t119 c1=t124
3043 core=0 noop r=0 y=0 c0=t119 c1=t124
3044 core=0 take t119 r=0 y=0 c0=t119 c1=t124
3045 core=1 noop r=0 y=0 c0=t119 c1=t124
3046 core=1 delete 9 t124 r=0 y=2 c0=t119 c1=IDLE0
3047 core=0 yield r=0 y=1 c0=t119 c1=IDLE0
3048 core=1 give r=1 y=0 c0=t119 c1=IDLE0
3049 core=0 prio t120 1 r=0 y=0 c0=t119 c1=IDLE0
3050 core=0 suspend t123 r=0 y=0 c0=t119 c1=IDLE0
3051 core=0 give r=0 y=0 c0=t119 c1=IDLE0
3052 core=0 delete 7 t123 r=0 y=0 c0=t119 c1=IDLE0
3053 core=1 noop r=0 y=0 c0=t119 c1=IDLE0
3054 core=0 prio t119 0 r=0 y=1 c0=IDLE1 c1=IDLE0
3055 core=0 noop r=0 y=0 c0=IDLE1 c1=IDLE0
3056 core=0 noop r=0 y=0 c0=IDLE1 c1=IDLE0
3057 core=1 noop r=0 y=0 c0=IDLE1 c1=IDLE0
3058 core=0 tick r=1 y=3 c0=t111 c1=t120
3059 core=0 noop r=0 y=0 c0=t111 c1=t120
3060 core=0 tick r=1 y=3 c0=t111 c1=t120
3061 core=0 tick r=1 y=3 c0=t111 c1=t120
3062 core=1 give_isr r=0 y=0 c0=t111 c1=t120
3063 core=1 noop r=0 y=0 c0=t111 c1=t120
3064 core=0 resume t122 r=0 y=0 c0=t111 c1=t120
3065 core=0 noop r=0 y=0 c0=t111 c1=t120
3066 core=0 take t111 r=1 y=0 c0=t111 c1=t120
3067 core=1 noop r=0 y=0 c0=t111 c1=t120
3068 core=1 delay t120 4 r=0 y=2 c0=t111 c1=t119
3069 core=1 noop r=0 y=0 c0=t111 c1=t119
3070 core=0 noop r=0 y=0 c0=t111 c1=t119
3071 core=1 prio t111 2 r=0 y=0 c0=t111 c1=t119
3072 core=1 create 7 t125 p2 r=1 y=2 c0=t111 c1=t125
3073 core=0 prio t119 1 r=0 y=0 c0=t111 c1=t125
3074 core=1 suspend t122 r=0 y=0 c0=t111 c1=t125
3075 core=0 take t111 r=0 y=0 c0=t111 c1=t125
3076 core=0 tick r=1 y=3 c0=t111 c1=t125
3077 core=0 tick r=1 y=3 c0=t111 c1=t125
3078 core=1 resume t111 r=0 y=0 c0=t111 c1=t125
3079 core=0 suspend t114 r=0 y=0 c0=t111 c1=t125
3080 core=1 prio t122 2 r=0 y=0 c0=t111 c1=t125
3081 core=1 resume t125 r=0 y=0 c0=t111 c1=t125
3082 core=0 take t111 r=0 y=0 c0=t111 c1=t125
3083 core=1 noop r=0 y=0 c0=t111 c1=t125
3084 core=1 suspend t119 r=0 y=0 c0=t111 c1=t125
3085 core=1 suspend t119 r=0 y=0 c0=t111 c1=t125
3086 core=0 delay t111 4 r=0 y=1 c0=IDLE1 c1=t125
3087 core=1 suspend t119 r=0 y=0 c0=IDLE1 c1=t125
3088 core=0 noop r=0 y=0 c0=IDLE1 c1=t125
3089 core=1 take t125 r=0 y=0 c0=IDLE1 c1=t125
3090 core=1 delay t125 5 r=0 y=2 c0=IDLE1 c1=IDLE0
3091 core=1 create 5 t126 p3 r=1 y=2 c0=IDLE1 c1=t126
3092 core=0 noop r=0 y=0 c0=IDLE1 c1=t126
3093 core=0 tick r=1 y=1 c0=IDLE0 c1=t126
3094 core=1 give r=1 y=0 c0=IDLE0 c1=t126
3095 core=1 create 3 t127 p2 r=1 y=1 c0=t127 c1=t126
3096 core=1 delete 0 t122 r=0 y=0 c0=t127 c1=t126
3097 core=0 delay t127 2 r=0 y=1 c0=IDLE1 c1=t126
3098 core=1 yield r=0 y=2 c0=IDLE1 c1=t126
3099 core=1 delay t126 2 r=0 y=2 c0=IDLE1 c1=IDLE0
3100 core=1 resume t125 r=0 y=0 c0=IDLE1 c1=IDLE0
3101 core=1 prio t111 2 r=0 y=0 c0=IDLE1 c1=IDLE0
3102 core=0 prio t126 1 r=0 y=0 c0=IDLE1 c1=IDLE0
3103 core=1 give r=0 y=0 c0=IDLE1 c1=IDLE0
3104 core=1 resume t126 r=0 y=0 c0=IDLE1 c1=IDLE0
3105 core=0 noop r=0 y=0 c0=IDLE1 c1=IDLE0
3106 core=1 give_isr r=0 y=0 c0=IDLE1 c1=IDLE0
3107 core=0 tick r=1 y=3 c0=t120 c1=IDLE1
3108 core=0 give r=0 y=0 c0=t120 c1=IDLE1
3109 core=1 noop r=0 y=0 c0=t120 c1=IDLE1
3110 core=0 tick r=1 y=3 c0=t127 c1=t126
3111 core=0 create 8 t128 p3 r=1 y=2 c0=t127 c1=t128
3112 core=0 give_isr r=0 y=0 c0=t127 c1=t128
3113 core=1 give r=0 y=0 c0=t127 c1=t128
3114 core=0 yield r=0 y=1 c0=t127 c1=t128
3115 core=1 take t128 r=1 y=0 c0=t127 c1=t128
3116 core=1 resume t111 r=0 y=0 c0=t127 c1=t128
3117 core=0 delay t127 5 r=0 y=1 c0=t120 c1=t128
3118 core=1 create 9 t129 p1 r=1 y=0 c0=t120 c1=t128
3119 core=0 give_isr r=1 y=0 c0=t120 c1=t128
3120 core=1 delete 7 t125 r=0 y=0 c0=t120 c1=t128
3121 core=1 noop r=0 y=0 c0=t120 c1=t128
3122 core=1 delete 8 t128 r=0 y=2 c0=t120 c1=t126
3123 core=1 give r=0 y=0 c0=t120 c1=t126
3124 core=1 give r=0 y=0 c0=t120 c1=t126
3125 core=0 take t120 r=1 y=0 c0=t120 c1=t126
3126 core=0 prio t114 2 r=0 y=0 c0=t120 c1=t126
3127 core=0 prio t126 3 r=0 y=0 c0=t120 c1=t126
3128 core=1 noop r=0 y=0 c0=t120 c1=t126
3129 core=1 delay t126 2 r=0 y=2 c0=t120 c1=t129
3130 core=1 take t129 r=0 y=0 c0=t120 c1=t129
3131 core=1 noop r=0 y=0 c0=t120 c1=t129
3132 core=1 take t129 r=0 y=0 c0=t120 c1=t129
3133 core=1 prio t120 3 r=0 y=0 c0=t120 c1=t129
3134 core=1 noop r=0 y=0 c0=t120 c1=t129
3135 core=0 tick r=0 y=2 c0=t120 c1=t111
3136 core=0 take t120 r=0 y=0 c0=t120 c1=t111
3137 core=0 noop r=0 y=0 c0=t120 c1=t111
3138 core=0 create 7 t130 p2 r=1 y=0 c0=t120 c1=t111
3139 core=1 yield r=0 y=2 c0=t120 c1=t130
3140 core=0 noop r=0 y=0 c0=t120 c1=t130
3141 core=0 resume t119 r=0 y=0 c0=t120 c1=t130
3142 core=1 resume t127 r=0 y=0 c0=t120 c1=t130
3143 core=0 give r=1 y=0 c0=t120 c1=t130
3144 core=0 tick r=1 y=3 c0=t126 c1=t120
3145 core=0 noop r=0 y=0 c0=t126 c1=t120
3146 core=0 take t126 r=1 y=0 c0=t126 c1=t120
3147 core=0 noop r=0 y=0 c0=t126 c1=t120
3148 core=0 suspend t119 r=0 y=0 c0=t126 c1=t120
3149 core=0 resume t120 r=0 y=0 c0=t126 c1=t120
3150 core=1 resume t119 r=0 y=0 c0=t126 c1=t120
3151 core=0 give r=1 y=0 c0=t126 c1=t120
3152 core=0 prio t120 0 r=0 y=2 c0=t126 c1=t111
3153 core=0 tick r=0 y=2 c0=t126 c1=t130
3154 core=1 prio t130 3 r=0 y=0 c0=t126 c1=t130
3155 core=1 resume t114 r=0 y=0 c0=t126 c1=t130
3156 core=0 take t126 r=1 y=0 c0=t126 c1=t130
3157 core=1 delete 6 t111 r=0 y=0 c0=t126 c1=t130
3158 core=0 delete 1 t119 r=0 y=0 c0=t126 c1=t130
3159 core=1 noop r=0 y=0 c0=t126 c1=t130
3160 core=1 resume t127 r=0 y=0 c0=t126 c1=t130
3161 core=1 suspend t129 r=0 y=0 c0=t126 c1=t130
3162 core=0 give_isr r=1 y=0 c0=t126 c1=t130
3163 core=0 resume t130 r=0 y=0 c0=t126 c1=t130
3164 core=0 suspend t130 r=0 y=2 c0=t126 c1=t114
3165 core=1 give r=0 y=0 c0=t126 c1=t114
3166 core=1 delay t114 3 r=0 y=2 c0=t126 c1=IDLE0
3167 core=0 give_isr r=0 y=0 c0=t126 c1=IDLE0
3168 core=1 noop r=0 y=0 c0=t126 c1=IDLE0
3169 core=0 tick r=0 y=2 c0=t126 c1=IDLE1
3170 core=0 give_isr r=0 y=0 c0=t126 c1=IDLE1
3171 core=1 delete 4 t114 r=0 y=0 c0=t126 c1=IDLE1
3172 core=0 noop r=0 y=0 c0=t126 c1=IDLE1
3173 core=1 suspend t129 r=0 y=0 c0=t126 c1=IDLE1
3174 core=1 create 6 t131 p2 r=1 y=2 c0=t126 c1=t131
3175 core=1 delay t131 1 r=0 y=2 c0=t126 c1=t120
3176 core=1 delay t120 4 r=0 y=2 c0=t126 c1=IDLE0
3177 core=1 noop r=0 y=0 c0=t126 c1=IDLE0
3178 core=1 give r=0 y=0 c0=t126 c1=IDLE0
3179 core=0 suspend t129 r=0 y=0 c0=t126 c1=IDLE0
3180 core=0 take t126 r=1 y=0 c0=t126 c1=IDLE0
3181 core=0 prio t130 0 r=0 y=0 c0=t126 c1=IDLE0
3182 core=0 delay t126 1 r=0 y=1 c0=IDLE1 c1=IDLE0
3183 core=1 suspend t129 r=0 y=0 c0=IDLE1 c1=IDLE0
3184 core=1 suspend t129 r=0 y=0 c0=IDLE1 c1=IDLE0
3185 core=1 noop r=0 y=0 c0=IDLE1 c1=IDLE0
3186 core=0 noop r=0 y=0 c0=IDLE1 c1=IDLE0
3187 core=1 give_isr r=1 y=0 c0=IDLE1 c1=IDLE0
3188 core=1 delete 3 t127 r=0 y=0 c0=IDLE1 c1=IDLE0
3189 core=0 noop r=0 y=0 c0=IDLE1 c1=IDLE0
3190 core=0 tick r=1 y=3 c0=t126 c1=t131
3191 core=0 yield r=0 y=1 c0=t126 c1=t131
3192 core=0 tick r=0 y=0 c0=t126 c1=t131
3193 core=0 suspend t126 r=0 y=1 c0=IDLE1 c1=t131
3194 core=1 prio t130 1 r=0 y=0 c0=IDLE1 c1=t131
3195 core=1 give_isr r=0 y=0 c0=IDLE1 c1=t131
3196 core=1 noop r=0 y=0 c0=IDLE1 c1=t131
3197 core=0 give_isr r=0 y=0 c0=IDLE1 c1=t131
3198 core=0 tick r=1 y=1 c0=IDLE0 c1=t131
3199 core=0 resume t129 r=0 y=1 c0=t129 c1=t131
3200 core=1 prio t131 1 r=0 y=2 c0=t129 c1=t131
3201 core=0 noop r=0 y=0 c0=t129 c1=t131
3202 core=0 create 3 t132 p2 r=1 y=2 c0=t129 c1=t132
3203 core=0 noop r=0 y=0 c0=t129 c1=t132
3204 core=0 suspend t129 r=0 y=1 c0=t131 c1=t132
3205 core=0 tick r=0 y=0 c0=t131 c1=t132
3206 core=0 take t131 r=1 y=0 c0=t131 c1=t132
3207 core=1 prio t120 2 r=0 y=1 c0=t120 c1=t132
3208 core=0 suspend t126 r=0 y=0 c0=t120 c1=t132
3209 core=0 resume t132 r=0 y=0 c0=t120 c1=t132
3210 core=0 prio t126 2 r=0 y=0 c0=t120 c1=t132
3211 core=0 tick r=1 y=3 c0=t120 c1=t132
3212 core=1 noop r=0 y=0 c0=t120 c1=t132
3213 core=1 noop r=0 y=0 c0=t120 c1=t132
3214 core=1 noop r=0 y=0 c0=t120 c1=t132
3215 core=1 resume t132 r=0 y=0 c0=t120 c1=t132
3216 core=0 delay t120 1 r=0 y=1 c0=t131 c1=t132
3217 core=1 delay t132 3 r=0 y=2 c0=t131 c1=IDLE1
3218 core=0 prio t131 3 r=0 y=0 c0=t131 c1=IDLE1
3219 core=1 yield r=0 y=2 c0=t131 c1=IDLE0
3220 core=1 noop r=0 y=0 c0=t131 c1=IDLE0
3221 core=0 tick r=0 y=2 c0=t131 c1=t120
3222 core=0 resume t131 r=0 y=0 c0=t131 c1=t120
3223 core=1 give r=1 y=0 c0=t131 c1=t120
3224 core=1 suspend t120 r=0 y=2 c0=t131 c1=IDLE1
3225 core=1 noop r=0 y=0 c0=t131 c1=IDLE1
3226 core=1 prio t126 2 r=0 y=0 c0=t131 c1=IDLE1
3227 core=1 suspend t132 r=0 y=0 c0=t131 c1=IDLE1
3228 core=0 noop r=0 y=0 c0=t131 c1=IDLE1
3229 core=1 suspend t120 r=0 y=0 c0=t131 c1=IDLE1
3230 core=0 delay t131 5 r=0 y=1 c0=IDLE0 c1=IDLE1
3231 core=1 resume t130 r=0 y=2 c0=IDLE0 c1=t130
3232 core=0 noop r=0 y=0 c0=IDLE0 c1=t130
3233 core=0 give_isr r=0 y=0 c0=IDLE0 c1=t130
3234 core=1 give r=0 y=0 c0=IDLE0 c1=t130
3235 core=1 prio t132 1 r=0 y=0 c0=IDLE0 c1=t130
3236 core=1 noop r=0 y=0 c0=IDLE0 c1=t130
3237 core=0 give r=0 y=0 c0=IDLE0 c1=t130
3238 core=0 resume t126 r=0 y=1 c0=t126 c1=t130
3239 core=0 noop r=0 y=0 c0=t126 c1=t130
3240 core=1 noop r=0 y=0 c0=t126 c1=t130
3241 core=0 noop r=0 y=0 c0=t126 c1=t130
3242 core=0 delete 5 t126 r=0 y=1 c0=IDLE1 c1=t130
3243 core=1 prio t132 2 r=0 y=0 c0=IDLE1 c1=t130
3244 core=1 resume t131 r=0 y=0 c0=IDLE1 c1=t130
3245 core=1 give_isr r=0 y=0 c0=IDLE1 c1=t130
3246 core=0 tick r=1 y=1 c0=IDLE0 c1=t130
3247 core=0 give_isr r=0 y=0 c0=IDLE0 c1=t130
3248 core=1 prio t131 3 r=0 y=0 c0=IDLE0 c1=t130
3249 core=1 suspend t129 r=0 y=0 c0=IDLE0 c1=t130
3250 core=0 noop r=0 y=0 c0=IDLE0 c1=t130
3251 core=1 noop r=0 y=0 c0=IDLE0 c1=t130
3252 core=0 noop r=0 y=0 c0=IDLE0 c1=t130
3253 core=0 give_isr r=0 y=0 c0=IDLE0 c1=t130
3254 core=0 noop r=0 y=0 c0=IDLE0 c1=t130
3255 core=1 noop r=0 y=0 c0=IDLE0 c1=t130
3256 core=0 tick r=1 y=1 c0=IDLE1 c1=t130
3257 core=0 create 4 t133 p0 r=1 y=1 c0=IDLE0 c1=t130
3258 core=1 suspend t132 r=0 y=0 c0=IDLE0 c1=t130
3259 core=0 delete 2 t120 r=0 y=0 c0=IDLE0 c1=t130
3260 core=0 tick r=1 y=1 c0=t133 c1=t130
3261 core=1 noop r=0 y=0 c0=t133 c1=t130
3262 core=0 resume t131 r=0 y=0 c0=t133 c1=t130
3263 core=1 give_isr r=0 y=0 c0=t133 c1=t130
3264 core=1 delete 7 t130 r=0 y=2 c0=t133 c1=IDLE1
3265 core=0 create 5 t134 p0 r=1 y=2 c0=t133 c1=IDLE0
3266 core=1 noop r=0 y=0 c0=t133 c1=IDLE0
3267 core=0 delete 9 t129 r=0 y=0 c0=t133 c1=IDLE0
3268 core=0 noop r=0 y=0 c0=t133 c1=IDLE0
3269 core=1 noop r=0 y=0 c0=t133 c1=IDLE0
3270 core=1 resume t134 r=0 y=0 c0=t133 c1=IDLE0
3271 core=1 prio t131 3 r=0 y=0 c0=t133 c1=IDLE0
3272 core=0 noop r=0 y=0 c0=t133 c1=IDLE0
3273 core=1 noop r=0 y=0 c0=t133 c1=IDLE0
3274 core=0 give_isr r=0 y=0 c0=t133 c1=IDLE0
3275 core=0 take t133 r=1 y=0 c0=t133 c1=IDLE0
3276 core=1 noop r=0 y=0 c0=t133 c1=IDLE0
3277 core=1 noop r=0 y=0 c0=t133 c1=IDLE0
3278 core=0 delay t133 4 r=0 y=1 c0=t134 c1=IDLE0
3279 core=1 noop r=0 y=0 c0=t134 c1=IDLE0
3280 core=0 noop r=0 y=0 c0=t134 c1=IDLE0
3281 core=0 suspend t131 r=0 y=0 c0=t134 c1=IDLE0
3282 core=0 delay t134 3 r=0 y=1 c0=IDLE1 c1=IDLE0
3283 core=1 give_isr r=1 y=0 c0=IDLE1 c1=IDLE0
3284 core=1 create 1 t135 p2 r=1 y=2 c0=IDLE1 c1=t135
3285 core=1 yield r=0 y=2 c0=IDLE1 c1=t135
3286 core=0 noop r=0 y=0 c0=IDLE1 c1=t135
3287 core=1 noop r=0 y=0 c0=IDLE1 c1=t135
3288 core=1 give r=0 y=0 c0=IDLE1 c1=t135
3289 core=1 noop r=0 y=0 c0=IDLE1 c1=t135
3290 core=0 tick r=1 y=1 c0=IDLE0 c1=t135
3291 core=0 resume t133 r=0 y=0 c0=IDLE0 c1=t135
3292 core=0 prio t134 1 r=0 y=0 c0=IDLE0 c1=t135
3293 core=0 prio t132 2 r=0 y=0 c0=IDLE0 c1=t135
3294 core=1 noop r=0 y=0 c0=IDLE0 c1=t135
3295 core=1 noop r=0 y=0 c0=IDLE0 c1=t135
3296 core=0 tick r=1 y=1 c0=IDLE1 c1=t135
3297 core=0 tick r=1 y=1 c0=t134 c1=t135
3298 core=1 take t135 r=1 y=0 c0=t134 c1=t135
3299 core=0 tick r=0 y=0 c0=t134 c1=t135
3300 core=0 tick r=0 y=0 c0=t134 c1=t135
3301 core=0 create 8 t136 p1 r=1 y=0 c0=t134 c1=t135
3302 core=0 give r=1 y=0 c0=t134 c1=t135
3303 core=1 give r=0 y=0 c0=t134 c1=t135
3304 core=0 resume t132 r=0 y=1 c0=t132 c1=t135
3305 core=1 prio t136 1 r=0 y=0 c0=t132 c1=t135
3306 core=1 noop r=0 y=0 c0=t132 c1=t135
3307 core=1 delete 6 t131 r=0 y=0 c0=t132 c1=t135
3308 core=0 tick r=1 y=3 c0=t132 c1=t135
3309 core=1 prio t133 0 r=0 y=0 c0=t132 c1=t135
3310 core=0 noop r=0 y=0 c0=t132 c1=t135
3311 core=1 give_isr r=0 y=0 c0=t132 c1=t135
3312 core=1 give r=0 y=0 c0=t132 c1=t135
3313 core=0 yield r=0 y=1 c0=t132 c1=t135
3314 core=0 yield r=0 y=1 c0=t132 c1=t135
3315 core=1 noop r=0 y=0 c0=t132 c1=t135
3316 core=0 suspend t132 r=0 y=1 c0=t136 c1=t135
3317 core=1 give_isr r=0 y=0 c0=t136 c1=t135
3318 core=1 suspend t135 r=0 y=2 c0=t136 c1=t134
3319 core=1 noop r=0 y=0 c0=t136 c1=t134
3320 core=0 prio t135 2 r=0 y=0 c0=t136 c1=t134
3321 core=1 noop r=0 y=0 c0=t136 c1=t134
3322 core=1 give r=0 y=0 c0=t136 c1=t134
3323 core=0 noop r=0 y=0 c0=t136 c1=t134
3324 core=0 give r=0 y=0 c0=t136 c1=t134
3325 core=1 take t134 r=1 y=0 c0=t136 c1=t134
3326 core=0 give r=1 y=0 c0=t136 c1=t134
3327 core=0 yield r=0 y=1 c0=t136 c1=t134
3328 core=1 create 0 t137 p0 r=1 y=0 c0=t136 c1=t134
3329 core=0 noop r=0 y=0 c0=t136 c1=t134
3330 core=1 give_isr r=0 y=0 c0=t136 c1=t134
3331 core=0 noop r=0 y=0 c0=t136 c1=t134
3332 core=0 tick r=1 y=3 c0=t136 c1=t134
3333 core=0 suspend t134 r=0 y=2 c0=t136 c1=IDLE0
3334 core=0 tick r=0 y=2 c0=t136 c1=IDLE1
3335 core=1 prio t135 3 r=0 y=0 c0=t136 c1=IDLE1
3336 core=1 resume t134 r=0 y=2 c0=t136 c1=t134
3337 core=1 prio t134 1 r=0 y=0 c0=t136 c1=t134
3338 core=1 delay t134 1 r=0 y=2 c0=t136 c1=t133
3339 core=1 resume t133 r=0 y=0 c0=t136 c1=t133
3340 core=0 create 9 t138 p0 r=1 y=0 c0=t136 c1=t133
3341 core=1 delete 9 t138 r=0 y=0 c0=t136 c1=t133
3342 core=0 delete 4 t133 r=0 y=2 c0=t136 c1=t137
3343 core=0 take t136 r=1 y=0 c0=t136 c1=t137
3344 core=1 delay t137 1 r=0 y=2 c0=t136 c1=IDLE0
3345 core=0 tick r=1 y=3 c0=t134 c1=t136
3346 core=0 give_isr r=1 y=0 c0=t134 c1=t136
3347 core=0 tick r=1 y=3 c0=t134 c1=t136
3348 core=1 noop r=0 y=0 c0=t134 c1=t136
3349 core=1 noop r=0 y=0 c0=t134 c1=t136
3350 core=1 give r=0 y=0 c0=t134 c1=t136
3351 core=0 noop r=0 y=0 c0=t134 c1=t136
3352 core=0 noop r=0 y=0 c0=t134 c1=t136
3353 core=1 suspend t132 r=0 y=0 c0=t134 c1=t136
3354 core=0 give_isr r=0 y=0 c0=t134 c1=t136
3355 core=1 suspend t134 r=0 y=1 c0=IDLE1 c1=t136
3356 core=1 noop r=0 y=0 c0=IDLE1 c1=t136
3357 core=0 resume t137 r=0 y=0 c0=IDLE1 c1=t136
3358 core=1 give r=0 y=0 c0=IDLE1 c1=t136
3359 core=1 resume t136 r=0 y=0 c0=IDLE1 c1=t136
3360 core=0 tick r=1 y=1 c0=t137 c1=t136
3361 core=0 tick r=1 y=1 c0=IDLE0 c1=t136
3362 core=0 noop r=0 y=0 c0=IDLE0 c1=t136
3363 core=0 give r=0 y=0 c0=IDLE0 c1=t136
3364 core=1 prio t134 0 r=0 y=0 c0=IDLE0 c1=t136
3365 core=1 noop r=0 y=0 c0=IDLE0 c1=t136
3366 core=1 resume t135 r=0 y=1 c0=t135 c1=t136
3367 core=0 give r=0 y=0 c0=t135 c1=t136
3368 core=1 give r=0 y=0 c0=t135 c1=t136
3369 core=0 suspend t136 r=0 y=2 c0=t135 c1=IDLE1
3370 core=0 noop r=0 y=0 c0=t135 c1=IDLE1
3371 core=0 delay t135 4 r=0 y=1 c0=t137 c1=IDLE1
3372 core=1 noop r=0 y=0 c0=t137 c1=IDLE1
3373 core=0 noop r=0 y=0 c0=t137 c1=IDLE1
3374 core=0 noop r=0 y=0 c0=t137 c1=IDLE1
3375 core=0 noop r=0 y=0 c0=t137 c1=IDLE1
3376 core=0 suspend t136 r=0 y=0 c0=t137 c1=IDLE1
3377 core=0 take t137 r=1 y=0 c0=t137 c1=IDLE1
3378 core=1 noop r=0 y=0 c0=t137 c1=IDLE1
3379 core=0 give r=1 y=0 c0=t137 c1=IDLE1
3380 core=0 give_isr r=0 y=0 c0=t137 c1=IDLE1
3381 core=0 tick r=1 y=3 c0=IDLE0 c1=t137
3382 core=0 noop r=0 y=0 c0=IDLE0 c1=t137
3383 core=0 give r=0 y=0 c0=IDLE0 c1=t137
3384 core=0 give r=0 y=0 c0=IDLE0 c1=t137
3385 core=0 tick r=1 y=3 c0=IDLE1 c1=IDLE0
3386 core=0 noop r=0 y=0 c0=IDLE1 c1=IDLE0
3387 core=0 noop r=0 y=0 c0=IDLE1 c1=IDLE0
3388 core=0 noop r=0 y=0 c0=IDLE1 c1=IDLE0
3389 core=1 give_isr r=0 y=0 c0=IDLE1 c1=IDLE0
3390 core=0 prio t136 1 r=0 y=0 c0=IDLE1 c1=IDLE0
3391 core=0 tick r=1 y=3 c0=t137 c1=IDLE1
3392 core=0 tick r=1 y=3 c0=t135 c1=IDLE0
3393 core=0 suspend t134 r=0 y=0 c0=t135 c1=IDLE0
3394 core=1 resume t134 r=0 y=2 c0=t135 c1=t137
3395 core=0 noop r=0 y=0 c0=t135 c1=t137
3396 core=0 resume t135 r=0 y=0 c0=t135 c1=t137
3397 core=1 noop r=0 y=0 c0=t135 c1=t137
3398 core=0 suspend t135 r=0 y=1 c0=IDLE1 c1=t137
3399 core=0 noop r=0 y=0 c0=IDLE1 c1=t137
3400 core=0 noop r=0 y=0 c0=IDLE1 c1=t137
3401 core=0 give_isr r=0 y=0 c0=IDLE1 c1=t137
3402 core=1 noop r=0 y=0 c0=IDLE1 c1=t137
3403 core=1 delete 1 t135 r=0 y=0 c0=IDLE1 c1=t137
3404 core=0 tick r=1 y=3 c0=t134 c1=IDLE0
3405 core=1 noop r=0 y=0 c0=t134 c1=IDLE0
3406 core=0 tick r=1 y=3 c0=IDLE1 c1=t137
3407 core=0 resume t132 r=0 y=1 c0=t132 c1=t137
3408 core=0 take t132 r=1 y=0 c0=t132 c1=t137
3409 core=0 delay t132 5 r=0 y=1 c0=t134 c1=t137
3410 core=0 noop r=0 y=0 c0=t134 c1=t137
3411 core=0 take t134 r=0 y=0 c0=t134 c1=t137
3412 core=1 yield r=0 y=2 c0=t134 c1=IDLE0
3413 core=1 noop r=0 y=0 c0=t134 c1=IDLE0
3414 core=1 suspend t134 r=0 y=1 c0=IDLE1 c1=IDLE0
3415 core=1 noop r=0 y=0 c0=IDLE1 c1=IDLE0
3416 core=0 noop r=0 y=0 c0=IDLE1 c1=IDLE0
3417 core=1 noop r=0 y=0 c0=IDLE1 c1=IDLE0
3418 core=1 noop r=0 y=0 c0=IDLE1 c1=IDLE0
3419 core=1 prio t134 2 r=0 y=0 c0=IDLE1 c1=IDLE0
3420 core=1 noop r=0 y=0 c0=IDLE1 c1=IDLE0
3421 core=1 resume t134 r=0 y=2 c0=IDLE1 c1=t134
3422 core=0 delete 8 t136 r=0 y=0 c0=IDLE1 c1=t134
3423 core=0 tick r=1 y=1 c0=t137 c1=t134
3424 core=0 noop r=0 y=0 c0=t137 c1=t134
3425 core=0 noop r=0 y=0 c0=t137 c1=t134
3426 core=0 create 6 t139 p2 r=1 y=1 c0=t139 c1=t134
3427 core=1 take t134 r=0 y=0 c0=t139 c1=t134
3428 core=0 give r=1 y=0 c0=t139 c1=t134
3429 core=1 noop r=0 y=0 c0=t139 c1=t134
3430 core=1 take t134 r=1 y=0 c0=t139 c1=t134
3431 core=1 prio t137 0 r=0 y=0 c0=t139 c1=t134
3432 core=1 take t134 r=0 y=0 c0=t139 c1=t134
3433 core=1 suspend t137 r=0 y=0 c0=t139 c1=t134
3434 core=0 noop r=0 y=0 c0=t139 c1=t134
3435 core=1 give_isr r=1 y=0 c0=t139 c1=t134
3436 core=0 delete 5 t134 r=0 y=2 c0=t139 c1=IDLE0
3437 core=1 noop r=0 y=0 c0=t139 c1=IDLE0
3438 core=0 tick r=0 y=2 c0=t139 c1=IDLE1
3439 core=1 give_isr r=0 y=0 c0=t139 c1=IDLE1
3440 core=1 noop r=0 y=0 c0=t139 c1=IDLE1
3441 core=0 suspend t137 r=0 y=0 c0=t139 c1=IDLE1
3442 core=0 tick r=0 y=2 c0=t139 c1=IDLE0
3443 core=0 noop r=0 y=0 c0=t139 c1=IDLE0
3444 core=1 noop r=0 y=0 c0=t139 c1=IDLE0
3445 core=1 give r=0 y=0 c0=t139 c1=IDLE0
3446 core=0 noop r=0 y=0 c0=t139 c1=IDLE0
3447 core=1 suspend t132 r=0 y=0 c0=t139 c1=IDLE0
3448 core=1 noop r=0 y=0 c0=t139 c1=IDLE0
3449 core=0 noop r=0 y=0 c0=t139 c1=IDLE0
3450 core=1 noop r=0 y=0 c0=t139 c1=IDLE0
3451 core=1 noop r=0 y=0 c0=t139 c1=IDLE0
3452 core=0 give_isr r=0 y=0 c0=t139 c1=IDLE0
3453 core=1 noop r=0 y=0 c0=t139 c1=IDLE0
3454 core=1 give r=0 y=0 c0=t139 c1=IDLE0
3455 core=1 yield r=0 y=2 c0=t139 c1=IDLE1
3456 core=0 noop r=0 y=0 c0=t139 c1=IDLE1
3457 core=0 create 7 t140 p1 r=1 y=2 c0=t139 c1=t140
3458 core=0 noop r=0 y=0 c0=t139 c1=t140
3459 core=1 delete 0 t137 r=0 y=0 c0=t139 c1=t140
3460 core=1 noop r=0 y=0 c0=t139 c1=t140
3461 core=0 tick r=0 y=0 c0=t139 c1=t140
3462 core=0 delay t139 4 r=0 y=1 c0=IDLE0 c1=t140
3463 core=1 noop r=0 y=0 c0=IDLE0 c1=t140
3464 core=1 take t140 r=1 y=0 c0=IDLE0 c1=t140
3465 core=1 noop r=0 y=0 c0=IDLE0 c1=t140
3466 core=0 tick r=1 y=1 c0=IDLE1 c1=t140
3467 core=0 noop r=0 y=0 c0=IDLE1 c1=t140
3468 core=1 take t140 r=0 y=0 c0=IDLE1 c1=t140
3469 core=0 delete 6 t139 r=0 y=0 c0=IDLE1 c1=t140
3470 core=1 delay t140 2 r=0 y=2 c0=IDLE1 c1=IDLE0
3471 core=0 tick r=1 y=3 c0=IDLE1 c1=IDLE0
3472 core=1 noop r=0 y=0 c0=IDLE1 c1=IDLE0
3473 core=1 delete 7 t140 r=0 y=0 c0=IDLE1 c1=IDLE0
3474 core=0 give r=1 y=0 c0=IDLE1 c1=IDLE0
3475 core=0 tick r=1 y=3 c0=IDLE1 c1=IDLE0
3476 core=1 resume t132 r=0 y=2 c0=IDLE1 c1=t132
3477 core=0 noop r=0 y=0 c0=IDLE1 c1=t132
3478 core=1 give r=0 y=0 c0=IDLE1 c1=t132
3479 core=1 yield r=0 y=2 c0=IDLE1 c1=t132
3480 core=1 noop r=0 y=0 c0=IDLE1 c1=t132
3481 core=1 noop r=0 y=0 c0=IDLE1 c1=t132
3482 core=1 give r=0 y=0 c0=IDLE1 c1=t132
3483 core=1 create 1 t141 p0 r=1 y=1 c0=IDLE0 c1=t132
3484 core=0 noop r=0 y=0 c0=IDLE0 c1=t132
3485 core=1 noop r=0 y=0 c0=IDLE0 c1=t132
3486 core=0 yield r=0 y=1 c0=t141 c1=t132
3487 core=0 tick r=1 y=1 c0=IDLE1 c1=t132
3488 core=0 give_isr r=0 y=0 c0=IDLE1 c1=t132
3489 core=0 prio t141 0 r=0 y=0 c0=IDLE1 c1=t132
3490 core=0 tick r=1 y=1 c0=IDLE0 c1=t132
3491 core=0 noop r=0 y=0 c0=IDLE0 c1=t132
3492 core=0 give_isr r=0 y=0 c0=IDLE0 c1=t132
3493 core=0 noop r=0 y=0 c0=IDLE0 c1=t132
3494 core=0 noop r=0 y=0 c0=IDLE0 c1=t132
3495 core=1 delay t132 5 r=0 y=2 c0=IDLE0 c1=t141
3496 core=1 delay t141 2 r=0 y=2 c0=IDLE0 c1=IDLE1
3497 core=1 yield r=0 y=2 c0=IDLE0 c1=IDLE1
3498 core=1 noop r=0 y=0 c0=IDLE0 c1=IDLE1
3499 core=0 suspend t141 r=0 y=0 c0=IDLE0 c1=IDLE1
3500 core=1 give r=0 y=0 c0=IDLE0 c1=IDLE1
3501 core=0 tick r=1 y=3 c0=IDLE0 c1=IDLE1
3502 core=0 yield r=0 y=1 c0=IDLE0 c1=IDLE1
3503 core=0 noop r=0 y=0 c0=IDLE0 c1=IDLE1
3504 core=1 create 5 t142 p1 r=1 y=2 c0=IDLE0 c1=t142
3505 core=1 noop r=0 y=0 c0=IDLE0 c1=t142
3506 core=1 noop r=0 y=0 c0=IDLE0 c1=t142
3507 core=1 give r=0 y=0 c0=IDLE0 c1=t142
3508 core=1 noop r=0 y=0 c0=IDLE0 c1=t142
3509 core=1 noop r=0 y=0 c0=IDLE0 c1=t142
3510 core=0 noop r=0 y=0 c0=IDLE0 c1=t142
3511 core=0 noop r=0 y=0 c0=IDLE0 c1=t142
3512 core=0 give r=0 y=0 c0=IDLE0 c1=t142
3513 core=0 give r=0 y=0 c0=IDLE0 c1=t142
3514 core=1 yield r=0 y=2 c0=IDLE0 c1=t142
3515 core=0 noop r=0 y=0 c0=IDLE0 c1=t142
3516 core=1 noop r=0 y=0 c0=IDLE0 c1=t142
3517 core=1 delete 1 t141 r=0 y=0 c0=IDLE0 c1=t142
3518 core=1 create 6 t143 p2 r=1 y=1 c0=t143 c1=t142
3519 core=0 take t143 r=1 y=0 c0=t143 c1=t142
3520 core=0 create 1 t144 p2 r=1 y=2 c0=t143 c1=t144
3521 core=1 delay t144 1 r=0 y=2 c0=t143 c1=t142
3522 core=1 noop r=0 y=0 c0=t143 c1=t142
3523 core=0 prio t144 1 r=0 y=0 c0=t143 c1=t142
3524 core=0 tick r=0 y=2 c0=t143 c1=t144
3525 core=1 noop r=0 y=0 c0=t143 c1=t144
3526 core=0 delay t143 3 r=0 y=1 c0=t142 c1=t144
3527 core=0 create 8 t145 p3 r=1 y=2 c0=t142 c1=t145
3528 core=1 create 0 t146 p2 r=1 y=1 c0=t146 c1=t145
3529 core=0 delay t146 3 r=0 y=1 c0=t144 c1=t145
3530 core=0 noop r=0 y=0 c0=t144 c1=t145
3531 core=0 prio t146 3 r=0 y=0 c0=t144 c1=t145
3532 core=1 noop r=0 y=0 c0=t144 c1=t145
3533 core=0 prio t143 2 r=0 y=0 c0=t144 c1=t145
3534 core=1 give r=1 y=0 c0=t144 c1=t145
3535 core=0 take t144 r=1 y=0 c0=t144 c1=t145
3536 core=0 prio t143 2 r=0 y=0 c0=t144 c1=t145
3537 core=1 noop r=0 y=0 c0=t144 c1=t145
3538 core=0 tick r=1 y=1 c0=t142 c1=t145
3539 core=1 delay t145 1 r=0 y=2 c0=t142 c1=t144
3540 core=0 resume t143 r=0 y=0 c0=t142 c1=t144
3541 core=0 take t142 r=0 y=0 c0=t142 c1=t144
3542 core=0 yield r=0 y=1 c0=t142 c1=t144
3543 core=0 give_isr r=1 y=0 c0=t142 c1=t144
3544 core=1 create 9 t147 p3 r=1 y=2 c0=t142 c1=t147
3545 core=0 yield r=0 y=1 c0=t144 c1=t147
3546 core=0 give r=0 y=0 c0=t144 c1=t147
3547 core=0 give r=0 y=0 c0=t144 c1=t147
3548 core=1 noop r=0 y=0 c0=t144 c1=t147
3549 core=0 noop r=0 y=0 c0=t144 c1=t147
3550 core=1 noop r=0 y=0 c0=t144 c1=t147
3551 core=1 delay t147 2 r=0 y=2 c0=t144 c1=t142
3552 core=1 delete 3 t132 r=0 y=0 c0=t144 c1=t142
3553 core=0 prio t144 3 r=0 y=0 c0=t144 c1=t142
3554 core=0 delay t144 5 r=0 y=1 c0=IDLE1 c1=t142
3555 core=1 suspend t147 r=0 y=0 c0=IDLE1 c1=t142
3556 core=1 delay t142 2 r=0 y=2 c0=IDLE1 c1=IDLE0
3557 core=0 noop r=0 y=0 c0=IDLE1 c1=IDLE0
3558 core=0 resume t142 r=0 y=0 c0=IDLE1 c1=IDLE0
3559 core=0 give r=0 y=0 c0=IDLE1 c1=IDLE0
3560 core=0 suspend t147 r=0 y=0 c0=IDLE1 c1=IDLE0
3561 core=0 tick r=1 y=3 c0=t145 c1=IDLE1
3562 core=1 noop r=0 y=0 c0=t145 c1=IDLE1
3563 core=1 noop r=0 y=0 c0=t145 c1=IDLE1
3564 core=0 delete 0 t146 r=0 y=0 c0=t145 c1=IDLE1
3565 core=1 give r=0 y=0 c0=t145 c1=IDLE1
3566 core=1 noop r=0 y=0 c0=t145 c1=IDLE1
3567 core=1 resume t143 r=0 y=0 c0=t145 c1=IDLE1
3568 core=0 give r=0 y=0 c0=t145 c1=IDLE1
3569 core=1 noop r=0 y=0 c0=t145 c1=IDLE1
3570 core=0 create 4 t148 p2 r=1 y=2 c0=t145 c1=t148
3571 core=1 delay t148 2 r=0 y=2 c0=t145 c1=IDLE0
3572 core=0 tick r=0 y=2 c0=t145 c1=t143
3573 core=1 give_isr r=0 y=0 c0=t145 c1=t143
3574 core=0 give_isr r=0 y=0 c0=t145 c1=t143
3575 core=0 take t145 r=1 y=0 c0=t145 c1=t143
3576 core=0 noop r=0 y=0 c0=t145 c1=t143
3577 core=1 delay t143 2 r=0 y=2 c0=t145 c1=t142
3578 core=1 give r=1 y=0 c0=t145 c1=t142
3579 core=0 resume t145 r=0 y=0 c0=t145 c1=t142
3580 core=1 noop r=0 y=0 c0=t145 c1=t142
3581 core=1 noop r=0 y=0 c0=t145 c1=t142
3582 core=0 noop r=0 y=0 c0=t145 c1=t142
3583 core=1 prio t145 3 r=0 y=0 c0=t145 c1=t142
3584 core=1 noop r=0 y=0 c0=t145 c1=t142
3585 core=0 noop r=0 y=0 c0=t145 c1=t142
3586 core=0 yield r=0 y=1 c0=t145 c1=t142
3587 core=0 tick r=0 y=2 c0=t145 c1=t148
3588 core=0 noop r=0 y=0 c0=t145 c1=t148
3589 core=1 give r=0 y=0 c0=t145 c1=t148
3590 core=0 suspend t142 r=0 y=0 c0=t145 c1=t148
3591 core=1 give r=0 y=0 c0=t145 c1=t148
3592 core=0 yield r=0 y=1 c0=t145 c1=t148
3593 core=1 noop r=0 y=0 c0=t145 c1=t148
3594 core=0 take t145 r=1 y=0 c0=t145 c1=t148
3595 core=0 noop r=0 y=0 c0=t145 c1=t148
3596 core=1 take t148 r=0 y=0 c0=t145 c1=t148
3597 core=0 tick r=0 y=2 c0=t145 c1=t143
3598 core=1 prio t147 0 r=0 y=0 c0=t145 c1=t143
3599 core=0 noop r=0 y=0 c0=t145 c1=t143
3600 core=1 give_isr r=1 y=0 c0=t145 c1=t143
3601 core=1 delay t143 4 r=0 y=2 c0=t145 c1=t148
3602 core=1 noop r=0 y=0 c0=t145 c1=t148
3603 core=1 suspend t142 r=0 y=0 c0=t145 c1=t148
3604 core=1 prio t143 0 r=0 y=0 c0=t145 c1=t148
3605 core=1 create 7 t149 p3 r=1 y=2 c0=t145 c1=t149
3606 core=1 give_isr r=0 y=0 c0=t145 c1=t149
3607 core=1 yield r=0 y=2 c0=t145 c1=t149
3608 core=0 take t145 r=1 y=0 c0=t145 c1=t149
3609 core=0 give_isr r=1 y=0 c0=t145 c1=t149
3610 core=0 suspend t147 r=0 y=0 c0=t145 c1=t149
3611 core=1 resume t148 r=0 y=0 c0=t145 c1=t149
3612 core=0 noop r=0 y=0 c0=t145 c1=t149
3613 core=0 delay t145 5 r=0 y=1 c0=t148 c1=t149
3614 core=1 give_isr r=0 y=0 c0=t148 c1=t149
3615 core=1 delay t149 3 r=0 y=2 c0=t148 c1=IDLE1
3616 core=0 give r=0 y=0 c0=t148 c1=IDLE1
3617 core=1 noop r=0 y=0 c0=t148 c1=IDLE1
3618 core=1 noop r=0 y=0 c0=t148 c1=IDLE1
3619 core=0 noop r=0 y=0 c0=t148 c1=IDLE1
3620 core=0 delete 1 t144 r=0 y=0 c0=t148 c1=IDLE1
3621 core=0 give_isr r=0 y=0 c0=t148 c1=IDLE1
3622 core=1 suspend t149 r=0 y=0 c0=t148 c1=IDLE1
3623 core=0 resume t145 r=0 y=0 c0=t148 c1=IDLE1
3624 core=1 noop r=0 y=0 c0=t148 c1=IDLE1
3625 core=1 noop r=0 y=0 c0=t148 c1=IDLE1
3626 core=1 delete 6 t143 r=0 y=0 c0=t148 c1=IDLE1
3627 core=0 give r=0 y=0 c0=t148 c1=IDLE1
3628 core=1 noop r=0 y=0 c0=t148 c1=IDLE1
3629 core=0 tick r=0 y=2 c0=t148 c1=IDLE0
3630 core=0 delay t148 5 r=0 y=1 c0=IDLE1 c1=IDLE0
3631 core=0 give r=0 y=0 c0=IDLE1 c1=IDLE0
3632 core=0 noop r=0 y=0 c0=IDLE1 c1=IDLE0
3633 core=1 noop r=0 y=0 c0=IDLE1 c1=IDLE0
3634 core=0 noop r=0 y=0 c0=IDLE1 c1=IDLE0
3635 core=1 give r=0 y=0 c0=IDLE1 c1=IDLE0
3636 core=1 noop r=0 y=0 c0=IDLE1 c1=IDLE0
3637 core=1 noop r=0 y=0 c0=IDLE1 c1=IDLE0
3638 core=1 prio t142 1 r=0 y=0 c0=IDLE1 c1=IDLE0
3639 core=0 resume t147 r=0 y=2 c0=IDLE1 c1=t147
3640 core=0 noop r=0 y=0 c0=IDLE1 c1=t147
3641 core=1 noop r=0 y=0 c0=IDLE1 c1=t147
3642 core=1 noop r=0 y=0 c0=IDLE1 c1=t147
3643 core=1 noop r=0 y=0 c0=IDLE1 c1=t147
3644 core=1 take t147 r=1 y=0 c0=IDLE1 c1=t147
3645 core=0 tick r=1 y=3 c0=IDLE0 c1=IDLE1
3646 core=0 noop r=0 y=0 c0=IDLE0 c1=IDLE1
3647 core=1 delete 4 t148 r=0 y=0 c0=IDLE0 c1=IDLE1
3648 core=0 noop r=0 y=0 c0=IDLE0 c1=IDLE1
3649 core=0 noop r=0 y=0 c0=IDLE0 c1=IDLE1
3650 core=1 noop r=0 y=0 c0=IDLE0 c1=IDLE1
3651 core=0 give r=1 y=0 c0=IDLE0 c1=IDLE1
3652 core=0 tick r=1 y=3 c0=t147 c1=IDLE0
3653 core=1 resume t147 r=0 y=0 c0=t147 c1=IDLE0
3654 core=0 tick r=1 y=3 c0=IDLE1 c1=t147
3655 core=0 noop r=0 y=0 c0=IDLE1 c1=t147
3656 core=0 noop r=0 y=0 c0=IDLE1 c1=t147
3657 core=1 create 2 t150 p1 r=1 y=1 c0=t150 c1=t147
3658 core=1 noop r=0 y=0 c0=t150 c1=t147
3659 core=1 yield r=0 y=2 c0=t150 c1=IDLE0
3660 core=0 prio t149 2 r=0 y=0 c0=t150 c1=IDLE0
3661 core=0 prio t145 2 r=0 y=0 c0=t150 c1=IDLE0
3662 core=1 create 6 t151 p0 r=1 y=2 c0=t150 c1=IDLE1
3663 core=0 yield r=0 y=1 c0=t150 c1=IDLE1
3664 core=0 resume t142 r=0 y=2 c0=t150 c1=t142
3665 core=1 noop r=0 y=0 c0=t150 c1=t142
3666 core=0 yield r=0 y=1 c0=t150 c1=t142
3667 core=1 delay t142 1 r=0 y=2 c0=t150 c1=t147
3668 core=1 noop r=0 y=0 c0=t150 c1=t147
3669 core=0 delete 9 t147 r=0 y=2 c0=t150 c1=t151
3670 core=0 noop r=0 y=0 c0=t150 c1=t151
3671 core=0 suspend t149 r=0 y=0 c0=t150 c1=t151
3672 core=0 resume t142 r=0 y=0 c0=t150 c1=t151
3673 core=0 delay t150 2 r=0 y=1 c0=IDLE0 c1=t151
3674 core=0 noop r=0 y=0 c0=IDLE0 c1=t151
3675 core=1 give r=0 y=0 c0=IDLE0 c1=t151
3676 core=1 take t151 r=1 y=0 c0=IDLE0 c1=t151
3677 core=1 delay t151 4 r=0 y=2 c0=IDLE0 c1=IDLE1
3678 core=1 give r=1 y=0 c0=IDLE0 c1=IDLE1
3679 core=0 give_isr r=0 y=0 c0=IDLE0 c1=IDLE1
3680 core=0 noop r=0 y=0 c0=IDLE0 c1=IDLE1
3681 core=1 give r=0 y=0 c0=IDLE0 c1=IDLE1
3682 core=0 tick r=1 y=3 c0=t145 c1=t142
3683 core=0 tick r=0 y=2 c0=t145 c1=t150
3684 core=1 take t150 r=1 y=0 c0=t145 c1=t150
3685 core=1 noop r=0 y=0 c0=t145 c1=t150
3686 core=1 noop r=0 y=0 c0=t145 c1=t150
3687 core=0 give_isr r=1 y=0 c0=t145 c1=t150
3688 core=1 noop r=0 y=0 c0=t145 c1=t150
3689 core=1 yield r=0 y=2 c0=t145 c1=t142
3690 core=0 prio t149 1 r=0 y=0 c0=t145 c1=t142
3691 core=0 prio t142 1 r=0 y=0 c0=t145 c1=t142
3692 core=0 noop r=0 y=0 c0=t145 c1=t142
3693 core=0 yield r=0 y=1 c0=t145 c1=t142
3694 core=1 give r=0 y=0 c0=t145 c1=t142
3695 core=0 tick r=0 y=2 c0=t145 c1=t150
3696 core=0 take t145 r=1 y=0 c0=t145 c1=t150
3697 core=0 prio t145 2 r=0 y=0 c0=t145 c1=t150
3698 core=0 resume t151 r=0 y=0 c0=t145 c1=t150
3699 core=0 take t145 r=0 y=0 c0=t145 c1=t150
3700 core=0 noop r=0 y=0 c0=t145 c1=t150
3701 core=1 take t150 r=0 y=0 c0=t145 c1=t150
3702 core=1 delay t150 4 r=0 y=2 c0=t145 c1=t142
3703 core=1 yield r=0 y=2 c0=t145 c1=t142
3704 core=0 tick r=0 y=0 c0=t145 c1=t142
3705 core=0 tick r=0 y=0 c0=t145 c1=t142
3706 core=0 delete 5 t142 r=0 y=2 c0=t145 c1=IDLE0
3707 core=1 noop r=0 y=0 c0=t145 c1=IDLE0
3708 core=0 give r=1 y=0 c0=t145 c1=IDLE0
3709 core=0 noop r=0 y=0 c0=t145 c1=IDLE0
3710 core=0 delay t145 5 r=0 y=1 c0=IDLE1 c1=IDLE0
3711 core=1 noop r=0 y=0 c0=IDLE1 c1=IDLE0
3712 core=0 noop r=0 y=0 c0=IDLE1 c1=IDLE0
3713 core=1 noop r=0 y=0 c0=IDLE1 c1=IDLE0
3714 core=1 yield r=0 y=2 c0=IDLE1 c1=t151
3715 core=1 delay t151 3 r=0 y=2 c0=IDLE1 c1=IDLE0
3716 core=0 tick r=1 y=3 c0=IDLE1 c1=IDLE0
3717 core=1 noop r=0 y=0 c0=IDLE1 c1=IDLE0
3718 core=1 noop r=0 y=0 c0=IDLE1 c1=IDLE0
3719 core=0 noop r=0 y=0 c0=IDLE1 c1=IDLE0
3720 core=0 noop r=0 y=0 c0=IDLE1 c1=IDLE0
3721 core=0 tick r=1 y=3 c0=t150 c1=IDLE1
3722 core=1 give r=0 y=0 c0=t150 c1=IDLE1
3723 core=0 noop r=0 y=0 c0=t150 c1=IDLE1
3724 core=0 take t150 r=1 y=0 c0=t150 c1=IDLE1
3725 core=1 noop r=0 y=0 c0=t150 c1=IDLE1
3726 core=0 noop r=0 y=0 c0=t150 c1=IDLE1
3727 core=1 give r=1 y=0 c0=t150 c1=IDLE1
3728 core=0 give_isr r=0 y=0 c0=t150 c1=IDLE1
3729 core=1 noop r=0 y=0 c0=t150 c1=IDLE1
3730 core=0 noop r=0 y=0 c0=t150 c1=IDLE1
3731 core=0 give r=0 y=0 c0=t150 c1=IDLE1
3732 core=1 noop r=0 y=0 c0=t150 c1=IDLE1
3733 core=1 noop r=0 y=0 c0=t150 c1=IDLE1
3734 core=0 resume t150 r=0 y=0 c0=t150 c1=IDLE1
3735 core=1 noop r=0 y=0 c0=t150 c1=IDLE1
3736 core=1 noop r=0 y=0 c0=t150 c1=IDLE1
3737 core=1 create 5 t152 p1 r=1 y=2 c0=t150 c1=t152
3738 core=0 noop r=0 y=0 c0=t150 c1=t152
3739 core=1 give_isr r=0 y=0 c0=t150 c1=t152
3740 core=0 noop r=0 y=0 c0=t150 c1=t152
3741 core=0 give r=0 y=0 c0=t150 c1=t152
3742 core=0 yield r=0 y=1 c0=t150 c1=t152
3743 core=1 resume t150 r=0 y=0 c0=t150 c1=t152
3744 core=0 noop r=0 y=0 c0=t150 c1=t152
3745 core=1 delete 8 t145 r=0 y=0 c0=t150 c1=t152
3746 core=1 delay t152 1 r=0 y=2 c0=t150 c1=IDLE0
3747 core=1 suspend t149 r=0 y=0 c0=t150 c1=IDLE0
3748 core=1 create 4 t153 p1 r=1 y=2 c0=t150 c1=t153
3749 core=0 tick r=1 y=3 c0=t152 c1=t150
3750 core=0 noop r=0 y=0 c0=t152 c1=t150
3751 core=1 give_isr r=0 y=0 c0=t152 c1=t150
3752 core=0 noop r=0 y=0 c0=t152 c1=t150
3753 core=1 yield r=0 y=2 c0=t152 c1=t153
3754 core=1 noop r=0 y=0 c0=t152 c1=t153
3755 core=0 noop r=0 y=0 c0=t152 c1=t153
3756 core=0 yield r=0 y=1 c0=t150 c1=t153
3757 core=1 noop r=0 y=0 c0=t150 c1=t153
3758 core=0 noop r=0 y=0 c0=t150 c1=t153
3759 core=1 give_isr r=0 y=0 c0=t150 c1=t153
3760 core=1 noop r=0 y=0 c0=t150 c1=t153
3761 core=1 create 0 t154 p2 r=1 y=2 c0=t150 c1=t154
3762 core=1 delay t154 3 r=0 y=2 c0=t150 c1=t152
3763 core=0 take t150 r=1 y=0 c0=t150 c1=t152
3764 core=0 tick r=1 y=3 c0=t153 c1=t150
3765 core=1 give r=1 y=0 c0=t153 c1=t150
3766 core=0 resume t153 r=0 y=0 c0=t153 c1=t150
3767 core=0 noop r=0 y=0 c0=t153 c1=t150
3768 core=0 resume t149 r=0 y=0 c0=t153 c1=t150
3769 core=0 delay t153 2 r=0 y=1 c0=t152 c1=t150
3770 core=0 noop r=0 y=0 c0=t152 c1=t150
3771 core=0 tick r=1 y=3 c0=t149 c1=t152
3772 core=1 noop r=0 y=0 c0=t149 c1=t152
3773 core=1 noop r=0 y=0 c0=t149 c1=t152
3774 core=1 delay t152 3 r=0 y=2 c0=t149 c1=t150
3775 core=0 delete 5 t152 r=0 y=0 c0=t149 c1=t150
3776 core=1 take t150 r=1 y=0 c0=t149 c1=t150
3777 core=1 noop r=0 y=0 c0=t149 c1=t150
3778 core=0 delay t149 4 r=0 y=1 c0=IDLE1 c1=t150
3779 core=1 resume t150 r=0 y=0 c0=IDLE1 c1=t150
3780 core=1 delay t150 4 r=0 y=2 c0=IDLE1 c1=IDLE0
3781 core=0 tick r=1 y=3 c0=t154 c1=t153
3782 core=0 create 1 t155 p0 r=1 y=0 c0=t154 c1=t153
3783 core=1 prio t155 3 r=0 y=2 c0=t154 c1=t155
3784 core=1 create 3 t156 p1 r=1 y=0 c0=t154 c1=t155
3785 core=0 give r=1 y=0 c0=t154 c1=t155
3786 core=1 resume t151 r=0 y=0 c0=t154 c1=t155
3787 core=1 noop r=0 y=0 c0=t154 c1=t155
3788 core=0 create 9 t157 p3 r=1 y=1 c0=t157 c1=t155
3789 core=1 suspend t150 r=0 y=0 c0=t157 c1=t155
3790 core=1 resume t156 r=0 y=0 c0=t157 c1=t155
3791 core=0 give_isr r=0 y=0 c0=t157 c1=t155
3792 core=0 delay t157 3 r=0 y=1 c0=t154 c1=t155
3793 core=1 delay t155 5 r=0 y=2 c0=t154 c1=t153
3794 core=1 noop r=0 y=0 c0=t154 c1=t153
3795 core=0 resume t150 r=0 y=0 c0=t154 c1=t153
3796 core=1 noop r=0 y=0 c0=t154 c1=t153
3797 core=1 noop r=0 y=0 c0=t154 c1=t153
3798 core=1 take t153 r=1 y=0 c0=t154 c1=t153
3799 core=0 delete 2 t150 r=0 y=0 c0=t154 c1=t153
3800 core=0 give r=1 y=0 c0=t154 c1=t153
3801 core=0 delete 1 t155 r=0 y=0 c0=t154 c1=t153
3802 core=0 noop r=0 y=0 c0=t154 c1=t153
3803 core=0 tick r=0 y=2 c0=t154 c1=t156
3804 core=1 delete 0 t154 r=0 y=1 c0=t153 c1=t156
3805 core=0 noop r=0 y=0 c0=t153 c1=t156
3806 core=0 noop r=0 y=0 c0=t153 c1=t156
3807 core=1 noop r=0 y=0 c0=t153 c1=t156
3808 core=0 give_isr r=0 y=0 c0=t153 c1=t156
3809 core=1 delay t156 1 r=0 y=2 c0=t153 c1=t151
3810 core=0 give r=0 y=0 c0=t153 c1=t151
3811 core=0 yield r=0 y=1 c0=t153 c1=t151
3812 core=0 tick r=1 y=3 c0=t156 c1=t153
3813 core=0 tick r=1 y=3 c0=t157 c1=t149
3814 core=1 noop r=0 y=0 c0=t157 c1=t149
3815 core=0 noop r=0 y=0 c0=t157 c1=t149
3816 core=0 prio t157 2 r=0 y=1 c0=t157 c1=t149
3817 core=1 create 8 t158 p1 r=1 y=0 c0=t157 c1=t149
3818 core=0 yield r=0 y=1 c0=t157 c1=t149
3819 core=0 tick r=0 y=2 c0=t157 c1=t156
3820 core=1 suspend t158 r=0 y=0 c0=t157 c1=t156
3821 core=0 delay t157 1 r=0 y=1 c0=t153 c1=t156
3822 core=1 noop r=0 y=0 c0=t153 c1=t156
3823 core=0 prio t157 1 r=0 y=0 c0=t153 c1=t156
3824 core=0 delete 8 t158 r=0 y=0 c0=t153 c1=t156
3825 core=0 prio t157 3 r=0 y=0 c0=t153 c1=t156
3826 core=1 create 5 t159 p0 r=1 y=0 c0=t153 c1=t156
3827 core=0 take t153 r=1 y=0 c0=t153 c1=t156
3828 core=0 suspend t156 r=0 y=2 c0=t153 c1=t149
3829 core=0 noop r=0 y=0 c0=t153 c1=t149
3830 core=0 delay t153 4 r=0 y=1 c0=IDLE1 c1=t149
3831 core=1 take t149 r=0 y=0 c0=IDLE1 c1=t149
3832 core=1 take t149 r=0 y=0 c0=IDLE1 c1=t149
3833 core=0 noop r=0 y=0 c0=IDLE1 c1=t149
3834 core=0 noop r=0 y=0 c0=IDLE1 c1=t149
3835 core=1 take t149 r=0 y=0 c0=IDLE1 c1=t149
3836 core=0 prio t151 0 r=0 y=0 c0=IDLE1 c1=t149
3837 core=1 delay t149 3 r=0 y=2 c0=IDLE1 c1=IDLE0
3838 core=0 resume t157 r=0 y=0 c0=IDLE1 c1=IDLE0
3839 core=0 noop r=0 y=0 c0=IDLE1 c1=IDLE0
3840 core=0 suspend t153 r=0 y=0 c0=IDLE1 c1=IDLE0
3841 core=0 prio t149 0 r=0 y=0 c0=IDLE1 c1=IDLE0
3842 core=0 tick r=1 y=3 c0=t157 c1=t151
3843 core=1 resume t156 r=0 y=2 c0=t157 c1=t156
3844 core=1 noop r=0 y=0 c0=t157 c1=t156
3845 core=1 resume t159 r=0 y=0 c0=t157 c1=t156
3846 core=1 delay t156 4 r=0 y=2 c0=t157 c1=t159
3847 core=0 give r=1 y=0 c0=t157 c1=t159
3848 core=0 tick r=0 y=2 c0=t157 c1=IDLE1
3849 core=0 noop r=0 y=0 c0=t157 c1=IDLE1
3850 core=1 noop r=0 y=0 c0=t157 c1=IDLE1
3851 core=0 prio t153 0 r=0 y=0 c0=t157 c1=IDLE1
3852 core=0 tick r=0 y=2 c0=t157 c1=IDLE0
3853 core=1 noop r=0 y=0 c0=t157 c1=IDLE0
3854 core=0 delay t157 2 r=0 y=1 c0=t151 c1=IDLE0
3855 core=0 delay t151 4 r=0 y=1 c0=t159 c1=IDLE0
3856 core=1 resume t149 r=0 y=0 c0=t159 c1=IDLE0
3857 core=1 noop r=0 y=0 c0=t159 c1=IDLE0
3858 core=1 noop r=0 y=0 c0=t159 c1=IDLE0
3859 core=1 resume t149 r=0 y=0 c0=t159 c1=IDLE0
3860 core=0 noop r=0 y=0 c0=t159 c1=IDLE0
3861 core=0 tick r=1 y=3 c0=t149 c1=IDLE1
3862 core=1 noop r=0 y=0 c0=t149 c1=IDLE1
3863 core=1 prio t153 1 r=0 y=0 c0=t149 c1=IDLE1
3864 core=0 tick r=1 y=3 c0=t157 c1=t156
3865 core=0 tick r=0 y=0 c0=t157 c1=t156
3866 core=0 yield r=0 y=1 c0=t157 c1=t156
3867 core=1 delay t156 4 r=0 y=2 c0=t157 c1=t159
3868 core=1 noop r=0 y=0 c0=t157 c1=t159
3869 core=0 suspend t149 r=0 y=0 c0=t157 c1=t159
3870 core=0 delay t157 2 r=0 y=1 c0=IDLE0 c1=t159
3871 core=0 resume t149 r=0 y=1 c0=IDLE1 c1=t159
3872 core=1 delay t159 5 r=0 y=2 c0=IDLE1 c1=t149
3873 core=0 delete 9 t157 r=0 y=0 c0=IDLE1 c1=t149
3874 core=0 prio t153 0 r=0 y=0 c0=IDLE1 c1=t149
3875 core=0 create 8 t160 p0 r=1 y=1 c0=IDLE0 c1=t149
3876 core=0 give_isr r=0 y=0 c0=IDLE0 c1=t149
3877 core=0 suspend t151 r=0 y=0 c0=IDLE0 c1=t149
3878 core=0 noop r=0 y=0 c0=IDLE0 c1=t149
3879 core=0 noop r=0 y=0 c0=IDLE0 c1=t149
3880 core=1 resume t159 r=0 y=0 c0=IDLE0 c1=t149
3881 core=0 noop r=0 y=0 c0=IDLE0 c1=t149
3882 core=1 resume t153 r=0 y=1 c0=t160 c1=t149
3883 core=1 suspend t151 r=0 y=0 c0=t160 c1=t149
3884 core=0 suspend t159 r=0 y=0 c0=t160 c1=t149
3885 core=0 yield r=0 y=1 c0=IDLE1 c1=t149
3886 core=1 delete 3 t156 r=0 y=0 c0=IDLE1 c1=t149
3887 core=0 prio t149 3 r=0 y=0 c0=IDLE1 c1=t149
3888 core=0 yield r=0 y=1 c0=t153 c1=t149
3889 core=0 tick r=1 y=1 c0=IDLE0 c1=t149
3890 core=1 suspend t151 r=0 y=0 c0=IDLE0 c1=t149
3891 core=1 delay t149 1 r=0 y=2 c0=IDLE0 c1=t160
3892 core=1 delay t160 5 r=0 y=2 c0=IDLE0 c1=IDLE1
3893 core=0 prio t160 1 r=0 y=0 c0=IDLE0 c1=IDLE1
3894 core=1 give_isr r=0 y=0 c0=IDLE0 c1=IDLE1
3895 core=1 suspend t160 r=0 y=0 c0=IDLE0 c1=IDLE1
3896 core=0 noop r=0 y=0 c0=IDLE0 c1=IDLE1
3897 core=0 noop r=0 y=0 c0=IDLE0 c1=IDLE1
3898 core=0 give r=0 y=0 c0=IDLE0 c1=IDLE1
3899 core=1 noop r=0 y=0 c0=IDLE0 c1=IDLE1
3900 core=1 give r=0 y=0 c0=IDLE0 c1=IDLE1
3901 core=0 noop r=0 y=0 c0=IDLE0 c1=IDLE1
3902 core=1 noop r=0 y=0 c0=IDLE0 c1=IDLE1
3903 core=0 noop r=0 y=0 c0=IDLE0 c1=IDLE1
3904 core=0 noop r=0 y=0 c0=IDLE0 c1=IDLE1
3905 core=1 noop r=0 y=0 c0=IDLE0 c1=IDLE1
3906 core=0 tick r=1 y=3 c0=t149 c1=t153
3907 core=1 delay t153 5 r=0 y=2 c0=t149 c1=IDLE0
3908 core=1 give_isr r=0 y=0 c0=t149 c1=IDLE0
3909 core=0 noop r=0 y=0 c0=t149 c1=IDLE0
3910 core=1 noop r=0 y=0 c0=t149 c1=IDLE0
3911 core=1 noop r=0 y=0 c0=t149 c1=IDLE0
3912 core=1 noop r=0 y=0 c0=t149 c1=IDLE0
3913 core=0 tick r=0 y=2 c0=t149 c1=IDLE1
3914 core=0 tick r=0 y=2 c0=t149 c1=IDLE0
3915 core=1 noop r=0 y=0 c0=t149 c1=IDLE0
3916 core=0 delay t149 3 r=0 y=1 c0=IDLE1 c1=IDLE0
3917 core=1 yield r=0 y=2 c0=IDLE1 c1=IDLE0
3918 core=1 create 2 t161 p0 r=1 y=2 c0=IDLE1 c1=t161
3919 core=1 noop r=0 y=0 c0=IDLE1 c1=t161
3920 core=0 suspend t159 r=0 y=0 c0=IDLE1 c1=t161
3921 core=0 resume t161 r=0 y=0 c0=IDLE1 c1=t161
3922 core=1 give_isr r=0 y=0 c0=IDLE1 c1=t161
3923 core=0 suspend t160 r=0 y=0 c0=IDLE1 c1=t161
3924 core=1 delay t161 1 r=0 y=2 c0=IDLE1 c1=IDLE0
3925 core=1 noop r=0 y=0 c0=IDLE1 c1=IDLE0
3926 core=0 create 1 t162 p2 r=1 y=2 c0=IDLE1 c1=t162
3927 core=0 give r=0 y=0 c0=IDLE1 c1=t162
3928 core=0 prio t151 0 r=0 y=0 c0=IDLE1 c1=t162
3929 core=1 create 9 t163 p2 r=1 y=1 c0=t163 c1=t162
3930 core=1 noop r=0 y=0 c0=t163 c1=t162
3931 core=0 resume t163 r=0 y=0 c0=t163 c1=t162
3932 core=1 noop r=0 y=0 c0=t163 c1=t162
3933 core=0 take t163 r=1 y=0 c0=t163 c1=t162
3934 core=0 delete 9 t163 r=0 y=1 c0=IDLE0 c1=t162
3935 core=1 yield r=0 y=2 c0=IDLE0 c1=t162
3936 core=1 delay t162 4 r=0 y=2 c0=IDLE0 c1=IDLE1
3937 core=1 noop r=0 y=0 c0=IDLE0 c1=IDLE1
3938 core=0 tick r=1 y=3 c0=t161 c1=IDLE0
3939 core=1 noop r=0 y=0 c0=t161 c1=IDLE0
3940 core=0 resume t151 r=0 y=2 c0=t161 c1=IDLE1
3941 core=1 noop r=0 y=0 c0=t161 c1=IDLE1
3942 core=0 tick r=1 y=3 c0=t151 c1=IDLE0
3943 core=0 take t151 r=0 y=0 c0=t151 c1=IDLE0
3944 core=1 noop r=0 y=0 c0=t151 c1=IDLE0
3945 core=1 noop r=0 y=0 c0=t151 c1=IDLE0
3946 core=0 take t151 r=0 y=0 c0=t151 c1=IDLE0
3947 core=1 prio t159 3 r=0 y=0 c0=t151 c1=IDLE0
3948 core=0 give r=1 y=0 c0=t151 c1=IDLE0
3949 core=0 tick r=1 y=3 c0=t149 c1=t161
3950 core=0 prio t149 3 r=0 y=0 c0=t149 c1=t161
3951 core=0 tick r=0 y=2 c0=t149 c1=t162
3952 core=0 resume t149 r=0 y=0 c0=t149 c1=t162
3953 core=0 tick r=0 y=0 c0=t149 c1=t162
3954 core=0 tick r=0 y=0 c0=t149 c1=t162
3955 core=0 tick r=0 y=0 c0=t149 c1=t162
3956 core=1 prio t161 1 r=0 y=0 c0=t149 c1=t162
3957 core=0 delay t149 4 r=0 y=1 c0=t161 c1=t162
3958 core=0 give_isr r=0 y=0 c0=t161 c1=t162
3959 core=1 resume t159 r=0 y=1 c0=t159 c1=t162
3960 core=1 delete 1 t162 r=0 y=2 c0=t159 c1=t161
3961 core=1 delete 8 t160 r=0 y=0 c0=t159 c1=t161
3962 core=0 give_isr r=0 y=0 c0=t159 c1=t161
3963 core=0 noop r=0 y=0 c0=t159 c1=t161
3964 core=0 delay t159 3 r=0 y=1 c0=IDLE1 c1=t161
3965 core=1 give_isr r=0 y=0 c0=IDLE1 c1=t161
3966 core=1 noop r=0 y=0 c0=IDLE1 c1=t161
3967 core=1 delay t161 3 r=0 y=2 c0=IDLE1 c1=t153
3968 core=0 prio t149 1 r=0 y=0 c0=IDLE1 c1=t153
3969 core=1 suspend t159 r=0 y=0 c0=IDLE1 c1=t153
3970 core=0 tick r=1 y=3 c0=t151 c1=IDLE0
3971 core=0 delete 2 t161 r=0 y=0 c0=t151 c1=IDLE0
3972 core=0 create 3 t164 p3 r=1 y=2 c0=t151 c1=t164
3973 core=0 delay t151 5 r=0 y=1 c0=IDLE1 c1=t164
3974 core=0 give_isr r=0 y=0 c0=IDLE1 c1=t164
3975 core=0 delete 3 t164 r=0 y=2 c0=IDLE1 c1=t153
3976 core=0 tick r=1 y=3 c0=IDLE0 c1=IDLE1
3977 core=0 noop r=0 y=0 c0=IDLE0 c1=IDLE1
3978 core=1 give_isr r=0 y=0 c0=IDLE0 c1=IDLE1
3979 core=0 noop r=0 y=0 c0=IDLE0 c1=IDLE1
3980 core=1 suspend t149 r=0 y=0 c0=IDLE0 c1=IDLE1
3981 core=0 noop r=0 y=0 c0=IDLE0 c1=IDLE1
3982 core=0 tick r=1 y=3 c0=t153 c1=IDLE0
3983 core=1 noop r=0 y=0 c0=t153 c1=IDLE0
3984 core=1 noop r=0 y=0 c0=t153 c1=IDLE0
3985 core=1 prio t153 3 r=0 y=0 c0=t153 c1=IDLE0
3986 core=1 noop r=0 y=0 c0=t153 c1=IDLE0
3987 core=1 noop r=0 y=0 c0=t153 c1=IDLE0
3988 core=1 delete 7 t149 r=0 y=0 c0=t153 c1=IDLE0
3989 core=0 noop r=0 y=0 c0=t153 c1=IDLE0
3990 core=0 noop r=0 y=0 c0=t153 c1=IDLE0
3991 core=0 tick r=0 y=2 c0=t153 c1=IDLE1
3992 core=1 noop r=0 y=0 c0=t153 c1=IDLE1
3993 core=1 give_isr r=0 y=0 c0=t153 c1=IDLE1
3994 core=0 noop r=0 y=0 c0=t153 c1=IDLE1
3995 core=1 noop r=0 y=0 c0=t153 c1=IDLE1
3996 core=1 noop r=0 y=0 c0=t153 c1=IDLE1
3997 core=0 noop r=0 y=0 c0=t153 c1=IDLE1
3998 core=1 give r=0 y=0 c0=t153 c1=IDLE1
3999 core=0 delay t153 3 r=0 y=1 c0=IDLE0 c1=IDLE1
4000 core=1 suspend t159 r=0 y=0 c0=IDLE0 c1=IDLE1
4001 core=1 give_isr r=0 y=0 c0=IDLE0 c1=IDLE1
4002 core=1 give r=0 y=0 c0=IDLE0 c1=IDLE1
4003 core=1 noop r=0 y=0 c0=IDLE0 c1=IDLE1
4004 core=1 give_isr r=0 y=0 c0=IDLE0 c1=IDLE1
4005 core=0 noop r=0 y=0 c0=IDLE0 c1=IDLE1
4006 core=0 noop r=0 y=0 c0=IDLE0 c1=IDLE1
4007 core=0 tick r=1 y=3 c0=IDLE0 c1=IDLE1
4008 core=0 create 3 t165 p3 r=1 y=2 c0=IDLE0 c1=t165
4009 core=0 noop r=0 y=0 c0=IDLE0 c1=t165
4010 core=0 noop r=0 y=0 c0=IDLE0 c1=t165
4011 core=0 prio t165 0 r=0 y=2 c0=IDLE0 c1=IDLE1
4012 core=0 noop r=0 y=0 c0=IDLE0 c1=IDLE1
4013 core=1 noop r=0 y=0 c0=IDLE0 c1=IDLE1
4014 core=0 give_isr r=0 y=0 c0=IDLE0 c1=IDLE1
4015 core=0 tick r=1 y=3 c0=t165 c1=t151
4016 core=0 tick r=1 y=3 c0=t153 c1=IDLE0
4017 core=1 noop r=0 y=0 c0=t153 c1=IDLE0
4018 core=0 tick r=0 y=2 c0=t153 c1=IDLE1
4019 core=1 noop r=0 y=0 c0=t153 c1=IDLE1
4020 core=0 delay t153 1 r=0 y=1 c0=t165 c1=IDLE1
4021 core=1 noop r=0 y=0 c0=t165 c1=IDLE1
4022 core=1 resume t151 r=0 y=0 c0=t165 c1=IDLE1
4023 core=1 delete 3 t165 r=0 y=1 c0=t151 c1=IDLE1
4024 core=1 noop r=0 y=0 c0=t151 c1=IDLE1
4025 core=0 noop r=0 y=0 c0=t151 c1=IDLE1
4026 core=1 noop r=0 y=0 c0=t151 c1=IDLE1
4027 core=1 prio t151 3 r=0 y=0 c0=t151 c1=IDLE1
4028 core=1 resume t153 r=0 y=0 c0=t151 c1=IDLE1
4029 core=1 give_isr r=0 y=0 c0=t151 c1=IDLE1
4030 core=1 create 0 t166 p0 r=1 y=2 c0=t151 c1=IDLE0
4031 core=0 noop r=0 y=0 c0=t151 c1=IDLE0
4032 core=0 noop r=0 y=0 c0=t151 c1=IDLE0
4033 core=0 noop r=0 y=0 c0=t151 c1=IDLE0
4034 core=1 noop r=0 y=0 c0=t151 c1=IDLE0
4035 core=0 take t151 r=1 y=0 c0=t151 c1=IDLE0
4036 core=1 create 2 t167 p1 r=1 y=2 c0=t151 c1=t167
4037 core=1 resume t166 r=0 y=0 c0=t151 c1=t167
4038 core=1 noop r=0 y=0 c0=t151 c1=t167
4039 core=1 create 7 t168 p3 r=1 y=2 c0=t151 c1=t168
4040 core=0 tick r=1 y=3 c0=t153 c1=t151
4041 core=1 take t151 r=0 y=0 c0=t153 c1=t151
4042 core=1 create 9 t169 p1 r=1 y=0 c0=t153 c1=t151
4043 core=1 resume t159 r=0 y=0 c0=t153 c1=t151
4044 core=1 give r=1 y=0 c0=t153 c1=t151
4045 core=1 delay t151 2 r=0 y=2 c0=t153 c1=t168
4046 core=0 prio t151 2 r=0 y=0 c0=t153 c1=t168
4047 core=0 noop r=0 y=0 c0=t153 c1=t168
4048 core=0 prio t169 1 r=0 y=0 c0=t153 c1=t168
4049 core=1 prio t167 2 r=0 y=0 c0=t153 c1=t168
4050 core=0 prio t166 1 r=0 y=0 c0=t153 c1=t168
4051 core=0 delete 0 t166 r=0 y=0 c0=t153 c1=t168
4052 core=0 take t153 r=1 y=0 c0=t153 c1=t168
4053 core=1 give_isr r=1 y=0 c0=t153 c1=t168
4054 core=1 take t168 r=1 y=0 c0=t153 c1=t168
4055 core=0 tick r=1 y=3 c0=t159 c1=t153
4056 core=1 noop r=0 y=0 c0=t159 c1=t153
4057 core=1 noop r=0 y=0 c0=t159 c1=t153
4058 core=0 delay t159 4 r=0 y=1 c0=t168 c1=t153
4059 core=0 yield r=0 y=1 c0=t168 c1=t153
4060 core=0 tick r=1 y=3 c0=t168 c1=t153
4061 core=1 resume t151 r=0 y=0 c0=t168 c1=t153
4062 core=0 give_isr r=1 y=0 c0=t168 c1=t153
4063 core=0 noop r=0 y=0 c0=t168 c1=t153
4064 core=0 noop r=0 y=0 c0=t168 c1=t153
4065 core=0 give_isr r=0 y=0 c0=t168 c1=t153
4066 core=1 suspend t167 r=0 y=0 c0=t168 c1=t153
4067 core=1 delay t153 1 r=0 y=2 c0=t168 c1=t151
4068 core=0 tick r=1 y=3 c0=t153 c1=t168
4069 core=0 noop r=0 y=0 c0=t153 c1=t168
4070 core=0 create 0 t170 p1 r=1 y=0 c0=t153 c1=t168
4071 core=1 delete 4 t153 r=0 y=1 c0=t151 c1=t168
4072 core=1 take t168 r=1 y=0 c0=t151 c1=t168
4073 core=1 suspend t168 r=0 y=2 c0=t151 c1=t169
4074 core=1 noop r=0 y=0 c0=t151 c1=t169
4075 core=1 noop r=0 y=0 c0=t151 c1=t169
4076 core=1 delete 9 t169 r=0 y=2 c0=t151 c1=t170
4077 core=0 noop r=0 y=0 c0=t151 c1=t170
4078 core=1 noop r=0 y=0 c0=t151 c1=t170
4079 core=1 delay t170 1 r=0 y=2 c0=t151 c1=IDLE1
4080 core=0 give r=1 y=0 c0=t151 c1=IDLE1
4081 core=0 give_isr r=0 y=0 c0=t151 c1=IDLE1
4082 core=1 noop r=0 y=0 c0=t151 c1=IDLE1
4083 core=1 noop r=0 y=0 c0=t151 c1=IDLE1
4084 core=0 noop r=0 y=0 c0=t151 c1=IDLE1
4085 core=0 give_isr r=0 y=0 c0=t151 c1=IDLE1
4086 core=0 tick r=0 y=2 c0=t151 c1=t170
4087 core=0 tick r=0 y=2 c0=t151 c1=t159
4088 core=0 delay t151 5 r=0 y=1 c0=t170 c1=t159
4089 core=0 create 1 t171 p1 r=1 y=0 c0=t170 c1=t159
4090 core=1 take t159 r=1 y=0 c0=t170 c1=t159
4091 core=1 prio t151 2 r=0 y=0 c0=t170 c1=t159
4092 core=0 noop r=0 y=0 c0=t170 c1=t159
4093 core=1 noop r=0 y=0 c0=t170 c1=t159
4094 core=1 take t159 r=0 y=0 c0=t170 c1=t159
4095 core=0 suspend t171 r=0 y=0 c0=t170 c1=t159
4096 core=1 noop r=0 y=0 c0=t170 c1=t159
4097 core=0 tick r=0 y=0 c0=t170 c1=t159
4098 core=0 take t170 r=0 y=0 c0=t170 c1=t159
4099 core=0 give r=1 y=0 c0=t170 c1=t159
4100 core=1 give_isr r=0 y=0 c0=t170 c1=t159
4101 core=0 take t170 r=1 y=0 c0=t170 c1=t159
4102 core=1 prio t159 2 r=0 y=2 c0=t170 c1=t159
4103 core=0 give_isr r=1 y=0 c0=t170 c1=t159
4104 core=1 noop r=0 y=0 c0=t170 c1=t159
4105 core=0 take t170 r=1 y=0 c0=t170 c1=t159
4106 core=1 give_isr r=1 y=0 c0=t170 c1=t159
4107 core=1 noop r=0 y=0 c0=t170 c1=t159
4108 core=1 yield r=0 y=2 c0=t170 c1=t159
4109 core=1 delete 5 t159 r=0 y=2 c0=t170 c1=IDLE0
4110 core=0 noop r=0 y=0 c0=t170 c1=IDLE0
4111 core=1 noop r=0 y=0 c0=t170 c1=IDLE0
4112 core=1 give r=0 y=0 c0=t170 c1=IDLE0
4113 core=1 give_isr r=0 y=0 c0=t170 c1=IDLE0
4114 core=1 resume t170 r=0 y=0 c0=t170 c1=IDLE0
4115 core=0 noop r=0 y=0 c0=t170 c1=IDLE0
4116 core=0 tick r=0 y=2 c0=t170 c1=IDLE1
4117 core=0 delete 0 t170 r=0 y=1 c0=IDLE0 c1=IDLE1
4118 core=1 noop r=0 y=0 c0=IDLE0 c1=IDLE1
4119 core=0 noop r=0 y=0 c0=IDLE0 c1=IDLE1
4120 core=0 noop r=0 y=0 c0=IDLE0 c1=IDLE1
4121 core=1 noop r=0 y=0 c0=IDLE0 c1=IDLE1
4122 core=1 prio t171 0 r=0 y=0 c0=IDLE0 c1=IDLE1
4123 core=1 create 5 t172 p2 r=1 y=2 c0=IDLE0 c1=t172
4124 core=0 noop r=0 y=0 c0=IDLE0 c1=t172
4125 core=0 tick r=1 y=1 c0=IDLE1 c1=t172
4126 core=0 yield r=0 y=1 c0=IDLE0 c1=t172
4127 core=1 delete 5 t172 r=0 y=2 c0=IDLE0 c1=IDLE1
4128 core=1 noop r=0 y=0 c0=IDLE0 c1=IDLE1
4129 core=1 give_isr r=0 y=0 c0=IDLE0 c1=IDLE1
4130 core=1 noop r=0 y=0 c0=IDLE0 c1=IDLE1
4131 core=0 create 9 t173 p1 r=1 y=2 c0=IDLE0 c1=t173
4132 core=0 give_isr r=0 y=0 c0=IDLE0 c1=t173
4133 core=0 delete 9 t173 r=0 y=2 c0=IDLE0 c1=IDLE1
4134 core=0 resume t151 r=0 y=0 c0=IDLE0 c1=IDLE1
4135 core=0 noop r=0 y=0 c0=IDLE0 c1=IDLE1
4136 core=0 noop r=0 y=0 c0=IDLE0 c1=IDLE1
4137 core=0 noop r=0 y=0 c0=IDLE0 c1=IDLE1
4138 core=1 noop r=0 y=0 c0=IDLE0 c1=IDLE1
4139 core=0 noop r=0 y=0 c0=IDLE0 c1=IDLE1
4140 core=1 suspend t167 r=0 y=0 c0=IDLE0 c1=IDLE1
4141 core=1 noop r=0 y=0 c0=IDLE0 c1=IDLE1
4142 core=0 delete 1 t171 r=0 y=0 c0=IDLE0 c1=IDLE1
4143 core=0 noop r=0 y=0 c0=IDLE0 c1=IDLE1
4144 core=0 tick r=1 y=3 c0=IDLE0 c1=IDLE1
4145 core=1 noop r=0 y=0 c0=IDLE0 c1=IDLE1
4146 core=0 noop r=0 y=0 c0=IDLE0 c1=IDLE1
4147 core=1 noop r=0 y=0 c0=IDLE0 c1=IDLE1
4148 core=0 tick r=1 y=3 c0=t151 c1=IDLE0
4149 core=0 give r=0 y=0 c0=t151 c1=IDLE0
4150 core=1 noop r=0 y=0 c0=t151 c1=IDLE0
4151 core=0 tick r=0 y=2 c0=t151 c1=IDLE1
4152 core=0 take t151 r=1 y=0 c0=t151 c1=IDLE1
4153 core=0 noop r=0 y=0 c0=t151 c1=IDLE1
4154 core=0 noop r=0 y=0 c0=t151 c1=IDLE1
4155 core=1 suspend t168 r=0 y=0 c0=t151 c1=IDLE1
4156 core=0 noop r=0 y=0 c0=t151 c1=IDLE1
4157 core=0 delay t151 2 r=0 y=1 c0=IDLE0 c1=IDLE1
4158 core=0 noop r=0 y=0 c0=IDLE0 c1=IDLE1
4159 core=0 noop r=0 y=0 c0=IDLE0 c1=IDLE1
4160 core=0 tick r=1 y=3 c0=IDLE0 c1=IDLE1
4161 core=0 give r=1 y=0 c0=IDLE0 c1=IDLE1
4162 core=1 noop r=0 y=0 c0=IDLE0 c1=IDLE1
4163 core=0 noop r=0 y=0 c0=IDLE0 c1=IDLE1
4164 core=1 noop r=0 y=0 c0=IDLE0 c1=IDLE1
4165 core=1 noop r=0 y=0 c0=IDLE0 c1=IDLE1
4166 core=1 noop r=0 y=0 c0=IDLE0 c1=IDLE1
4167 core=0 tick r=1 y=3 c0=t151 c1=IDLE0
4168 core=0 noop r=0 y=0 c0=t151 c1=IDLE0
4169 core=0 tick r=0 y=2 c0=t151 c1=IDLE1
4170 core=1 noop r=0 y=0 c0=t151 c1=IDLE1
4171 core=0 suspend t167 r=0 y=0 c0=t151 c1=IDLE1
4172 core=1 noop r=0 y=0 c0=t151 c1=IDLE1
4173 core=0 delay t151 4 r=0 y=1 c0=IDLE0 c1=IDLE1
4174 core=1 noop r=0 y=0 c0=IDLE0 c1=IDLE1
4175 core=1 give_isr r=0 y=0 c0=IDLE0 c1=IDLE1
4176 core=0 tick r=1 y=3 c0=IDLE0 c1=IDLE1
4177 core=1 noop r=0 y=0 c0=IDLE0 c1=IDLE1
4178 core=0 create 3 t174 p2 r=1 y=2 c0=IDLE0 c1=t174
4179 core=0 noop r=0 y=0 c0=IDLE0 c1=t174
4180 core=0 noop r=0 y=0 c0=IDLE0 c1=t174
4181 core=1 give_isr r=0 y=0 c0=IDLE0 c1=t174
4182 core=1 create 4 t175 p3 r=1 y=1 c0=t175 c1=t174
4183 core=0 delay t175 2 r=0 y=1 c0=IDLE1 c1=t174
4184 core=0 noop r=0 y=0 c0=IDLE1 c1=t174
4185 core=0 tick r=1 y=1 c0=IDLE0 c1=t174
4186 core=0 noop r=0 y=0 c0=IDLE0 c1=t174
4187 core=0 yield r=0 y=1 c0=IDLE1 c1=t174
4188 core=0 noop r=0 y=0 c0=IDLE1 c1=t174
4189 core=1 take t174 r=1 y=0 c0=IDLE1 c1=t174
4190 core=1 give_isr r=1 y=0 c0=IDLE1 c1=t174
4191 core=1 delete 6 t151 r=0 y=0 c0=IDLE1 c1=t174
4192 core=0 noop r=0 y=0 c0=IDLE1 c1=t174
4193 core=0 tick r=1 y=1 c0=t175 c1=t174
4194 core=0 take t175 r=1 y=0 c0=t175 c1=t174
4195 core=0 tick r=0 y=0 c0=t175 c1=t174
4196 core=1 give r=1 y=0 c0=t175 c1=t174
4197 core=0 prio t174 0 r=0 y=2 c0=t175 c1=IDLE0
4198 core=1 noop r=0 y=0 c0=t175 c1=IDLE0
4199 core=0 delay t175 3 r=0 y=1 c0=IDLE1 c1=IDLE0
4200 core=1 noop r=0 y=0 c0=IDLE1 c1=IDLE0
4201 core=1 create 0 t176 p0 r=1 y=2 c0=IDLE1 c1=t174
4202 core=1 noop r=0 y=0 c0=IDLE1 c1=t174
4203 core=1 noop r=0 y=0 c0=IDLE1 c1=t174
4204 core=0 noop r=0 y=0 c0=IDLE1 c1=t174
4205 core=0 noop r=0 y=0 c0=IDLE1 c1=t174
4206 core=0 create 1 t177 p3 r=1 y=1 c0=t177 c1=t174
4207 core=0 yield r=0 y=1 c0=t177 c1=t174
4208 core=0 give r=0 y=0 c0=t177 c1=t174
4209 core=0 noop r=0 y=0 c0=t177 c1=t174
4210 core=1 delete 2 t167 r=0 y=0 c0=t177 c1=t174
4211 core=1 give r=0 y=0 c0=t177 c1=t174
4212 core=0 tick r=0 y=2 c0=t177 c1=t176
4213 core=1 yield r=0 y=2 c0=t177 c1=IDLE0
4214 core=1 noop r=0 y=0 c0=t177 c1=IDLE0
4215 core=0 noop r=0 y=0 c0=t177 c1=IDLE0
4216 core=0 suspend t175 r=0 y=0 c0=t177 c1=IDLE0
4217 core=1 noop r=0 y=0 c0=t177 c1=IDLE0
4218 core=1 yield r=0 y=2 c0=t177 c1=IDLE1
4219 core=0 prio t174 0 r=0 y=0 c0=t177 c1=IDLE1
4220 core=0 take t177 r=1 y=0 c0=t177 c1=IDLE1
4221 core=0 resume t176 r=0 y=0 c0=t177 c1=IDLE1
4222 core=0 tick r=0 y=2 c0=t177 c1=t174
4223 core=0 noop r=0 y=0 c0=t177 c1=t174
4224 core=1 noop r=0 y=0 c0=t177 c1=t174
4225 core=0 give r=1 y=0 c0=t177 c1=t174
4226 core=1 noop r=0 y=0 c0=t177 c1=t174
4227 core=0 delete 1 t177 r=0 y=1 c0=t176 c1=t174
4228 core=1 noop r=0 y=0 c0=t176 c1=t174
4229 core=0 tick r=1 y=3 c0=IDLE0 c1=IDLE1
4230 core=0 noop r=0 y=0 c0=IDLE0 c1=IDLE1
4231 core=0 give r=0 y=0 c0=IDLE0 c1=IDLE1
4232 core=0 noop r=0 y=0 c0=IDLE0 c1=IDLE1
4233 core=1 noop r=0 y=0 c0=IDLE0 c1=IDLE1
4234 core=1 noop r=0 y=0 c0=IDLE0 c1=IDLE1
4235 core=0 prio t175 0 r=0 y=0 c0=IDLE0 c1=IDLE1
4236 core=0 noop r=0 y=0 c0=IDLE0 c1=IDLE1
4237 core=0 give_isr r=0 y=0 c0=IDLE0 c1=IDLE1
4238 core=0 suspend t174 r=0 y=0 c0=IDLE0 c1=IDLE1
4239 core=0 noop r=0 y=0 c0=IDLE0 c1=IDLE1
4240 core=1 noop r=0 y=0 c0=IDLE0 c1=IDLE1
4241 core=1 yield r=0 y=2 c0=IDLE0 c1=t176
4242 core=0 noop r=0 y=0 c0=IDLE0 c1=t176
4243 core=1 noop r=0 y=0 c0=IDLE0 c1=t176
4244 core=0 noop r=0 y=0 c0=IDLE0 c1=t176
4245 core=0 resume t174 r=0 y=1 c0=IDLE1 c1=t176
4246 core=1 noop r=0 y=0 c0=IDLE1 c1=t176
4247 core=0 noop r=0 y=0 c0=IDLE1 c1=t176
4248 core=0 noop r=0 y=0 c0=IDLE1 c1=t176
4249 core=1 noop r=0 y=0 c0=IDLE1 c1=t176
4250 core=1 create 2 t178 p1 r=1 y=1 c0=t178 c1=t176
4251 core=0 take t178 r=1 y=0 c0=t178 c1=t176
4252 core=1 prio t175 1 r=0 y=0 c0=t178 c1=t176
4253 core=0 prio t175 2 r=0 y=0 c0=t178 c1=t176
4254 core=0 delay t178 3 r=0 y=1 c0=t174 c1=t176
4255 core=0 noop r=0 y=0 c0=t174 c1=t176
4256 core=0 noop r=0 y=0 c0=t174 c1=t176
4257 core=0 take t174 r=0 y=0 c0=t174 c1=t176
4258 core=1 suspend t175 r=0 y=0 c0=t174 c1=t176
4259 core=1 noop r=0 y=0 c0=t174 c1=t176
4260 core=1 suspend t168 r=0 y=0 c0=t174 c1=t176
4261 core=1 create 9 t179 p0 r=1 y=0 c0=t174 c1=t176
4262 core=0 prio t168 2 r=0 y=0 c0=t174 c1=t176
4263 core=1 give r=1 y=0 c0=t174 c1=t176
4264 core=1 give r=0 y=0 c0=t174 c1=t176
4265 core=1 create 6 t180 p0 r=1 y=0 c0=t174 c1=t176
4266 core=0 tick r=1 y=3 c0=IDLE0 c1=IDLE1
4267 core=0 suspend t179 r=0 y=0 c0=IDLE0 c1=IDLE1
4268 core=1 give r=0 y=0 c0=IDLE0 c1=IDLE1
4269 core=0 suspend t174 r=0 y=0 c0=IDLE0 c1=IDLE1
4270 core=0 tick r=1 y=3 c0=t180 c1=t176
4271 core=1 give r=0 y=0 c0=t180 c1=t176
4272 core=1 noop r=0 y=0 c0=t180 c1=t176
4273 core=0 noop r=0 y=0 c0=t180 c1=t176
4274 core=0 yield r=0 y=1 c0=IDLE0 c1=t176
4275 core=0 noop r=0 y=0 c0=IDLE0 c1=t176
4276 core=1 prio t179 2 r=0 y=0 c0=IDLE0 c1=t176
4277 core=0 tick r=1 y=3 c0=t178 c1=IDLE1
4278 core=0 delay t178 3 r=0 y=1 c0=t180 c1=IDLE1
4279 core=0 tick r=1 y=3 c0=IDLE0 c1=t176
4280 core=0 noop r=0 y=0 c0=IDLE0 c1=t176
4281 core=1 noop r=0 y=0 c0=IDLE0 c1=t176
4282 core=1 take t176 r=1 y=0 c0=IDLE0 c1=t176
4283 core=1 resume t176 r=0 y=0 c0=IDLE0 c1=t176
4284 core=1 noop r=0 y=0 c0=IDLE0 c1=t176
4285 core=1 take t176 r=0 y=0 c0=IDLE0 c1=t176
4286 core=1 take t176 r=0 y=0 c0=IDLE0 c1=t176
4287 core=1 noop r=0 y=0 c0=IDLE0 c1=t176
4288 core=0 noop r=0 y=0 c0=IDLE0 c1=t176
4289 core=1 resume t176 r=0 y=0 c0=IDLE0 c1=t176
4290 core=1 noop r=0 y=0 c0=IDLE0 c1=t176
4291 core=1 create 5 t181 p3 r=1 y=1 c0=t181 c1=t176
4292 core=0 resume t175 r=0 y=2 c0=t181 c1=t175
4293 core=0 delay t181 3 r=0 y=1 c0=t180 c1=t175
4294 core=1 give_isr r=1 y=0 c0=t180 c1=t175
4295 core=0 give_isr r=0 y=0 c0=t180 c1=t175
4296 core=0 tick r=1 y=1 c0=IDLE1 c1=t175
4297 core=0 noop r=0 y=0 c0=IDLE1 c1=t175
4298 core=0 prio t176 0 r=0 y=0 c0=IDLE1 c1=t175
4299 core=1 resume t176 r=0 y=0 c0=IDLE1 c1=t175
4300 core=1 give r=0 y=0 c0=IDLE1 c1=t175
4301 core=0 give r=0 y=0 c0=IDLE1 c1=t175
4302 core=1 suspend t180 r=0 y=0 c0=IDLE1 c1=t175
4303 core=0 noop r=0 y=0 c0=IDLE1 c1=t175
4304 core=1 delay t175 4 r=0 y=2 c0=IDLE1 c1=IDLE0
4305 core=0 suspend t176 r=0 y=0 c0=IDLE1 c1=IDLE0
4306 core=0 suspend t176 r=0 y=0 c0=IDLE1 c1=IDLE0
4307 core=1 noop r=0 y=0 c0=IDLE1 c1=IDLE0
4308 core=0 give r=0 y=0 c0=IDLE1 c1=IDLE0
4309 core=0 give r=0 y=0 c0=IDLE1 c1=IDLE0
4310 core=0 tick r=1 y=3 c0=t178 c1=IDLE1
4311 core=1 delete 5 t181 r=0 y=0 c0=t178 c1=IDLE1
4312 core=1 create 8 t182 p1 r=1 y=2 c0=t178 c1=t182
4313 core=0 suspend t178 r=0 y=1 c0=IDLE0 c1=t182
4314 core=1 create 5 t183 p2 r=1 y=1 c0=t183 c1=t182
4315 core=1 prio t182 3 r=0 y=0 c0=t183 c1=t182
4316 core=1 suspend t168 r=0 y=0 c0=t183 c1=t182
4317 core=1 give_isr r=0 y=0 c0=t183 c1=t182
4318 core=0 give r=0 y=0 c0=t183 c1=t182
4319 core=0 prio t180 2 r=0 y=0 c0=t183 c1=t182
4320 core=1 noop r=0 y=0 c0=t183 c1=t182
4321 core=0 give r=0 y=0 c0=t183 c1=t182
4322 core=0 noop r=0 y=0 c0=t183 c1=t182
4323 core=1 give_isr r=0 y=0 c0=t183 c1=t182
4324 core=0 delay t183 4 r=0 y=1 c0=IDLE1 c1=t182
4325 core=1 prio t183 0 r=0 y=0 c0=IDLE1 c1=t182
4326 core=0 tick r=1 y=1 c0=IDLE0 c1=t182
4327 core=0 noop r=0 y=0 c0=IDLE0 c1=t182
4328 core=1 delete 9 t179 r=0 y=0 c0=IDLE0 c1=t182
4329 core=0 prio t178 1 r=0 y=0 c0=IDLE0 c1=t182
4330 core=0 noop r=0 y=0 c0=IDLE0 c1=t182
4331 core=1 resume t174 r=0 y=1 c0=IDLE1 c1=t182
4332 core=0 tick r=1 y=1 c0=t174 c1=t182
4333 core=1 give_isr r=0 y=0 c0=t174 c1=t182
4334 core=0 take t174 r=1 y=0 c0=t174 c1=t182
4335 core=0 give r=1 y=0 c0=t174 c1=t182
4336 core=0 take t174 r=1 y=0 c0=t174 c1=t182
4337 core=1 delete 2 t178 r=0 y=0 c0=t174 c1=t182
4338 core=1 noop r=0 y=0 c0=t174 c1=t182
4339 core=0 create 2 t184 p3 r=1 y=1 c0=t184 c1=t182
4340 core=1 noop r=0 y=0 c0=t184 c1=t182
4341 core=1 delete 0 t176 r=0 y=0 c0=t184 c1=t182
4342 core=1 resume t174 r=0 y=0 c0=t184 c1=t182
4343 core=1 noop r=0 y=0 c0=t184 c1=t182
4344 core=0 resume t168 r=0 y=0 c0=t184 c1=t182
4345 core=0 tick r=1 y=3 c0=t184 c1=t182
4346 core=1 delete 3 t174 r=0 y=0 c0=t184 c1=t182
4347 core=1 delete 8 t182 r=0 y=2 c0=t184 c1=t168
4348 core=0 tick r=0 y=2 c0=t184 c1=t175
4349 core=0 resume t183 r=0 y=0 c0=t184 c1=t175
4350 core=0 tick r=0 y=2 c0=t184 c1=t168
4351 core=0 delay t184 5 r=0 y=1 c0=t175 c1=t168
4352 core=0 tick r=1 y=3 c0=t175 c1=t168
4353 core=0 give_isr r=1 y=0 c0=t175 c1=t168
4354 core=1 suspend t175 r=0 y=1 c0=IDLE0 c1=t168
4355 core=0 suspend t180 r=0 y=0 c0=IDLE0 c1=t168
4356 core=1 yield r=0 y=2 c0=IDLE0 c1=t168
4357 core=0 suspend t175 r=0 y=0 c0=IDLE0 c1=t168
4358 core=0 give_isr r=0 y=0 c0=IDLE0 c1=t168
4359 core=0 give r=0 y=0 c0=IDLE0 c1=t168
4360 core=1 noop r=0 y=0 c0=IDLE0 c1=t168
4361 core=1 give_isr r=0 y=0 c0=IDLE0 c1=t168
4362 core=0 noop r=0 y=0 c0=IDLE0 c1=t168
4363 core=0 noop r=0 y=0 c0=IDLE0 c1=t168
4364 core=0 noop r=0 y=0 c0=IDLE0 c1=t168
4365 core=0 delete 4 t175 r=0 y=0 c0=IDLE0 c1=t168
4366 core=1 give r=0 y=0 c0=IDLE0 c1=t168
4367 core=0 noop r=0 y=0 c0=IDLE0 c1=t168
4368 core=1 noop r=0 y=0 c0=IDLE0 c1=t168
4369 core=0 noop r=0 y=0 c0=IDLE0 c1=t168
4370 core=0 noop r=0 y=0 c0=IDLE0 c1=t168
4371 core=0 give_isr r=0 y=0 c0=IDLE0 c1=t168
4372 core=1 take t168 r=1 y=0 c0=IDLE0 c1=t168
4373 core=1 delay t168 2 r=0 y=2 c0=IDLE0 c1=IDLE1
4374 core=1 create 9 t185 p0 r=1 y=2 c0=IDLE0 c1=t183
4375 core=0 noop r=0 y=0 c0=IDLE0 c1=t183
4376 core=1 give r=1 y=0 c0=IDLE0 c1=t183
4377 core=1 noop r=0 y=0 c0=IDLE0 c1=t183
4378 core=1 delay t183 3 r=0 y=2 c0=IDLE0 c1=t185
4379 core=1 delete 7 t168 r=0 y=0 c0=IDLE0 c1=t185
4380 core=0 yield r=0 y=1 c0=IDLE1 c1=t185
4381 core=0 noop r=0 y=0 c0=IDLE1 c1=t185
4382 core=0 give r=0 y=0 c0=IDLE1 c1=t185
4383 core=0 noop r=0 y=0 c0=IDLE1 c1=t185
4384 core=1 take t185 r=1 y=0 c0=IDLE1 c1=t185
4385 core=0 noop r=0 y=0 c0=IDLE1 c1=t185
4386 core=0 resume t185 r=0 y=0 c0=IDLE1 c1=t185
4387 core=1 noop r=0 y=0 c0=IDLE1 c1=t185
4388 core=1 yield r=0 y=2 c0=IDLE1 c1=IDLE0
4389 core=0 noop r=0 y=0 c0=IDLE1 c1=IDLE0
4390 core=0 noop r=0 y=0 c0=IDLE1 c1=IDLE0
4391 core=1 give r=1 y=0 c0=IDLE1 c1=IDLE0
4392 core=0 noop r=0 y=0 c0=IDLE1 c1=IDLE0
4393 core=0 give r=0 y=0 c0=IDLE1 c1=IDLE0
4394 core=0 yield r=0 y=1 c0=t185 c1=IDLE0
4395 core=0 yield r=0 y=1 c0=IDLE1 c1=IDLE0
4396 core=0 noop r=0 y=0 c0=IDLE1 c1=IDLE0
4397 core=1 noop r=0 y=0 c0=IDLE1 c1=IDLE0
4398 core=0 noop r=0 y=0 c0=IDLE1 c1=IDLE0
4399 core=1 noop r=0 y=0 c0=IDLE1 c1=IDLE0
4400 core=1 noop r=0 y=0 c0=IDLE1 c1=IDLE0
4401 core=0 tick r=1 y=3 c0=t185 c1=IDLE1
4402 core=0 tick r=1 y=3 c0=IDLE0 c1=t185
4403 core=1 give_isr r=0 y=0 c0=IDLE0 c1=t185
4404 core=0 noop r=0 y=0 c0=IDLE0 c1=t185
4405 core=1 resume t180 r=0 y=1 c0=t180 c1=t185
4406 core=1 noop r=0 y=0 c0=t180 c1=t185
4407 core=1 resume t185 r=0 y=0 c0=t180 c1=t185
4408 core=1 give_isr r=0 y=0 c0=t180 c1=t185
4409 core=0 tick r=0 y=2 c0=t180 c1=IDLE1
4410 core=1 noop r=0 y=0 c0=t180 c1=IDLE1
4411 core=1 noop r=0 y=0 c0=t180 c1=IDLE1
4412 core=1 noop r=0 y=0 c0=t180 c1=IDLE1
4413 core=1 create 1 t186 p0 r=1 y=2 c0=t180 c1=IDLE0
4414 core=0 give r=0 y=0 c0=t180 c1=IDLE0
4415 core=1 noop r=0 y=0 c0=t180 c1=IDLE0
4416 core=0 tick r=0 y=2 c0=t180 c1=t184
4417 core=0 tick r=0 y=0 c0=t180 c1=t184
4418 core=1 yield r=0 y=2 c0=t180 c1=t184
4419 core=1 suspend t185 r=0 y=0 c0=t180 c1=t184
4420 core=0 tick r=0 y=0 c0=t180 c1=t184
4421 core=0 noop r=0 y=0 c0=t180 c1=t184
4422 core=1 resume t186 r=0 y=0 c0=t180 c1=t184
4423 core=0 noop r=0 y=0 c0=t180 c1=t184
4424 core=1 delay t184 4 r=0 y=2 c0=t180 c1=t183
4425 core=1 noop r=0 y=0 c0=t180 c1=t183
4426 core=0 yield r=0 y=1 c0=t180 c1=t183
4427 core=1 suspend t183 r=0 y=2 c0=t180 c1=t186
4428 core=1 noop r=0 y=0 c0=t180 c1=t186
4429 core=1 prio t184 0 r=0 y=0 c0=t180 c1=t186
4430 core=0 noop r=0 y=0 c0=t180 c1=t186
4431 core=0 give r=0 y=0 c0=t180 c1=t186
4432 core=0 prio t186 2 r=0 y=0 c0=t180 c1=t186
4433 core=0 delete 5 t183 r=0 y=0 c0=t180 c1=t186
4434 core=0 delete 2 t184 r=0 y=0 c0=t180 c1=t186
4435 core=0 delay t180 5 r=0 y=1 c0=IDLE1 c1=t186
4436 core=0 tick r=1 y=1 c0=IDLE0 c1=t186
4437 core=0 create 8 t187 p1 r=1 y=1 c0=t187 c1=t186
4438 core=0 delete 1 t186 r=0 y=2 c0=t187 c1=IDLE1
4439 core=1 noop r=0 y=0 c0=t187 c1=IDLE1
4440 core=0 give_isr r=0 y=0 c0=t187 c1=IDLE1
4441 core=0 tick r=0 y=2 c0=t187 c1=IDLE0
4442 core=1 create 7 t188 p3 r=1 y=2 c0=t187 c1=t188
4443 core=0 noop r=0 y=0 c0=t187 c1=t188
4444 core=0 give r=0 y=0 c0=t187 c1=t188
4445 core=1 delay t188 2 r=0 y=2 c0=t187 c1=IDLE1
4446 core=0 tick r=0 y=2 c0=t187 c1=IDLE0
4447 core=0 take t187 r=1 y=0 c0=t187 c1=IDLE0
4448 core=1 give r=1 y=0 c0=t187 c1=IDLE0
4449 core=1 noop r=0 y=0 c0=t187 c1=IDLE0
4450 core=1 noop r=0 y=0 c0=t187 c1=IDLE0
4451 core=1 resume t185 r=0 y=2 c0=t187 c1=IDLE1
4452 core=1 noop r=0 y=0 c0=t187 c1=IDLE1
4453 core=1 prio t187 3 r=0 y=0 c0=t187 c1=IDLE1
4454 core=0 prio t180 1 r=0 y=0 c0=t187 c1=IDLE1
4455 core=1 delete 9 t185 r=0 y=0 c0=t187 c1=IDLE1
4456 core=1 give r=0 y=0 c0=t187 c1=IDLE1
4457 core=0 suspend t188 r=0 y=0 c0=t187 c1=IDLE1
4458 core=0 resume t187 r=0 y=0 c0=t187 c1=IDLE1
4459 core=0 take t187 r=1 y=0 c0=t187 c1=IDLE1
4460 core=1 noop r=0 y=0 c0=t187 c1=IDLE1
4461 core=0 noop r=0 y=0 c0=t187 c1=IDLE1
4462 core=1 noop r=0 y=0 c0=t187 c1=IDLE1
4463 core=0 delay t187 3 r=0 y=1 c0=IDLE0 c1=IDLE1
4464 core=0 yield r=0 y=1 c0=IDLE0 c1=IDLE1
4465 core=1 give r=1 y=0 c0=IDLE0 c1=IDLE1
4466 core=0 give r=0 y=0 c0=IDLE0 c1=IDLE1
4467 core=1 resume t187 r=0 y=0 c0=IDLE0 c1=IDLE1
4468 core=0 give r=0 y=0 c0=IDLE0 c1=IDLE1
4469 core=0 noop r=0 y=0 c0=IDLE0 c1=IDLE1
4470 core=0 tick r=1 y=3 c0=IDLE0 c1=IDLE1
4471 core=0 noop r=0 y=0 c0=IDLE0 c1=IDLE1
4472 core=0 tick r=1 y=3 c0=t180 c1=IDLE0
4473 core=0 give r=0 y=0 c0=t180 c1=IDLE0
4474 core=0 noop r=0 y=0 c0=t180 c1=IDLE0
4475 core=0 noop r=0 y=0 c0=t180 c1=IDLE0
4476 core=0 take t180 r=1 y=0 c0=t180 c1=IDLE0
4477 core=1 noop r=0 y=0 c0=t180 c1=IDLE0
4478 core=0 tick r=0 y=2 c0=t180 c1=t187
4479 core=1 give r=1 y=0 c0=t180 c1=t187
4480 core=0 delete 7 t188 r=0 y=0 c0=t180 c1=t187
4481 core=1 noop r=0 y=0 c0=t180 c1=t187
4482 core=0 noop r=0 y=0 c0=t180 c1=t187
4483 core=0 noop r=0 y=0 c0=t180 c1=t187
4484 core=1 create 1 t189 p1 r=1 y=0 c0=t180 c1=t187
4485 core=0 prio t180 3 r=0 y=0 c0=t180 c1=t187
4486 core=0 take t180 r=1 y=0 c0=t180 c1=t187
4487 core=0 noop r=0 y=0 c0=t180 c1=t187
4488 core=0 yield r=0 y=1 c0=t180 c1=t187
4489 core=1 give r=1 y=0 c0=t180 c1=t187
4490 core=1 take t187 r=1 y=0 c0=t180 c1=t187
4491 core=0 give r=1 y=0 c0=t180 c1=t187
4492 core=1 yield r=0 y=2 c0=t180 c1=t187
4493 core=0 tick r=1 y=3 c0=t180 c1=t187
4494 core=0 prio t187 0 r=0 y=2 c0=t180 c1=t189
4495 core=1 give_isr r=0 y=0 c0=t180 c1=t189
4496 core=0 noop r=0 y=0 c0=t180 c1=t189
4497 core=1 create 2 t190 p1 r=1 y=0 c0=t180 c1=t189
4498 core=1 delay t189 5 r=0 y=2 c0=t180 c1=t190
4499 core=1 delay t190 2 r=0 y=2 c0=t180 c1=IDLE1
4500 core=0 delay t180 1 r=0 y=1 c0=IDLE0 c1=IDLE1
4501 core=0 give r=0 y=0 c0=IDLE0 c1=IDLE1
4502 core=0 noop r=0 y=0 c0=IDLE0 c1=IDLE1
4503 core=0 delete 8 t187 r=0 y=0 c0=IDLE0 c1=IDLE1
4504 core=0 noop r=0 y=0 c0=IDLE0 c1=IDLE1
4505 core=0 tick r=1 y=3 c0=t180 c1=IDLE0
4506 core=1 give r=0 y=0 c0=t180 c1=IDLE0
4507 core=0 noop r=0 y=0 c0=t180 c1=IDLE0
4508 core=1 give r=0 y=0 c0=t180 c1=IDLE0
4509 core=1 create 5 t191 p2 r=1 y=2 c0=t180 c1=t191
4510 core=1 resume t180 r=0 y=0 c0=t180 c1=t191
4511 core=0 take t180 r=1 y=0 c0=t180 c1=t191
4512 core=1 give r=1 y=0 c0=t180 c1=t191
4513 core=1 resume t191 r=0 y=0 c0=t180 c1=t191
4514 core=0 delay t180 4 r=0 y=1 c0=IDLE1 c1=t191
4515 core=0 noop r=0 y=0 c0=IDLE1 c1=t191
4516 core=0 tick r=1 y=1 c0=t190 c1=t191
4517 core=1 noop r=0 y=0 c0=t190 c1=t191
4518 core=0 suspend t189 r=0 y=0 c0=t190 c1=t191
4519 core=1 create 0 t192 p1 r=1 y=0 c0=t190 c1=t191
4520 core=1 resume t192 r=0 y=0 c0=t190 c1=t191
4521 core=1 noop r=0 y=0 c0=t190 c1=t191
4522 core=0 delay t190 2 r=0 y=1 c0=t192 c1=t191
4523 core=1 noop r=0 y=0 c0=t192 c1=t191
4524 core=1 noop r=0 y=0 c0=t192 c1=t191
4525 core=1 noop r=0 y=0 c0=t192 c1=t191
4526 core=0 noop r=0 y=0 c0=t192 c1=t191
4527 core=0 delay t192 4 r=0 y=1 c0=IDLE0 c1=t191
4528 core=1 noop r=0 y=0 c0=IDLE0 c1=t191
4529 core=1 create 7 t193 p3 r=1 y=1 c0=t193 c1=t191
4530 core=0 suspend t192 r=0 y=0 c0=t193 c1=t191
4531 core=0 resume t191 r=0 y=0 c0=t193 c1=t191
4532 core=0 noop r=0 y=0 c0=t193 c1=t191
4533 core=1 prio t180 0 r=0 y=0 c0=t193 c1=t191
4534 core=0 tick r=0 y=0 c0=t193 c1=t191
4535 core=1 noop r=0 y=0 c0=t193 c1=t191
4536 core=1 suspend t189 r=0 y=0 c0=t193 c1=t191
4537 core=0 yield r=0 y=1 c0=t193 c1=t191
4538 core=1 resume t192 r=0 y=0 c0=t193 c1=t191
4539 core=0 take t193 r=1 y=0 c0=t193 c1=t191
4540 core=0 tick r=0 y=0 c0=t193 c1=t191
4541 core=1 yield r=0 y=2 c0=t193 c1=t191
4542 core=1 delay t191 4 r=0 y=2 c0=t193 c1=t192
4543 core=1 noop r=0 y=0 c0=t193 c1=t192
4544 core=0 delete 1 t189 r=0 y=0 c0=t193 c1=t192
4545 core=1 resume t180 r=0 y=0 c0=t193 c1=t192
4546 core=1 noop r=0 y=0 c0=t193 c1=t192
4547 core=1 noop r=0 y=0 c0=t193 c1=t192
4548 core=0 give r=1 y=0 c0=t193 c1=t192
4549 core=0 resume t191 r=0 y=0 c0=t193 c1=t192
4550 core=0 tick r=0 y=2 c0=t193 c1=t190
4551 core=1 delay t190 3 r=0 y=2 c0=t193 c1=t192
4552 core=0 suspend t190 r=0 y=0 c0=t193 c1=t192
4553 core=0 noop r=0 y=0 c0=t193 c1=t192
4554 core=1 noop r=0 y=0 c0=t193 c1=t192
4555 core=0 noop r=0 y=0 c0=t193 c1=t192
4556 core=1 create 1 t194 p3 r=1 y=2 c0=t193 c1=t194
4557 core=0 take t193 r=1 y=0 c0=t193 c1=t194
4558 core=0 noop r=0 y=0 c0=t193 c1=t194
4559 core=1 suspend t191 r=0 y=0 c0=t193 c1=t194
4560 core=1 noop r=0 y=0 c0=t193 c1=t194
4561 core=1 delay t194 2 r=0 y=2 c0=t193 c1=t192
4562 core=1 noop r=0 y=0 c0=t193 c1=t192
4563 core=0 give_isr r=1 y=0 c0=t193 c1=t192
4564 core=0 delete 6 t180 r=0 y=0 c0=t193 c1=t192
4565 core=0 delete 5 t191 r=0 y=0 c0=t193 c1=t192
4566 core=0 noop r=0 y=0 c0=t193 c1=t192
4567 core=0 tick r=0 y=0 c0=t193 c1=t192
4568 core=0 tick r=1 y=3 c0=t194 c1=t193
4569 core=1 give r=0 y=0 c0=t194 c1=t193
4570 core=0 delay t194 5 r=0 y=1 c0=t192 c1=t193
4571 core=1 noop r=0 y=0 c0=t192 c1=t193
4572 core=1 noop r=0 y=0 c0=t192 c1=t193
4573 core=0 give_isr r=0 y=0 c0=t192 c1=t193
4574 core=1 take t193 r=1 y=0 c0=t192 c1=t193
4575 core=0 noop r=0 y=0 c0=t192 c1=t193
4576 core=0 noop r=0 y=0 c0=t192 c1=t193
4577 core=0 noop r=0 y=0 c0=t192 c1=t193
4578 core=0 take t192 r=0 y=0 c0=t192 c1=t193
4579 core=0 noop r=0 y=0 c0=t192 c1=t193
4580 core=1 give r=1 y=0 c0=t192 c1=t193
4581 core=1 give_isr r=0 y=0 c0=t192 c1=t193
4582 core=1 delay t193 3 r=0 y=2 c0=t192 c1=IDLE1
4583 core=0 prio t190 0 r=0 y=0 c0=t192 c1=IDLE1
4584 core=1 noop r=0 y=0 c0=t192 c1=IDLE1
4585 core=0 tick r=0 y=2 c0=t192 c1=IDLE0
4586 core=1 prio t194 3 r=0 y=0 c0=t192 c1=IDLE0
4587 core=0 noop r=0 y=0 c0=t192 c1=IDLE0
4588 core=0 give_isr r=0 y=0 c0=t192 c1=IDLE0
4589 core=1 noop r=0 y=0 c0=t192 c1=IDLE0
4590 core=0 create 3 t195 p3 r=1 y=2 c0=t192 c1=t195
4591 core=0 prio t193 0 r=0 y=0 c0=t192 c1=t195
4592 core=1 noop r=0 y=0 c0=t192 c1=t195
4593 core=1 take t195 r=1 y=0 c0=t192 c1=t195
4594 core=0 prio t195 0 r=0 y=2 c0=t192 c1=IDLE1
4595 core=0 yield r=0 y=1 c0=t192 c1=IDLE1
4596 core=0 noop r=0 y=0 c0=t192 c1=IDLE1
4597 core=0 tick r=0 y=2 c0=t192 c1=IDLE0
4598 core=0 delay t192 5 r=0 y=1 c0=t195 c1=IDLE0
4599 core=0 noop r=0 y=0 c0=t195 c1=IDLE0
4600 core=0 delay t195 2 r=0 y=1 c0=IDLE1 c1=IDLE0
4601 core=0 give_isr r=1 y=0 c0=IDLE1 c1=IDLE0
4602 core=0 tick r=1 y=3 c0=t193 c1=IDLE1
4603 core=0 give_isr r=0 y=0 c0=t193 c1=IDLE1
4604 core=0 noop r=0 y=0 c0=t193 c1=IDLE1
4605 core=1 give r=0 y=0 c0=t193 c1=IDLE1
4606 core=1 resume t195 r=0 y=0 c0=t193 c1=IDLE1
4607 core=1 noop r=0 y=0 c0=t193 c1=IDLE1
4608 core=0 noop r=0 y=0 c0=t193 c1=IDLE1
4609 core=1 give_isr r=0 y=0 c0=t193 c1=IDLE1
4610 core=0 give_isr r=0 y=0 c0=t193 c1=IDLE1
4611 core=1 suspend t193 r=0 y=1 c0=IDLE0 c1=IDLE1
4612 core=0 noop r=0 y=0 c0=IDLE0 c1=IDLE1
4613 core=0 noop r=0 y=0 c0=IDLE0 c1=IDLE1
4614 core=1 noop r=0 y=0 c0=IDLE0 c1=IDLE1
4615 core=0 noop r=0 y=0 c0=IDLE0 c1=IDLE1
4616 core=0 give_isr r=0 y=0 c0=IDLE0 c1=IDLE1
4617 core=0 resume t193 r=0 y=2 c0=IDLE0 c1=t193
4618 core=1 noop r=0 y=0 c0=IDLE0 c1=t193
4619 core=1 noop r=0 y=0 c0=IDLE0 c1=t193
4620 core=0 resume t192 r=0 y=0 c0=IDLE0 c1=t193
4621 core=0 give r=0 y=0 c0=IDLE0 c1=t193
4622 core=0 give_isr r=0 y=0 c0=IDLE0 c1=t193
4623 core=1 give r=0 y=0 c0=IDLE0 c1=t193
4624 core=0 tick r=1 y=3 c0=IDLE1 c1=t195
4625 core=0 tick r=1 y=3 c0=t194 c1=IDLE0
4626 core=0 tick r=0 y=2 c0=t194 c1=t193
4627 core=0 noop r=0 y=0 c0=t194 c1=t193
4628 core=0 prio t195 0 r=0 y=0 c0=t194 c1=t193
4629 core=1 resume t192 r=0 y=0 c0=t194 c1=t193
4630 core=1 delete 2 t190 r=0 y=0 c0=t194 c1=t193
4631 core=0 suspend t195 r=0 y=0 c0=t194 c1=t193
4632 core=1 give_isr r=0 y=0 c0=t194 c1=t193
4633 core=1 delay t193 5 r=0 y=2 c0=t194 c1=IDLE1
4634 core=0 delay t194 1 r=0 y=1 c0=IDLE0 c1=IDLE1
4635 core=0 noop r=0 y=0 c0=IDLE0 c1=IDLE1
4636 core=1 suspend t195 r=0 y=0 c0=IDLE0 c1=IDLE1
4637 core=0 noop r=0 y=0 c0=IDLE0 c1=IDLE1
4638 core=1 suspend t194 r=0 y=0 c0=IDLE0 c1=IDLE1
4639 core=0 create 2 t196 p3 r=1 y=2 c0=IDLE0 c1=t196
4640 core=1 suspend t194 r=0 y=0 c0=IDLE0 c1=t196
4641 core=1 give r=0 y=0 c0=IDLE0 c1=t196
4642 core=1 prio t196 0 r=0 y=2 c0=IDLE0 c1=IDLE1
4643 core=0 prio t193 1 r=0 y=0 c0=IDLE0 c1=IDLE1
4644 core=0 noop r=0 y=0 c0=IDLE0 c1=IDLE1
4645 core=0 suspend t194 r=0 y=0 c0=IDLE0 c1=IDLE1
4646 core=1 delete 0 t192 r=0 y=0 c0=IDLE0 c1=IDLE1
4647 core=0 noop r=0 y=0 c0=IDLE0 c1=IDLE1
4648 core=0 noop r=0 y=0 c0=IDLE0 c1=IDLE1
4649 core=0 tick r=1 y=3 c0=t196 c1=IDLE0
4650 core=0 delay t196 4 r=0 y=1 c0=IDLE1 c1=IDLE0
4651 core=0 noop r=0 y=0 c0=IDLE1 c1=IDLE0
4652 core=1 resume t195 r=0 y=2 c0=IDLE1 c1=t195
4653 core=0 noop r=0 y=0 c0=IDLE1 c1=t195
4654 core=0 noop r=0 y=0 c0=IDLE1 c1=t195
4655 core=1 noop r=0 y=0 c0=IDLE1 c1=t195
4656 core=0 create 0 t197 p2 r=1 y=1 c0=t197 c1=t195
4657 core=0 give r=0 y=0 c0=t197 c1=t195
4658 core=1 take t195 r=1 y=0 c0=t197 c1=t195
4659 core=1 prio t193 1 r=0 y=0 c0=t197 c1=t195
4660 core=1 take t195 r=0 y=0 c0=t197 c1=t195
4661 core=0 noop r=0 y=0 c0=t197 c1=t195
4662 core=1 noop r=0 y=0 c0=t197 c1=t195
4663 core=0 take t197 r=0 y=0 c0=t197 c1=t195
4664 core=0 noop r=0 y=0 c0=t197 c1=t195
4665 core=1 delay t195 5 r=0 y=2 c0=t197 c1=IDLE0
4666 core=0 take t197 r=0 y=0 c0=t197 c1=IDLE0
4667 core=0 noop r=0 y=0 c0=t197 c1=IDLE0
4668 core=1 noop r=0 y=0 c0=t197 c1=IDLE0
4669 core=0 yield r=0 y=1 c0=t197 c1=IDLE0
4670 core=1 noop r=0 y=0 c0=t197 c1=IDLE0
4671 core=1 noop r=0 y=0 c0=t197 c1=IDLE0
4672 core=1 resume t194 r=0 y=2 c0=t197 c1=t194
4673 core=0 noop r=0 y=0 c0=t197 c1=t194
4674 core=0 noop r=0 y=0 c0=t197 c1=t194
4675 core=1 noop r=0 y=0 c0=t197 c1=t194
4676 core=0 delete 2 t196 r=0 y=0 c0=t197 c1=t194
4677 core=0 delete 3 t195 r=0 y=0 c0=t197 c1=t194
4678 core=1 create 2 t198 p2 r=1 y=0 c0=t197 c1=t194
4679 core=1 noop r=0 y=0 c0=t197 c1=t194
4680 core=1 delay t194 2 r=0 y=2 c0=t197 c1=t198
4681 core=1 give_isr r=1 y=0 c0=t197 c1=t198
4682 core=1 resume t194 r=0 y=0 c0=t197 c1=t198
4683 core=0 tick r=1 y=3 c0=t197 c1=t198
4684 core=1 noop r=0 y=0 c0=t197 c1=t198
4685 core=0 create 3 t199 p2 r=1 y=0 c0=t197 c1=t198
4686 core=1 prio t197 2 r=0 y=0 c0=t197 c1=t198
4687 core=0 tick r=1 y=3 c0=t194 c1=t199
4688 core=1 give r=0 y=0 c0=t194 c1=t199
4689 core=0 give_isr r=0 y=0 c0=t194 c1=t199
4690 core=1 create 6 t200 p2 r=1 y=0 c0=t194 c1=t199
4691 core=0 take t194 r=1 y=0 c0=t194 c1=t199
4692 core=0 take t194 r=0 y=0 c0=t194 c1=t199
4693 core=1 resume t200 r=0 y=0 c0=t194 c1=t199
4694 core=0 tick r=0 y=2 c0=t194 c1=t197
4695 core=0 tick r=0 y=2 c0=t194 c1=t198
4696 core=0 noop r=0 y=0 c0=t194 c1=t198
4697 core=1 delete 6 t200 r=0 y=0 c0=t194 c1=t198
4698 core=0 suspend t199 r=0 y=0 c0=t194 c1=t198
4699 core=1 delete 1 t194 r=0 y=1 c0=t197 c1=t198
4700 core=0 noop r=0 y=0 c0=t197 c1=t198
4701 core=0 delay t197 4 r=0 y=1 c0=t193 c1=t198
4702 core=1 yield r=0 y=2 c0=t193 c1=t198
4703 core=0 tick r=0 y=0 c0=t193 c1=t198
4704 core=0 take t193 r=0 y=0 c0=t193 c1=t198
4705 core=0 give r=1 y=0 c0=t193 c1=t198
4706 core=0 take t193 r=1 y=0 c0=t193 c1=t198
4707 core=0 create 1 t201 p2 r=1 y=1 c0=t201 c1=t198
4708 core=1 yield r=0 y=2 c0=t201 c1=t198
4709 core=1 noop r=0 y=0 c0=t201 c1=t198
4710 core=1 noop r=0 y=0 c0=t201 c1=t198
4711 core=0 give_isr r=1 y=0 c0=t201 c1=t198
4712 core=1 delay t198 3 r=0 y=2 c0=t201 c1=t193
4713 core=0 delay t201 1 r=0 y=1 c0=IDLE1 c1=t193
4714 core=0 noop r=0 y=0 c0=IDLE1 c1=t193
4715 core=1 prio t197 1 r=0 y=0 c0=IDLE1 c1=t193
4716 core=0 suspend t198 r=0 y=0 c0=IDLE1 c1=t193
4717 core=0 noop r=0 y=0 c0=IDLE1 c1=t193
4718 core=0 suspend t199 r=0 y=0 c0=IDLE1 c1=t193
4719 core=1 delay t193 4 r=0 y=2 c0=IDLE1 c1=IDLE0
4720 core=1 noop r=0 y=0 c0=IDLE1 c1=IDLE0
4721 core=0 noop r=0 y=0 c0=IDLE1 c1=IDLE0
4722 core=1 resume t193 r=0 y=0 c0=IDLE1 c1=IDLE0
4723 core=1 noop r=0 y=0 c0=IDLE1 c1=IDLE0
4724 core=1 give r=0 y=0 c0=IDLE1 c1=IDLE0
4725 core=0 give_isr r=0 y=0 c0=IDLE1 c1=IDLE0
4726 core=0 noop r=0 y=0 c0=IDLE1 c1=IDLE0
4727 core=0 give r=0 y=0 c0=IDLE1 c1=IDLE0
4728 core=0 tick r=1 y=3 c0=t201 c1=IDLE1
4729 core=0 noop r=0 y=0 c0=t201 c1=IDLE1
4730 core=1 noop r=0 y=0 c0=t201 c1=IDLE1
4731 core=0 delay t201 4 r=0 y=1 c0=IDLE0 c1=IDLE1
4732 core=0 give r=0 y=0 c0=IDLE0 c1=IDLE1
4733 core=1 suspend t197 r=0 y=0 c0=IDLE0 c1=IDLE1
4734 core=0 give r=0 y=0 c0=IDLE0 c1=IDLE1
4735 core=1 noop r=0 y=0 c0=IDLE0 c1=IDLE1
4736 core=1 noop r=0 y=0 c0=IDLE0 c1=IDLE1
4737 core=1 noop r=0 y=0 c0=IDLE0 c1=IDLE1
4738 core=1 noop r=0 y=0 c0=IDLE0 c1=IDLE1
4739 core=1 noop r=0 y=0 c0=IDLE0 c1=IDLE1
4740 core=0 resume t193 r=0 y=0 c0=IDLE0 c1=IDLE1
4741 core=0 noop r=0 y=0 c0=IDLE0 c1=IDLE1
4742 core=0 tick r=1 y=3 c0=IDLE0 c1=IDLE1
4743 core=1 noop r=0 y=0 c0=IDLE0 c1=IDLE1
4744 core=1 noop r=0 y=0 c0=IDLE0 c1=IDLE1
4745 core=0 tick r=1 y=3 c0=IDLE0 c1=IDLE1
4746 core=1 create 4 t202 p2 r=1 y=2 c0=IDLE0 c1=t202
4747 core=0 give_isr r=0 y=0 c0=IDLE0 c1=t202
4748 core=0 noop r=0 y=0 c0=IDLE0 c1=t202
4749 core=1 give r=0 y=0 c0=IDLE0 c1=t202
4750 core=1 prio t202 0 r=0 y=2 c0=IDLE0 c1=IDLE1
4751 core=1 noop r=0 y=0 c0=IDLE0 c1=IDLE1
4752 core=1 noop r=0 y=0 c0=IDLE0 c1=IDLE1
4753 core=0 prio t202 0 r=0 y=0 c0=IDLE0 c1=IDLE1
4754 core=1 give r=0 y=0 c0=IDLE0 c1=IDLE1
4755 core=0 noop r=0 y=0 c0=IDLE0 c1=IDLE1
4756 core=1 suspend t201 r=0 y=0 c0=IDLE0 c1=IDLE1
4757 core=0 noop r=0 y=0 c0=IDLE0 c1=IDLE1
4758 core=1 noop r=0 y=0 c0=IDLE0 c1=IDLE1
4759 core=0 tick r=1 y=3 c0=t193 c1=t202
4760 core=1 delay t202 4 r=0 y=2 c0=t193 c1=IDLE0
4761 core=0 tick r=0 y=2 c0=t193 c1=IDLE1
4762 core=0 prio t197 1 r=0 y=0 c0=t193 c1=IDLE1
4763 core=0 tick r=0 y=2 c0=t193 c1=IDLE0
4764 core=0 take t193 r=1 y=0 c0=t193 c1=IDLE0
4765 core=1 noop r=0 y=0 c0=t193 c1=IDLE0
4766 core=1 noop r=0 y=0 c0=t193 c1=IDLE0
4767 core=0 tick r=0 y=2 c0=t193 c1=IDLE1
4768 core=0 tick r=0 y=2 c0=t193 c1=IDLE0
4769 core=0 delay t193 4 r=0 y=1 c0=t202 c1=IDLE0
4770 core=1 create 9 t203 p0 r=1 y=2 c0=t202 c1=IDLE1
4771 core=0 noop r=0 y=0 c0=t202 c1=IDLE1
4772 core=0 take t202 r=0 y=0 c0=t202 c1=IDLE1
4773 core=1 noop r=0 y=0 c0=t202 c1=IDLE1
4774 core=0 tick r=1 y=3 c0=t203 c1=IDLE0
4775 core=0 tick r=1 y=3 c0=t202 c1=IDLE1
4776 core=0 noop r=0 y=0 c0=t202 c1=IDLE1
4777 core=0 tick r=1 y=3 c0=t203 c1=IDLE0
4778 core=0 delay t203 3 r=0 y=1 c0=t202 c1=IDLE0
4779 core=0 delay t202 3 r=0 y=1 c0=IDLE1 c1=IDLE0
4780 core=0 noop r=0 y=0 c0=IDLE1 c1=IDLE0
4781 core=1 noop r=0 y=0 c0=IDLE1 c1=IDLE0
4782 core=0 resume t193 r=0 y=0 c0=IDLE1 c1=IDLE0
4783 core=0 give_isr r=1 y=0 c0=IDLE1 c1=IDLE0
4784 core=1 delete 4 t202 r=0 y=0 c0=IDLE1 c1=IDLE0
4785 core=0 tick r=1 y=3 c0=t193 c1=IDLE1
4786 core=0 noop r=0 y=0 c0=t193 c1=IDLE1
4787 core=0 delay t193 1 r=0 y=1 c0=IDLE0 c1=IDLE1
4788 core=0 noop r=0 y=0 c0=IDLE0 c1=IDLE1
4789 core=0 noop r=0 y=0 c0=IDLE0 c1=IDLE1
4790 core=1 resume t203 r=0 y=0 c0=IDLE0 c1=IDLE1
4791 core=0 noop r=0 y=0 c0=IDLE0 c1=IDLE1
4792 core=0 tick r=1 y=3 c0=t193 c1=IDLE0
4793 core=1 resume t201 r=0 y=2 c0=t193 c1=t201
4794 core=1 take t201 r=1 y=0 c0=t193 c1=t201
4795 core=0 give_isr r=1 y=0 c0=t193 c1=t201
4796 core=0 give r=0 y=0 c0=t193 c1=t201
4797 core=0 suspend t201 r=0 y=2 c0=t193 c1=IDLE1
4798 core=0 take t193 r=1 y=0 c0=t193 c1=IDLE1
4799 core=0 noop r=0 y=0 c0=t193 c1=IDLE1
4800 core=0 delay t193 2 r=0 y=1 c0=IDLE0 c1=IDLE1
4801 core=1 noop r=0 y=0 c0=IDLE0 c1=IDLE1
4802 core=1 resume t201 r=0 y=2 c0=IDLE0 c1=t201
4803 core=1 prio t203 1 r=0 y=0 c0=IDLE0 c1=t201
4804 core=0 suspend t203 r=0 y=0 c0=IDLE0 c1=t201
4805 core=1 suspend t193 r=0 y=0 c0=IDLE0 c1=t201
4806 core=1 noop r=0 y=0 c0=IDLE0 c1=t201
4807 core=1 delay t201 4 r=0 y=2 c0=IDLE0 c1=IDLE1
4808 core=1 give r=1 y=0 c0=IDLE0 c1=IDLE1
4809 core=1 noop r=0 y=0 c0=IDLE0 c1=IDLE1
4810 core=1 give_isr r=0 y=0 c0=IDLE0 c1=IDLE1
4811 core=0 noop r=0 y=0 c0=IDLE0 c1=IDLE1
4812 core=0 create 6 t204 p3 r=1 y=2 c0=IDLE0 c1=t204
4813 core=0 give r=0 y=0 c0=IDLE0 c1=t204
4814 core=1 noop r=0 y=0 c0=IDLE0 c1=t204
4815 core=0 delete 9 t203 r=0 y=0 c0=IDLE0 c1=t204
4816 core=1 give_isr r=0 y=0 c0=IDLE0 c1=t204
4817 core=1 give_isr r=0 y=0 c0=IDLE0 c1=t204
4818 core=0 noop r=0 y=0 c0=IDLE0 c1=t204
4819 core=1 delay t204 2 r=0 y=2 c0=IDLE0 c1=IDLE1
4820 core=0 give r=0 y=0 c0=IDLE0 c1=IDLE1
4821 core=0 resume t193 r=0 y=2 c0=IDLE0 c1=t193
4822 core=0 give r=0 y=0 c0=IDLE0 c1=t193
4823 core=1 prio t201 2 r=0 y=0 c0=IDLE0 c1=t193
4824 core=0 give r=0 y=0 c0=IDLE0 c1=t193
4825 core=0 give_isr r=0 y=0 c0=IDLE0 c1=t193
4826 core=0 tick r=1 y=1 c0=IDLE1 c1=t193
4827 core=0 tick r=1 y=1 c0=t204 c1=t193
4828 core=0 take t204 r=1 y=0 c0=t204 c1=t193
4829 core=1 delete 0 t197 r=0 y=0 c0=t204 c1=t193
4830 core=0 create 8 t205 p0 r=1 y=0 c0=t204 c1=t193
4831 core=0 give_isr r=1 y=0 c0=t204 c1=t193
4832 core=0 tick r=0 y=0 c0=t204 c1=t193
4833 core=1 suspend t193 r=0 y=2 c0=t204 c1=IDLE0
4834 core=0 suspend t201 r=0 y=0 c0=t204 c1=IDLE0
4835 core=0 noop r=0 y=0 c0=t204 c1=IDLE0
4836 core=1 noop r=0 y=0 c0=t204 c1=IDLE0
4837 core=1 noop r=0 y=0 c0=t204 c1=IDLE0
4838 core=0 delay t204 3 r=0 y=1 c0=IDLE1 c1=IDLE0
4839 core=0 noop r=0 y=0 c0=IDLE1 c1=IDLE0
4840 core=1 resume t204 r=0 y=0 c0=IDLE1 c1=IDLE0
4841 core=1 prio t198 2 r=0 y=0 c0=IDLE1 c1=IDLE0
4842 core=1 suspend t198 r=0 y=0 c0=IDLE1 c1=IDLE0
4843 core=0 noop r=0 y=0 c0=IDLE1 c1=IDLE0
4844 core=1 noop r=0 y=0 c0=IDLE1 c1=IDLE0
4845 core=0 create 9 t206 p0 r=1 y=2 c0=IDLE1 c1=t205
4846 core=0 tick r=1 y=3 c0=t206 c1=IDLE0
4847 core=0 tick r=1 y=3 c0=IDLE1 c1=t205
4848 core=0 noop r=0 y=0 c0=IDLE1 c1=t205
4849 core=0 create 4 t207 p1 r=1 y=1 c0=t207 c1=t205
4850 core=1 give_isr r=0 y=0 c0=t207 c1=t205
4851 core=0 tick r=0 y=2 c0=t207 c1=t204
4852 core=1 prio t205 2 r=0 y=1 c0=t205 c1=t204
4853 core=1 noop r=0 y=0 c0=t205 c1=t204
4854 core=0 tick r=0 y=0 c0=t205 c1=t204
4855 core=0 tick r=0 y=0 c0=t205 c1=t204
4856 core=0 give_isr r=0 y=0 c0=t205 c1=t204
4857 core=0 delay t205 1 r=0 y=1 c0=t207 c1=t204
4858 core=0 yield r=0 y=1 c0=t207 c1=t204
4859 core=1 resume t205 r=0 y=0 c0=t207 c1=t204
4860 core=1 give_isr r=0 y=0 c0=t207 c1=t204
4861 core=0 delay t207 4 r=0 y=1 c0=t206 c1=t204
4862 core=0 create 5 t208 p0 r=1 y=0 c0=t206 c1=t204
4863 core=0 give_isr r=0 y=0 c0=t206 c1=t204
4864 core=1 suspend t206 r=0 y=1 c0=IDLE0 c1=t204
4865 core=1 noop r=0 y=0 c0=IDLE0 c1=t204
4866 core=1 resume t208 r=0 y=0 c0=IDLE0 c1=t204
4867 core=0 give r=0 y=0 c0=IDLE0 c1=t204
4868 core=0 noop r=0 y=0 c0=IDLE0 c1=t204
4869 core=1 prio t207 0 r=0 y=0 c0=IDLE0 c1=t204
4870 core=0 noop r=0 y=0 c0=IDLE0 c1=t204
4871 core=0 noop r=0 y=0 c0=IDLE0 c1=t204
4872 core=1 noop r=0 y=0 c0=IDLE0 c1=t204
4873 core=0 noop r=0 y=0 c0=IDLE0 c1=t204
4874 core=0 resume t205 r=0 y=0 c0=IDLE0 c1=t204
4875 core=1 resume t206 r=0 y=1 c0=IDLE1 c1=t204
4876 core=0 resume t193 r=0 y=1 c0=t193 c1=t204
4877 core=1 noop r=0 y=0 c0=t193 c1=t204
4878 core=0 give_isr r=0 y=0 c0=t193 c1=t204
4879 core=0 tick r=1 y=1 c0=t205 c1=t204
4880 core=0 prio t199 1 r=0 y=0 c0=t205 c1=t204
4881 core=1 prio t205 2 r=0 y=0 c0=t205 c1=t204
4882 core=1 suspend t207 r=0 y=0 c0=t205 c1=t204
4883 core=0 prio t207 2 r=0 y=0 c0=t205 c1=t204
4884 core=0 yield r=0 y=1 c0=t205 c1=t204
4885 core=1 give r=0 y=0 c0=t205 c1=t204
4886 core=1 give r=0 y=0 c0=t205 c1=t204
4887 core=0 noop r=0 y=0 c0=t205 c1=t204
4888 core=1 noop r=0 y=0 c0=t205 c1=t204
4889 core=0 delete 5 t208 r=0 y=0 c0=t205 c1=t204
4890 core=0 suspend t207 r=0 y=0 c0=t205 c1=t204
4891 core=1 noop r=0 y=0 c0=t205 c1=t204
4892 core=0 resume t204 r=0 y=0 c0=t205 c1=t204
4893 core=1 noop r=0 y=0 c0=t205 c1=t204
4894 core=1 resume t198 r=0 y=0 c0=t205 c1=t204
4895 core=1 give_isr r=0 y=0 c0=t205 c1=t204
4896 core=0 delay t205 1 r=0 y=1 c0=t198 c1=t204
4897 core=0 give r=0 y=0 c0=t198 c1=t204
4898 core=0 take t198 r=1 y=0 c0=t198 c1=t204
4899 core=1 suspend t206 r=0 y=0 c0=t198 c1=t204
4900 core=1 delay t204 5 r=0 y=2 c0=t198 c1=t193
4901 core=0 tick r=1 y=3 c0=t205 c1=t198
4902 core=1 prio t204 0 r=0 y=0 c0=t205 c1=t198
4903 core=0 tick r=1 y=3 c0=t205 c1=t198
4904 core=1 noop r=0 y=0 c0=t205 c1=t198
4905 core=1 noop r=0 y=0 c0=t205 c1=t198
4906 core=1 suspend t207 r=0 y=0 c0=t205 c1=t198
4907 core=1 delete 6 t204 r=0 y=0 c0=t205 c1=t198
4908 core=0 suspend t193 r=0 y=0 c0=t205 c1=t198
4909 core=1 prio t207 2 r=0 y=0 c0=t205 c1=t198
4910 core=1 noop r=0 y=0 c0=t205 c1=t198
4911 core=0 take t205 r=0 y=0 c0=t205 c1=t198
4912 core=1 suspend t193 r=0 y=0 c0=t205 c1=t198
4913 core=1 noop r=0 y=0 c0=t205 c1=t198
4914 core=0 tick r=1 y=3 c0=t205 c1=t198
4915 core=0 noop r=0 y=0 c0=t205 c1=t198
4916 core=0 noop r=0 y=0 c0=t205 c1=t198
4917 core=0 prio t201 3 r=0 y=0 c0=t205 c1=t198
4918 core=0 noop r=0 y=0 c0=t205 c1=t198
4919 core=0 delay t205 4 r=0 y=1 c0=IDLE0 c1=t198
4920 core=0 suspend t207 r=0 y=0 c0=IDLE0 c1=t198
4921 core=1 delay t198 4 r=0 y=2 c0=IDLE0 c1=IDLE1
4922 core=0 tick r=1 y=3 c0=IDLE0 c1=IDLE1
4923 core=1 noop r=0 y=0 c0=IDLE0 c1=IDLE1
4924 core=0 prio t198 3 r=0 y=0 c0=IDLE0 c1=IDLE1
4925 core=0 noop r=0 y=0 c0=IDLE0 c1=IDLE1
4926 core=1 give_isr r=1 y=0 c0=IDLE0 c1=IDLE1
4927 core=1 prio t201 0 r=0 y=0 c0=IDLE0 c1=IDLE1
4928 core=1 noop r=0 y=0 c0=IDLE0 c1=IDLE1
4929 core=0 noop r=0 y=0 c0=IDLE0 c1=IDLE1
4930 core=0 noop r=0 y=0 c0=IDLE0 c1=IDLE1
4931 core=0 tick r=1 y=3 c0=IDLE0 c1=IDLE1
4932 core=1 prio t198 2 r=0 y=0 c0=IDLE0 c1=IDLE1
4933 core=1 prio t207 0 r=0 y=0 c0=IDLE0 c1=IDLE1
4934 core=1 noop r=0 y=0 c0=IDLE0 c1=IDLE1
4935 core=1 noop r=0 y=0 c0=IDLE0 c1=IDLE1
4936 core=0 tick r=1 y=3 c0=IDLE0 c1=IDLE1
4937 core=0 noop r=0 y=0 c0=IDLE0 c1=IDLE1
4938 core=0 prio t207 3 r=0 y=0 c0=IDLE0 c1=IDLE1
4939 core=0 tick r=1 y=3 c0=t205 c1=t198
4940 core=1 prio t206 2 r=0 y=0 c0=t205 c1=t198
4941 core=1 suspend t207 r=0 y=0 c0=t205 c1=t198
4942 core=1 yield r=0 y=2 c0=t205 c1=t198
4943 core=1 delay t198 3 r=0 y=2 c0=t205 c1=IDLE0
4944 core=0 noop r=0 y=0 c0=t205 c1=IDLE0
4945 core=0 take t205 r=1 y=0 c0=t205 c1=IDLE0
4946 core=1 give_isr r=1 y=0 c0=t205 c1=IDLE0
4947 core=0 tick r=0 y=2 c0=t205 c1=IDLE1
4948 core=0 give_isr r=0 y=0 c0=t205 c1=IDLE1
4949 core=0 delay t205 3 r=0 y=1 c0=IDLE0 c1=IDLE1
4950 core=1 noop r=0 y=0 c0=IDLE0 c1=IDLE1
4951 core=1 resume t206 r=0 y=2 c0=IDLE0 c1=t206
4952 core=1 noop r=0 y=0 c0=IDLE0 c1=t206
4953 core=1 noop r=0 y=0 c0=IDLE0 c1=t206
4954 core=0 noop r=0 y=0 c0=IDLE0 c1=t206
4955 core=0 noop r=0 y=0 c0=IDLE0 c1=t206
4956 core=0 noop r=0 y=0 c0=IDLE0 c1=t206
4957 core=1 delay t206 2 r=0 y=2 c0=IDLE0 c1=IDLE1
4958 core=1 prio t207 1 r=0 y=0 c0=IDLE0 c1=IDLE1
4959 core=0 give r=0 y=0 c0=IDLE0 c1=IDLE1
4960 core=1 give_isr r=0 y=0 c0=IDLE0 c1=IDLE1
4961 core=0 tick r=1 y=3 c0=IDLE0 c1=IDLE1
4962 core=1 noop r=0 y=0 c0=IDLE0 c1=IDLE1
4963 core=1 noop r=0 y=0 c0=IDLE0 c1=IDLE1
4964 core=1 suspend t207 r=0 y=0 c0=IDLE0 c1=IDLE1
4965 core=0 tick r=1 y=3 c0=t198 c1=t206
4966 core=0 prio t206 2 r=0 y=0 c0=t198 c1=t206
4967 core=1 give r=0 y=0 c0=t198 c1=t206
4968 core=0 suspend t199 r=0 y=0 c0=t198 c1=t206
4969 core=0 give r=0 y=0 c0=t198 c1=t206
4970 core=0 create 6 t209 p0 r=1 y=0 c0=t198 c1=t206
4971 core=0 noop r=0 y=0 c0=t198 c1=t206
4972 core=1 suspend t205 r=0 y=0 c0=t198 c1=t206
4973 core=1 prio t205 1 r=0 y=0 c0=t198 c1=t206
4974 core=0 give_isr r=0 y=0 c0=t198 c1=t206
4975 core=0 prio t207 2 r=0 y=0 c0=t198 c1=t206
4976 core=0 tick r=1 y=3 c0=t198 c1=t206
4977 core=1 take t206 r=1 y=0 c0=t198 c1=t206
4978 core=0 resume t198 r=0 y=0 c0=t198 c1=t206
4979 core=0 give r=1 y=0 c0=t198 c1=t206
4980 core=0 give_isr r=0 y=0 c0=t198 c1=t206
4981 core=0 tick r=1 y=3 c0=t198 c1=t206
4982 core=0 tick r=1 y=3 c0=t198 c1=t206
4983 core=0 prio t201 3 r=0 y=0 c0=t198 c1=t206
4984 core=1 resume t206 r=0 y=0 c0=t198 c1=t206
4985 core=1 delay t206 2 r=0 y=2 c0=t198 c1=IDLE0
4986 core=0 take t198 r=1 y=0 c0=t198 c1=IDLE0
4987 core=1 give r=1 y=0 c0=t198 c1=IDLE0
4988 core=1 create 0 t210 p0 r=1 y=2 c0=t198 c1=IDLE1
4989 core=0 take t198 r=1 y=0 c0=t198 c1=IDLE1
4990 core=0 delete 0 t210 r=0 y=0 c0=t198 c1=IDLE1
4991 core=0 tick r=0 y=2 c0=t198 c1=t209
4992 core=0 prio t205 0 r=0 y=0 c0=t198 c1=t209
4993 core=0 delay t198 3 r=0 y=1 c0=IDLE0 c1=t209
4994 core=1 prio t193 0 r=0 y=0 c0=IDLE0 c1=t209
4995 core=0 tick r=1 y=3 c0=t206 c1=IDLE1
4996 core=0 tick r=0 y=2 c0=t206 c1=IDLE0
4997 core=1 suspend t207 r=0 y=0 c0=t206 c1=IDLE0
4998 core=0 prio t193 3 r=0 y=0 c0=t206 c1=IDLE0
4999 core=1 prio t199 1 r=0 y=0 c0=t206 c1=IDLE0
5000 core=1 give r=1 y=0 c0=t206 c1=IDLE0
5001 core=1 give r=0 y=0 c0=t206 c1=IDLE0
5002 core=0 resume t193 r=0 y=2 c0=t206 c1=t193
5003 core=1 take t193 r=1 y=0 c0=t206 c1=t193
5004 core=0 create 0 t211 p3 r=1 y=1 c0=t211 c1=t193
5005 core=1 delete 1 t201 r=0 y=0 c0=t211 c1=t193
5006 core=1 take t193 r=0 y=0 c0=t211 c1=t193
5007 core=0 prio t206 2 r=0 y=0 c0=t211 c1=t193
5008 core=0 resume t198 r=0 y=0 c0=t211 c1=t193
5009 core=1 delete 7 t193 r=0 y=2 c0=t211 c1=t206
5010 core=0 resume t198 r=0 y=0 c0=t211 c1=t206
5011 core=1 yield r=0 y=2 c0=t211 c1=t206
5012 core=0 give r=1 y=0 c0=t211 c1=t206
5013 core=0 resume t206 r=0 y=0 c0=t211 c1=t206
5014 core=0 prio t211 3 r=0 y=0 c0=t211 c1=t206
5015 core=0 give r=0 y=0 c0=t211 c1=t206
5016 core=1 noop r=0 y=0 c0=t211 c1=t206
5017 core=0 tick r=0 y=2 c0=t211 c1=t198
5018 core=0 suspend t206 r=0 y=0 c0=t211 c1=t198
5019 core=1 noop r=0 y=0 c0=t211 c1=t198
5020 core=1 delete 2 t198 r=0 y=2 c0=t211 c1=t209
5021 core=0 resume t199 r=0 y=2 c0=t211 c1=t199
5022 core=1 give r=0 y=0 c0=t211 c1=t199
5023 core=0 give_isr r=0 y=0 c0=t211 c1=t199
5024 core=0 suspend t209 r=0 y=0 c0=t211 c1=t199
5025 core=0 delay t211 4 r=0 y=1 c0=IDLE1 c1=t199
5026 core=1 noop r=0 y=0 c0=IDLE1 c1=t199
5027 core=0 noop r=0 y=0 c0=IDLE1 c1=t199
5028 core=1 give r=0 y=0 c0=IDLE1 c1=t199
5029 core=0 prio t211 1 r=0 y=0 c0=IDLE1 c1=t199
5030 core=1 noop r=0 y=0 c0=IDLE1 c1=t199
5031 core=0 noop r=0 y=0 c0=IDLE1 c1=t199
5032 core=0 resume t199 r=0 y=0 c0=IDLE1 c1=t199
5033 core=1 noop r=0 y=0 c0=IDLE1 c1=t199
5034 core=0 suspend t205 r=0 y=0 c0=IDLE1 c1=t199
5035 core=1 take t199 r=1 y=0 c0=IDLE1 c1=t199
5036 core=0 noop r=0 y=0 c0=IDLE1 c1=t199
5037 core=0 give_isr r=1 y=0 c0=IDLE1 c1=t199
5038 core=1 give_isr r=0 y=0 c0=IDLE1 c1=t199
5039 core=0 noop r=0 y=0 c0=IDLE1 c1=t199
5040 core=0 noop r=0 y=0 c0=IDLE1 c1=t199
5041 core=0 create 2 t212 p2 r=1 y=1 c0=t212 c1=t199
5042 core=0 delay t212 2 r=0 y=1 c0=IDLE0 c1=t199
5043 core=0 noop r=0 y=0 c0=IDLE0 c1=t199
5044 core=0 tick r=1 y=1 c0=IDLE1 c1=t199
5045 core=1 take t199 r=1 y=0 c0=IDLE1 c1=t199
5046 core=0 noop r=0 y=0 c0=IDLE1 c1=t199
5047 core=1 suspend t205 r=0 y=0 c0=IDLE1 c1=t199
5048 core=1 delete 8 t205 r=0 y=0 c0=IDLE1 c1=t199
5049 core=0 noop r=0 y=0 c0=IDLE1 c1=t199
5050 core=1 suspend t212 r=0 y=0 c0=IDLE1 c1=t199
5051 core=0 noop r=0 y=0 c0=IDLE1 c1=t199
5052 core=0 prio t206 1 r=0 y=0 c0=IDLE1 c1=t199
5053 core=1 noop r=0 y=0 c0=IDLE1 c1=t199
5054 core=0 tick r=1 y=1 c0=IDLE0 c1=t199
5055 core=0 noop r=0 y=0 c0=IDLE0 c1=t199
5056 core=1 prio t206 2 r=0 y=0 c0=IDLE0 c1=t199
5057 core=0 noop r=0 y=0 c0=IDLE0 c1=t199
5058 core=1 noop r=0 y=0 c0=IDLE0 c1=t199
5059 core=1 noop r=0 y=0 c0=IDLE0 c1=t199
5060 core=0 noop r=0 y=0 c0=IDLE0 c1=t199
5061 core=0 prio t207 2 r=0 y=0 c0=IDLE0 c1=t199
5062 core=0 suspend t207 r=0 y=0 c0=IDLE0 c1=t199
5063 core=1 delay t199 5 r=0 y=2 c0=IDLE0 c1=IDLE1
5064 core=0 noop r=0 y=0 c0=IDLE0 c1=IDLE1
5065 core=1 noop r=0 y=0 c0=IDLE0 c1=IDLE1
5066 core=0 prio t211 3 r=0 y=0 c0=IDLE0 c1=IDLE1
5067 core=1 noop r=0 y=0 c0=IDLE0 c1=IDLE1
5068 core=0 give r=1 y=0 c0=IDLE0 c1=IDLE1
5069 core=0 tick r=1 y=3 c0=IDLE0 c1=IDLE1
5070 core=1 noop r=0 y=0 c0=IDLE0 c1=IDLE1
5071 core=0 give_isr r=0 y=0 c0=IDLE0 c1=IDLE1
5072 core=0 resume t206 r=0 y=2 c0=IDLE0 c1=t206
5073 core=0 tick r=1 y=1 c0=t211 c1=t206
5074 core=0 tick r=0 y=0 c0=t211 c1=t206
5075 core=0 yield r=0 y=1 c0=t211 c1=t206
5076 core=1 prio t207 1 r=0 y=0 c0=t211 c1=t206
5077 core=0 delay t211 1 r=0 y=1 c0=IDLE1 c1=t206
5078 core=1 suspend t211 r=0 y=0 c0=IDLE1 c1=t206
5079 core=1 give_isr r=0 y=0 c0=IDLE1 c1=t206
5080 core=0 tick r=1 y=1 c0=IDLE0 c1=t206
5081 core=0 noop r=0 y=0 c0=IDLE0 c1=t206
5082 core=0 noop r=0 y=0 c0=IDLE0 c1=t206
5083 core=0 noop r=0 y=0 c0=IDLE0 c1=t206
5084 core=0 prio t212 2 r=0 y=0 c0=IDLE0 c1=t206
5085 core=1 resume t206 r=0 y=0 c0=IDLE0 c1=t206
5086 core=0 noop r=0 y=0 c0=IDLE0 c1=t206
5087 core=1 noop r=0 y=0 c0=IDLE0 c1=t206
5088 core=1 yield r=0 y=2 c0=IDLE0 c1=t206
5089 core=1 noop r=0 y=0 c0=IDLE0 c1=t206
5090 core=0 prio t211 3 r=0 y=0 c0=IDLE0 c1=t206
5091 core=0 noop r=0 y=0 c0=IDLE0 c1=t206
5092 core=0 give_isr r=0 y=0 c0=IDLE0 c1=t206
5093 core=1 prio t212 3 r=0 y=0 c0=IDLE0 c1=t206
5094 core=0 yield r=0 y=1 c0=IDLE1 c1=t206
5095 core=0 noop r=0 y=0 c0=IDLE1 c1=t206
5096 core=1 resume t212 r=0 y=1 c0=t212 c1=t206
5097 core=1 resume t212 r=0 y=0 c0=t212 c1=t206
5098 core=0 give r=0 y=0 c0=t212 c1=t206
5099 core=0 noop r=0 y=0 c0=t212 c1=t206
5100 core=0 suspend t206 r=0 y=2 c0=t212 c1=IDLE0
5101 core=0 noop r=0 y=0 c0=t212 c1=IDLE0
5102 core=1 give_isr r=0 y=0 c0=t212 c1=IDLE0
5103 core=1 noop r=0 y=0 c0=t212 c1=IDLE0
5104 core=0 noop r=0 y=0 c0=t212 c1=IDLE0
5105 core=1 give r=0 y=0 c0=t212 c1=IDLE0
5106 core=1 suspend t207 r=0 y=0 c0=t212 c1=IDLE0
5107 core=1 noop r=0 y=0 c0=t212 c1=IDLE0
5108 core=0 tick r=0 y=2 c0=t212 c1=t199
5109 core=0 noop r=0 y=0 c0=t212 c1=t199
5110 core=1 prio t199 1 r=0 y=0 c0=t212 c1=t199
5111 core=0 suspend t207 r=0 y=0 c0=t212 c1=t199
5112 core=0 tick r=0 y=0 c0=t212 c1=t199
5113 core=1 noop r=0 y=0 c0=t212 c1=t199
5114 core=1 prio t212 2 r=0 y=1 c0=t212 c1=t199
5115 core=0 tick r=0 y=0 c0=t212 c1=t199
5116 core=0 prio t212 0 r=0 y=1 c0=IDLE1 c1=t199
5117 core=0 tick r=1 y=1 c0=IDLE0 c1=t199
5118 core=0 give r=0 y=0 c0=IDLE0 c1=t199
5119 core=0 delete 4 t207 r=0 y=0 c0=IDLE0 c1=t199
5120 core=0 noop r=0 y=0 c0=IDLE0 c1=t199
5121 core=0 noop r=0 y=0 c0=IDLE0 c1=t199
5122 core=1 give_isr r=0 y=0 c0=IDLE0 c1=t199
5123 core=1 delay t199 1 r=0 y=2 c0=IDLE0 c1=t212
5124 core=0 yield r=0 y=1 c0=IDLE1 c1=t212
5125 core=1 yield r=0 y=2 c0=IDLE1 c1=IDLE0
5126 core=0 noop r=0 y=0 c0=IDLE1 c1=IDLE0
5127 core=1 yield r=0 y=2 c0=IDLE1 c1=t212
5128 core=1 give_isr r=0 y=0 c0=IDLE1 c1=t212
5129 core=1 give_isr r=0 y=0 c0=IDLE1 c1=t212
5130 core=1 create 4 t213 p3 r=1 y=1 c0=t213 c1=t212
5131 core=1 prio t211 0 r=0 y=0 c0=t213 c1=t212
5132 core=1 noop r=0 y=0 c0=t213 c1=t212
5133 core=1 resume t206 r=0 y=2 c0=t213 c1=t206
5134 core=0 tick r=0 y=0 c0=t213 c1=t206
5135 core=0 tick r=0 y=0 c0=t213 c1=t206
5136 core=1 take t206 r=1 y=0 c0=t213 c1=t206
5137 core=1 noop r=0 y=0 c0=t213 c1=t206
5138 core=0 give_isr r=1 y=0 c0=t213 c1=t206
5139 core=0 noop r=0 y=0 c0=t213 c1=t206
5140 core=1 noop r=0 y=0 c0=t213 c1=t206
5141 core=1 noop r=0 y=0 c0=t213 c1=t206
5142 core=1 give r=0 y=0 c0=t213 c1=t206
5143 core=1 noop r=0 y=0 c0=t213 c1=t206
5144 core=0 noop r=0 y=0 c0=t213 c1=t206
5145 core=1 suspend t211 r=0 y=0 c0=t213 c1=t206
5146 core=0 resume t213 r=0 y=0 c0=t213 c1=t206
5147 core=0 prio t209 1 r=0 y=0 c0=t213 c1=t206
5148 core=0 suspend t211 r=0 y=0 c0=t213 c1=t206
5149 core=1 delay t206 4 r=0 y=2 c0=t213 c1=t199
5150 core=1 noop r=0 y=0 c0=t213 c1=t199
5151 core=1 noop r=0 y=0 c0=t213 c1=t199
5152 core=0 tick r=0 y=0 c0=t213 c1=t199
5153 core=0 take t213 r=1 y=0 c0=t213 c1=t199
5154 core=1 noop r=0 y=0 c0=t213 c1=t199
5155 core=0 delete 3 t199 r=0 y=2 c0=t213 c1=IDLE0
5156 core=0 prio t213 0 r=0 y=1 c0=IDLE1 c1=IDLE0
5157 core=1 give r=1 y=0 c0=IDLE1 c1=IDLE0
5158 core=1 noop r=0 y=0 c0=IDLE1 c1=IDLE0
5159 core=0 suspend t206 r=0 y=0 c0=IDLE1 c1=IDLE0
5160 core=1 noop r=0 y=0 c0=IDLE1 c1=IDLE0
5161 core=0 give_isr r=0 y=0 c0=IDLE1 c1=IDLE0
5162 core=0 noop r=0 y=0 c0=IDLE1 c1=IDLE0
5163 core=0 noop r=0 y=0 c0=IDLE1 c1=IDLE0
5164 core=0 noop r=0 y=0 c0=IDLE1 c1=IDLE0
5165 core=0 tick r=1 y=3 c0=t212 c1=t213
5166 core=1 give r=0 y=0 c0=t212 c1=t213
5167 core=1 suspend t206 r=0 y=0 c0=t212 c1=t213
5168 core=1 delay t213 3 r=0 y=2 c0=t212 c1=IDLE1
5169 core=1 yield r=0 y=2 c0=t212 c1=IDLE0
5170 core=1 give r=0 y=0 c0=t212 c1=IDLE0
5171 core=1 noop r=0 y=0 c0=t212 c1=IDLE0
5172 core=0 resume t206 r=0 y=2 c0=t212 c1=t206
5173 core=0 noop r=0 y=0 c0=t212 c1=t206
5174 core=0 give r=0 y=0 c0=t212 c1=t206
5175 core=0 delete 2 t212 r=0 y=1 c0=IDLE1 c1=t206
5176 core=0 prio t213 0 r=0 y=0 c0=IDLE1 c1=t206
5177 core=1 noop r=0 y=0 c0=IDLE1 c1=t206
5178 core=0 noop r=0 y=0 c0=IDLE1 c1=t206
5179 core=1 take t206 r=1 y=0 c0=IDLE1 c1=t206
5180 core=0 suspend t206 r=0 y=2 c0=IDLE1 c1=IDLE0
5181 core=1 noop r=0 y=0 c0=IDLE1 c1=IDLE0
5182 core=0 noop r=0 y=0 c0=IDLE1 c1=IDLE0
5183 core=0 suspend t206 r=0 y=0 c0=IDLE1 c1=IDLE0
5184 core=1 delete 9 t206 r=0 y=0 c0=IDLE1 c1=IDLE0
5185 core=0 noop r=0 y=0 c0=IDLE1 c1=IDLE0
5186 core=1 noop r=0 y=0 c0=IDLE1 c1=IDLE0
5187 core=0 create 7 t214 p3 r=1 y=2 c0=IDLE1 c1=t214
5188 core=1 noop r=0 y=0 c0=IDLE1 c1=t214
5189 core=0 noop r=0 y=0 c0=IDLE1 c1=t214
5190 core=0 noop r=0 y=0 c0=IDLE1 c1=t214
5191 core=0 tick r=1 y=1 c0=IDLE0 c1=t214
5192 core=0 noop r=0 y=0 c0=IDLE0 c1=t214
5193 core=0 tick r=1 y=1 c0=IDLE1 c1=t214
5194 core=1 noop r=0 y=0 c0=IDLE1 c1=t214
5195 core=0 give_isr r=1 y=0 c0=IDLE1 c1=t214
5196 core=0 give r=0 y=0 c0=IDLE1 c1=t214
5197 core=0 prio t211 0 r=0 y=0 c0=IDLE1 c1=t214
5198 core=0 give_isr r=0 y=0 c0=IDLE1 c1=t214
5199 core=1 give_isr r=0 y=0 c0=IDLE1 c1=t214
5200 core=0 noop r=0 y=0 c0=IDLE1 c1=t214
5201 core=0 create 9 t215 p1 r=1 y=1 c0=t215 c1=t214
5202 core=1 noop r=0 y=0 c0=t215 c1=t214
5203 core=1 prio t211 3 r=0 y=0 c0=t215 c1=t214
5204 core=1 give r=0 y=0 c0=t215 c1=t214
5205 core=0 noop r=0 y=0 c0=t215 c1=t214
5206 core=1 noop r=0 y=0 c0=t215 c1=t214
5207 core=1 noop r=0 y=0 c0=t215 c1=t214
5208 core=0 create 8 t216 p1 r=1 y=0 c0=t215 c1=t214
5209 core=0 noop r=0 y=0 c0=t215 c1=t214
5210 core=0 tick r=1 y=1 c0=t216 c1=t214
5211 core=0 yield r=0 y=1 c0=t215 c1=t214
5212 core=1 delay t214 1 r=0 y=2 c0=t215 c1=t216
5213 core=1 take t216 r=1 y=0 c0=t215 c1=t216
5214 core=1 noop r=0 y=0 c0=t215 c1=t216
5215 core=1 suspend t216 r=0 y=2 c0=t215 c1=IDLE0
5216 core=1 noop r=0 y=0 c0=t215 c1=IDLE0
5217 core=1 delete 4 t213 r=0 y=0 c0=t215 c1=IDLE0
5218 core=1 noop r=0 y=0 c0=t215 c1=IDLE0
5219 core=0 tick r=0 y=2 c0=t215 c1=t214
5220 core=0 noop r=0 y=0 c0=t215 c1=t214
5221 core=0 noop r=0 y=0 c0=t215 c1=t214
5222 core=1 take t214 r=0 y=0 c0=t215 c1=t214
5223 core=1 give r=1 y=0 c0=t215 c1=t214
5224 core=0 yield r=0 y=1 c0=t215 c1=t214
5225 core=0 give r=0 y=0 c0=t215 c1=t214
5226 core=0 noop r=0 y=0 c0=t215 c1=t214
5227 core=0 yield r=0 y=1 c0=t215 c1=t214
5228 core=0 delete 0 t211 r=0 y=0 c0=t215 c1=t214
5229 core=0 take t215 r=1 y=0 c0=t215 c1=t214
5230 core=0 delay t215 1 r=0 y=1 c0=IDLE1 c1=t214
5231 core=0 give_isr r=1 y=0 c0=IDLE1 c1=t214
5232 core=1 noop r=0 y=0 c0=IDLE1 c1=t214
5233 core=1 noop r=0 y=0 c0=IDLE1 c1=t214
5234 core=1 noop r=0 y=0 c0=IDLE1 c1=t214
5235 core=0 noop r=0 y=0 c0=IDLE1 c1=t214
5236 core=1 noop r=0 y=0 c0=IDLE1 c1=t214
5237 core=1 noop r=0 y=0 c0=IDLE1 c1=t214
5238 core=0 yield r=0 y=1 c0=IDLE0 c1=t214
5239 core=0 noop r=0 y=0 c0=IDLE0 c1=t214
5240 core=0 tick r=1 y=1 c0=t215 c1=t214
5241 core=1 delay t214 4 r=0 y=2 c0=t215 c1=IDLE1
5242 core=1 create 2 t217 p0 r=1 y=2 c0=t215 c1=IDLE0
5243 core=0 noop r=0 y=0 c0=t215 c1=IDLE0
5244 core=0 take t215 r=1 y=0 c0=t215 c1=IDLE0
5245 core=1 noop r=0 y=0 c0=t215 c1=IDLE0
5246 core=1 noop r=0 y=0 c0=t215 c1=IDLE0
5247 core=0 tick r=0 y=2 c0=t215 c1=t217
5248 core=0 noop r=0 y=0 c0=t215 c1=t217
5249 core=0 delay t215 5 r=0 y=1 c0=IDLE1 c1=t217
5250 core=1 delay t217 5 r=0 y=2 c0=IDLE1 c1=IDLE0
5251 core=0 noop r=0 y=0 c0=IDLE1 c1=IDLE0
5252 core=1 create 4 t218 p2 r=1 y=2 c0=IDLE1 c1=t218
5253 core=0 tick r=1 y=1 c0=IDLE0 c1=t218
5254 core=1 noop r=0 y=0 c0=IDLE0 c1=t218
5255 core=1 noop r=0 y=0 c0=IDLE0 c1=t218
5256 core=0 resume t218 r=0 y=0 c0=IDLE0 c1=t218
5257 core=0 noop r=0 y=0 c0=IDLE0 c1=t218
5258 core=1 delay t218 5 r=0 y=2 c0=IDLE0 c1=IDLE1
5259 core=1 noop r=0 y=0 c0=IDLE0 c1=IDLE1
5260 core=0 noop r=0 y=0 c0=IDLE0 c1=IDLE1
5261 core=1 noop r=0 y=0 c0=IDLE0 c1=IDLE1
5262 core=0 noop r=0 y=0 c0=IDLE0 c1=IDLE1
5263 core=1 give r=1 y=0 c0=IDLE0 c1=IDLE1
5264 core=1 prio t217 1 r=0 y=0 c0=IDLE0 c1=IDLE1
5265 core=0 tick r=1 y=3 c0=IDLE0 c1=IDLE1
5266 core=1 give r=0 y=0 c0=IDLE0 c1=IDLE1
5267 core=0 resume t216 r=0 y=2 c0=IDLE0 c1=t216
5268 core=1 give r=0 y=0 c0=IDLE0 c1=t216
5269 core=0 tick r=1 y=1 c0=t214 c1=t216
5270 core=0 take t214 r=1 y=0 c0=t214 c1=t216
5271 core=1 take t216 r=0 y=0 c0=t214 c1=t216
5272 core=0 delay t214 4 r=0 y=1 c0=IDLE1 c1=t216
5273 core=1 noop r=0 y=0 c0=IDLE1 c1=t216
5274 core=0 resume t215 r=0 y=0 c0=IDLE1 c1=t216
5275 core=1 noop r=0 y=0 c0=IDLE1 c1=t216
5276 core=0 give_isr r=1 y=0 c0=IDLE1 c1=t216
5277 core=1 delay t216 1 r=0 y=2 c0=IDLE1 c1=IDLE0
5278 core=0 give r=0 y=0 c0=IDLE1 c1=IDLE0
5279 core=1 prio t218 3 r=0 y=0 c0=IDLE1 c1=IDLE0
5280 core=1 prio t209 2 r=0 y=0 c0=IDLE1 c1=IDLE0
5281 core=0 prio t209 0 r=0 y=0 c0=IDLE1 c1=IDLE0
5282 core=0 give_isr r=0 y=0 c0=IDLE1 c1=IDLE0
5283 core=0 noop r=0 y=0 c0=IDLE1 c1=IDLE0
5284 core=0 give r=0 y=0 c0=IDLE1 c1=IDLE0
5285 core=1 delete 9 t215 r=0 y=0 c0=IDLE1 c1=IDLE0
5286 core=0 noop r=0 y=0 c0=IDLE1 c1=IDLE0
5287 core=1 yield r=0 y=2 c0=IDLE1 c1=IDLE0
5288 core=1 suspend t218 r=0 y=0 c0=IDLE1 c1=IDLE0
5289 core=0 tick r=1 y=3 c0=t216 c1=IDLE1
5290 core=0 yield r=0 y=1 c0=t216 c1=IDLE1
5291 core=1 noop r=0 y=0 c0=t216 c1=IDLE1
5292 core=0 tick r=1 y=3 c0=t217 c1=t216
5293 core=0 noop r=0 y=0 c0=t217 c1=t216
5294 core=1 delete 4 t218 r=0 y=0 c0=t217 c1=t216
5295 core=1 noop r=0 y=0 c0=t217 c1=t216
5296 core=0 give_isr r=0 y=0 c0=t217 c1=t216
5297 core=1 prio t217 0 r=0 y=1 c0=IDLE0 c1=t216
5298 core=1 resume t216 r=0 y=0 c0=IDLE0 c1=t216
5299 core=0 prio t216 3 r=0 y=0 c0=IDLE0 c1=t216
5300 core=0 noop r=0 y=0 c0=IDLE0 c1=t216
5301 core=0 noop r=0 y=0 c0=IDLE0 c1=t216
5302 core=0 give_isr r=0 y=0 c0=IDLE0 c1=t216
5303 core=0 create 9 t219 p0 r=1 y=1 c0=IDLE1 c1=t216
5304 core=0 noop r=0 y=0 c0=IDLE1 c1=t216
5305 core=0 tick r=1 y=1 c0=t217 c1=t216
5306 core=1 create 4 t220 p2 r=1 y=1 c0=t220 c1=t216
5307 core=1 suspend t217 r=0 y=0 c0=t220 c1=t216
5308 core=1 take t216 r=1 y=0 c0=t220 c1=t216
5309 core=1 create 1 t221 p0 r=1 y=0 c0=t220 c1=t216
5310 core=1 create 5 t222 p2 r=1 y=0 c0=t220 c1=t216
5311 core=0 resume t219 r=0 y=0 c0=t220 c1=t216
5312 core=0 prio t209 1 r=0 y=0 c0=t220 c1=t216
5313 core=0 tick r=1 y=3 c0=t214 c1=t216
5314 core=0 tick r=1 y=3 c0=t214 c1=t216
5315 core=0 delay t214 2 r=0 y=1 c0=t222 c1=t216
5316 core=0 noop r=0 y=0 c0=t222 c1=t216
5317 core=1 delay t216 1 r=0 y=2 c0=t222 c1=t220
5318 core=1 noop r=0 y=0 c0=t222 c1=t220
5319 core=1 resume t221 r=0 y=0 c0=t222 c1=t220
5320 core=0 give_isr r=1 y=0 c0=t222 c1=t220
5321 core=0 noop r=0 y=0 c0=t222 c1=t220
5322 core=1 suspend t222 r=0 y=1 c0=t219 c1=t220
5323 core=1 noop r=0 y=0 c0=t219 c1=t220
5324 core=1 suspend t221 r=0 y=0 c0=t219 c1=t220
5325 core=1 noop r=0 y=0 c0=t219 c1=t220
5326 core=1 give r=0 y=0 c0=t219 c1=t220
5327 core=1 noop r=0 y=0 c0=t219 c1=t220
5328 core=1 give r=0 y=0 c0=t219 c1=t220
5329 core=1 prio t221 3 r=0 y=0 c0=t219 c1=t220
5330 core=0 prio t214 3 r=0 y=0 c0=t219 c1=t220
5331 core=1 create 0 t223 p2 r=1 y=1 c0=t223 c1=t220
5332 core=0 delete 0 t223 r=0 y=1 c0=IDLE0 c1=t220
5333 core=1 suspend t222 r=0 y=0 c0=IDLE0 c1=t220
5334 core=0 tick r=1 y=1 c0=t216 c1=t220
5335 core=0 noop r=0 y=0 c0=t216 c1=t220
5336 core=0 prio t216 3 r=0 y=0 c0=t216 c1=t220
5337 core=0 resume t219 r=0 y=0 c0=t216 c1=t220
5338 core=0 tick r=1 y=3 c0=t214 c1=t216
5339 core=0 take t214 r=1 y=0 c0=t214 c1=t216
5340 core=0 delay t214 5 r=0 y=1 c0=t220 c1=t216
5341 core=0 give r=1 y=0 c0=t220 c1=t216
5342 core=0 give r=0 y=0 c0=t220 c1=t216
5343 core=0 give_isr r=0 y=0 c0=t220 c1=t216
5344 core=0 take t220 r=1 y=0 c0=t220 c1=t216
5345 core=0 noop r=0 y=0 c0=t220 c1=t216
5346 core=1 delay t216 1 r=0 y=2 c0=t220 c1=IDLE1
5347 core=0 noop r=0 y=0 c0=t220 c1=IDLE1
5348 core=1 resume t220 r=0 y=0 c0=t220 c1=IDLE1
5349 core=1 resume t216 r=0 y=0 c0=t220 c1=IDLE1
5350 core=0 delete 8 t216 r=0 y=0 c0=t220 c1=IDLE1
5351 core=1 delete 7 t214 r=0 y=0 c0=t220 c1=IDLE1
5352 core=1 noop r=0 y=0 c0=t220 c1=IDLE1
5353 core=1 noop r=0 y=0 c0=t220 c1=IDLE1
5354 core=1 noop r=0 y=0 c0=t220 c1=IDLE1
5355 core=0 noop r=0 y=0 c0=t220 c1=IDLE1
5356 core=0 tick r=0 y=2 c0=t220 c1=t219
5357 core=0 noop r=0 y=0 c0=t220 c1=t219
5358 core=0 prio t221 0 r=0 y=0 c0=t220 c1=t219
5359 core=0 resume t209 r=0 y=2 c0=t220 c1=t209
5360 core=1 noop r=0 y=0 c0=t220 c1=t209
5361 core=0 give r=1 y=0 c0=t220 c1=t209
5362 core=1 delay t209 2 r=0 y=2 c0=t220 c1=IDLE0
5363 core=0 take t220 r=1 y=0 c0=t220 c1=IDLE0
5364 core=0 tick r=0 y=2 c0=t220 c1=IDLE1
5365 core=0 noop r=0 y=0 c0=t220 c1=IDLE1
5366 core=1 create 8 t224 p0 r=1 y=2 c0=t220 c1=t219
5367 core=0 noop r=0 y=0 c0=t220 c1=t219
5368 core=1 prio t222 2 r=0 y=0 c0=t220 c1=t219
5369 core=0 suspend t221 r=0 y=0 c0=t220 c1=t219
5370 core=0 tick r=0 y=2 c0=t220 c1=t209
5371 core=0 delay t220 3 r=0 y=1 c0=IDLE0 c1=t209
5372 core=0 yield r=0 y=1 c0=t224 c1=t209
5373 core=0 give_isr r=1 y=0 c0=t224 c1=t209
5374 core=0 resume t221 r=0 y=0 c0=t224 c1=t209
5375 core=1 resume t217 r=0 y=0 c0=t224 c1=t209
5376 core=1 delay t209 5 r=0 y=2 c0=t224 c1=IDLE1
5377 core=0 give r=0 y=0 c0=t224 c1=IDLE1
5378 core=1 noop r=0 y=0 c0=t224 c1=IDLE1
5379 core=1 resume t222 r=0 y=2 c0=t224 c1=t222
5380 core=1 suspend t219 r=0 y=0 c0=t224 c1=t222
5381 core=0 create 7 t225 p3 r=1 y=1 c0=t225 c1=t222
5382 core=0 suspend t221 r=0 y=0 c0=t225 c1=t222
5383 core=0 take t225 r=1 y=0 c0=t225 c1=t222
5384 core=0 create 3 t226 p3 r=1 y=2 c0=t225 c1=t226
5385 core=1 noop r=0 y=0 c0=t225 c1=t226
5386 core=0 resume t217 r=0 y=0 c0=t225 c1=t226
5387 core=1 noop r=0 y=0 c0=t225 c1=t226
5388 core=1 prio t221 2 r=0 y=0 c0=t225 c1=t226
5389 core=0 give r=1 y=0 c0=t225 c1=t226
5390 core=1 delay t226 5 r=0 y=2 c0=t225 c1=t222
5391 core=1 take t222 r=1 y=0 c0=t225 c1=t222
5392 core=0 give r=1 y=0 c0=t225 c1=t222
5393 core=1 resume t217 r=0 y=0 c0=t225 c1=t222
5394 core=1 prio t222 0 r=0 y=2 c0=t225 c1=IDLE0
5395 core=0 delete 5 t222 r=0 y=0 c0=t225 c1=IDLE0
5396 core=0 noop r=0 y=0 c0=t225 c1=IDLE0
5397 core=1 noop r=0 y=0 c0=t225 c1=IDLE0
5398 core=1 give r=0 y=0 c0=t225 c1=IDLE0
5399 core=0 resume t221 r=0 y=2 c0=t225 c1=t221
5400 core=0 prio t226 2 r=0 y=0 c0=t225 c1=t221
5401 core=1 prio t224 1 r=0 y=0 c0=t225 c1=t221
5402 core=1 take t221 r=1 y=0 c0=t225 c1=t221
5403 core=1 give_isr r=1 y=0 c0=t225 c1=t221
5404 core=1 resume t226 r=0 y=0 c0=t225 c1=t221
5405 core=1 noop r=0 y=0 c0=t225 c1=t221
5406 core=1 delay t221 2 r=0 y=2 c0=t225 c1=t224
5407 core=0 delay t225 4 r=0 y=1 c0=t217 c1=t224
5408 core=1 suspend t224 r=0 y=2 c0=t217 c1=IDLE1
5409 core=0 delay t217 5 r=0 y=1 c0=IDLE0 c1=IDLE1
5410 core=1 noop r=0 y=0 c0=IDLE0 c1=IDLE1
5411 core=0 tick r=1 y=3 c0=IDLE0 c1=IDLE1
5412 core=1 noop r=0 y=0 c0=IDLE0 c1=IDLE1
5413 core=1 suspend t209 r=0 y=0 c0=IDLE0 c1=IDLE1
5414 core=0 prio t219 2 r=0 y=0 c0=IDLE0 c1=IDLE1
5415 core=0 delete 7 t225 r=0 y=0 c0=IDLE0 c1=IDLE1
5416 core=0 prio t221 0 r=0 y=0 c0=IDLE0 c1=IDLE1
5417 core=0 delete 9 t219 r=0 y=0 c0=IDLE0 c1=IDLE1
5418 core=1 give r=0 y=0 c0=IDLE0 c1=IDLE1
5419 core=0 noop r=0 y=0 c0=IDLE0 c1=IDLE1
5420 core=0 tick r=1 y=3 c0=t221 c1=IDLE0
5421 core=0 tick r=1 y=3 c0=t220 c1=IDLE1
5422 core=0 noop r=0 y=0 c0=t220 c1=IDLE1
5423 core=0 give r=0 y=0 c0=t220 c1=IDLE1
5424 core=1 noop r=0 y=0 c0=t220 c1=IDLE1
5425 core=1 noop r=0 y=0 c0=t220 c1=IDLE1
5426 core=0 tick r=0 y=2 c0=t220 c1=t221
5427 core=1 noop r=0 y=0 c0=t220 c1=t221
5428 core=1 noop r=0 y=0 c0=t220 c1=t221
5429 core=0 noop r=0 y=0 c0=t220 c1=t221
5430 core=1 delay t221 2 r=0 y=2 c0=t220 c1=IDLE0
5431 core=0 delay t220 1 r=0 y=1 c0=IDLE1 c1=IDLE0
5432 core=0 give_isr r=0 y=0 c0=IDLE1 c1=IDLE0
5433 core=1 noop r=0 y=0 c0=IDLE1 c1=IDLE0
5434 core=1 noop r=0 y=0 c0=IDLE1 c1=IDLE0
5435 core=0 noop r=0 y=0 c0=IDLE1 c1=IDLE0
5436 core=0 noop r=0 y=0 c0=IDLE1 c1=IDLE0
5437 core=0 prio t224 2 r=0 y=0 c0=IDLE1 c1=IDLE0
5438 core=1 prio t217 3 r=0 y=0 c0=IDLE1 c1=IDLE0
5439 core=1 noop r=0 y=0 c0=IDLE1 c1=IDLE0
5440 core=0 prio t224 0 r=0 y=0 c0=IDLE1 c1=IDLE0
5441 core=1 prio t220 1 r=0 y=0 c0=IDLE1 c1=IDLE0
5442 core=0 noop r=0 y=0 c0=IDLE1 c1=IDLE0
5443 core=0 prio t221 3 r=0 y=0 c0=IDLE1 c1=IDLE0
5444 core=1 give_isr r=0 y=0 c0=IDLE1 c1=IDLE0
5445 core=0 suspend t209 r=0 y=0 c0=IDLE1 c1=IDLE0
5446 core=1 give r=0 y=0 c0=IDLE1 c1=IDLE0
5447 core=0 resume t209 r=0 y=2 c0=IDLE1 c1=t209
5448 core=0 noop r=0 y=0 c0=IDLE1 c1=t209
5449 core=0 noop r=0 y=0 c0=IDLE1 c1=t209
5450 core=0 suspend t224 r=0 y=0 c0=IDLE1 c1=t209
5451 core=0 noop r=0 y=0 c0=IDLE1 c1=t209
5452 core=0 noop r=0 y=0 c0=IDLE1 c1=t209
5453 core=1 prio t209 2 r=0 y=0 c0=IDLE1 c1=t209
5454 core=1 noop r=0 y=0 c0=IDLE1 c1=t209
5455 core=0 tick r=1 y=3 c0=t217 c1=t226
5456 core=1 resume t224 r=0 y=0 c0=t217 c1=t226
5457 core=0 tick r=1 y=3 c0=t221 c1=t217
5458 core=1 delay t217 5 r=0 y=2 c0=t221 c1=t209
5459 core=1 give r=0 y=0 c0=t221 c1=t209
5460 core=0 tick r=0 y=2 c0=t221 c1=t226
5461 core=0 tick r=0 y=2 c0=t221 c1=t209
5462 core=1 noop r=0 y=0 c0=t221 c1=t209
5463 core=1 give_isr r=0 y=0 c0=t221 c1=t209
5464 core=0 delete 1 t221 r=0 y=1 c0=t226 c1=t209
5465 core=0 noop r=0 y=0 c0=t226 c1=t209
5466 core=0 give_isr r=0 y=0 c0=t226 c1=t209
5467 core=0 noop r=0 y=0 c0=t226 c1=t209
5468 core=1 give_isr r=0 y=0 c0=t226 c1=t209
5469 core=0 noop r=0 y=0 c0=t226 c1=t209
5470 core=0 noop r=0 y=0 c0=t226 c1=t209
5471 core=0 delay t226 3 r=0 y=1 c0=t220 c1=t209
5472 core=0 delay t220 3 r=0 y=1 c0=IDLE0 c1=t209
5473 core=0 give r=0 y=0 c0=IDLE0 c1=t209
5474 core=1 noop r=0 y=0 c0=IDLE0 c1=t209
5475 core=0 noop r=0 y=0 c0=IDLE0 c1=t209
5476 core=0 tick r=1 y=1 c0=IDLE1 c1=t209
5477 core=0 tick r=1 y=1 c0=t224 c1=t209
5478 core=1 give_isr r=0 y=0 c0=t224 c1=t209
5479 core=1 noop r=0 y=0 c0=t224 c1=t209
5480 core=1 create 0 t227 p2 r=1 y=1 c0=t227 c1=t209
5481 core=0 delay t227 2 r=0 y=1 c0=IDLE0 c1=t209
5482 core=1 resume t227 r=0 y=0 c0=IDLE0 c1=t209
5483 core=1 noop r=0 y=0 c0=IDLE0 c1=t209
5484 core=0 noop r=0 y=0 c0=IDLE0 c1=t209
5485 core=1 prio t220 0 r=0 y=0 c0=IDLE0 c1=t209
5486 core=1 noop r=0 y=0 c0=IDLE0 c1=t209
5487 core=0 give r=0 y=0 c0=IDLE0 c1=t209
5488 core=1 give r=0 y=0 c0=IDLE0 c1=t209
5489 core=0 noop r=0 y=0 c0=IDLE0 c1=t209
5490 core=1 noop r=0 y=0 c0=IDLE0 c1=t209
5491 core=0 give r=0 y=0 c0=IDLE0 c1=t209
5492 core=0 noop r=0 y=0 c0=IDLE0 c1=t209
5493 core=0 prio t209 1 r=0 y=2 c0=IDLE0 c1=t209
5494 core=0 noop r=0 y=0 c0=IDLE0 c1=t209
5495 core=0 give r=0 y=0 c0=IDLE0 c1=t209
5496 core=1 suspend t209 r=0 y=2 c0=IDLE0 c1=IDLE1
5497 core=0 tick r=1 y=3 c0=t217 c1=t226
5498 core=0 noop r=0 y=0 c0=t217 c1=t226
5499 core=0 tick r=0 y=2 c0=t217 c1=t227
5500 core=0 give_isr r=0 y=0 c0=t217 c1=t227
5501 core=1 resume t217 r=0 y=0 c0=t217 c1=t227
5502 core=1 suspend t209 r=0 y=0 c0=t217 c1=t227
5503 core=0 noop r=0 y=0 c0=t217 c1=t227
5504 core=1 take t227 r=1 y=0 c0=t217 c1=t227
5505 core=0 delay t217 1 r=0 y=1 c0=t226 c1=t227
5506 core=0 delete 6 t209 r=0 y=0 c0=t226 c1=t227
5507 core=0 tick r=1 y=3 c0=t217 c1=t226
5508 core=0 resume t227 r=0 y=0 c0=t217 c1=t226
5509 core=1 noop r=0 y=0 c0=t217 c1=t226
5510 core=0 tick r=0 y=2 c0=t217 c1=t227
5511 core=0 noop r=0 y=0 c0=t217 c1=t227
5512 core=1 noop r=0 y=0 c0=t217 c1=t227
5513 core=1 noop r=0 y=0 c0=t217 c1=t227
5514 core=1 noop r=0 y=0 c0=t217 c1=t227
5515 core=1 noop r=0 y=0 c0=t217 c1=t227
5516 core=1 delay t227 1 r=0 y=2 c0=t217 c1=t226
5517 core=0 delete 8 t224 r=0 y=0 c0=t217 c1=t226
5518 core=1 take t226 r=0 y=0 c0=t217 c1=t226
5519 core=0 take t217 r=0 y=0 c0=t217 c1=t226
5520 core=0 resume t226 r=0 y=0 c0=t217 c1=t226
5521 core=0 suspend t226 r=0 y=2 c0=t217 c1=t220
5522 core=1 resume t217 r=0 y=0 c0=t217 c1=t220
5523 core=1 noop r=0 y=0 c0=t217 c1=t220
5524 core=0 delay t217 4 r=0 y=1 c0=IDLE0 c1=t220
5525 core=1 give r=1 y=0 c0=IDLE0 c1=t220
5526 core=0 tick r=1 y=3 c0=t227 c1=IDLE1
5527 core=0 noop r=0 y=0 c0=t227 c1=IDLE1
5528 core=0 noop r=0 y=0 c0=t227 c1=IDLE1
5529 core=0 delay t227 3 r=0 y=1 c0=IDLE0 c1=IDLE1
5530 core=0 noop r=0 y=0 c0=IDLE0 c1=IDLE1
5531 core=1 noop r=0 y=0 c0=IDLE0 c1=IDLE1
5532 core=0 create 8 t228 p0 r=1 y=2 c0=IDLE0 c1=t220
5533 core=1 give r=0 y=0 c0=IDLE0 c1=t220
5534 core=0 noop r=0 y=0 c0=IDLE0 c1=t220
5535 core=1 suspend t226 r=0 y=0 c0=IDLE0 c1=t220
5536 core=0 noop r=0 y=0 c0=IDLE0 c1=t220
5537 core=1 suspend t217 r=0 y=0 c0=IDLE0 c1=t220
5538 core=1 noop r=0 y=0 c0=IDLE0 c1=t220
5539 core=1 delay t220 5 r=0 y=2 c0=IDLE0 c1=t228
5540 core=1 give r=0 y=0 c0=IDLE0 c1=t228
5541 core=1 noop r=0 y=0 c0=IDLE0 c1=t228
5542 core=1 noop r=0 y=0 c0=IDLE0 c1=t228
5543 core=1 take t228 r=1 y=0 c0=IDLE0 c1=t228
5544 core=1 noop r=0 y=0 c0=IDLE0 c1=t228
5545 core=0 noop r=0 y=0 c0=IDLE0 c1=t228
5546 core=1 noop r=0 y=0 c0=IDLE0 c1=t228
5547 core=0 tick r=1 y=3 c0=IDLE1 c1=IDLE0
5548 core=1 suspend t228 r=0 y=0 c0=IDLE1 c1=IDLE0
5549 core=0 create 1 t229 p0 r=1 y=2 c0=IDLE1 c1=t229
5550 core=0 prio t220 3 r=0 y=0 c0=IDLE1 c1=t229
5551 core=0 give r=1 y=0 c0=IDLE1 c1=t229
5552 core=1 delete 4 t220 r=0 y=0 c0=IDLE1 c1=t229
5553 core=0 noop r=0 y=0 c0=IDLE1 c1=t229
5554 core=0 resume t227 r=0 y=0 c0=IDLE1 c1=t229
5555 core=0 noop r=0 y=0 c0=IDLE1 c1=t229
5556 core=1 prio t227 2 r=0 y=0 c0=IDLE1 c1=t229
5557 core=0 resume t228 r=0 y=1 c0=IDLE0 c1=t229
5558 core=0 tick r=1 y=3 c0=t228 c1=IDLE1
5559 core=1 noop r=0 y=0 c0=t228 c1=IDLE1
5560 core=0 noop r=0 y=0 c0=t228 c1=IDLE1
5561 core=1 noop r=0 y=0 c0=t228 c1=IDLE1
5562 core=0 suspend t229 r=0 y=0 c0=t228 c1=IDLE1
5563 core=0 noop r=0 y=0 c0=t228 c1=IDLE1
5564 core=1 prio t217 2 r=0 y=0 c0=t228 c1=IDLE1
5565 core=0 delete 1 t229 r=0 y=0 c0=t228 c1=IDLE1
5566 core=0 give r=0 y=0 c0=t228 c1=IDLE1
5567 core=1 noop r=0 y=0 c0=t228 c1=IDLE1
5568 core=0 take t228 r=1 y=0 c0=t228 c1=IDLE1
5569 core=1 noop r=0 y=0 c0=t228 c1=IDLE1
5570 core=0 take t228 r=0 y=0 c0=t228 c1=IDLE1
5571 core=0 take t228 r=0 y=0 c0=t228 c1=IDLE1
5572 core=0 take t228 r=0 y=0 c0=t228 c1=IDLE1
5573 core=1 noop r=0 y=0 c0=t228 c1=IDLE1
5574 core=1 noop r=0 y=0 c0=t228 c1=IDLE1
5575 core=0 noop r=0 y=0 c0=t228 c1=IDLE1
5576 core=0 create 7 t230 p3 r=1 y=2 c0=t228 c1=t230
5577 core=0 tick r=1 y=1 c0=t227 c1=t230
5578 core=0 tick r=0 y=0 c0=t227 c1=t230
5579 core=0 tick r=0 y=0 c0=t227 c1=t230
5580 core=1 delete 0 t227 r=0 y=1 c0=IDLE0 c1=t230
5581 core=1 noop r=0 y=0 c0=IDLE0 c1=t230
5582 core=1 delay t230 5 r=0 y=2 c0=IDLE0 c1=IDLE1
5583 core=1 noop r=0 y=0 c0=IDLE0 c1=IDLE1
5584 core=1 give_isr r=1 y=0 c0=IDLE0 c1=IDLE1
5585 core=0 noop r=0 y=0 c0=IDLE0 c1=IDLE1
5586 core=0 tick r=1 y=3 c0=t228 c1=IDLE0
5587 core=1 noop r=0 y=0 c0=t228 c1=IDLE0
5588 core=0 tick r=1 y=3 c0=IDLE1 c1=t228
5589 core=0 noop r=0 y=0 c0=IDLE1 c1=t228
5590 core=0 tick r=1 y=3 c0=IDLE0 c1=IDLE1
5591 core=0 tick r=1 y=3 c0=t228 c1=IDLE0
5592 core=0 give_isr r=0 y=0 c0=t228 c1=IDLE0
5593 core=1 suspend t226 r=0 y=0 c0=t228 c1=IDLE0
5594 core=0 tick r=1 y=3 c0=t230 c1=IDLE1
5595 core=1 noop r=0 y=0 c0=t230 c1=IDLE1
5596 core=0 give_isr r=0 y=0 c0=t230 c1=IDLE1
5597 core=1 give r=0 y=0 c0=t230 c1=IDLE1
5598 core=0 delay t230 4 r=0 y=1 c0=t228 c1=IDLE1
5599 core=0 give r=0 y=0 c0=t228 c1=IDLE1
5600 core=0 yield r=0 y=1 c0=IDLE0 c1=IDLE1
5601 core=0 create 0 t231 p2 r=1 y=2 c0=IDLE0 c1=t231
5602 core=0 tick r=1 y=1 c0=t228 c1=t231
5603 core=0 create 4 t232 p3 r=1 y=1 c0=t232 c1=t231
5604 core=0 give r=0 y=0 c0=t232 c1=t231
5605 core=0 noop r=0 y=0 c0=t232 c1=t231
5606 core=1 noop r=0 y=0 c0=t232 c1=t231
5607 core=0 suspend t226 r=0 y=0 c0=t232 c1=t231
5608 core=0 prio t226 3 r=0 y=0 c0=t232 c1=t231
5609 core=0 tick r=0 y=0 c0=t232 c1=t231
5610 core=0 noop r=0 y=0 c0=t232 c1=t231
5611 core=0 tick r=0 y=0 c0=t232 c1=t231
5612 core=1 delay t231 1 r=0 y=2 c0=t232 c1=IDLE1
5613 core=1 noop r=0 y=0 c0=t232 c1=IDLE1
5614 core=0 take t232 r=1 y=0 c0=t232 c1=IDLE1
5615 core=1 noop r=0 y=0 c0=t232 c1=IDLE1
5616 core=0 noop r=0 y=0 c0=t232 c1=IDLE1
5617 core=1 noop r=0 y=0 c0=t232 c1=IDLE1
5618 core=0 tick r=1 y=3 c0=t230 c1=t232
5619 core=0 noop r=0 y=0 c0=t230 c1=t232
5620 core=0 noop r=0 y=0 c0=t230 c1=t232
5621 core=1 give_isr r=1 y=0 c0=t230 c1=t232
5622 core=1 noop r=0 y=0 c0=t230 c1=t232
5623 core=1 noop r=0 y=0 c0=t230 c1=t232
5624 core=1 prio t217 3 r=0 y=0 c0=t230 c1=t232
5625 core=1 resume t230 r=0 y=0 c0=t230 c1=t232
5626 core=0 resume t217 r=0 y=0 c0=t230 c1=t232
5627 core=1 give r=0 y=0 c0=t230 c1=t232
5628 core=1 noop r=0 y=0 c0=t230 c1=t232
5629 core=1 suspend t226 r=0 y=0 c0=t230 c1=t232
5630 core=1 suspend t226 r=0 y=0 c0=t230 c1=t232
5631 core=1 create 6 t233 p2 r=1 y=0 c0=t230 c1=t232
5632 core=0 resume t233 r=0 y=0 c0=t230 c1=t232
5633 core=0 resume t233 r=0 y=0 c0=t230 c1=t232
5634 core=0 delay t230 5 r=0 y=1 c0=t217 c1=t232
5635 core=0 delete 3 t226 r=0 y=0 c0=t217 c1=t232
5636 core=1 take t232 r=1 y=0 c0=t217 c1=t232
5637 core=1 noop r=0 y=0 c0=t217 c1=t232
5638 core=0 noop r=0 y=0 c0=t217 c1=t232
5639 core=1 yield r=0 y=2 c0=t217 c1=t232
5640 core=1 give r=1 y=0 c0=t217 c1=t232
5641 core=1 delete 8 t228 r=0 y=0 c0=t217 c1=t232
5642 core=1 noop r=0 y=0 c0=t217 c1=t232
5643 core=1 give_isr r=0 y=0 c0=t217 c1=t232
5644 core=1 resume t232 r=0 y=0 c0=t217 c1=t232
5645 core=0 take t217 r=1 y=0 c0=t217 c1=t232
5646 core=0 noop r=0 y=0 c0=t217 c1=t232
5647 core=0 tick r=1 y=3 c0=t217 c1=t232
5648 core=0 give_isr r=1 y=0 c0=t217 c1=t232
5649 core=1 resume t231 r=0 y=0 c0=t217 c1=t232
5650 core=0 create 3 t234 p3 r=1 y=0 c0=t217 c1=t232
5651 core=0 create 1 t235 p3 r=1 y=0 c0=t217 c1=t232
5652 core=1 resume t232 r=0 y=0 c0=t217 c1=t232
5653 core=0 delay t217 1 r=0 y=1 c0=t234 c1=t232
5654 core=0 suspend t230 r=0 y=0 c0=t234 c1=t232
5655 core=0 tick r=1 y=3 c0=t235 c1=t217
5656 core=1 give r=0 y=0 c0=t235 c1=t217
5657 core=1 delay t217 2 r=0 y=2 c0=t235 c1=t234
5658 core=0 noop r=0 y=0 c0=t235 c1=t234
5659 core=1 resume t234 r=0 y=0 c0=t235 c1=t234
5660 core=1 noop r=0 y=0 c0=t235 c1=t234
5661 core=0 tick r=1 y=3 c0=t232 c1=t235
5662 core=1 prio t217 1 r=0 y=0 c0=t232 c1=t235
5663 core=1 give_isr r=0 y=0 c0=t232 c1=t235
5664 core=1 noop r=0 y=0 c0=t232 c1=t235
5665 core=1 give r=0 y=0 c0=t232 c1=t235
5666 core=0 give_isr r=0 y=0 c0=t232 c1=t235
5667 core=1 resume t217 r=0 y=0 c0=t232 c1=t235
5668 core=0 take t232 r=1 y=0 c0=t232 c1=t235
5669 core=1 suspend t234 r=0 y=0 c0=t232 c1=t235
5670 core=1 resume t217 r=0 y=0 c0=t232 c1=t235
5671 core=1 create 8 t236 p2 r=1 y=0 c0=t232 c1=t235
5672 core=1 noop r=0 y=0 c0=t232 c1=t235
5673 core=1 delete 0 t231 r=0 y=0 c0=t232 c1=t235
5674 core=0 tick r=1 y=3 c0=t232 c1=t235
5675 core=0 give_isr r=1 y=0 c0=t232 c1=t235
5676 core=0 give r=0 y=0 c0=t232 c1=t235
5677 core=0 suspend t217 r=0 y=0 c0=t232 c1=t235
5678 core=0 give_isr r=0 y=0 c0=t232 c1=t235
5679 core=1 take t235 r=1 y=0 c0=t232 c1=t235
5680 core=0 delay t232 5 r=0 y=1 c0=t233 c1=t235
5681 core=0 noop r=0 y=0 c0=t233 c1=t235
5682 core=0 delete 6 t233 r=0 y=1 c0=t236 c1=t235
5683 core=1 noop r=0 y=0 c0=t236 c1=t235
5684 core=1 suspend t232 r=0 y=0 c0=t236 c1=t235
5685 core=0 delay t236 1 r=0 y=1 c0=IDLE0 c1=t235
5686 core=1 noop r=0 y=0 c0=IDLE0 c1=t235
5687 core=0 noop r=0 y=0 c0=IDLE0 c1=t235
5688 core=1 suspend t234 r=0 y=0 c0=IDLE0 c1=t235
5689 core=1 suspend t234 r=0 y=0 c0=IDLE0 c1=t235
5690 core=1 noop r=0 y=0 c0=IDLE0 c1=t235
5691 core=1 noop r=0 y=0 c0=IDLE0 c1=t235
5692 core=0 noop r=0 y=0 c0=IDLE0 c1=t235
5693 core=1 resume t230 r=0 y=1 c0=t230 c1=t235
5694 core=0 delay t230 1 r=0 y=1 c0=IDLE1 c1=t235
5695 core=1 resume t234 r=0 y=1 c0=t234 c1=t235
5696 core=0 noop r=0 y=0 c0=t234 c1=t235
5697 core=1 resume t217 r=0 y=0 c0=t234 c1=t235
5698 core=0 resume t232 r=0 y=0 c0=t234 c1=t235
5699 core=1 resume t235 r=0 y=0 c0=t234 c1=t235
5700 core=1 give r=1 y=0 c0=t234 c1=t235
5701 core=1 yield r=0 y=2 c0=t234 c1=t232
5702 core=1 give r=0 y=0 c0=t234 c1=t232
5703 core=0 noop r=0 y=0 c0=t234 c1=t232
5704 core=0 noop r=0 y=0 c0=t234 c1=t232
5705 core=0 delay t234 3 r=0 y=1 c0=t235 c1=t232
5706 core=1 noop r=0 y=0 c0=t235 c1=t232
5707 core=1 delete 1 t235 r=0 y=1 c0=t217 c1=t232
5708 core=1 create 1 t237 p2 r=1 y=1 c0=t237 c1=t232
5709 core=1 noop r=0 y=0 c0=t237 c1=t232
5710 core=1 resume t236 r=0 y=0 c0=t237 c1=t232
5711 core=0 give r=0 y=0 c0=t237 c1=t232
5712 core=1 resume t236 r=0 y=0 c0=t237 c1=t232
5713 core=0 noop r=0 y=0 c0=t237 c1=t232
5714 core=1 delay t232 3 r=0 y=2 c0=t237 c1=t217
5715 core=0 suspend t234 r=0 y=0 c0=t237 c1=t217
5716 core=0 noop r=0 y=0 c0=t237 c1=t217
5717 core=1 give r=0 y=0 c0=t237 c1=t217
5718 core=0 tick r=1 y=3 c0=t230 c1=t236
5719 core=0 noop r=0 y=0 c0=t230 c1=t236
5720 core=1 take t236 r=1 y=0 c0=t230 c1=t236
5721 core=1 noop r=0 y=0 c0=t230 c1=t236
5722 core=0 resume t230 r=0 y=0 c0=t230 c1=t236
5723 core=0 noop r=0 y=0 c0=t230 c1=t236
5724 core=0 tick r=0 y=2 c0=t230 c1=t237
5725 core=0 tick r=1 y=3 c0=t232 c1=t230
5726 core=1 resume t232 r=0 y=0 c0=t232 c1=t230
5727 core=0 take t232 r=0 y=0 c0=t232 c1=t230
5728 core=0 noop r=0 y=0 c0=t232 c1=t230
5729 core=1 give r=1 y=0 c0=t232 c1=t230
5730 core=1 give_isr r=0 y=0 c0=t232 c1=t230
5731 core=1 prio t230 0 r=0 y=2 c0=t232 c1=t236
5732 core=1 resume t236 r=0 y=0 c0=t232 c1=t236
5733 core=1 noop r=0 y=0 c0=t232 c1=t236
5734 core=1 create 9 t238 p1 r=1 y=0 c0=t232 c1=t236
5735 core=1 suspend t236 r=0 y=2 c0=t232 c1=t237
5736 core=0 delay t232 1 r=0 y=1 c0=t217 c1=t237
5737 core=1 noop r=0 y=0 c0=t217 c1=t237
5738 core=0 tick r=1 y=1 c0=t232 c1=t237
5739 core=1 delete 9 t238 r=0 y=0 c0=t232 c1=t237
5740 core=1 give_isr r=0 y=0 c0=t232 c1=t237
5741 core=0 tick r=0 y=0 c0=t232 c1=t237
5742 core=0 delay t232 3 r=0 y=1 c0=t217 c1=t237
5743 core=1 delay t237 3 r=0 y=2 c0=t217 c1=IDLE0
5744 core=0 prio t230 3 r=0 y=2 c0=t217 c1=t230
5745 core=1 noop r=0 y=0 c0=t217 c1=t230
5746 core=0 delay t217 1 r=0 y=1 c0=IDLE1 c1=t230
5747 core=1 suspend t232 r=0 y=0 c0=IDLE1 c1=t230
5748 core=0 prio t234 1 r=0 y=0 c0=IDLE1 c1=t230
5749 core=0 prio t217 2 r=0 y=0 c0=IDLE1 c1=t230
5750 core=0 noop r=0 y=0 c0=IDLE1 c1=t230
5751 core=0 noop r=0 y=0 c0=IDLE1 c1=t230
5752 core=1 noop r=0 y=0 c0=IDLE1 c1=t230
5753 core=0 noop r=0 y=0 c0=IDLE1 c1=t230
5754 core=1 yield r=0 y=2 c0=IDLE1 c1=t230
5755 core=0 give r=0 y=0 c0=IDLE1 c1=t230
5756 core=0 noop r=0 y=0 c0=IDLE1 c1=t230
5757 core=0 suspend t237 r=0 y=0 c0=IDLE1 c1=t230
5758 core=1 delay t230 5 r=0 y=2 c0=IDLE1 c1=IDLE0
5759 core=1 prio t237 0 r=0 y=0 c0=IDLE1 c1=IDLE0
5760 core=1 noop r=0 y=0 c0=IDLE1 c1=IDLE0
5761 core=1 noop r=0 y=0 c0=IDLE1 c1=IDLE0
5762 core=0 give r=0 y=0 c0=IDLE1 c1=IDLE0
5763 core=1 noop r=0 y=0 c0=IDLE1 c1=IDLE0
5764 core=0 noop r=0 y=0 c0=IDLE1 c1=IDLE0
5765 core=1 noop r=0 y=0 c0=IDLE1 c1=IDLE0
5766 core=1 prio t236 0 r=0 y=0 c0=IDLE1 c1=IDLE0
5767 core=1 create 9 t239 p2 r=1 y=2 c0=IDLE1 c1=t239
5768 core=0 yield r=0 y=1 c0=IDLE0 c1=t239
5769 core=1 take t239 r=1 y=0 c0=IDLE0 c1=t239
5770 core=1 resume t236 r=0 y=1 c0=IDLE1 c1=t239
5771 core=0 yield r=0 y=1 c0=t236 c1=t239
5772 core=0 take t236 r=0 y=0 c0=t236 c1=t239
5773 core=1 take t239 r=0 y=0 c0=t236 c1=t239
5774 core=0 delay t236 5 r=0 y=1 c0=IDLE0 c1=t239
5775 core=0 prio t230 2 r=0 y=0 c0=IDLE0 c1=t239
5776 core=1 give r=1 y=0 c0=IDLE0 c1=t239
5777 core=0 tick r=1 y=3 c0=t217 c1=t239
5778 core=1 take t239 r=1 y=0 c0=t217 c1=t239
5779 core=1 give_isr r=1 y=0 c0=t217 c1=t239
5780 core=0 take t217 r=1 y=0 c0=t217 c1=t239
5781 core=0 noop r=0 y=0 c0=t217 c1=t239
5782 core=0 tick r=1 y=3 c0=t217 c1=t239
5783 core=1 delay t239 4 r=0 y=2 c0=t217 c1=IDLE1
5784 core=0 tick r=0 y=2 c0=t217 c1=IDLE0
5785 core=0 prio t232 1 r=0 y=0 c0=t217 c1=IDLE0
5786 core=1 give_isr r=1 y=0 c0=t217 c1=IDLE0
5787 core=0 tick r=0 y=2 c0=t217 c1=IDLE1
5788 core=1 suspend t239 r=0 y=0 c0=t217 c1=IDLE1
5789 core=1 noop r=0 y=0 c0=t217 c1=IDLE1
5790 core=1 noop r=0 y=0 c0=t217 c1=IDLE1
5791 core=1 noop r=0 y=0 c0=t217 c1=IDLE1
5792 core=0 prio t217 2 r=0 y=0 c0=t217 c1=IDLE1
5793 core=1 noop r=0 y=0 c0=t217 c1=IDLE1
5794 core=0 tick r=1 y=3 c0=t230 c1=t217
5795 core=0 prio t234 2 r=0 y=0 c0=t230 c1=t217
5796 core=0 resume t230 r=0 y=0 c0=t230 c1=t217
5797 core=1 give r=0 y=0 c0=t230 c1=t217
5798 core=0 tick r=1 y=3 c0=t230 c1=t217
5799 core=1 resume t217 r=0 y=0 c0=t230 c1=t217
5800 core=1 give r=0 y=0 c0=t230 c1=t217
5801 core=0 suspend t217 r=0 y=2 c0=t230 c1=IDLE0
5802 core=0 prio t239 2 r=0 y=0 c0=t230 c1=IDLE0
5803 core=0 take t230 r=1 y=0 c0=t230 c1=IDLE0
5804 core=0 tick r=0 y=2 c0=t230 c1=t236
5805 core=0 tick r=0 y=2 c0=t230 c1=IDLE1
5806 core=0 prio t232 3 r=0 y=0 c0=t230 c1=IDLE1
5807 core=0 noop r=0 y=0 c0=t230 c1=IDLE1
5808 core=0 tick r=0 y=2 c0=t230 c1=IDLE0
5809 core=0 tick r=0 y=2 c0=t230 c1=t236
5810 core=0 tick r=0 y=2 c0=t230 c1=IDLE1
5811 core=1 give r=1 y=0 c0=t230 c1=IDLE1
5812 core=0 noop r=0 y=0 c0=t230 c1=IDLE1
5813 core=0 take t230 r=1 y=0 c0=t230 c1=IDLE1
5814 core=0 delete 8 t236 r=0 y=0 c0=t230 c1=IDLE1
5815 core=1 prio t232 0 r=0 y=0 c0=t230 c1=IDLE1
5816 core=1 noop r=0 y=0 c0=t230 c1=IDLE1
5817 core=0 resume t237 r=0 y=2 c0=t230 c1=IDLE0
5818 core=0 tick r=0 y=2 c0=t230 c1=t237
5819 core=1 noop r=0 y=0 c0=t230 c1=t237
5820 core=0 tick r=0 y=2 c0=t230 c1=IDLE1
5821 core=0 prio t237 3 r=0 y=2 c0=t230 c1=t237
5822 core=1 resume t234 r=0 y=0 c0=t230 c1=t237
5823 core=1 give r=1 y=0 c0=t230 c1=t237
5824 core=0 prio t232 0 r=0 y=0 c0=t230 c1=t237
5825 core=1 delay t237 1 r=0 y=2 c0=t230 c1=t234
5826 core=1 give r=0 y=0 c0=t230 c1=t234
5827 core=0 tick r=1 y=3 c0=t237 c1=t230
5828 core=1 give_isr r=0 y=0 c0=t237 c1=t230
5829 core=0 delete 4 t232 r=0 y=0 c0=t237 c1=t230
5830 core=0 take t237 r=1 y=0 c0=t237 c1=t230
5831 core=0 give_isr r=1 y=0 c0=t237 c1=t230
5832 core=0 noop r=0 y=0 c0=t237 c1=t230
5833 core=0 give_isr r=0 y=0 c0=t237 c1=t230
5834 core=1 give_isr r=0 y=0 c0=t237 c1=t230
5835 core=1 prio t237 0 r=0 y=1 c0=t234 c1=t230
5836 core=0 prio t217 0 r=0 y=0 c0=t234 c1=t230
5837 core=0 noop r=0 y=0 c0=t234 c1=t230
5838 core=1 delay t230 4 r=0 y=2 c0=t234 c1=IDLE0
5839 core=1 noop r=0 y=0 c0=t234 c1=IDLE0
5840 core=0 noop r=0 y=0 c0=t234 c1=IDLE0
5841 core=0 give_isr r=0 y=0 c0=t234 c1=IDLE0
5842 core=1 noop r=0 y=0 c0=t234 c1=IDLE0
5843 core=1 noop r=0 y=0 c0=t234 c1=IDLE0
5844 core=1 noop r=0 y=0 c0=t234 c1=IDLE0
5845 core=0 noop r=0 y=0 c0=t234 c1=IDLE0
5846 core=1 give_isr r=0 y=0 c0=t234 c1=IDLE0
5847 core=1 prio t239 0 r=0 y=0 c0=t234 c1=IDLE0
5848 core=1 give_isr r=0 y=0 c0=t234 c1=IDLE0
5849 core=1 give r=0 y=0 c0=t234 c1=IDLE0
5850 core=1 noop r=0 y=0 c0=t234 c1=IDLE0
5851 core=0 tick r=0 y=2 c0=t234 c1=IDLE1
5852 core=0 noop r=0 y=0 c0=t234 c1=IDLE1
5853 core=0 give_isr r=0 y=0 c0=t234 c1=IDLE1
5854 core=1 noop r=0 y=0 c0=t234 c1=IDLE1
5855 core=1 noop r=0 y=0 c0=t234 c1=IDLE1
5856 core=1 yield r=0 y=2 c0=t234 c1=t237
5857 core=1 prio t237 1 r=0 y=0 c0=t234 c1=t237
5858 core=0 noop r=0 y=0 c0=t234 c1=t237
5859 core=1 give r=0 y=0 c0=t234 c1=t237
5860 core=0 suspend t237 r=0 y=2 c0=t234 c1=IDLE0
5861 core=1 give r=0 y=0 c0=t234 c1=IDLE0
5862 core=0 noop r=0 y=0 c0=t234 c1=IDLE0
5863 core=0 delay t234 3 r=0 y=1 c0=IDLE1 c1=IDLE0
5864 core=1 yield r=0 y=2 c0=IDLE1 c1=IDLE0
5865 core=0 noop r=0 y=0 c0=IDLE1 c1=IDLE0
5866 core=0 create 0 t240 p0 r=1 y=2 c0=IDLE1 c1=t240
5867 core=1 delay t240 1 r=0 y=2 c0=IDLE1 c1=IDLE0
5868 core=0 prio t217 0 r=0 y=0 c0=IDLE1 c1=IDLE0
5869 core=0 noop r=0 y=0 c0=IDLE1 c1=IDLE0
5870 core=1 noop r=0 y=0 c0=IDLE1 c1=IDLE0
5871 core=0 yield r=0 y=1 c0=IDLE1 c1=IDLE0
5872 core=1 noop r=0 y=0 c0=IDLE1 c1=IDLE0
5873 core=0 noop r=0 y=0 c0=IDLE1 c1=IDLE0
5874 core=0 resume t217 r=0 y=2 c0=IDLE1 c1=t217
5875 core=1 delay t217 1 r=0 y=2 c0=IDLE1 c1=IDLE0
5876 core=1 noop r=0 y=0 c0=IDLE1 c1=IDLE0
5877 core=1 yield r=0 y=2 c0=IDLE1 c1=IDLE0
5878 core=1 noop r=0 y=0 c0=IDLE1 c1=IDLE0
5879 core=1 give_isr r=0 y=0 c0=IDLE1 c1=IDLE0
5880 core=0 noop r=0 y=0 c0=IDLE1 c1=IDLE0
5881 core=1 suspend t239 r=0 y=0 c0=IDLE1 c1=IDLE0
5882 core=0 noop r=0 y=0 c0=IDLE1 c1=IDLE0
5883 core=1 resume t234 r=0 y=0 c0=IDLE1 c1=IDLE0
5884 core=0 noop r=0 y=0 c0=IDLE1 c1=IDLE0
5885 core=0 create 8 t241 p0 r=1 y=2 c0=IDLE1 c1=t241
5886 core=1 resume t237 r=0 y=1 c0=t237 c1=t241
5887 core=1 resume t230 r=0 y=0 c0=t237 c1=t241
5888 core=1 create 6 t242 p2 r=1 y=2 c0=t237 c1=t242
5889 core=0 resume t237 r=0 y=0 c0=t237 c1=t242
5890 core=0 noop r=0 y=0 c0=t237 c1=t242
5891 core=1 take t242 r=1 y=0 c0=t237 c1=t242
5892 core=1 resume t230 r=0 y=0 c0=t237 c1=t242
5893 core=0 prio t217 2 r=0 y=0 c0=t237 c1=t242
5894 core=1 delay t242 2 r=0 y=2 c0=t237 c1=IDLE0
5895 core=1 delete 6 t242 r=0 y=0 c0=t237 c1=IDLE0
5896 core=0 resume t240 r=0 y=0 c0=t237 c1=IDLE0
5897 core=1 noop r=0 y=0 c0=t237 c1=IDLE0
5898 core=0 suspend t239 r=0 y=0 c0=t237 c1=IDLE0
5899 core=0 resume t230 r=0 y=0 c0=t237 c1=IDLE0
5900 core=1 suspend t239 r=0 y=0 c0=t237 c1=IDLE0
5901 core=0 resume t230 r=0 y=0 c0=t237 c1=IDLE0
5902 core=0 yield r=0 y=1 c0=t237 c1=IDLE0
5903 core=1 give r=1 y=0 c0=t237 c1=IDLE0
5904 core=1 give_isr r=0 y=0 c0=t237 c1=IDLE0
5905 core=0 noop r=0 y=0 c0=t237 c1=IDLE0
5906 core=0 tick r=1 y=3 c0=t217 c1=t237
5907 core=1 prio t237 1 r=0 y=0 c0=t217 c1=t237
5908 core=1 take t237 r=1 y=0 c0=t217 c1=t237
5909 core=0 create 4 t243 p3 r=1 y=2 c0=t217 c1=t243
5910 core=0 tick r=0 y=0 c0=t217 c1=t243
5911 core=1 noop r=0 y=0 c0=t217 c1=t243
5912 core=1 resume t217 r=0 y=0 c0=t217 c1=t243
5913 core=0 give r=1 y=0 c0=t217 c1=t243
5914 core=1 delete 1 t237 r=0 y=0 c0=t217 c1=t243
5915 core=0 tick r=1 y=1 c0=t230 c1=t243
5916 core=0 noop r=0 y=0 c0=t230 c1=t243
5917 core=1 suspend t217 r=0 y=0 c0=t230 c1=t243
5918 core=1 suspend t241 r=0 y=0 c0=t230 c1=t243
5919 core=0 delay t230 1 r=0 y=1 c0=t234 c1=t243
5920 core=0 delay t234 5 r=0 y=1 c0=IDLE1 c1=t243
5921 core=0 noop r=0 y=0 c0=IDLE1 c1=t243
5922 core=1 prio t230 0 r=0 y=0 c0=IDLE1 c1=t243
5923 core=1 give_isr r=0 y=0 c0=IDLE1 c1=t243
5924 core=1 noop r=0 y=0 c0=IDLE1 c1=t243
5925 core=0 noop r=0 y=0 c0=IDLE1 c1=t243
5926 core=1 delete 0 t240 r=0 y=0 c0=IDLE1 c1=t243
5927 core=1 take t243 r=1 y=0 c0=IDLE1 c1=t243
5928 core=0 create 1 t244 p1 r=1 y=1 c0=t244 c1=t243
5929 core=1 prio t217 1 r=0 y=0 c0=t244 c1=t243
5930 core=0 tick r=0 y=0 c0=t244 c1=t243
5931 core=0 delay t244 2 r=0 y=1 c0=IDLE0 c1=t243
5932 core=0 resume t239 r=0 y=1 c0=IDLE1 c1=t243
5933 core=0 resume t244 r=0 y=0 c0=IDLE1 c1=t243
5934 core=1 delete 2 t217 r=0 y=0 c0=IDLE1 c1=t243
5935 core=1 noop r=0 y=0 c0=IDLE1 c1=t243
5936 core=0 noop r=0 y=0 c0=IDLE1 c1=t243
5937 core=0 tick r=1 y=1 c0=t230 c1=t243
5938 core=1 delete 7 t230 r=0 y=1 c0=t239 c1=t243
5939 core=1 create 2 t245 p2 r=1 y=1 c0=t245 c1=t243
5940 core=0 resume t234 r=0 y=0 c0=t245 c1=t243
5941 core=1 take t243 r=0 y=0 c0=t245 c1=t243
5942 core=1 prio t243 3 r=0 y=0 c0=t245 c1=t243
5943 core=1 suspend t239 r=0 y=0 c0=t245 c1=t243
5944 core=0 noop r=0 y=0 c0=t245 c1=t243
5945 core=0 give r=1 y=0 c0=t245 c1=t243
5946 core=1 noop r=0 y=0 c0=t245 c1=t243
5947 core=1 noop r=0 y=0 c0=t245 c1=t243
5948 core=0 noop r=0 y=0 c0=t245 c1=t243
5949 core=0 noop r=0 y=0 c0=t245 c1=t243
5950 core=0 take t245 r=1 y=0 c0=t245 c1=t243
5951 core=1 take t243 r=0 y=0 c0=t245 c1=t243
5952 core=1 suspend t243 r=0 y=2 c0=t245 c1=IDLE0
5953 core=1 noop r=0 y=0 c0=t245 c1=IDLE0
5954 core=1 suspend t245 r=0 y=1 c0=IDLE1 c1=IDLE0
5955 core=0 noop r=0 y=0 c0=IDLE1 c1=IDLE0
5956 core=1 noop r=0 y=0 c0=IDLE1 c1=IDLE0
5957 core=1 suspend t234 r=0 y=0 c0=IDLE1 c1=IDLE0
5958 core=0 suspend t239 r=0 y=0 c0=IDLE1 c1=IDLE0
5959 core=1 noop r=0 y=0 c0=IDLE1 c1=IDLE0
5960 core=1 suspend t241 r=0 y=0 c0=IDLE1 c1=IDLE0
5961 core=0 resume t244 r=0 y=0 c0=IDLE1 c1=IDLE0
5962 core=0 noop r=0 y=0 c0=IDLE1 c1=IDLE0
5963 core=1 noop r=0 y=0 c0=IDLE1 c1=IDLE0
5964 core=1 noop r=0 y=0 c0=IDLE1 c1=IDLE0
5965 core=1 noop r=0 y=0 c0=IDLE1 c1=IDLE0
5966 core=0 yield r=0 y=1 c0=IDLE1 c1=IDLE0
5967 core=0 give r=1 y=0 c0=IDLE1 c1=IDLE0
5968 core=0 tick r=1 y=3 c0=t244 c1=IDLE1
5969 core=1 noop r=0 y=0 c0=t244 c1=IDLE1
5970 core=1 suspend t243 r=0 y=0 c0=t244 c1=IDLE1
5971 core=1 noop r=0 y=0 c0=t244 c1=IDLE1
5972 core=1 prio t239 0 r=0 y=0 c0=t244 c1=IDLE1
5973 core=1 noop r=0 y=0 c0=t244 c1=IDLE1
5974 core=1 noop r=0 y=0 c0=t244 c1=IDLE1
5975 core=0 noop r=0 y=0 c0=t244 c1=IDLE1
5976 core=1 yield r=0 y=2 c0=t244 c1=IDLE0
5977 core=1 noop r=0 y=0 c0=t244 c1=IDLE0
5978 core=0 give_isr r=0 y=0 c0=t244 c1=IDLE0
5979 core=1 noop r=0 y=0 c0=t244 c1=IDLE0
5980 core=1 create 6 t246 p3 r=1 y=2 c0=t244 c1=t246
5981 core=0 take t244 r=1 y=0 c0=t244 c1=t246
5982 core=1 take t246 r=0 y=0 c0=t244 c1=t246
5983 core=0 noop r=0 y=0 c0=t244 c1=t246
5984 core=0 noop r=0 y=0 c0=t244 c1=t246
5985 core=1 resume t243 r=0 y=1 c0=t243 c1=t246
5986 core=0 noop r=0 y=0 c0=t243 c1=t246
5987 core=1 delay t246 3 r=0 y=2 c0=t243 c1=t244
5988 core=0 take t243 r=0 y=0 c0=t243 c1=t244
5989 core=1 noop r=0 y=0 c0=t243 c1=t244
5990 core=0 noop r=0 y=0 c0=t243 c1=t244
5991 core=0 resume t244 r=0 y=0 c0=t243 c1=t244
5992 core=0 yield r=0 y=1 c0=t243 c1=t244
5993 core=1 delete 8 t241 r=0 y=0 c0=t243 c1=t244
5994 core=0 prio t244 1 r=0 y=0 c0=t243 c1=t244
5995 core=0 yield r=0 y=1 c0=t243 c1=t244
5996 core=0 tick r=0 y=0 c0=t243 c1=t244
5997 core=0 tick r=0 y=0 c0=t243 c1=t244
5998 core=0 prio t243 0 r=0 y=1 c0=IDLE1 c1=t244
5999 core=1 prio t245 2 r=0 y=0 c0=IDLE1 c1=t244
6000 core=0 give_isr r=1 y=0 c0=IDLE1 c1=t244
6001 core=1 noop r=0 y=0 c0=IDLE1 c1=t244
6002 core=0 noop r=0 y=0 c0=IDLE1 c1=t244
6003 core=1 noop r=0 y=0 c0=IDLE1 c1=t244
6004 core=0 tick r=1 y=1 c0=t246 c1=t244
6005 core=1 take t244 r=1 y=0 c0=t246 c1=t244
6006 core=0 noop r=0 y=0 c0=t246 c1=t244
6007 core=0 take t246 r=0 y=0 c0=t246 c1=t244
6008 core=1 delay t244 2 r=0 y=2 c0=t246 c1=IDLE0
6009 core=0 noop r=0 y=0 c0=t246 c1=IDLE0
6010 core=0 delay t246 5 r=0 y=1 c0=t243 c1=IDLE0
6011 core=0 tick r=1 y=3 c0=IDLE1 c1=t243
6012 core=1 noop r=0 y=0 c0=IDLE1 c1=t243
6013 core=1 noop r=0 y=0 c0=IDLE1 c1=t243
6014 core=1 delay t243 2 r=0 y=2 c0=IDLE1 c1=IDLE0
6015 core=0 noop r=0 y=0 c0=IDLE1 c1=IDLE0
6016 core=1 suspend t243 r=0 y=0 c0=IDLE1 c1=IDLE0
6017 core=0 give r=1 y=0 c0=IDLE1 c1=IDLE0
6018 core=1 prio t244 0 r=0 y=0 c0=IDLE1 c1=IDLE0
6019 core=1 give_isr r=0 y=0 c0=IDLE1 c1=IDLE0
6020 core=0 noop r=0 y=0 c0=IDLE1 c1=IDLE0
6021 core=1 delete 2 t245 r=0 y=0 c0=IDLE1 c1=IDLE0
6022 core=0 noop r=0 y=0 c0=IDLE1 c1=IDLE0
6023 core=1 resume t234 r=0 y=2 c0=IDLE1 c1=t234
6024 core=0 noop r=0 y=0 c0=IDLE1 c1=t234
6025 core=1 noop r=0 y=0 c0=IDLE1 c1=t234
6026 core=0 tick r=1 y=1 c0=IDLE0 c1=t234
6027 core=0 tick r=1 y=1 c0=t244 c1=t234
6028 core=0 tick r=1 y=1 c0=IDLE1 c1=t234
6029 core=1 take t234 r=1 y=0 c0=IDLE1 c1=t234
6030 core=0 tick r=1 y=1 c0=t246 c1=t234
6031 core=0 take t246 r=0 y=0 c0=t246 c1=t234
6032 core=0 take t246 r=0 y=0 c0=t246 c1=t234
6033 core=0 tick r=0 y=0 c0=t246 c1=t234
6034 core=0 noop r=0 y=0 c0=t246 c1=t234
6035 core=1 delay t234 2 r=0 y=2 c0=t246 c1=IDLE0
6036 core=0 give_isr r=1 y=0 c0=t246 c1=IDLE0
6037 core=0 take t246 r=1 y=0 c0=t246 c1=IDLE0
6038 core=1 noop r=0 y=0 c0=t246 c1=IDLE0
6039 core=0 create 7 t247 p3 r=1 y=2 c0=t246 c1=t247
6040 core=1 give r=1 y=0 c0=t246 c1=t247
6041 core=0 noop r=0 y=0 c0=t246 c1=t247
6042 core=0 tick r=1 y=3 c0=t246 c1=t247
6043 core=1 delete 7 t247 r=0 y=2 c0=t246 c1=t244
6044 core=1 suspend t246 r=0 y=1 c0=IDLE1 c1=t244
6045 core=0 yield r=0 y=1 c0=IDLE0 c1=t244
6046 core=0 yield r=0 y=1 c0=IDLE1 c1=t244
6047 core=1 suspend t234 r=0 y=0 c0=IDLE1 c1=t244
6048 core=1 noop r=0 y=0 c0=IDLE1 c1=t244
6049 core=1 delete 6 t246 r=0 y=0 c0=IDLE1 c1=t244
6050 core=1 give r=0 y=0 c0=IDLE1 c1=t244
6051 core=0 noop r=0 y=0 c0=IDLE1 c1=t244
6052 core=0 give r=0 y=0 c0=IDLE1 c1=t244
6053 core=1 suspend t239 r=0 y=0 c0=IDLE1 c1=t244
6054 core=0 create 7 t248 p1 r=1 y=1 c0=t248 c1=t244
6055 core=1 give_isr r=0 y=0 c0=t248 c1=t244
6056 core=0 take t248 r=1 y=0 c0=t248 c1=t244
6057 core=1 resume t239 r=0 y=0 c0=t248 c1=t244
6058 core=1 give r=1 y=0 c0=t248 c1=t244
6059 core=0 resume t248 r=0 y=0 c0=t248 c1=t244
6060 core=0 give r=0 y=0 c0=t248 c1=t244
6061 core=1 prio t248 0 r=0 y=1 c0=IDLE0 c1=t244
6062 core=0 give r=0 y=0 c0=IDLE0 c1=t244
6063 core=0 suspend t248 r=0 y=0 c0=IDLE0 c1=t244
6064 core=1 prio t243 1 r=0 y=0 c0=IDLE0 c1=t244
6065 core=0 noop r=0 y=0 c0=IDLE0 c1=t244
6066 core=0 yield r=0 y=1 c0=IDLE1 c1=t244
6067 core=0 tick r=1 y=3 c0=t239 c1=IDLE0
6068 core=1 noop r=0 y=0 c0=t239 c1=IDLE0
6069 core=0 give r=0 y=0 c0=t239 c1=IDLE0
6070 core=1 noop r=0 y=0 c0=t239 c1=IDLE0
6071 core=0 create 2 t249 p2 r=1 y=2 c0=t239 c1=t249
6072 core=0 tick r=1 y=1 c0=IDLE1 c1=t249
6073 core=1 create 5 t250 p3 r=1 y=1 c0=t250 c1=t249
6074 core=0 prio t234 2 r=0 y=0 c0=t250 c1=t249
6075 core=0 tick r=0 y=0 c0=t250 c1=t249
6076 core=0 give r=0 y=0 c0=t250 c1=t249
6077 core=1 give_isr r=0 y=0 c0=t250 c1=t249
6078 core=0 tick r=0 y=0 c0=t250 c1=t249
6079 core=0 tick r=0 y=0 c0=t250 c1=t249
6080 core=1 delay t249 1 r=0 y=2 c0=t250 c1=t244
6081 core=0 delay t250 5 r=0 y=1 c0=IDLE0 c1=t244
6082 core=0 tick r=1 y=3 c0=t249 c1=t239
6083 core=1 noop r=0 y=0 c0=t249 c1=t239
6084 core=0 suspend t234 r=0 y=0 c0=t249 c1=t239
6085 core=0 suspend t234 r=0 y=0 c0=t249 c1=t239
6086 core=0 noop r=0 y=0 c0=t249 c1=t239
6087 core=1 noop r=0 y=0 c0=t249 c1=t239
6088 core=1 delay t239 2 r=0 y=2 c0=t249 c1=IDLE1
6089 core=1 noop r=0 y=0 c0=t249 c1=IDLE1
6090 core=0 noop r=0 y=0 c0=t249 c1=IDLE1
6091 core=0 noop r=0 y=0 c0=t249 c1=IDLE1
6092 core=0 noop r=0 y=0 c0=t249 c1=IDLE1
6093 core=1 suspend t244 r=0 y=0 c0=t249 c1=IDLE1
6094 core=1 resume t248 r=0 y=2 c0=t249 c1=IDLE0
6095 core=0 suspend t250 r=0 y=0 c0=t249 c1=IDLE0
6096 core=0 noop r=0 y=0 c0=t249 c1=IDLE0
6097 core=0 tick r=0 y=2 c0=t249 c1=t248
6098 core=1 noop r=0 y=0 c0=t249 c1=t248
6099 core=1 give_isr r=0 y=0 c0=t249 c1=t248
6100 core=0 noop r=0 y=0 c0=t249 c1=t248
6101 core=1 prio t249 1 r=0 y=1 c0=t249 c1=t248
6102 core=1 yield r=0 y=2 c0=t249 c1=IDLE1
6103 core=0 give r=0 y=0 c0=t249 c1=IDLE1
6104 core=0 delete 4 t243 r=0 y=0 c0=t249 c1=IDLE1
6105 core=0 prio t250 1 r=0 y=0 c0=t249 c1=IDLE1
6106 core=0 tick r=0 y=2 c0=t249 c1=IDLE0
6107 core=1 prio t250 2 r=0 y=0 c0=t249 c1=IDLE0
6108 core=1 noop r=0 y=0 c0=t249 c1=IDLE0
6109 core=1 give_isr r=0 y=0 c0=t249 c1=IDLE0
6110 core=0 take t249 r=1 y=0 c0=t249 c1=IDLE0
6111 core=1 prio t244 1 r=0 y=0 c0=t249 c1=IDLE0
6112 core=1 noop r=0 y=0 c0=t249 c1=IDLE0
6113 core=1 noop r=0 y=0 c0=t249 c1=IDLE0
6114 core=1 give r=1 y=0 c0=t249 c1=IDLE0
6115 core=0 noop r=0 y=0 c0=t249 c1=IDLE0
6116 core=1 suspend t249 r=0 y=1 c0=t248 c1=IDLE0
6117 core=1 noop r=0 y=0 c0=t248 c1=IDLE0
6118 core=0 noop r=0 y=0 c0=t248 c1=IDLE0
6119 core=0 delay t248 1 r=0 y=1 c0=t239 c1=IDLE0
6120 core=1 noop r=0 y=0 c0=t239 c1=IDLE0
6121 core=1 noop r=0 y=0 c0=t239 c1=IDLE0
6122 core=1 noop r=0 y=0 c0=t239 c1=IDLE0
6123 core=1 noop r=0 y=0 c0=t239 c1=IDLE0
6124 core=1 noop r=0 y=0 c0=t239 c1=IDLE0
6125 core=0 tick r=1 y=3 c0=IDLE1 c1=t248
6126 core=1 noop r=0 y=0 c0=IDLE1 c1=t248
6127 core=0 yield r=0 y=1 c0=t239 c1=t248
6128 core=0 give_isr r=0 y=0 c0=t239 c1=t248
6129 core=0 delete 1 t244 r=0 y=0 c0=t239 c1=t248
6130 core=0 take t239 r=1 y=0 c0=t239 c1=t248
6131 core=1 delay t248 1 r=0 y=2 c0=t239 c1=IDLE0
6132 core=1 give_isr r=1 y=0 c0=t239 c1=IDLE0
6133 core=0 tick r=1 y=3 c0=IDLE1 c1=t248
6134 core=1 delay t248 1 r=0 y=2 c0=IDLE1 c1=t239
6135 core=0 give r=0 y=0 c0=IDLE1 c1=t239
6136 core=0 tick r=1 y=3 c0=IDLE0 c1=t248
6137 core=0 noop r=0 y=0 c0=IDLE0 c1=t248
6138 core=1 delay t248 5 r=0 y=2 c0=IDLE0 c1=IDLE1
6139 core=0 tick r=1 y=3 c0=t239 c1=IDLE0
6140 core=1 noop r=0 y=0 c0=t239 c1=IDLE0
6141 core=0 noop r=0 y=0 c0=t239 c1=IDLE0
6142 core=0 give_isr r=0 y=0 c0=t239 c1=IDLE0
6143 core=1 noop r=0 y=0 c0=t239 c1=IDLE0
6144 core=1 resume t249 r=0 y=2 c0=t239 c1=t249
6145 core=1 noop r=0 y=0 c0=t239 c1=t249
6146 core=0 delay t239 4 r=0 y=1 c0=IDLE1 c1=t249
6147 core=0 noop r=0 y=0 c0=IDLE1 c1=t249
6148 core=1 create 6 t251 p3 r=1 y=1 c0=t251 c1=t249
6149 core=1 take t249 r=1 y=0 c0=t251 c1=t249
6150 core=1 yield r=0 y=2 c0=t251 c1=t249
6151 core=0 resume t251 r=0 y=0 c0=t251 c1=t249
6152 core=0 tick r=0 y=0 c0=t251 c1=t249
6153 core=1 delay t249 4 r=0 y=2 c0=t251 c1=IDLE0
6154 core=0 take t251 r=0 y=0 c0=t251 c1=IDLE0
6155 core=0 take t251 r=0 y=0 c0=t251 c1=IDLE0
6156 core=1 delete 2 t249 r=0 y=0 c0=t251 c1=IDLE0
6157 core=1 noop r=0 y=0 c0=t251 c1=IDLE0
6158 core=0 noop r=0 y=0 c0=t251 c1=IDLE0
6159 core=1 create 4 t252 p0 r=1 y=2 c0=t251 c1=IDLE1
6160 core=1 noop r=0 y=0 c0=t251 c1=IDLE1
6161 core=0 take t251 r=0 y=0 c0=t251 c1=IDLE1
6162 core=1 give r=1 y=0 c0=t251 c1=IDLE1
6163 core=1 noop r=0 y=0 c0=t251 c1=IDLE1
6164 core=0 delete 9 t239 r=0 y=0 c0=t251 c1=IDLE1
6165 core=0 tick r=0 y=2 c0=t251 c1=t252
6166 core=1 delay t252 3 r=0 y=2 c0=t251 c1=IDLE0
6167 core=0 resume t251 r=0 y=0 c0=t251 c1=IDLE0
6168 core=1 noop r=0 y=0 c0=t251 c1=IDLE0
6169 core=0 noop r=0 y=0 c0=t251 c1=IDLE0
6170 core=1 noop r=0 y=0 c0=t251 c1=IDLE0
6171 core=1 noop r=0 y=0 c0=t251 c1=IDLE0
6172 core=0 tick r=0 y=2 c0=t251 c1=IDLE1
6173 core=1 noop r=0 y=0 c0=t251 c1=IDLE1
6174 core=1 resume t234 r=0 y=2 c0=t251 c1=t234
6175 core=1 delay t234 3 r=0 y=2 c0=t251 c1=IDLE0
6176 core=0 noop r=0 y=0 c0=t251 c1=IDLE0
6177 core=0 delete 7 t248 r=0 y=0 c0=t251 c1=IDLE0
6178 core=0 noop r=0 y=0 c0=t251 c1=IDLE0
6179 core=1 noop r=0 y=0 c0=t251 c1=IDLE0
6180 core=0 give r=0 y=0 c0=t251 c1=IDLE0
6181 core=1 noop r=0 y=0 c0=t251 c1=IDLE0
6182 core=0 noop r=0 y=0 c0=t251 c1=IDLE0
6183 core=1 noop r=0 y=0 c0=t251 c1=IDLE0
6184 core=0 suspend t251 r=0 y=1 c0=IDLE1 c1=IDLE0
6185 core=1 suspend t252 r=0 y=0 c0=IDLE1 c1=IDLE0
6186 core=0 yield r=0 y=1 c0=IDLE1 c1=IDLE0
6187 core=1 noop r=0 y=0 c0=IDLE1 c1=IDLE0
6188 core=1 delete 6 t251 r=0 y=0 c0=IDLE1 c1=IDLE0
6189 core=1 create 0 t253 p3 r=1 y=2 c0=IDLE1 c1=t253
6190 core=0 yield r=0 y=1 c0=IDLE0 c1=t253
6191 core=0 tick r=1 y=1 c0=IDLE1 c1=t253
6192 core=0 noop r=0 y=0 c0=IDLE1 c1=t253
6193 core=0 give_isr r=0 y=0 c0=IDLE1 c1=t253
6194 core=0 suspend t252 r=0 y=0 c0=IDLE1 c1=t253
6195 core=0 give r=0 y=0 c0=IDLE1 c1=t253
6196 core=0 give r=0 y=0 c0=IDLE1 c1=t253
6197 core=1 delay t253 1 r=0 y=2 c0=IDLE1 c1=IDLE0
6198 core=0 tick r=1 y=3 c0=t253 c1=IDLE1
6199 core=1 create 6 t254 p3 r=1 y=2 c0=t253 c1=t254
6200 core=1 noop r=0 y=0 c0=t253 c1=t254
6201 core=1 create 7 t255 p2 r=1 y=0 c0=t253 c1=t254
6202 core=1 give_isr r=0 y=0 c0=t253 c1=t254
6203 core=1 take t254 r=1 y=0 c0=t253 c1=t254
6204 core=1 prio t234 1 r=0 y=0 c0=t253 c1=t254
6205 core=1 resume t250 r=0 y=0 c0=t253 c1=t254
6206 core=1 noop r=0 y=0 c0=t253 c1=t254
6207 core=1 noop r=0 y=0 c0=t253 c1=t254
6208 core=1 resume t254 r=0 y=0 c0=t253 c1=t254
6209 core=0 give r=1 y=0 c0=t253 c1=t254
6210 core=0 prio t253 0 r=0 y=1 c0=t255 c1=t254
6211 core=1 noop r=0 y=0 c0=t255 c1=t254
6212 core=0 prio t254 3 r=0 y=0 c0=t255 c1=t254
6213 core=1 delay t254 5 r=0 y=2 c0=t255 c1=t250
6214 core=0 noop r=0 y=0 c0=t255 c1=t250
6215 core=1 delay t250 3 r=0 y=2 c0=t255 c1=IDLE0
6216 core=1 give r=0 y=0 c0=t255 c1=IDLE0
6217 core=1 give_isr r=0 y=0 c0=t255 c1=IDLE0
6218 core=1 noop r=0 y=0 c0=t255 c1=IDLE0
6219 core=0 give_isr r=0 y=0 c0=t255 c1=IDLE0
6220 core=0 noop r=0 y=0 c0=t255 c1=IDLE0
6221 core=1 give r=0 y=0 c0=t255 c1=IDLE0
6222 core=0 resume t252 r=0 y=2 c0=t255 c1=IDLE1
6223 core=0 tick r=0 y=2 c0=t255 c1=t234
6224 core=0 yield r=0 y=1 c0=t255 c1=t234
6225 core=0 delete 6 t254 r=0 y=0 c0=t255 c1=t234
6226 core=0 suspend t253 r=0 y=0 c0=t255 c1=t234
6227 core=1 delay t234 2 r=0 y=2 c0=t255 c1=t252
6228 core=1 noop r=0 y=0 c0=t255 c1=t252
6229 core=0 yield r=0 y=1 c0=t255 c1=t252
6230 core=0 give_isr r=0 y=0 c0=t255 c1=t252
6231 core=1 give r=0 y=0 c0=t255 c1=t252
6232 core=0 noop r=0 y=0 c0=t255 c1=t252
6233 core=0 delay t255 4 r=0 y=1 c0=IDLE0 c1=t252
6234 core=1 delete 7 t255 r=0 y=0 c0=IDLE0 c1=t252
6235 core=1 delay t252 3 r=0 y=2 c0=IDLE0 c1=IDLE1
6236 core=1 give_isr r=0 y=0 c0=IDLE0 c1=IDLE1
6237 core=1 noop r=0 y=0 c0=IDLE0 c1=IDLE1
6238 core=1 noop r=0 y=0 c0=IDLE0 c1=IDLE1
6239 core=0 noop r=0 y=0 c0=IDLE0 c1=IDLE1
6240 core=0 tick r=1 y=3 c0=IDLE0 c1=IDLE1
6241 core=1 noop r=0 y=0 c0=IDLE0 c1=IDLE1
6242 core=0 resume t234 r=0 y=0 c0=IDLE0 c1=IDLE1
6243 core=0 suspend t252 r=0 y=0 c0=IDLE0 c1=IDLE1
6244 core=0 give r=0 y=0 c0=IDLE0 c1=IDLE1
6245 core=1 suspend t234 r=0 y=0 c0=IDLE0 c1=IDLE1
6246 core=1 noop r=0 y=0 c0=IDLE0 c1=IDLE1
6247 core=1 noop r=0 y=0 c0=IDLE0 c1=IDLE1
6248 core=0 noop r=0 y=0 c0=IDLE0 c1=IDLE1
6249 core=0 delete 0 t253 r=0 y=0 c0=IDLE0 c1=IDLE1
6250 core=0 give r=0 y=0 c0=IDLE0 c1=IDLE1
6251 core=0 noop r=0 y=0 c0=IDLE0 c1=IDLE1
6252 core=0 give r=0 y=0 c0=IDLE0 c1=IDLE1
6253 core=1 noop r=0 y=0 c0=IDLE0 c1=IDLE1
6254 core=0 noop r=0 y=0 c0=IDLE0 c1=IDLE1
6255 core=0 tick r=1 y=3 c0=t250 c1=IDLE0
6256 core=1 give_isr r=0 y=0 c0=t250 c1=IDLE0
6257 core=1 delete 5 t250 r=0 y=1 c0=IDLE1 c1=IDLE0
6258 core=0 give_isr r=0 y=0 c0=IDLE1 c1=IDLE0
6259 core=0 noop r=0 y=0 c0=IDLE1 c1=IDLE0
6260 core=0 noop r=0 y=0 c0=IDLE1 c1=IDLE0
6261 core=0 noop r=0 y=0 c0=IDLE1 c1=IDLE0
6262 core=1 noop r=0 y=0 c0=IDLE1 c1=IDLE0
6263 core=1 suspend t252 r=0 y=0 c0=IDLE1 c1=IDLE0
6264 core=1 give_isr r=0 y=0 c0=IDLE1 c1=IDLE0
6265 core=0 tick r=1 y=3 c0=IDLE1 c1=IDLE0
6266 core=0 noop r=0 y=0 c0=IDLE1 c1=IDLE0
6267 core=0 tick r=1 y=3 c0=IDLE1 c1=IDLE0
6268 core=0 noop r=0 y=0 c0=IDLE1 c1=IDLE0
6269 core=1 noop r=0 y=0 c0=IDLE1 c1=IDLE0
6270 core=0 resume t252 r=0 y=2 c0=IDLE1 c1=t252
6271 core=0 give_isr r=0 y=0 c0=IDLE1 c1=t252
6272 core=0 noop r=0 y=0 c0=IDLE1 c1=t252
6273 core=1 suspend t234 r=0 y=0 c0=IDLE1 c1=t252
6274 core=0 noop r=0 y=0 c0=IDLE1 c1=t252
6275 core=0 noop r=0 y=0 c0=IDLE1 c1=t252
6276 core=0 noop r=0 y=0 c0=IDLE1 c1=t252
6277 core=0 give_isr r=0 y=0 c0=IDLE1 c1=t252
6278 core=1 noop r=0 y=0 c0=IDLE1 c1=t252
6279 core=0 noop r=0 y=0 c0=IDLE1 c1=t252
6280 core=0 tick r=1 y=3 c0=IDLE0 c1=IDLE1
6281 core=1 noop r=0 y=0 c0=IDLE0 c1=IDLE1
6282 core=0 give r=0 y=0 c0=IDLE0 c1=IDLE1
6283 core=0 resume t252 r=0 y=0 c0=IDLE0 c1=IDLE1
6284 core=1 create 0 t256 p0 r=1 y=2 c0=IDLE0 c1=t252
6285 core=0 noop r=0 y=0 c0=IDLE0 c1=t252
6286 core=1 noop r=0 y=0 c0=IDLE0 c1=t252
6287 core=0 give r=0 y=0 c0=IDLE0 c1=t252
6288 core=1 noop r=0 y=0 c0=IDLE0 c1=t252
6289 core=1 suspend t252 r=0 y=2 c0=IDLE0 c1=t256
6290 core=0 noop r=0 y=0 c0=IDLE0 c1=t256
6291 core=1 noop r=0 y=0 c0=IDLE0 c1=t256
6292 core=0 noop r=0 y=0 c0=IDLE0 c1=t256
6293 core=0 give_isr r=0 y=0 c0=IDLE0 c1=t256
6294 core=1 create 2 t257 p2 r=1 y=1 c0=t257 c1=t256
6295 core=0 give_isr r=0 y=0 c0=t257 c1=t256
6296 core=1 give r=0 y=0 c0=t257 c1=t256
6297 core=1 noop r=0 y=0 c0=t257 c1=t256
6298 core=0 suspend t256 r=0 y=2 c0=t257 c1=IDLE1
6299 core=0 delay t257 3 r=0 y=1 c0=IDLE0 c1=IDLE1
6300 core=1 suspend t256 r=0 y=0 c0=IDLE0 c1=IDLE1
6301 core=0 create 1 t258 p1 r=1 y=2 c0=IDLE0 c1=t258
6302 core=0 tick r=1 y=1 c0=IDLE1 c1=t258
6303 core=1 delay t258 4 r=0 y=2 c0=IDLE1 c1=IDLE0
6304 core=1 give_isr r=0 y=0 c0=IDLE1 c1=IDLE0
6305 core=0 noop r=0 y=0 c0=IDLE1 c1=IDLE0
6306 core=1 resume t256 r=0 y=2 c0=IDLE1 c1=t256
6307 core=1 prio t234 1 r=0 y=0 c0=IDLE1 c1=t256
6308 core=0 noop r=0 y=0 c0=IDLE1 c1=t256
6309 core=1 noop r=0 y=0 c0=IDLE1 c1=t256
6310 core=0 suspend t252 r=0 y=0 c0=IDLE1 c1=t256
6311 core=1 give_isr r=0 y=0 c0=IDLE1 c1=t256
6312 core=0 tick r=1 y=3 c0=IDLE0 c1=IDLE1
6313 core=1 resume t258 r=0 y=0 c0=IDLE0 c1=IDLE1
6314 core=0 noop r=0 y=0 c0=IDLE0 c1=IDLE1
6315 core=1 create 9 t259 p1 r=1 y=2 c0=IDLE0 c1=t259
6316 core=1 give r=0 y=0 c0=IDLE0 c1=t259
6317 core=0 noop r=0 y=0 c0=IDLE0 c1=t259
6318 core=0 noop r=0 y=0 c0=IDLE0 c1=t259
6319 core=0 noop r=0 y=0 c0=IDLE0 c1=t259
6320 core=1 noop r=0 y=0 c0=IDLE0 c1=t259
6321 core=0 noop r=0 y=0 c0=IDLE0 c1=t259
6322 core=0 tick r=1 y=1 c0=t257 c1=t259
6323 core=0 noop r=0 y=0 c0=t257 c1=t259
6324 core=1 noop r=0 y=0 c0=t257 c1=t259
6325 core=1 prio t256 1 r=0 y=0 c0=t257 c1=t259
6326 core=1 noop r=0 y=0 c0=t257 c1=t259
6327 core=1 delay t259 2 r=0 y=2 c0=t257 c1=t256
6328 core=1 give r=0 y=0 c0=t257 c1=t256
6329 core=0 resume t256 r=0 y=0 c0=t257 c1=t256
6330 core=1 delay t256 5 r=0 y=2 c0=t257 c1=IDLE1
6331 core=1 prio t257 3 r=0 y=0 c0=t257 c1=IDLE1
6332 core=1 noop r=0 y=0 c0=t257 c1=IDLE1
6333 core=1 resume t258 r=0 y=0 c0=t257 c1=IDLE1
6334 core=0 delay t257 1 r=0 y=1 c0=IDLE0 c1=IDLE1
6335 core=1 prio t258 3 r=0 y=0 c0=IDLE0 c1=IDLE1
6336 core=1 noop r=0 y=0 c0=IDLE0 c1=IDLE1
6337 core=0 noop r=0 y=0 c0=IDLE0 c1=IDLE1
6338 core=1 create 6 t260 p3 r=1 y=2 c0=IDLE0 c1=t260
6339 core=1 yield r=0 y=2 c0=IDLE0 c1=t260
6340 core=0 tick r=1 y=3 c0=t257 c1=t260
6341 core=1 resume t259 r=0 y=0 c0=t257 c1=t260
6342 core=1 take t260 r=1 y=0 c0=t257 c1=t260
6343 core=0 tick r=1 y=3 c0=t258 c1=t257
6344 core=0 delay t258 2 r=0 y=1 c0=t260 c1=t257
6345 core=0 noop r=0 y=0 c0=t260 c1=t257
6346 core=0 noop r=0 y=0 c0=t260 c1=t257
6347 core=1 delay t257 4 r=0 y=2 c0=t260 c1=t259
6348 core=0 noop r=0 y=0 c0=t260 c1=t259
6349 core=0 give r=1 y=0 c0=t260 c1=t259
6350 core=0 take t260 r=1 y=0 c0=t260 c1=t259
6351 core=1 resume t252 r=0 y=0 c0=t260 c1=t259
6352 core=1 prio t258 3 r=0 y=0 c0=t260 c1=t259
6353 core=1 prio t258 1 r=0 y=0 c0=t260 c1=t259
6354 core=0 give r=1 y=0 c0=t260 c1=t259
6355 core=1 noop r=0 y=0 c0=t260 c1=t259
6356 core=1 delete 2 t257 r=0 y=0 c0=t260 c1=t259
6357 core=1 delay t259 3 r=0 y=2 c0=t260 c1=IDLE1
6358 core=0 tick r=0 y=2 c0=t260 c1=IDLE0
6359 core=0 suspend t259 r=0 y=0 c0=t260 c1=IDLE0
6360 core=1 noop r=0 y=0 c0=t260 c1=IDLE0
6361 core=1 give r=0 y=0 c0=t260 c1=IDLE0
6362 core=1 noop r=0 y=0 c0=t260 c1=IDLE0
6363 core=0 noop r=0 y=0 c0=t260 c1=IDLE0
6364 core=1 noop r=0 y=0 c0=t260 c1=IDLE0
6365 core=1 delete 3 t234 r=0 y=0 c0=t260 c1=IDLE0
6366 core=0 tick r=0 y=2 c0=t260 c1=t258
6367 core=0 give r=0 y=0 c0=t260 c1=t258
6368 core=1 delay t258 3 r=0 y=2 c0=t260 c1=t252
6369 core=1 noop r=0 y=0 c0=t260 c1=t252
6370 core=1 noop r=0 y=0 c0=t260 c1=t252
6371 core=1 yield r=0 y=2 c0=t260 c1=IDLE1
6372 core=1 give r=0 y=0 c0=t260 c1=IDLE1
6373 core=1 create 3 t261 p0 r=1 y=2 c0=t260 c1=IDLE0
6374 core=1 noop r=0 y=0 c0=t260 c1=IDLE0
6375 core=0 take t260 r=1 y=0 c0=t260 c1=IDLE0
6376 core=1 noop r=0 y=0 c0=t260 c1=IDLE0
6377 core=0 take t260 r=0 y=0 c0=t260 c1=IDLE0
6378 core=1 noop r=0 y=0 c0=t260 c1=IDLE0
6379 core=1 noop r=0 y=0 c0=t260 c1=IDLE0
6380 core=0 noop r=0 y=0 c0=t260 c1=IDLE0
6381 core=0 tick r=0 y=2 c0=t260 c1=t256
6382 core=1 delay t256 1 r=0 y=2 c0=t260 c1=t252
6383 core=0 noop r=0 y=0 c0=t260 c1=t252
6384 core=0 delay t260 3 r=0 y=1 c0=t261 c1=t252
6385 core=0 resume t260 r=0 y=0 c0=t261 c1=t252
6386 core=1 suspend t252 r=0 y=2 c0=t261 c1=IDLE1
6387 core=1 give_isr r=1 y=0 c0=t261 c1=IDLE1
6388 core=0 take t261 r=1 y=0 c0=t261 c1=IDLE1
6389 core=1 suspend t258 r=0 y=0 c0=t261 c1=IDLE1
6390 core=0 give_isr r=1 y=0 c0=t261 c1=IDLE1
6391 core=0 tick r=1 y=3 c0=t256 c1=IDLE0
6392 core=0 noop r=0 y=0 c0=t256 c1=IDLE0
6393 core=0 delay t256 3 r=0 y=1 c0=t261 c1=IDLE0
6394 core=0 noop r=0 y=0 c0=t261 c1=IDLE0
6395 core=0 noop r=0 y=0 c0=t261 c1=IDLE0
6396 core=0 tick r=1 y=3 c0=IDLE1 c1=t261
6397 core=0 prio t259 2 r=0 y=0 c0=IDLE1 c1=t261
6398 core=0 prio t260 1 r=0 y=0 c0=IDLE1 c1=t261
6399 core=1 give r=0 y=0 c0=IDLE1 c1=t261
6400 core=0 delete 3 t261 r=0 y=2 c0=IDLE1 c1=IDLE0
6401 core=1 give_isr r=0 y=0 c0=IDLE1 c1=IDLE0
6402 core=0 suspend t260 r=0 y=0 c0=IDLE1 c1=IDLE0
6403 core=0 noop r=0 y=0 c0=IDLE1 c1=IDLE0
6404 core=0 tick r=1 y=3 c0=IDLE1 c1=IDLE0
6405 core=1 noop r=0 y=0 c0=IDLE1 c1=IDLE0
6406 core=0 tick r=1 y=3 c0=t256 c1=IDLE1
6407 core=1 create 5 t262 p2 r=1 y=2 c0=t256 c1=t262
6408 core=1 delay t262 1 r=0 y=2 c0=t256 c1=IDLE0
6409 core=0 give r=0 y=0 c0=t256 c1=IDLE0
6410 core=1 suspend t252 r=0 y=0 c0=t256 c1=IDLE0
6411 core=0 suspend t262 r=0 y=0 c0=t256 c1=IDLE0
6412 core=0 yield r=0 y=1 c0=t256 c1=IDLE0
6413 core=1 noop r=0 y=0 c0=t256 c1=IDLE0
6414 core=0 yield r=0 y=1 c0=t256 c1=IDLE0
6415 core=0 suspend t252 r=0 y=0 c0=t256 c1=IDLE0
6416 core=1 prio t256 2 r=0 y=0 c0=t256 c1=IDLE0
6417 core=0 tick r=0 y=2 c0=t256 c1=IDLE1
6418 core=1 noop r=0 y=0 c0=t256 c1=IDLE1
6419 core=0 noop r=0 y=0 c0=t256 c1=IDLE1
6420 core=0 give_isr r=0 y=0 c0=t256 c1=IDLE1
6421 core=0 tick r=0 y=2 c0=t256 c1=IDLE0
6422 core=0 tick r=0 y=2 c0=t256 c1=IDLE1
6423 core=1 prio t256 2 r=0 y=0 c0=t256 c1=IDLE1
6424 core=1 create 8 t263 p3 r=1 y=2 c0=t256 c1=t263
6425 core=1 give r=0 y=0 c0=t256 c1=t263
6426 core=0 delete 5 t262 r=0 y=0 c0=t256 c1=t263
6427 core=0 give_isr r=0 y=0 c0=t256 c1=t263
6428 core=0 suspend t256 r=0 y=1 c0=IDLE0 c1=t263
6429 core=1 give_isr r=0 y=0 c0=IDLE0 c1=t263
6430 core=0 suspend t256 r=0 y=0 c0=IDLE0 c1=t263
6431 core=0 give r=0 y=0 c0=IDLE0 c1=t263
6432 core=1 give_isr r=0 y=0 c0=IDLE0 c1=t263
6433 core=1 delete 8 t263 r=0 y=2 c0=IDLE0 c1=IDLE1
6434 core=1 noop r=0 y=0 c0=IDLE0 c1=IDLE1
6435 core=1 give r=0 y=0 c0=IDLE0 c1=IDLE1
6436 core=0 noop r=0 y=0 c0=IDLE0 c1=IDLE1
6437 core=1 give r=0 y=0 c0=IDLE0 c1=IDLE1
6438 core=1 prio t258 2 r=0 y=0 c0=IDLE0 c1=IDLE1
6439 core=1 noop r=0 y=0 c0=IDLE0 c1=IDLE1
6440 core=1 noop r=0 y=0 c0=IDLE0 c1=IDLE1
6441 core=0 resume t259 r=0 y=2 c0=IDLE0 c1=t259
6442 core=1 noop r=0 y=0 c0=IDLE0 c1=t259
6443 core=1 give_isr r=0 y=0 c0=IDLE0 c1=t259
6444 core=1 give r=0 y=0 c0=IDLE0 c1=t259
6445 core=0 tick r=1 y=1 c0=IDLE1 c1=t259
6446 core=0 create 7 t264 p1 r=1 y=1 c0=t264 c1=t259
6447 core=1 yield r=0 y=2 c0=t264 c1=t259
6448 core=1 take t259 r=1 y=0 c0=t264 c1=t259
6449 core=0 suspend t260 r=0 y=0 c0=t264 c1=t259
6450 core=0 give r=1 y=0 c0=t264 c1=t259
6451 core=1 give r=0 y=0 c0=t264 c1=t259
6452 core=0 tick r=0 y=0 c0=t264 c1=t259
6453 core=0 tick r=0 y=0 c0=t264 c1=t259
6454 core=0 delete 4 t252 r=0 y=0 c0=t264 c1=t259
6455 core=1 noop r=0 y=0 c0=t264 c1=t259
6456 core=0 tick r=0 y=0 c0=t264 c1=t259
6457 core=0 take t264 r=1 y=0 c0=t264 c1=t259
6458 core=1 noop r=0 y=0 c0=t264 c1=t259
6459 core=0 yield r=0 y=1 c0=t264 c1=t259
6460 core=1 prio t259 1 r=0 y=2 c0=t264 c1=t259
6461 core=1 delay t259 5 r=0 y=2 c0=t264 c1=IDLE0
6462 core=0 noop r=0 y=0 c0=t264 c1=IDLE0
6463 core=0 yield r=0 y=1 c0=t264 c1=IDLE0
6464 core=0 tick r=0 y=2 c0=t264 c1=IDLE1
6465 core=1 prio t264 2 r=0 y=0 c0=t264 c1=IDLE1
6466 core=1 noop r=0 y=0 c0=t264 c1=IDLE1
6467 core=0 give_isr r=1 y=0 c0=t264 c1=IDLE1
6468 core=0 noop r=0 y=0 c0=t264 c1=IDLE1
6469 core=0 prio t259 3 r=0 y=0 c0=t264 c1=IDLE1
6470 core=0 noop r=0 y=0 c0=t264 c1=IDLE1
6471 core=1 noop r=0 y=0 c0=t264 c1=IDLE1
6472 core=1 prio t258 0 r=0 y=0 c0=t264 c1=IDLE1
6473 core=1 yield r=0 y=2 c0=t264 c1=IDLE0
6474 core=1 noop r=0 y=0 c0=t264 c1=IDLE0
6475 core=0 tick r=0 y=2 c0=t264 c1=IDLE1
6476 core=1 suspend t259 r=0 y=0 c0=t264 c1=IDLE1
6477 core=0 prio t264 1 r=0 y=1 c0=t264 c1=IDLE1
6478 core=1 noop r=0 y=0 c0=t264 c1=IDLE1
6479 core=1 give r=0 y=0 c0=t264 c1=IDLE1
6480 core=1 create 8 t265 p0 r=1 y=2 c0=t264 c1=IDLE0
6481 core=0 delay t264 2 r=0 y=1 c0=t265 c1=IDLE0
6482 core=1 noop r=0 y=0 c0=t265 c1=IDLE0
6483 core=0 take t265 r=1 y=0 c0=t265 c1=IDLE0
6484 core=1 prio t265 0 r=0 y=0 c0=t265 c1=IDLE0
6485 core=0 noop r=0 y=0 c0=t265 c1=IDLE0
6486 core=1 noop r=0 y=0 c0=t265 c1=IDLE0
6487 core=1 noop r=0 y=0 c0=t265 c1=IDLE0
6488 core=1 resume t256 r=0 y=2 c0=t265 c1=t256
6489 core=0 noop r=0 y=0 c0=t265 c1=t256
6490 core=1 resume t259 r=0 y=1 c0=t259 c1=t256
6491 core=1 noop r=0 y=0 c0=t259 c1=t256
6492 core=0 create 2 t266 p3 r=1 y=2 c0=t259 c1=t266
6493 core=0 create 5 t267 p0 r=1 y=0 c0=t259 c1=t266
6494 core=1 suspend t259 r=0 y=1 c0=t256 c1=t266
6495 core=1 resume t258 r=0 y=0 c0=t256 c1=t266
6496 core=0 give r=1 y=0 c0=t256 c1=t266
6497 core=0 give r=0 y=0 c0=t256 c1=t266
6498 core=0 noop r=0 y=0 c0=t256 c1=t266
6499 core=1 delay t266 5 r=0 y=2 c0=t256 c1=IDLE1
6500 core=1 yield r=0 y=2 c0=t256 c1=IDLE0
6501 core=0 delay t256 2 r=0 y=1 c0=t265 c1=IDLE0
6502 core=0 tick r=1 y=3 c0=t267 c1=t258
6503 core=0 give r=0 y=0 c0=t267 c1=t258
6504 core=0 take t267 r=1 y=0 c0=t267 c1=t258
6505 core=0 delay t267 4 r=0 y=1 c0=IDLE1 c1=t258
6506 core=0 delete 7 t264 r=0 y=0 c0=IDLE1 c1=t258
6507 core=0 give r=1 y=0 c0=IDLE1 c1=t258
6508 core=0 noop r=0 y=0 c0=IDLE1 c1=t258
6509 core=0 noop r=0 y=0 c0=IDLE1 c1=t258
6510 core=1 yield r=0 y=2 c0=IDLE1 c1=t265
6511 core=0 tick r=1 y=3 c0=t256 c1=IDLE0
6512 core=0 tick r=0 y=2 c0=t256 c1=t258
6513 core=0 noop r=0 y=0 c0=t256 c1=t258
6514 core=0 resume t260 r=0 y=2 c0=t256 c1=t260
6515 core=0 prio t258 2 r=0 y=2 c0=t256 c1=t258
6516 core=0 give_isr r=0 y=0 c0=t256 c1=t258
6517 core=1 noop r=0 y=0 c0=t256 c1=t258
6518 core=1 resume t256 r=0 y=0 c0=t256 c1=t258
6519 core=0 give r=0 y=0 c0=t256 c1=t258
6520 core=1 noop r=0 y=0 c0=t256 c1=t258
6521 core=0 delete 9 t259 r=0 y=0 c0=t256 c1=t258
6522 core=0 give r=0 y=0 c0=t256 c1=t258
6523 core=0 take t256 r=1 y=0 c0=t256 c1=t258
6524 core=0 create 4 t268 p3 r=1 y=2 c0=t256 c1=t268
6525 core=0 yield r=0 y=1 c0=t258 c1=t268
6526 core=1 give_isr r=1 y=0 c0=t258 c1=t268
6527 core=0 take t258 r=1 y=0 c0=t258 c1=t268
6528 core=0 noop r=0 y=0 c0=t258 c1=t268
6529 core=1 delete 6 t260 r=0 y=0 c0=t258 c1=t268
6530 core=0 noop r=0 y=0 c0=t258 c1=t268
6531 core=0 yield r=0 y=1 c0=t256 c1=t268
6532 core=0 take t256 r=0 y=0 c0=t256 c1=t268
6533 core=1 give r=1 y=0 c0=t256 c1=t268
6534 core=0 give r=0 y=0 c0=t256 c1=t268
6535 core=1 noop r=0 y=0 c0=t256 c1=t268
6536 core=0 tick r=1 y=1 c0=t258 c1=t268
6537 core=1 yield r=0 y=2 c0=t258 c1=t268
6538 core=0 give r=0 y=0 c0=t258 c1=t268
6539 core=1 delete 2 t266 r=0 y=0 c0=t258 c1=t268
6540 core=0 tick r=1 y=1 c0=t256 c1=t268
6541 core=1 create 7 t269 p1 r=1 y=0 c0=t256 c1=t268
6542 core=0 suspend t256 r=0 y=1 c0=t258 c1=t268
6543 core=0 tick r=0 y=0 c0=t258 c1=t268
6544 core=0 tick r=0 y=0 c0=t258 c1=t268
6545 core=1 resume t265 r=0 y=0 c0=t258 c1=t268
6546 core=0 resume t269 r=0 y=0 c0=t258 c1=t268
6547 core=1 prio t267 0 r=0 y=0 c0=t258 c1=t268
6548 core=1 noop r=0 y=0 c0=t258 c1=t268
6549 core=0 noop r=0 y=0 c0=t258 c1=t268
6550 core=1 give r=0 y=0 c0=t258 c1=t268
6551 core=0 noop r=0 y=0 c0=t258 c1=t268
6552 core=0 give r=0 y=0 c0=t258 c1=t268
6553 core=0 give r=0 y=0 c0=t258 c1=t268
6554 core=1 noop r=0 y=0 c0=t258 c1=t268
6555 core=0 tick r=0 y=0 c0=t258 c1=t268
6556 core=0 tick r=0 y=0 c0=t258 c1=t268
6557 core=0 give r=0 y=0 c0=t258 c1=t268
6558 core=1 delete 8 t265 r=0 y=0 c0=t258 c1=t268
6559 core=1 noop r=0 y=0 c0=t258 c1=t268
6560 core=1 noop r=0 y=0 c0=t258 c1=t268
6561 core=0 tick r=0 y=0 c0=t258 c1=t268
6562 core=1 yield r=0 y=2 c0=t258 c1=t268
6563 core=1 create 6 t270 p2 r=1 y=0 c0=t258 c1=t268
6564 core=1 suspend t269 r=0 y=0 c0=t258 c1=t268
6565 core=0 suspend t270 r=0 y=0 c0=t258 c1=t268
6566 core=1 delay t268 1 r=0 y=2 c0=t258 c1=IDLE1
6567 core=0 give r=0 y=0 c0=t258 c1=IDLE1
6568 core=1 prio t256 1 r=0 y=0 c0=t258 c1=IDLE1
6569 core=0 give_isr r=0 y=0 c0=t258 c1=IDLE1
6570 core=1 prio t258 3 r=0 y=0 c0=t258 c1=IDLE1
6571 core=0 tick r=1 y=3 c0=t268 c1=t258
6572 core=0 prio t256 1 r=0 y=0 c0=t268 c1=t258
6573 core=1 noop r=0 y=0 c0=t268 c1=t258
6574 core=0 delay t268 5 r=0 y=1 c0=IDLE0 c1=t258
6575 core=0 yield r=0 y=1 c0=t267 c1=t258
6576 core=0 take t267 r=1 y=0 c0=t267 c1=t258
6577 core=0 give r=1 y=0 c0=t267 c1=t258
6578 core=0 tick r=1 y=1 c0=IDLE1 c1=t258
6579 core=0 delete 4 t268 r=0 y=0 c0=IDLE1 c1=t258
6580 core=0 noop r=0 y=0 c0=IDLE1 c1=t258
6581 core=1 take t258 r=1 y=0 c0=IDLE1 c1=t258
6582 core=0 yield r=0 y=1 c0=IDLE0 c1=t258
6583 core=0 delete 6 t270 r=0 y=0 c0=IDLE0 c1=t258
6584 core=0 create 3 t271 p2 r=1 y=1 c0=t271 c1=t258
6585 core=1 noop r=0 y=0 c0=t271 c1=t258
6586 core=1 create 8 t272 p3 r=1 y=1 c0=t272 c1=t258
6587 core=0 tick r=1 y=3 c0=t272 c1=t258
6588 core=0 give r=1 y=0 c0=t272 c1=t258
6589 core=1 give r=0 y=0 c0=t272 c1=t258
6590 core=0 delay t272 4 r=0 y=1 c0=t271 c1=t258
6591 core=0 noop r=0 y=0 c0=t271 c1=t258
6592 core=0 noop r=0 y=0 c0=t271 c1=t258
6593 core=1 delay t258 5 r=0 y=2 c0=t271 c1=t267
6594 core=1 give_isr r=0 y=0 c0=t271 c1=t267
6595 core=0 tick r=0 y=2 c0=t271 c1=IDLE1
6596 core=0 noop r=0 y=0 c0=t271 c1=IDLE1
6597 core=0 noop r=0 y=0 c0=t271 c1=IDLE1
6598 core=0 take t271 r=1 y=0 c0=t271 c1=IDLE1
6599 core=0 noop r=0 y=0 c0=t271 c1=IDLE1
6600 core=0 delete 8 t272 r=0 y=0 c0=t271 c1=IDLE1
6601 core=1 give r=1 y=0 c0=t271 c1=IDLE1
6602 core=1 yield r=0 y=2 c0=t271 c1=IDLE0
6603 core=1 resume t269 r=0 y=2 c0=t271 c1=t269
6604 core=1 noop r=0 y=0 c0=t271 c1=t269
6605 core=1 give r=0 y=0 c0=t271 c1=t269
6606 core=0 delay t271 1 r=0 y=1 c0=t267 c1=t269
6607 core=1 give r=0 y=0 c0=t267 c1=t269
6608 core=0 noop r=0 y=0 c0=t267 c1=t269
6609 core=1 give r=0 y=0 c0=t267 c1=t269
6610 core=1 noop r=0 y=0 c0=t267 c1=t269
6611 core=1 give_isr r=0 y=0 c0=t267 c1=t269
6612 core=1 take t269 r=1 y=0 c0=t267 c1=t269
6613 core=0 noop r=0 y=0 c0=t267 c1=t269
6614 core=1 noop r=0 y=0 c0=t267 c1=t269
6615 core=1 give r=1 y=0 c0=t267 c1=t269
6616 core=0 suspend t256 r=0 y=0 c0=t267 c1=t269
6617 core=0 noop r=0 y=0 c0=t267 c1=t269
6618 core=1 noop r=0 y=0 c0=t267 c1=t269
6619 core=0 delay t267 3 r=0 y=1 c0=IDLE1 c1=t269
6620 core=0 resume t269 r=0 y=0 c0=IDLE1 c1=t269
6621 core=1 delete 5 t267 r=0 y=0 c0=IDLE1 c1=t269
6622 core=0 noop r=0 y=0 c0=IDLE1 c1=t269
6623 core=1 take t269 r=1 y=0 c0=IDLE1 c1=t269
6624 core=0 noop r=0 y=0 c0=IDLE1 c1=t269
6625 core=1 create 6 t273 p3 r=1 y=1 c0=t273 c1=t269
6626 core=1 noop r=0 y=0 c0=t273 c1=t269
6627 core=0 noop r=0 y=0 c0=t273 c1=t269
6628 core=0 tick r=0 y=2 c0=t273 c1=t271
6629 core=0 tick r=0 y=0 c0=t273 c1=t271
6630 core=1 suspend t256 r=0 y=0 c0=t273 c1=t271
6631 core=0 tick r=0 y=0 c0=t273 c1=t271
6632 core=1 noop r=0 y=0 c0=t273 c1=t271
6633 core=0 prio t256 3 r=0 y=0 c0=t273 c1=t271
6634 core=0 noop r=0 y=0 c0=t273 c1=t271
6635 core=0 noop r=0 y=0 c0=t273 c1=t271
6636 core=0 noop r=0 y=0 c0=t273 c1=t271
6637 core=0 noop r=0 y=0 c0=t273 c1=t271
6638 core=0 noop r=0 y=0 c0=t273 c1=t271
6639 core=0 create 2 t274 p1 r=1 y=0 c0=t273 c1=t271
6640 core=0 delete 6 t273 r=0 y=1 c0=t269 c1=t271
6641 core=0 delay t269 1 r=0 y=1 c0=t274 c1=t271
6642 core=0 create 6 t275 p1 r=1 y=0 c0=t274 c1=t271
6643 core=0 noop r=0 y=0 c0=t274 c1=t271
6644 core=1 noop r=0 y=0 c0=t274 c1=t271
6645 core=1 suspend t258 r=0 y=0 c0=t274 c1=t271
6646 core=0 noop r=0 y=0 c0=t274 c1=t271
6647 core=0 noop r=0 y=0 c0=t274 c1=t271
6648 core=1 delay t271 1 r=0 y=2 c0=t274 c1=t275
6649 core=0 take t274 r=0 y=0 c0=t274 c1=t275
6650 core=0 delay t274 1 r=0 y=1 c0=IDLE0 c1=t275
6651 core=1 noop r=0 y=0 c0=IDLE0 c1=t275
6652 core=1 give_isr r=1 y=0 c0=IDLE0 c1=t275
6653 core=0 yield r=0 y=1 c0=IDLE1 c1=t275
6654 core=1 noop r=0 y=0 c0=IDLE1 c1=t275
6655 core=1 give r=0 y=0 c0=IDLE1 c1=t275
6656 core=1 noop r=0 y=0 c0=IDLE1 c1=t275
6657 core=0 noop r=0 y=0 c0=IDLE1 c1=t275
6658 core=0 yield r=0 y=1 c0=IDLE0 c1=t275
6659 core=1 create 4 t276 p3 r=1 y=1 c0=t276 c1=t275
6660 core=0 prio t256 3 r=0 y=0 c0=t276 c1=t275
6661 core=0 give_isr r=0 y=0 c0=t276 c1=t275
6662 core=1 prio t274 3 r=0 y=0 c0=t276 c1=t275
6663 core=1 noop r=0 y=0 c0=t276 c1=t275
6664 core=0 tick r=1 y=3 c0=t274 c1=t276
6665 core=0 noop r=0 y=0 c0=t274 c1=t276
6666 core=1 prio t269 2 r=0 y=0 c0=t274 c1=t276
6667 core=1 suspend t271 r=0 y=0 c0=t274 c1=t276
6668 core=1 delay t276 2 r=0 y=2 c0=t274 c1=t269
6669 core=1 noop r=0 y=0 c0=t274 c1=t269
6670 core=1 prio t274 1 r=0 y=1 c0=t275 c1=t269
6671 core=1 delay t269 4 r=0 y=2 c0=t275 c1=t274
6672 core=1 noop r=0 y=0 c0=t275 c1=t274
6673 core=0 tick r=1 y=3 c0=t275 c1=t274
6674 core=0 noop r=0 y=0 c0=t275 c1=t274
6675 core=0 noop r=0 y=0 c0=t275 c1=t274
6676 core=1 noop r=0 y=0 c0=t275 c1=t274
6677 core=0 delay t275 5 r=0 y=1 c0=IDLE1 c1=t274
6678 core=0 prio t256 3 r=0 y=0 c0=IDLE1 c1=t274
6679 core=0 give r=0 y=0 c0=IDLE1 c1=t274
6680 core=0 noop r=0 y=0 c0=IDLE1 c1=t274
6681 core=0 noop r=0 y=0 c0=IDLE1 c1=t274
6682 core=0 give r=0 y=0 c0=IDLE1 c1=t274
6683 core=1 take t274 r=1 y=0 c0=IDLE1 c1=t274
6684 core=1 give_isr r=1 y=0 c0=IDLE1 c1=t274
6685 core=1 resume t276 r=0 y=0 c0=IDLE1 c1=t274
6686 core=0 tick r=1 y=1 c0=t276 c1=t274
6687 core=0 delete 1 t258 r=0 y=0 c0=t276 c1=t274
6688 core=1 take t274 r=1 y=0 c0=t276 c1=t274
6689 core=1 delay t274 1 r=0 y=2 c0=t276 c1=IDLE0
6690 core=0 give r=1 y=0 c0=t276 c1=IDLE0
6691 core=1 resume t269 r=0 y=0 c0=t276 c1=IDLE0
6692 core=0 resume t269 r=0 y=0 c0=t276 c1=IDLE0
6693 core=1 noop r=0 y=0 c0=t276 c1=IDLE0
6694 core=1 suspend t271 r=0 y=0 c0=t276 c1=IDLE0
6695 core=1 noop r=0 y=0 c0=t276 c1=IDLE0
6696 core=1 give r=0 y=0 c0=t276 c1=IDLE0
6697 core=0 resume t271 r=0 y=2 c0=t276 c1=t271
6698 core=1 noop r=0 y=0 c0=t276 c1=t271
6699 core=1 give r=0 y=0 c0=t276 c1=t271
6700 core=1 create 8 t277 p3 r=1 y=2 c0=t276 c1=t277
6701 core=1 noop r=0 y=0 c0=t276 c1=t277
6702 core=1 delay t277 3 r=0 y=2 c0=t276 c1=t271
6703 core=1 delay t271 3 r=0 y=2 c0=t276 c1=IDLE1
6704 core=0 suspend t269 r=0 y=0 c0=t276 c1=IDLE1
6705 core=0 noop r=0 y=0 c0=t276 c1=IDLE1
6706 core=1 give r=0 y=0 c0=t276 c1=IDLE1
6707 core=0 resume t256 r=0 y=2 c0=t276 c1=t256
6708 core=1 noop r=0 y=0 c0=t276 c1=t256
6709 core=0 noop r=0 y=0 c0=t276 c1=t256
6710 core=0 noop r=0 y=0 c0=t276 c1=t256
6711 core=0 prio t271 0 r=0 y=0 c0=t276 c1=t256
6712 core=0 tick r=1 y=3 c0=t276 c1=t256
6713 core=1 delay t256 4 r=0 y=2 c0=t276 c1=t274
6714 core=0 noop r=0 y=0 c0=t276 c1=t274
6715 core=1 resume t271 r=0 y=0 c0=t276 c1=t274
6716 core=1 delay t274 1 r=0 y=2 c0=t276 c1=IDLE0
6717 core=0 noop r=0 y=0 c0=t276 c1=IDLE0
6718 core=1 prio t256 2 r=0 y=0 c0=t276 c1=IDLE0
6719 core=0 tick r=0 y=2 c0=t276 c1=t274
6720 core=0 noop r=0 y=0 c0=t276 c1=t274
6721 core=0 suspend t256 r=0 y=0 c0=t276 c1=t274
6722 core=1 give r=0 y=0 c0=t276 c1=t274
6723 core=1 take t274 r=1 y=0 c0=t276 c1=t274
6724 core=1 delete 4 t276 r=0 y=1 c0=IDLE1 c1=t274
6725 core=0 prio t256 3 r=0 y=0 c0=IDLE1 c1=t274
6726 core=1 prio t274 1 r=0 y=0 c0=IDLE1 c1=t274
6727 core=0 noop r=0 y=0 c0=IDLE1 c1=t274
6728 core=1 suspend t275 r=0 y=0 c0=IDLE1 c1=t274
6729 core=0 noop r=0 y=0 c0=IDLE1 c1=t274
6730 core=0 prio t271 1 r=0 y=0 c0=IDLE1 c1=t274
6731 core=1 take t274 r=0 y=0 c0=IDLE1 c1=t274
6732 core=0 create 1 t278 p2 r=1 y=1 c0=t278 c1=t274
6733 core=1 take t274 r=0 y=0 c0=t278 c1=t274
6734 core=0 tick r=0 y=2 c0=t278 c1=t277
6735 core=0 tick r=0 y=0 c0=t278 c1=t277
6736 core=1 noop r=0 y=0 c0=t278 c1=t277
6737 core=0 resume t269 r=0 y=0 c0=t278 c1=t277
6738 core=0 give r=1 y=0 c0=t278 c1=t277
6739 core=0 take t278 r=1 y=0 c0=t278 c1=t277
6740 core=0 tick r=1 y=1 c0=t269 c1=t277
6741 core=0 prio t278 2 r=0 y=0 c0=t269 c1=t277
6742 core=0 take t269 r=0 y=0 c0=t269 c1=t277
6743 core=1 take t277 r=0 y=0 c0=t269 c1=t277
6744 core=1 take t277 r=0 y=0 c0=t269 c1=t277
6745 core=0 noop r=0 y=0 c0=t269 c1=t277
6746 core=1 give_isr r=1 y=0 c0=t269 c1=t277
6747 core=1 take t277 r=1 y=0 c0=t269 c1=t277
6748 core=0 noop r=0 y=0 c0=t269 c1=t277
6749 core=1 give r=1 y=0 c0=t269 c1=t277
6750 core=0 prio t274 3 r=0 y=1 c0=t274 c1=t277
6751 core=1 give_isr r=0 y=0 c0=t274 c1=t277
6752 core=1 suspend t277 r=0 y=2 c0=t274 c1=t278
6753 core=0 take t274 r=1 y=0 c0=t274 c1=t278
6754 core=0 create 4 t279 p0 r=1 y=0 c0=t274 c1=t278
6755 core=0 delay t274 3 r=0 y=1 c0=t269 c1=t278
6756 core=0 delete 1 t278 r=0 y=2 c0=t269 c1=t271
6757 core=0 delay t269 2 r=0 y=1 c0=IDLE0 c1=t271
6758 core=0 give r=1 y=0 c0=IDLE0 c1=t271
6759 core=1 yield r=0 y=2 c0=IDLE0 c1=t271
6760 core=0 yield r=0 y=1 c0=IDLE1 c1=t271
6761 core=1 suspend t269 r=0 y=0 c0=IDLE1 c1=t271
6762 core=1 suspend t275 r=0 y=0 c0=IDLE1 c1=t271
6763 core=0 noop r=0 y=0 c0=IDLE1 c1=t271
6764 core=1 noop r=0 y=0 c0=IDLE1 c1=t271
6765 core=0 noop r=0 y=0 c0=IDLE1 c1=t271
6766 core=0 give_isr r=0 y=0 c0=IDLE1 c1=t271
6767 core=1 prio t274 2 r=0 y=0 c0=IDLE1 c1=t271
6768 core=0 tick r=1 y=1 c0=t279 c1=t271
6769 core=0 give r=0 y=0 c0=t279 c1=t271
6770 core=0 take t279 r=1 y=0 c0=t279 c1=t271
6771 core=1 noop r=0 y=0 c0=t279 c1=t271
6772 core=1 delay t271 3 r=0 y=2 c0=t279 c1=IDLE0
6773 core=0 tick r=1 y=3 c0=IDLE1 c1=t279
6774 core=0 give_isr r=1 y=0 c0=IDLE1 c1=t279
6775 core=0 tick r=1 y=3 c0=t274 c1=IDLE0
6776 core=1 yield r=0 y=2 c0=t274 c1=IDLE1
6777 core=0 resume t269 r=0 y=2 c0=t274 c1=t269
6778 core=1 resume t269 r=0 y=0 c0=t274 c1=t269
6779 core=1 resume t275 r=0 y=0 c0=t274 c1=t269
6780 core=0 prio t256 2 r=0 y=0 c0=t274 c1=t269
6781 core=1 take t269 r=1 y=0 c0=t274 c1=t269
6782 core=0 delete 2 t274 r=0 y=1 c0=t275 c1=t269
6783 core=1 resume t279 r=0 y=0 c0=t275 c1=t269
6784 core=1 noop r=0 y=0 c0=t275 c1=t269
6785 core=1 take t269 r=0 y=0 c0=t275 c1=t269
6786 core=0 noop r=0 y=0 c0=t275 c1=t269
6787 core=0 take t275 r=0 y=0 c0=t275 c1=t269
6788 core=1 give r=1 y=0 c0=t275 c1=t269
6789 core=0 give r=0 y=0 c0=t275 c1=t269
6790 core=0 give r=0 y=0 c0=t275 c1=t269
6791 core=0 noop r=0 y=0 c0=t275 c1=t269
6792 core=1 noop r=0 y=0 c0=t275 c1=t269
6793 core=0 yield r=0 y=1 c0=t275 c1=t269
6794 core=0 resume t275 r=0 y=0 c0=t275 c1=t269
6795 core=1 yield r=0 y=2 c0=t275 c1=t269
6796 core=1 delay t269 5 r=0 y=2 c0=t275 c1=t279
6797 core=1 noop r=0 y=0 c0=t275 c1=t279
6798 core=1 suspend t275 r=0 y=1 c0=IDLE0 c1=t279
6799 core=0 noop r=0 y=0 c0=IDLE0 c1=t279
6800 core=1 noop r=0 y=0 c0=IDLE0 c1=t279
6801 core=0 yield r=0 y=1 c0=IDLE1 c1=t279
6802 core=1 delay t279 4 r=0 y=2 c0=IDLE1 c1=IDLE0
6803 core=0 give_isr r=0 y=0 c0=IDLE1 c1=IDLE0
6804 core=0 suspend t256 r=0 y=0 c0=IDLE1 c1=IDLE0
6805 core=1 delete 7 t269 r=0 y=0 c0=IDLE1 c1=IDLE0
6806 core=0 tick r=1 y=3 c0=t271 c1=IDLE1
6807 core=1 noop r=0 y=0 c0=t271 c1=IDLE1
6808 core=1 noop r=0 y=0 c0=t271 c1=IDLE1
6809 core=0 noop r=0 y=0 c0=t271 c1=IDLE1
6810 core=1 delete 3 t271 r=0 y=1 c0=IDLE0 c1=IDLE1
6811 core=1 prio t279 3 r=0 y=0 c0=IDLE0 c1=IDLE1
6812 core=0 yield r=0 y=1 c0=IDLE0 c1=IDLE1
6813 core=0 resume t256 r=0 y=2 c0=IDLE0 c1=t256
6814 core=1 take t256 r=1 y=0 c0=IDLE0 c1=t256
6815 core=0 noop r=0 y=0 c0=IDLE0 c1=t256
6816 core=0 noop r=0 y=0 c0=IDLE0 c1=t256
6817 core=0 prio t275 3 r=0 y=0 c0=IDLE0 c1=t256
6818 core=1 suspend t275 r=0 y=0 c0=IDLE0 c1=t256
6819 core=1 suspend t256 r=0 y=2 c0=IDLE0 c1=IDLE1
6820 core=0 noop r=0 y=0 c0=IDLE0 c1=IDLE1
6821 core=1 yield r=0 y=2 c0=IDLE0 c1=IDLE1
6822 core=0 create 7 t280 p2 r=1 y=2 c0=IDLE0 c1=t280
6823 core=0 tick r=1 y=1 c0=IDLE1 c1=t280
6824 core=1 give_isr r=1 y=0 c0=IDLE1 c1=t280
6825 core=0 yield r=0 y=1 c0=IDLE0 c1=t280
6826 core=0 create 5 t281 p0 r=1 y=1 c0=IDLE1 c1=t280
6827 core=1 give_isr r=0 y=0 c0=IDLE1 c1=t280
6828 core=0 noop r=0 y=0 c0=IDLE1 c1=t280
6829 core=0 noop r=0 y=0 c0=IDLE1 c1=t280
6830 core=0 create 1 t282 p0 r=1 y=1 c0=t281 c1=t280
6831 core=1 give_isr r=0 y=0 c0=t281 c1=t280
6832 core=1 give r=0 y=0 c0=t281 c1=t280
6833 core=1 noop r=0 y=0 c0=t281 c1=t280
6834 core=1 suspend t282 r=0 y=0 c0=t281 c1=t280
6835 core=1 create 3 t283 p2 r=1 y=1 c0=t283 c1=t280
6836 core=1 delay t280 4 r=0 y=2 c0=t283 c1=IDLE0
6837 core=1 noop r=0 y=0 c0=t283 c1=IDLE0
6838 core=1 delete 4 t279 r=0 y=0 c0=t283 c1=IDLE0
6839 core=0 resume t282 r=0 y=2 c0=t283 c1=IDLE1
6840 core=1 suspend t256 r=0 y=0 c0=t283 c1=IDLE1
6841 core=1 noop r=0 y=0 c0=t283 c1=IDLE1
6842 core=1 noop r=0 y=0 c0=t283 c1=IDLE1
6843 core=1 create 4 t284 p2 r=1 y=2 c0=t283 c1=t284
6844 core=0 resume t284 r=0 y=0 c0=t283 c1=t284
6845 core=0 noop r=0 y=0 c0=t283 c1=t284
6846 core=0 noop r=0 y=0 c0=t283 c1=t284
6847 core=1 noop r=0 y=0 c0=t283 c1=t284
6848 core=0 take t283 r=1 y=0 c0=t283 c1=t284
6849 core=1 take t284 r=0 y=0 c0=t283 c1=t284
6850 core=1 prio t256 1 r=0 y=0 c0=t283 c1=t284
6851 core=1 take t284 r=0 y=0 c0=t283 c1=t284
6852 core=0 tick r=1 y=3 c0=t283 c1=t284
6853 core=0 yield r=0 y=1 c0=t283 c1=t284
6854 core=1 delay t284 4 r=0 y=2 c0=t283 c1=t281
6855 core=1 suspend t283 r=0 y=1 c0=t282 c1=t281
6856 core=0 noop r=0 y=0 c0=t282 c1=t281
6857 core=1 suspend t283 r=0 y=0 c0=t282 c1=t281
6858 core=0 resume t281 r=0 y=0 c0=t282 c1=t281
6859 core=0 suspend t282 r=0 y=1 c0=IDLE0 c1=t281
6860 core=0 noop r=0 y=0 c0=IDLE0 c1=t281
6861 core=0 prio t283 3 r=0 y=0 c0=IDLE0 c1=t281
6862 core=1 delay t281 1 r=0 y=2 c0=IDLE0 c1=IDLE1
6863 core=0 noop r=0 y=0 c0=IDLE0 c1=IDLE1
6864 core=1 give r=1 y=0 c0=IDLE0 c1=IDLE1
6865 core=0 yield r=0 y=1 c0=IDLE0 c1=IDLE1
6866 core=1 give_isr r=0 y=0 c0=IDLE0 c1=IDLE1
6867 core=0 noop r=0 y=0 c0=IDLE0 c1=IDLE1
6868 core=1 suspend t281 r=0 y=0 c0=IDLE0 c1=IDLE1
6869 core=0 noop r=0 y=0 c0=IDLE0 c1=IDLE1
6870 core=0 delete 8 t277 r=0 y=0 c0=IDLE0 c1=IDLE1
6871 core=0 tick r=1 y=3 c0=IDLE0 c1=IDLE1
6872 core=1 suspend t280 r=0 y=0 c0=IDLE0 c1=IDLE1
6873 core=1 noop r=0 y=0 c0=IDLE0 c1=IDLE1
6874 core=0 give r=0 y=0 c0=IDLE0 c1=IDLE1
6875 core=1 suspend t283 r=0 y=0 c0=IDLE0 c1=IDLE1
6876 core=1 suspend t280 r=0 y=0 c0=IDLE0 c1=IDLE1
6877 core=0 tick r=1 y=3 c0=IDLE0 c1=IDLE1
6878 core=1 yield r=0 y=2 c0=IDLE0 c1=IDLE1
6879 core=1 resume t282 r=0 y=2 c0=IDLE0 c1=t282
6880 core=1 give_isr r=0 y=0 c0=IDLE0 c1=t282
6881 core=1 delay t282 1 r=0 y=2 c0=IDLE0 c1=IDLE1
6882 core=1 give r=0 y=0 c0=IDLE0 c1=IDLE1
6883 core=1 give_isr r=0 y=0 c0=IDLE0 c1=IDLE1
6884 core=1 give r=0 y=0 c0=IDLE0 c1=IDLE1
6885 core=0 noop r=0 y=0 c0=IDLE0 c1=IDLE1
6886 core=1 yield r=0 y=2 c0=IDLE0 c1=IDLE1
6887 core=0 create 9 t285 p2 r=1 y=2 c0=IDLE0 c1=t285
6888 core=1 noop r=0 y=0 c0=IDLE0 c1=t285
6889 core=1 delay t285 3 r=0 y=2 c0=IDLE0 c1=IDLE1
6890 core=0 noop r=0 y=0 c0=IDLE0 c1=IDLE1
6891 core=0 tick r=1 y=3 c0=t282 c1=IDLE0
6892 core=1 noop r=0 y=0 c0=t282 c1=IDLE0
6893 core=1 delete 1 t282 r=0 y=1 c0=IDLE1 c1=IDLE0
6894 core=1 noop r=0 y=0 c0=IDLE1 c1=IDLE0
6895 core=0 noop r=0 y=0 c0=IDLE1 c1=IDLE0
6896 core=0 give_isr r=0 y=0 c0=IDLE1 c1=IDLE0
6897 core=0 delete 9 t285 r=0 y=0 c0=IDLE1 c1=IDLE0
6898 core=0 give r=0 y=0 c0=IDLE1 c1=IDLE0
6899 core=1 noop r=0 y=0 c0=IDLE1 c1=IDLE0
6900 core=1 noop r=0 y=0 c0=IDLE1 c1=IDLE0
6901 core=1 resume t284 r=0 y=0 c0=IDLE1 c1=IDLE0
6902 core=0 noop r=0 y=0 c0=IDLE1 c1=IDLE0
6903 core=1 give r=0 y=0 c0=IDLE1 c1=IDLE0
6904 core=0 prio t283 3 r=0 y=0 c0=IDLE1 c1=IDLE0
6905 core=0 prio t275 3 r=0 y=0 c0=IDLE1 c1=IDLE0
6906 core=0 noop r=0 y=0 c0=IDLE1 c1=IDLE0
6907 core=1 resume t281 r=0 y=2 c0=IDLE1 c1=t281
6908 core=0 tick r=1 y=3 c0=t284 c1=IDLE0
6909 core=0 delay t284 3 r=0 y=1 c0=IDLE1 c1=IDLE0
6910 core=1 resume t275 r=0 y=2 c0=IDLE1 c1=t275
6911 core=0 noop r=0 y=0 c0=IDLE1 c1=t275
6912 core=1 give r=0 y=0 c0=IDLE1 c1=t275
6913 core=0 create 9 t286 p2 r=1 y=1 c0=t286 c1=t275
6914 core=1 suspend t256 r=0 y=0 c0=t286 c1=t275
6915 core=0 give_isr r=0 y=0 c0=t286 c1=t275
6916 core=1 noop r=0 y=0 c0=t286 c1=t275
6917 core=1 noop r=0 y=0 c0=t286 c1=t275
6918 core=0 suspend t275 r=0 y=2 c0=t286 c1=t281
6919 core=0 create 2 t287 p3 r=1 y=2 c0=t286 c1=t287
6920 core=1 delete 2 t287 r=0 y=2 c0=t286 c1=IDLE0
6921 core=1 give_isr r=0 y=0 c0=t286 c1=IDLE0
6922 core=0 noop r=0 y=0 c0=t286 c1=IDLE0
6923 core=1 suspend t256 r=0 y=0 c0=t286 c1=IDLE0
6924 core=1 resume t256 r=0 y=2 c0=t286 c1=t256
6925 core=1 create 2 t288 p1 r=1 y=0 c0=t286 c1=t256
6926 core=0 suspend t284 r=0 y=0 c0=t286 c1=t256
6927 core=1 delete 9 t286 r=0 y=1 c0=t288 c1=t256
6928 core=0 tick r=1 y=3 c0=t288 c1=t256
6929 core=1 yield r=0 y=2 c0=t288 c1=t256
6930 core=0 suspend t280 r=0 y=0 c0=t288 c1=t256
6931 core=0 give r=0 y=0 c0=t288 c1=t256
6932 core=1 create 1 t289 p1 r=1 y=0 c0=t288 c1=t256
6933 core=0 tick r=1 y=3 c0=t289 c1=t288
6934 core=0 noop r=0 y=0 c0=t289 c1=t288
6935 core=1 prio t256 0 r=0 y=0 c0=t289 c1=t288
6936 core=1 resume t281 r=0 y=0 c0=t289 c1=t288
6937 core=1 prio t281 2 r=0 y=2 c0=t289 c1=t281
6938 core=1 give_isr r=0 y=0 c0=t289 c1=t281
6939 core=0 suspend t281 r=0 y=2 c0=t289 c1=t288
6940 core=1 delay t288 1 r=0 y=2 c0=t289 c1=IDLE1
6941 core=0 take t289 r=1 y=0 c0=t289 c1=IDLE1
6942 core=0 noop r=0 y=0 c0=t289 c1=IDLE1
6943 core=1 create 8 t290 p3 r=1 y=2 c0=t289 c1=t290
6944 core=1 suspend t275 r=0 y=0 c0=t289 c1=t290
6945 core=0 prio t288 1 r=0 y=0 c0=t289 c1=t290
6946 core=0 noop r=0 y=0 c0=t289 c1=t290
6947 core=0 suspend t281 r=0 y=0 c0=t289 c1=t290
6948 core=1 give_isr r=1 y=0 c0=t289 c1=t290
6949 core=1 noop r=0 y=0 c0=t289 c1=t290
6950 core=1 resume t256 r=0 y=0 c0=t289 c1=t290
6951 core=1 suspend t283 r=0 y=0 c0=t289 c1=t290
6952 core=0 delete 7 t280 r=0 y=0 c0=t289 c1=t290
6953 core=0 take t289 r=1 y=0 c0=t289 c1=t290
6954 core=0 tick r=1 y=1 c0=t288 c1=t290
6955 core=0 delete 3 t283 r=0 y=0 c0=t288 c1=t290
6956 core=0 give r=1 y=0 c0=t288 c1=t290
6957 core=0 delay t288 5 r=0 y=1 c0=t289 c1=t290
6958 core=1 give_isr r=0 y=0 c0=t289 c1=t290
6959 core=0 take t289 r=1 y=0 c0=t289 c1=t290
6960 core=0 noop r=0 y=0 c0=t289 c1=t290
6961 core=0 yield r=0 y=1 c0=t289 c1=t290
6962 core=0 noop r=0 y=0 c0=t289 c1=t290
6963 core=0 prio t289 1 r=0 y=0 c0=t289 c1=t290
6964 core=1 noop r=0 y=0 c0=t289 c1=t290
6965 core=1 suspend t281 r=0 y=0 c0=t289 c1=t290
6966 core=1 noop r=0 y=0 c0=t289 c1=t290
6967 core=0 noop r=0 y=0 c0=t289 c1=t290
6968 core=1 prio t288 3 r=0 y=0 c0=t289 c1=t290
6969 core=0 tick r=0 y=0 c0=t289 c1=t290
6970 core=0 tick r=0 y=0 c0=t289 c1=t290
6971 core=0 noop r=0 y=0 c0=t289 c1=t290
6972 core=1 take t290 r=0 y=0 c0=t289 c1=t290
6973 core=0 yield r=0 y=1 c0=t289 c1=t290
6974 core=0 tick r=0 y=0 c0=t289 c1=t290
6975 core=0 noop r=0 y=0 c0=t289 c1=t290
6976 core=1 delay t290 2 r=0 y=2 c0=t289 c1=IDLE0
6977 core=0 take t289 r=0 y=0 c0=t289 c1=IDLE0
6978 core=1 prio t256 2 r=0 y=2 c0=t289 c1=t256
6979 core=0 take t289 r=0 y=0 c0=t289 c1=t256
6980 core=0 prio t290 1 r=0 y=0 c0=t289 c1=t256
6981 core=0 give r=1 y=0 c0=t289 c1=t256
6982 core=1 give r=0 y=0 c0=t289 c1=t256
6983 core=0 give r=0 y=0 c0=t289 c1=t256
6984 core=0 take t289 r=1 y=0 c0=t289 c1=t256
6985 core=1 suspend t284 r=0 y=0 c0=t289 c1=t256
6986 core=0 resume t288 r=0 y=0 c0=t289 c1=t256
6987 core=0 resume t275 r=0 y=1 c0=t275 c1=t256
6988 core=1 prio t289 0 r=0 y=0 c0=t275 c1=t256
6989 core=0 resume t288 r=0 y=0 c0=t275 c1=t256
6990 core=1 noop r=0 y=0 c0=t275 c1=t256
6991 core=0 give_isr r=1 y=0 c0=t275 c1=t256
6992 core=0 noop r=0 y=0 c0=t275 c1=t256
6993 core=0 suspend t290 r=0 y=0 c0=t275 c1=t256
6994 core=1 prio t290 3 r=0 y=0 c0=t275 c1=t256
6995 core=1 prio t290 1 r=0 y=0 c0=t275 c1=t256
6996 core=1 prio t275 1 r=0 y=1 c0=t275 c1=t256
6997 core=1 delete 2 t288 r=0 y=0 c0=t275 c1=t256
6998 core=1 noop r=0 y=0 c0=t275 c1=t256
6999 core=0 noop r=0 y=0 c0=t275 c1=t256
7000 core=0 resume t281 r=0 y=1 c0=t281 c1=t256
7001 core=1 delete 4 t284 r=0 y=0 c0=t281 c1=t256
7002 core=1 delete 8 t290 r=0 y=0 c0=t281 c1=t256
7003 core=1 give_isr r=0 y=0 c0=t281 c1=t256
7004 core=1 noop r=0 y=0 c0=t281 c1=t256
7005 core=0 take t281 r=1 y=0 c0=t281 c1=t256
7006 core=0 tick r=1 y=3 c0=t281 c1=t256
7007 core=0 yield r=0 y=1 c0=t281 c1=t256
7008 core=0 tick r=1 y=3 c0=t281 c1=t256
7009 core=1 create 9 t291 p0 r=1 y=0 c0=t281 c1=t256
7010 core=1 delay t256 3 r=0 y=2 c0=t281 c1=t275
7011 core=0 resume t256 r=0 y=0 c0=t281 c1=t275
7012 core=0 tick r=0 y=0 c0=t281 c1=t275
7013 core=0 give_isr r=1 y=0 c0=t281 c1=t275
7014 core=1 yield r=0 y=2 c0=t281 c1=t275
7015 core=0 tick r=0 y=0 c0=t281 c1=t275
7016 core=0 tick r=1 y=3 c0=t256 c1=t281
7017 core=0 yield r=0 y=1 c0=t256 c1=t281
7018 core=1 take t281 r=1 y=0 c0=t256 c1=t281
7019 core=1 suspend t256 r=0 y=1 c0=t275 c1=t281
7020 core=1 noop r=0 y=0 c0=t275 c1=t281
7021 core=1 noop r=0 y=0 c0=t275 c1=t281
7022 core=1 give r=1 y=0 c0=t275 c1=t281
7023 core=1 give r=0 y=0 c0=t275 c1=t281
7024 core=0 noop r=0 y=0 c0=t275 c1=t281
7025 core=0 noop r=0 y=0 c0=t275 c1=t281
7026 core=1 give r=0 y=0 c0=t275 c1=t281
7027 core=1 noop r=0 y=0 c0=t275 c1=t281
7028 core=0 tick r=0 y=0 c0=t275 c1=t281
7029 core=0 give_isr r=0 y=0 c0=t275 c1=t281
7030 core=1 noop r=0 y=0 c0=t275 c1=t281
7031 core=0 give_isr r=0 y=0 c0=t275 c1=t281
7032 core=0 tick r=0 y=0 c0=t275 c1=t281
7033 core=1 create 8 t292 p1 r=1 y=0 c0=t275 c1=t281
7034 core=0 delete 1 t289 r=0 y=0 c0=t275 c1=t281
7035 core=0 create 4 t293 p3 r=1 y=1 c0=t293 c1=t281
7036 core=1 noop r=0 y=0 c0=t293 c1=t281
7037 core=0 noop r=0 y=0 c0=t293 c1=t281
7038 core=1 noop r=0 y=0 c0=t293 c1=t281
7039 core=0 prio t292 1 r=0 y=0 c0=t293 c1=t281
7040 core=1 resume t281 r=0 y=0 c0=t293 c1=t281
7041 core=0 noop r=0 y=0 c0=t293 c1=t281
7042 core=0 noop r=0 y=0 c0=t293 c1=t281
7043 core=0 give r=0 y=0 c0=t293 c1=t281
7044 core=0 delay t293 3 r=0 y=1 c0=t292 c1=t281
7045 core=0 delay t292 2 r=0 y=1 c0=t275 c1=t281
7046 core=1 resume t281 r=0 y=0 c0=t275 c1=t281
7047 core=1 give r=0 y=0 c0=t275 c1=t281
7048 core=0 delay t275 2 r=0 y=1 c0=IDLE1 c1=t281
7049 core=1 noop r=0 y=0 c0=IDLE1 c1=t281
7050 core=0 create 7 t294 p2 r=1 y=1 c0=t294 c1=t281
7051 core=1 noop r=0 y=0 c0=t294 c1=t281
7052 core=0 noop r=0 y=0 c0=t294 c1=t281
7053 core=0 prio t292 0 r=0 y=0 c0=t294 c1=t281
7054 core=1 delay t281 3 r=0 y=2 c0=t294 c1=IDLE0
7055 core=0 delay t294 4 r=0 y=1 c0=t291 c1=IDLE0
7056 core=1 noop r=0 y=0 c0=t291 c1=IDLE0
7057 core=0 suspend t256 r=0 y=0 c0=t291 c1=IDLE0
7058 core=1 give_isr r=0 y=0 c0=t291 c1=IDLE0
7059 core=1 resume t292 r=0 y=0 c0=t291 c1=IDLE0
7060 core=1 delete 6 t275 r=0 y=0 c0=t291 c1=IDLE0
7061 core=0 suspend t281 r=0 y=0 c0=t291 c1=IDLE0
7062 core=0 tick r=1 y=3 c0=IDLE1 c1=t291
7063 core=0 suspend t281 r=0 y=0 c0=IDLE1 c1=t291
7064 core=0 delete 9 t291 r=0 y=2 c0=IDLE1 c1=IDLE0
7065 core=0 noop r=0 y=0 c0=IDLE1 c1=IDLE0
7066 core=0 noop r=0 y=0 c0=IDLE1 c1=IDLE0
7067 core=1 suspend t281 r=0 y=0 c0=IDLE1 c1=IDLE0
7068 core=0 noop r=0 y=0 c0=IDLE1 c1=IDLE0
7069 core=0 tick r=1 y=3 c0=t292 c1=IDLE1
7070 core=1 resume t256 r=0 y=2 c0=t292 c1=t256
7071 core=1 delete 7 t294 r=0 y=0 c0=t292 c1=t256
7072 core=1 create 6 t295 p3 r=1 y=1 c0=t295 c1=t256
7073 core=0 noop r=0 y=0 c0=t295 c1=t256
7074 core=1 noop r=0 y=0 c0=t295 c1=t256
7075 core=0 give r=0 y=0 c0=t295 c1=t256
7076 core=0 tick r=1 y=3 c0=t293 c1=t295
7077 core=0 tick r=1 y=3 c0=t293 c1=t295
7078 core=1 give r=0 y=0 c0=t293 c1=t295
7079 core=0 take t293 r=1 y=0 c0=t293 c1=t295
7080 core=0 prio t281 0 r=0 y=0 c0=t293 c1=t295
7081 core=1 delay t295 1 r=0 y=2 c0=t293 c1=t256
7082 core=0 delay t293 2 r=0 y=1 c0=IDLE0 c1=t256
7083 core=0 prio t281 2 r=0 y=0 c0=IDLE0 c1=t256
7084 core=0 prio t281 0 r=0 y=0 c0=IDLE0 c1=t256
7085 core=1 take t256 r=0 y=0 c0=IDLE0 c1=t256
7086 core=0 yield r=0 y=1 c0=IDLE1 c1=t256
7087 core=1 noop r=0 y=0 c0=IDLE1 c1=t256
7088 core=0 tick r=1 y=1 c0=t295 c1=t256
7089 core=0 delete 8 t292 r=0 y=0 c0=t295 c1=t256
7090 core=0 tick r=1 y=3 c0=t293 c1=t295
7091 core=1 noop r=0 y=0 c0=t293 c1=t295
7092 core=0 give r=1 y=0 c0=t293 c1=t295
7093 core=0 tick r=1 y=3 c0=t293 c1=t295
7094 core=1 resume t293 r=0 y=0 c0=t293 c1=t295
7095 core=1 noop r=0 y=0 c0=t293 c1=t295
7096 core=0 give r=0 y=0 c0=t293 c1=t295
7097 core=1 delay t295 5 r=0 y=2 c0=t293 c1=t256
7098 core=0 noop r=0 y=0 c0=t293 c1=t256
7099 core=0 take t293 r=1 y=0 c0=t293 c1=t256
7100 core=0 tick r=0 y=0 c0=t293 c1=t256
7101 core=0 noop r=0 y=0 c0=t293 c1=t256
7102 core=0 noop r=0 y=0 c0=t293 c1=t256
7103 core=1 noop r=0 y=0 c0=t293 c1=t256
7104 core=0 noop r=0 y=0 c0=t293 c1=t256
7105 core=1 noop r=0 y=0 c0=t293 c1=t256
7106 core=0 noop r=0 y=0 c0=t293 c1=t256
7107 core=0 suspend t281 r=0 y=0 c0=t293 c1=t256
7108 core=1 resume t281 r=0 y=0 c0=t293 c1=t256
7109 core=0 tick r=0 y=0 c0=t293 c1=t256
7110 core=1 suspend t295 r=0 y=0 c0=t293 c1=t256
7111 core=0 noop r=0 y=0 c0=t293 c1=t256
7112 core=0 create 7 t296 p0 r=1 y=0 c0=t293 c1=t256
7113 core=0 noop r=0 y=0 c0=t293 c1=t256
7114 core=1 give r=1 y=0 c0=t293 c1=t256
7115 core=1 noop r=0 y=0 c0=t293 c1=t256
7116 core=1 resume t293 r=0 y=0 c0=t293 c1=t256
7117 core=0 give_isr r=0 y=0 c0=t293 c1=t256
7118 core=0 noop r=0 y=0 c0=t293 c1=t256
7119 core=0 noop r=0 y=0 c0=t293 c1=t256
7120 core=1 noop r=0 y=0 c0=t293 c1=t256
7121 core=1 noop r=0 y=0 c0=t293 c1=t256
7122 core=0 noop r=0 y=0 c0=t293 c1=t256
7123 core=1 delay t256 5 r=0 y=2 c0=t293 c1=IDLE0
7124 core=0 prio t295 1 r=0 y=0 c0=t293 c1=IDLE0
7125 core=0 give r=0 y=0 c0=t293 c1=IDLE0
7126 core=1 delete 5 t281 r=0 y=0 c0=t293 c1=IDLE0
7127 core=0 give r=0 y=0 c0=t293 c1=IDLE0
7128 core=1 noop r=0 y=0 c0=t293 c1=IDLE0
7129 core=1 create 3 t297 p2 r=1 y=2 c0=t293 c1=t297
7130 core=0 give r=0 y=0 c0=t293 c1=t297
7131 core=1 create 5 t298 p1 r=1 y=0 c0=t293 c1=t297
7132 core=0 noop r=0 y=0 c0=t293 c1=t297
7133 core=1 delete 5 t298 r=0 y=0 c0=t293 c1=t297
7134 core=1 noop r=0 y=0 c0=t293 c1=t297
7135 core=1 noop r=0 y=0 c0=t293 c1=t297
7136 core=1 suspend t293 r=0 y=1 c0=IDLE1 c1=t297
7137 core=1 noop r=0 y=0 c0=IDLE1 c1=t297
7138 core=1 yield r=0 y=2 c0=IDLE1 c1=t297
7139 core=0 give_isr r=0 y=0 c0=IDLE1 c1=t297
7140 core=0 noop r=0 y=0 c0=IDLE1 c1=t297
7141 core=0 noop r=0 y=0 c0=IDLE1 c1=t297
7142 core=1 delay t297 4 r=0 y=2 c0=IDLE1 c1=t296
7143 core=1 resume t295 r=0 y=1 c0=t295 c1=t296
7144 core=1 create 1 t299 p1 r=1 y=2 c0=t295 c1=t299
7145 core=0 give_isr r=0 y=0 c0=t295 c1=t299
7146 core=1 take t299 r=1 y=0 c0=t295 c1=t299
7147 core=1 resume t299 r=0 y=0 c0=t295 c1=t299
7148 core=1 prio t295 2 r=0 y=0 c0=t295 c1=t299
7149 core=0 give r=1 y=0 c0=t295 c1=t299
7150 core=1 delete 0 t256 r=0 y=0 c0=t295 c1=t299
7151 core=0 delete 1 t299 r=0 y=2 c0=t295 c1=IDLE0
7152 core=1 noop r=0 y=0 c0=t295 c1=IDLE0
7153 core=1 noop r=0 y=0 c0=t295 c1=IDLE0
7154 core=0 give r=0 y=0 c0=t295 c1=IDLE0
7155 core=1 give_isr r=0 y=0 c0=t295 c1=IDLE0
7156 core=1 noop r=0 y=0 c0=t295 c1=IDLE0
7157 core=0 yield r=0 y=1 c0=t295 c1=IDLE0
7158 core=0 tick r=0 y=2 c0=t295 c1=IDLE1
7159 core=0 tick r=0 y=2 c0=t295 c1=t296
7160 core=0 resume t295 r=0 y=0 c0=t295 c1=t296
7161 core=1 give r=0 y=0 c0=t295 c1=t296
7162 core=1 noop r=0 y=0 c0=t295 c1=t296
7163 core=0 create 8 t300 p3 r=1 y=2 c0=t295 c1=t300
7164 core=0 delay t295 2 r=0 y=1 c0=IDLE0 c1=t300
7165 core=1 give_isr r=0 y=0 c0=IDLE0 c1=t300
7166 core=0 suspend t300 r=0 y=2 c0=IDLE0 c1=IDLE1
7167 core=1 delete 7 t296 r=0 y=0 c0=IDLE0 c1=IDLE1
7168 core=0 prio t300 1 r=0 y=0 c0=IDLE0 c1=IDLE1
7169 core=0 give r=0 y=0 c0=IDLE0 c1=IDLE1
7170 core=0 noop r=0 y=0 c0=IDLE0 c1=IDLE1
7171 core=0 create 0 t301 p3 r=1 y=2 c0=IDLE0 c1=t301
7172 core=0 resume t301 r=0 y=0 c0=IDLE0 c1=t301
7173 core=1 resume t295 r=0 y=0 c0=IDLE0 c1=t301
7174 core=0 noop r=0 y=0 c0=IDLE0 c1=t301
7175 core=0 tick r=1 y=1 c0=IDLE1 c1=t301
7176 core=1 noop r=0 y=0 c0=IDLE1 c1=t301
7177 core=1 resume t301 r=0 y=0 c0=IDLE1 c1=t301
7178 core=0 noop r=0 y=0 c0=IDLE1 c1=t301
7179 core=0 tick r=1 y=1 c0=t297 c1=t301
7180 core=0 take t297 r=1 y=0 c0=t297 c1=t301
7181 core=0 prio t293 0 r=0 y=0 c0=t297 c1=t301
7182 core=1 noop r=0 y=0 c0=t297 c1=t301
7183 core=1 noop r=0 y=0 c0=t297 c1=t301
7184 core=0 noop r=0 y=0 c0=t297 c1=t301
7185 core=1 take t301 r=0 y=0 c0=t297 c1=t301
7186 core=1 delay t301 2 r=0 y=2 c0=t297 c1=t295
7187 core=0 yield r=0 y=1 c0=t297 c1=t295
7188 core=0 noop r=0 y=0 c0=t297 c1=t295
7189 core=0 tick r=1 y=3 c0=t297 c1=t295
7190 core=0 tick r=1 y=3 c0=t301 c1=t297
7191 core=0 take t301 r=0 y=0 c0=t301 c1=t297
7192 core=0 give r=1 y=0 c0=t301 c1=t297
7193 core=1 delete 3 t297 r=0 y=2 c0=t301 c1=t295
7194 core=0 resume t293 r=0 y=0 c0=t301 c1=t295
7195 core=1 noop r=0 y=0 c0=t301 c1=t295
7196 core=1 take t295 r=1 y=0 c0=t301 c1=t295
7197 core=0 delay t301 5 r=0 y=1 c0=IDLE0 c1=t295
7198 core=0 tick r=1 y=1 c0=IDLE1 c1=t295
7199 core=0 tick r=1 y=1 c0=t293 c1=t295
7200 core=1 noop r=0 y=0 c0=t293 c1=t295
7201 core=1 suspend t293 r=0 y=1 c0=IDLE0 c1=t295
7202 core=0 noop r=0 y=0 c0=IDLE0 c1=t295
7203 core=0 noop r=0 y=0 c0=IDLE0 c1=t295
7204 core=1 resume t295 r=0 y=0 c0=IDLE0 c1=t295
7205 core=1 give r=1 y=0 c0=IDLE0 c1=t295
7206 core=1 give_isr r=0 y=0 c0=IDLE0 c1=t295
7207 core=0 noop r=0 y=0 c0=IDLE0 c1=t295
7208 core=1 delay t295 2 r=0 y=2 c0=IDLE0 c1=IDLE1
7209 core=0 noop r=0 y=0 c0=IDLE0 c1=IDLE1
7210 core=0 tick r=1 y=3 c0=IDLE0 c1=IDLE1
7211 core=0 give r=0 y=0 c0=IDLE0 c1=IDLE1
7212 core=1 noop r=0 y=0 c0=IDLE0 c1=IDLE1
7213 core=0 give r=0 y=0 c0=IDLE0 c1=IDLE1
7214 core=0 prio t300 0 r=0 y=0 c0=IDLE0 c1=IDLE1
7215 core=1 create 2 t302 p0 r=1 y=2 c0=IDLE0 c1=t302
7216 core=0 noop r=0 y=0 c0=IDLE0 c1=t302
7217 core=1 noop r=0 y=0 c0=IDLE0 c1=t302
7218 core=1 noop r=0 y=0 c0=IDLE0 c1=t302
7219 core=1 noop r=0 y=0 c0=IDLE0 c1=t302
7220 core=1 yield r=0 y=2 c0=IDLE0 c1=IDLE1
7221 core=1 suspend t300 r=0 y=0 c0=IDLE0 c1=IDLE1
7222 core=1 noop r=0 y=0 c0=IDLE0 c1=IDLE1
7223 core=1 prio t293 0 r=0 y=0 c0=IDLE0 c1=IDLE1
7224 core=0 suspend t293 r=0 y=0 c0=IDLE0 c1=IDLE1
7225 core=1 resume t301 r=0 y=0 c0=IDLE0 c1=IDLE1
7226 core=0 give_isr r=0 y=0 c0=IDLE0 c1=IDLE1
7227 core=1 yield r=0 y=2 c0=IDLE0 c1=t302
7228 core=0 prio t302 0 r=0 y=0 c0=IDLE0 c1=t302
7229 core=1 resume t302 r=0 y=0 c0=IDLE0 c1=t302
7230 core=1 noop r=0 y=0 c0=IDLE0 c1=t302
7231 core=0 create 7 t303 p0 r=1 y=1 c0=IDLE1 c1=t302
7232 core=0 noop r=0 y=0 c0=IDLE1 c1=t302
7233 core=1 delay t302 5 r=0 y=2 c0=IDLE1 c1=t303
7234 core=1 create 3 t304 p0 r=1 y=1 c0=IDLE0 c1=t303
7235 core=1 take t303 r=1 y=0 c0=IDLE0 c1=t303
7236 core=1 create 9 t305 p1 r=1 y=1 c0=t305 c1=t303
7237 core=0 delay t305 4 r=0 y=1 c0=t304 c1=t303
7238 core=0 delay t304 4 r=0 y=1 c0=IDLE1 c1=t303
7239 core=0 delete 6 t295 r=0 y=0 c0=IDLE1 c1=t303
7240 core=1 take t303 r=0 y=0 c0=IDLE1 c1=t303
7241 core=0 noop r=0 y=0 c0=IDLE1 c1=t303
7242 core=1 prio t303 2 r=0 y=0 c0=IDLE1 c1=t303
7243 core=1 noop r=0 y=0 c0=IDLE1 c1=t303
7244 core=1 suspend t301 r=0 y=0 c0=IDLE1 c1=t303
7245 core=0 noop r=0 y=0 c0=IDLE1 c1=t303
7246 core=0 give r=1 y=0 c0=IDLE1 c1=t303
7247 core=0 noop r=0 y=0 c0=IDLE1 c1=t303
7248 core=1 resume t300 r=0 y=1 c0=IDLE0 c1=t303
7249 core=1 suspend t302 r=0 y=0 c0=IDLE0 c1=t303
7250 core=0 tick r=1 y=1 c0=t300 c1=t303
7251 core=0 noop r=0 y=0 c0=t300 c1=t303
7252 core=1 delay t303 3 r=0 y=2 c0=t300 c1=IDLE1
7253 core=1 resume t293 r=0 y=2 c0=t300 c1=IDLE0
7254 core=1 suspend t303 r=0 y=0 c0=t300 c1=IDLE0
7255 core=0 give r=0 y=0 c0=t300 c1=IDLE0
7256 core=1 resume t303 r=0 y=2 c0=t300 c1=t303
7257 core=0 take t300 r=1 y=0 c0=t300 c1=t303
7258 core=0 give r=1 y=0 c0=t300 c1=t303
7259 core=0 delay t300 2 r=0 y=1 c0=t293 c1=t303
7260 core=1 give r=0 y=0 c0=t293 c1=t303
7261 core=1 delay t303 2 r=0 y=2 c0=t293 c1=IDLE1
7262 core=0 take t293 r=1 y=0 c0=t293 c1=IDLE1
7263 core=1 noop r=0 y=0 c0=t293 c1=IDLE1
7264 core=0 take t293 r=0 y=0 c0=t293 c1=IDLE1
7265 core=1 noop r=0 y=0 c0=t293 c1=IDLE1
7266 core=0 noop r=0 y=0 c0=t293 c1=IDLE1
7267 core=0 noop r=0 y=0 c0=t293 c1=IDLE1
7268 core=0 resume t302 r=0 y=2 c0=t293 c1=IDLE0
7269 core=0 delete 3 t304 r=0 y=0 c0=t293 c1=IDLE0
7270 core=0 noop r=0 y=0 c0=t293 c1=IDLE0
7271 core=1 noop r=0 y=0 c0=t293 c1=IDLE0
7272 core=1 give r=1 y=0 c0=t293 c1=IDLE0
7273 core=0 suspend t305 r=0 y=0 c0=t293 c1=IDLE0
7274 core=0 create 3 t306 p1 r=1 y=2 c0=t293 c1=t306
7275 core=0 prio t293 2 r=0 y=0 c0=t293 c1=t306
7276 core=0 take t293 r=1 y=0 c0=t293 c1=t306
7277 core=0 suspend t301 r=0 y=0 c0=t293 c1=t306
7278 core=1 resume t300 r=0 y=0 c0=t293 c1=t306
7279 core=0 yield r=0 y=1 c0=t293 c1=t306
7280 core=0 resume t306 r=0 y=0 c0=t293 c1=t306
7281 core=0 delay t293 5 r=0 y=1 c0=t302 c1=t306
7282 core=0 take t302 r=0 y=0 c0=t302 c1=t306
7283 core=0 give_isr r=1 y=0 c0=t302 c1=t306
7284 core=0 take t302 r=1 y=0 c0=t302 c1=t306
7285 core=1 suspend t305 r=0 y=0 c0=t302 c1=t306
7286 core=1 prio t306 1 r=0 y=0 c0=t302 c1=t306
7287 core=0 resume t302 r=0 y=0 c0=t302 c1=t306
7288 core=1 noop r=0 y=0 c0=t302 c1=t306
7289 core=0 give_isr r=1 y=0 c0=t302 c1=t306
7290 core=0 take t302 r=1 y=0 c0=t302 c1=t306
7291 core=0 give r=1 y=0 c0=t302 c1=t306
7292 core=0 noop r=0 y=0 c0=t302 c1=t306
7293 core=0 noop r=0 y=0 c0=t302 c1=t306
7294 core=1 give_isr r=0 y=0 c0=t302 c1=t306
7295 core=1 give r=0 y=0 c0=t302 c1=t306
7296 core=0 delay t302 1 r=0 y=1 c0=IDLE1 c1=t306
7297 core=0 noop r=0 y=0 c0=IDLE1 c1=t306
7298 core=1 noop r=0 y=0 c0=IDLE1 c1=t306
7299 core=1 delay t306 3 r=0 y=2 c0=IDLE1 c1=IDLE0
7300 core=1 give_isr r=0 y=0 c0=IDLE1 c1=IDLE0
7301 core=1 noop r=0 y=0 c0=IDLE1 c1=IDLE0
7302 core=0 give r=0 y=0 c0=IDLE1 c1=IDLE0
7303 core=0 tick r=1 y=3 c0=t302 c1=IDLE1
7304 core=1 yield r=0 y=2 c0=t302 c1=IDLE0
7305 core=0 prio t302 3 r=0 y=0 c0=t302 c1=IDLE0
7306 core=1 suspend t306 r=0 y=0 c0=t302 c1=IDLE0
7307 core=0 noop r=0 y=0 c0=t302 c1=IDLE0
7308 core=1 noop r=0 y=0 c0=t302 c1=IDLE0
7309 core=0 suspend t302 r=0 y=1 c0=IDLE1 c1=IDLE0
7310 core=0 suspend t303 r=0 y=0 c0=IDLE1 c1=IDLE0
7311 core=0 noop r=0 y=0 c0=IDLE1 c1=IDLE0
7312 core=0 tick r=1 y=3 c0=t300 c1=IDLE1
7313 core=1 resume t306 r=0 y=2 c0=t300 c1=t306
7314 core=0 noop r=0 y=0 c0=t300 c1=t306
7315 core=0 create 5 t307 p1 r=1 y=1 c0=t307 c1=t306
7316 core=0 delay t307 2 r=0 y=1 c0=IDLE0 c1=t306
7317 core=0 suspend t293 r=0 y=0 c0=IDLE0 c1=t306
7318 core=0 suspend t293 r=0 y=0 c0=IDLE0 c1=t306
7319 core=0 prio t306 0 r=0 y=2 c0=IDLE0 c1=IDLE1
7320 core=0 resume t300 r=0 y=0 c0=IDLE0 c1=IDLE1
7321 core=1 give_isr r=0 y=0 c0=IDLE0 c1=IDLE1
7322 core=1 delete 4 t293 r=0 y=0 c0=IDLE0 c1=IDLE1
7323 core=0 noop r=0 y=0 c0=IDLE0 c1=IDLE1
7324 core=1 noop r=0 y=0 c0=IDLE0 c1=IDLE1
7325 core=0 give_isr r=0 y=0 c0=IDLE0 c1=IDLE1
7326 core=1 noop r=0 y=0 c0=IDLE0 c1=IDLE1
7327 core=1 delete 2 t302 r=0 y=0 c0=IDLE0 c1=IDLE1
7328 core=1 suspend t301 r=0 y=0 c0=IDLE0 c1=IDLE1
7329 core=0 give r=0 y=0 c0=IDLE0 c1=IDLE1
7330 core=0 prio t305 3 r=0 y=0 c0=IDLE0 c1=IDLE1
7331 core=1 create 1 t308 p3 r=1 y=2 c0=IDLE0 c1=t308
7332 core=1 noop r=0 y=0 c0=IDLE0 c1=t308
7333 core=1 suspend t300 r=0 y=0 c0=IDLE0 c1=t308
7334 core=1 delete 1 t308 r=0 y=2 c0=IDLE0 c1=t306
7335 core=0 prio t307 0 r=0 y=0 c0=IDLE0 c1=t306
7336 core=1 give r=0 y=0 c0=IDLE0 c1=t306
7337 core=1 delete 7 t303 r=0 y=0 c0=IDLE0 c1=t306
7338 core=0 noop r=0 y=0 c0=IDLE0 c1=t306
7339 core=1 delete 0 t301 r=0 y=0 c0=IDLE0 c1=t306
7340 core=0 tick r=1 y=3 c0=IDLE1 c1=IDLE0
7341 core=0 noop r=0 y=0 c0=IDLE1 c1=IDLE0
7342 core=0 create 2 t309 p3 r=1 y=2 c0=IDLE1 c1=t309
7343 core=0 give r=0 y=0 c0=IDLE1 c1=t309
7344 core=1 noop r=0 y=0 c0=IDLE1 c1=t309
7345 core=0 noop r=0 y=0 c0=IDLE1 c1=t309
7346 core=1 give r=0 y=0 c0=IDLE1 c1=t309
7347 core=0 create 7 t310 p3 r=1 y=1 c0=t310 c1=t309
7348 core=0 prio t300 0 r=0 y=0 c0=t310 c1=t309
7349 core=0 resume t300 r=0 y=0 c0=t310 c1=t309
7350 core=0 tick r=1 y=3 c0=t310 c1=t309
7351 core=1 give r=0 y=0 c0=t310 c1=t309
7352 core=1 noop r=0 y=0 c0=t310 c1=t309
7353 core=1 noop r=0 y=0 c0=t310 c1=t309
7354 core=1 resume t309 r=0 y=0 c0=t310 c1=t309
7355 core=0 yield r=0 y=1 c0=t310 c1=t309
7356 core=0 noop r=0 y=0 c0=t310 c1=t309
7357 core=0 tick r=1 y=3 c0=t310 c1=t309
7358 core=1 take t309 r=1 y=0 c0=t310 c1=t309
7359 core=1 give_isr r=1 y=0 c0=t310 c1=t309
7360 core=0 noop r=0 y=0 c0=t310 c1=t309
7361 core=0 tick r=1 y=3 c0=t310 c1=t309
7362 core=1 noop r=0 y=0 c0=t310 c1=t309
7363 core=0 tick r=1 y=3 c0=t310 c1=t309
7364 core=0 prio t306 3 r=0 y=0 c0=t310 c1=t309
7365 core=1 take t309 r=1 y=0 c0=t310 c1=t309
7366 core=0 yield r=0 y=1 c0=t306 c1=t309
7367 core=1 noop r=0 y=0 c0=t306 c1=t309
7368 core=1 give r=1 y=0 c0=t306 c1=t309
7369 core=0 delay t306 3 r=0 y=1 c0=t310 c1=t309
7370 core=1 yield r=0 y=2 c0=t310 c1=t309
7371 core=0 tick r=1 y=3 c0=t310 c1=t309
7372 core=0 noop r=0 y=0 c0=t310 c1=t309
7373 core=1 noop r=0 y=0 c0=t310 c1=t309
7374 core=1 noop r=0 y=0 c0=t310 c1=t309
7375 core=1 resume t306 r=0 y=0 c0=t310 c1=t309
7376 core=1 resume t307 r=0 y=0 c0=t310 c1=t309
7377 core=0 delay t310 5 r=0 y=1 c0=IDLE0 c1=t309
7378 core=0 noop r=0 y=0 c0=IDLE0 c1=t309
7379 core=0 noop r=0 y=0 c0=IDLE0 c1=t309
7380 core=0 noop r=0 y=0 c0=IDLE0 c1=t309
7381 core=1 create 6 t311 p1 r=1 y=1 c0=t311 c1=t309
7382 core=1 delete 8 t300 r=0 y=0 c0=t311 c1=t309
7383 core=1 resume t305 r=0 y=1 c0=t305 c1=t309
7384 core=1 noop r=0 y=0 c0=t305 c1=t309
7385 core=1 take t309 r=1 y=0 c0=t305 c1=t309
7386 core=1 give r=1 y=0 c0=t305 c1=t309
7387 core=0 noop r=0 y=0 c0=t305 c1=t309
7388 core=0 delete 2 t309 r=0 y=2 c0=t305 c1=t311
7389 core=1 delay t311 5 r=0 y=2 c0=t305 c1=IDLE1
7390 core=1 suspend t311 r=0 y=0 c0=t305 c1=IDLE1
7391 core=0 noop r=0 y=0 c0=t305 c1=IDLE1
7392 core=1 noop r=0 y=0 c0=t305 c1=IDLE1
7393 core=1 noop r=0 y=0 c0=t305 c1=IDLE1
7394 core=1 prio t305 2 r=0 y=1 c0=t305 c1=IDLE1
7395 core=1 prio t306 2 r=0 y=0 c0=t305 c1=IDLE1
7396 core=1 yield r=0 y=2 c0=t305 c1=t307
7397 core=0 delete 7 t310 r=0 y=0 c0=t305 c1=t307
7398 core=0 noop r=0 y=0 c0=t305 c1=t307
7399 core=0 take t305 r=1 y=0 c0=t305 c1=t307
7400 core=1 give_isr r=1 y=0 c0=t305 c1=t307
7401 core=0 delete 3 t306 r=0 y=0 c0=t305 c1=t307
7402 core=0 give_isr r=0 y=0 c0=t305 c1=t307
7403 core=0 create 2 t312 p1 r=1 y=2 c0=t305 c1=t312
7404 core=0 give_isr r=0 y=0 c0=t305 c1=t312
7405 core=0 delay t305 4 r=0 y=1 c0=IDLE0 c1=t312
7406 core=1 noop r=0 y=0 c0=IDLE0 c1=t312
7407 core=0 create 4 t313 p2 r=1 y=1 c0=t313 c1=t312
7408 core=0 create 0 t314 p2 r=1 y=2 c0=t313 c1=t314
7409 core=0 noop r=0 y=0 c0=t313 c1=t314
7410 core=1 take t314 r=1 y=0 c0=t313 c1=t314
7411 core=1 take t314 r=0 y=0 c0=t313 c1=t314
7412 core=1 delay t314 1 r=0 y=2 c0=t313 c1=t312
7413 core=1 delay t312 4 r=0 y=2 c0=t313 c1=IDLE1
7414 core=0 tick r=1 y=3 c0=t314 c1=t313
7415 core=0 give_isr r=1 y=0 c0=t314 c1=t313
7416 core=1 resume t305 r=0 y=0 c0=t314 c1=t313
7417 core=0 give_isr r=0 y=0 c0=t314 c1=t313
7418 core=1 give r=0 y=0 c0=t314 c1=t313
7419 core=1 noop r=0 y=0 c0=t314 c1=t313
7420 core=0 take t314 r=1 y=0 c0=t314 c1=t313
7421 core=0 give r=1 y=0 c0=t314 c1=t313
7422 core=0 tick r=1 y=3 c0=t314 c1=t313
7423 core=1 take t313 r=1 y=0 c0=t314 c1=t313
7424 core=0 suspend t307 r=0 y=0 c0=t314 c1=t313
7425 core=0 resume t313 r=0 y=0 c0=t314 c1=t313
7426 core=0 give r=1 y=0 c0=t314 c1=t313
7427 core=0 delay t314 1 r=0 y=1 c0=IDLE0 c1=t313
7428 core=0 tick r=1 y=3 c0=t314 c1=t313
7429 core=0 prio t314 3 r=0 y=0 c0=t314 c1=t313
7430 core=1 take t313 r=1 y=0 c0=t314 c1=t313
7431 core=1 yield r=0 y=2 c0=t314 c1=t313
7432 core=1 take t313 r=0 y=0 c0=t314 c1=t313
7433 core=0 give_isr r=1 y=0 c0=t314 c1=t313
7434 core=0 delay t314 5 r=0 y=1 c0=IDLE1 c1=t313
7435 core=1 resume t313 r=0 y=0 c0=IDLE1 c1=t313
7436 core=1 noop r=0 y=0 c0=IDLE1 c1=t313
7437 core=0 noop r=0 y=0 c0=IDLE1 c1=t313
7438 core=1 noop r=0 y=0 c0=IDLE1 c1=t313
7439 core=0 noop r=0 y=0 c0=IDLE1 c1=t313
7440 core=0 noop r=0 y=0 c0=IDLE1 c1=t313
7441 core=1 take t313 r=1 y=0 c0=IDLE1 c1=t313
7442 core=1 resume t314 r=0 y=0 c0=IDLE1 c1=t313
7443 core=0 suspend t314 r=0 y=0 c0=IDLE1 c1=t313
7444 core=1 suspend t312 r=0 y=0 c0=IDLE1 c1=t313
7445 core=1 create 3 t315 p0 r=1 y=1 c0=IDLE0 c1=t313
7446 core=1 create 8 t316 p2 r=1 y=1 c0=t316 c1=t313
7447 core=0 tick r=1 y=3 c0=t305 c1=t316
7448 core=1 take t316 r=0 y=0 c0=t305 c1=t316
7449 core=0 delete 8 t316 r=0 y=2 c0=t305 c1=t313
7450 core=1 give r=1 y=0 c0=t305 c1=t313
7451 core=1 delay t313 1 r=0 y=2 c0=t305 c1=t315
7452 core=1 create 7 t317 p2 r=1 y=2 c0=t305 c1=t317
7453 core=0 prio t315 1 r=0 y=0 c0=t305 c1=t317
7454 core=0 resume t305 r=0 y=0 c0=t305 c1=t317
7455 core=0 noop r=0 y=0 c0=t305 c1=t317
7456 core=0 suspend t311 r=0 y=0 c0=t305 c1=t317
7457 core=1 resume t307 r=0 y=0 c0=t305 c1=t317
7458 core=0 take t305 r=1 y=0 c0=t305 c1=t317
7459 core=1 give r=1 y=0 c0=t305 c1=t317
7460 core=0 take t305 r=1 y=0 c0=t305 c1=t317
7461 core=0 suspend t311 r=0 y=0 c0=t305 c1=t317
7462 core=1 delay t317 4 r=0 y=2 c0=t305 c1=t315
7463 core=1 take t315 r=0 y=0 c0=t305 c1=t315
7464 core=1 delay t315 5 r=0 y=2 c0=t305 c1=IDLE1
7465 core=0 tick r=1 y=3 c0=t313 c1=t305
7466 core=1 resume t305 r=0 y=0 c0=t313 c1=t305
7467 core=0 tick r=1 y=3 c0=t313 c1=t305
7468 core=0 suspend t311 r=0 y=0 c0=t313 c1=t305
7469 core=0 tick r=1 y=3 c0=t313 c1=t305
7470 core=1 resume t314 r=0 y=2 c0=t313 c1=t314
7471 core=0 noop r=0 y=0 c0=t313 c1=t314
7472 core=1 give r=1 y=0 c0=t313 c1=t314
7473 core=0 create 8 t318 p1 r=1 y=0 c0=t313 c1=t314
7474 core=1 noop r=0 y=0 c0=t313 c1=t314
7475 core=1 take t314 r=1 y=0 c0=t313 c1=t314
7476 core=1 delete 0 t314 r=0 y=2 c0=t313 c1=t305
7477 core=0 give r=1 y=0 c0=t313 c1=t305
7478 core=1 take t305 r=1 y=0 c0=t313 c1=t305
7479 core=1 delay t305 2 r=0 y=2 c0=t313 c1=t318
7480 core=1 resume t305 r=0 y=0 c0=t313 c1=t318
7481 core=1 prio t318 0 r=0 y=2 c0=t313 c1=IDLE0
7482 core=0 yield r=0 y=1 c0=t313 c1=IDLE0
7483 core=0 delete 5 t307 r=0 y=0 c0=t313 c1=IDLE0
7484 core=1 suspend t311 r=0 y=0 c0=t313 c1=IDLE0
7485 core=0 give_isr r=1 y=0 c0=t313 c1=IDLE0
7486 core=0 noop r=0 y=0 c0=t313 c1=IDLE0
7487 core=0 noop r=0 y=0 c0=t313 c1=IDLE0
7488 core=0 give r=0 y=0 c0=t313 c1=IDLE0
7489 core=0 noop r=0 y=0 c0=t313 c1=IDLE0
7490 core=1 give r=0 y=0 c0=t313 c1=IDLE0
7491 core=1 noop r=0 y=0 c0=t313 c1=IDLE0
7492 core=1 delete 3 t315 r=0 y=0 c0=t313 c1=IDLE0
7493 core=0 delay t313 1 r=0 y=1 c0=IDLE1 c1=IDLE0
7494 core=1 noop r=0 y=0 c0=IDLE1 c1=IDLE0
7495 core=0 delete 8 t318 r=0 y=0 c0=IDLE1 c1=IDLE0
7496 core=0 tick r=1 y=3 c0=t317 c1=t313
7497 core=1 prio t305 3 r=0 y=0 c0=t317 c1=t313
7498 core=0 noop r=0 y=0 c0=t317 c1=t313
7499 core=0 suspend t311 r=0 y=0 c0=t317 c1=t313
7500 core=0 tick r=1 y=3 c0=t305 c1=t317
7501 core=0 give_isr r=0 y=0 c0=t305 c1=t317
7502 core=0 take t305 r=1 y=0 c0=t305 c1=t317
7503 core=0 create 3 t319 p1 r=1 y=0 c0=t305 c1=t317
7504 core=0 take t305 r=0 y=0 c0=t305 c1=t317
7505 core=1 take t317 r=0 y=0 c0=t305 c1=t317
7506 core=1 delay t317 5 r=0 y=2 c0=t305 c1=t313
7507 core=0 delete 7 t317 r=0 y=0 c0=t305 c1=t313
7508 core=1 noop r=0 y=0 c0=t305 c1=t313
7509 core=0 create 5 t320 p3 r=1 y=2 c0=t305 c1=t320
7510 core=0 delete 5 t320 r=0 y=2 c0=t305 c1=t313
7511 core=0 noop r=0 y=0 c0=t305 c1=t313
7512 core=0 delay t305 5 r=0 y=1 c0=t319 c1=t313
7513 core=0 tick r=0 y=0 c0=t319 c1=t313
7514 core=1 prio t319 1 r=0 y=0 c0=t319 c1=t313
7515 core=1 create 7 t321 p0 r=1 y=0 c0=t319 c1=t313
7516 core=1 suspend t319 r=0 y=1 c0=IDLE1 c1=t313
7517 core=1 prio t311 3 r=0 y=0 c0=IDLE1 c1=t313
7518 core=0 tick r=1 y=1 c0=IDLE0 c1=t313
7519 core=1 suspend t321 r=0 y=0 c0=IDLE0 c1=t313
7520 core=1 noop r=0 y=0 c0=IDLE0 c1=t313
7521 core=0 tick r=1 y=1 c0=IDLE1 c1=t313
7522 core=1 delete 9 t305 r=0 y=0 c0=IDLE1 c1=t313
7523 core=0 prio t321 3 r=0 y=0 c0=IDLE1 c1=t313
7524 core=1 noop r=0 y=0 c0=IDLE1 c1=t313
7525 core=1 yield r=0 y=2 c0=IDLE1 c1=t313
7526 core=0 tick r=1 y=1 c0=IDLE0 c1=t313
7527 core=0 noop r=0 y=0 c0=IDLE0 c1=t313
7528 core=0 noop r=0 y=0 c0=IDLE0 c1=t313
7529 core=0 tick r=1 y=1 c0=IDLE1 c1=t313
7530 core=1 take t313 r=0 y=0 c0=IDLE1 c1=t313
7531 core=0 give_isr r=1 y=0 c0=IDLE1 c1=t313
7532 core=1 resume t313 r=0 y=0 c0=IDLE1 c1=t313
7533 core=1 noop r=0 y=0 c0=IDLE1 c1=t313
7534 core=0 noop r=0 y=0 c0=IDLE1 c1=t313
7535 core=0 noop r=0 y=0 c0=IDLE1 c1=t313
7536 core=1 suspend t312 r=0 y=0 c0=IDLE1 c1=t313
7537 core=1 noop r=0 y=0 c0=IDLE1 c1=t313
7538 core=1 noop r=0 y=0 c0=IDLE1 c1=t313
7539 core=1 suspend t311 r=0 y=0 c0=IDLE1 c1=t313
7540 core=1 take t313 r=1 y=0 c0=IDLE1 c1=t313
7541 core=0 tick r=1 y=1 c0=IDLE0 c1=t313
7542 core=1 give r=1 y=0 c0=IDLE0 c1=t313
7543 core=1 resume t319 r=0 y=1 c0=t319 c1=t313
7544 core=1 noop r=0 y=0 c0=t319 c1=t313
7545 core=0 yield r=0 y=1 c0=t319 c1=t313
7546 core=0 suspend t319 r=0 y=1 c0=IDLE1 c1=t313
7547 core=0 noop r=0 y=0 c0=IDLE1 c1=t313
7548 core=1 suspend t312 r=0 y=0 c0=IDLE1 c1=t313
7549 core=1 give_isr r=0 y=0 c0=IDLE1 c1=t313
7550 core=1 resume t321 r=0 y=1 c0=t321 c1=t313
7551 core=0 tick r=0 y=0 c0=t321 c1=t313
7552 core=0 delete 7 t321 r=0 y=1 c0=IDLE0 c1=t313
7553 core=1 noop r=0 y=0 c0=IDLE0 c1=t313
7554 core=0 prio t319 3 r=0 y=0 c0=IDLE0 c1=t313
7555 core=0 noop r=0 y=0 c0=IDLE0 c1=t313
7556 core=1 delay t313 2 r=0 y=2 c0=IDLE0 c1=IDLE1
7557 core=0 prio t319 1 r=0 y=0 c0=IDLE0 c1=IDLE1
7558 core=1 noop r=0 y=0 c0=IDLE0 c1=IDLE1
7559 core=0 noop r=0 y=0 c0=IDLE0 c1=IDLE1
7560 core=1 suspend t312 r=0 y=0 c0=IDLE0 c1=IDLE1
7561 core=0 tick r=1 y=3 c0=IDLE0 c1=IDLE1
7562 core=1 yield r=0 y=2 c0=IDLE0 c1=IDLE1
7563 core=1 noop r=0 y=0 c0=IDLE0 c1=IDLE1
7564 core=0 noop r=0 y=0 c0=IDLE0 c1=IDLE1
7565 core=0 noop r=0 y=0 c0=IDLE0 c1=IDLE1
7566 core=1 noop r=0 y=0 c0=IDLE0 c1=IDLE1
7567 core=0 noop r=0 y=0 c0=IDLE0 c1=IDLE1
7568 core=1 noop r=0 y=0 c0=IDLE0 c1=IDLE1
7569 core=0 noop r=0 y=0 c0=IDLE0 c1=IDLE1
7570 core=1 create 7 t322 p1 r=1 y=2 c0=IDLE0 c1=t322
7571 core=0 prio t322 3 r=0 y=0 c0=IDLE0 c1=t322
7572 core=0 prio t319 1 r=0 y=0 c0=IDLE0 c1=t322
7573 core=0 noop r=0 y=0 c0=IDLE0 c1=t322
7574 core=0 suspend t311 r=0 y=0 c0=IDLE0 c1=t322
7575 core=0 prio t322 2 r=0 y=2 c0=IDLE0 c1=t322
7576 core=0 resume t322 r=0 y=0 c0=IDLE0 c1=t322
7577 core=0 give r=0 y=0 c0=IDLE0 c1=t322
7578 core=0 tick r=1 y=3 c0=t313 c1=t322
7579 core=1 noop r=0 y=0 c0=t313 c1=t322
7580 core=1 noop r=0 y=0 c0=t313 c1=t322
7581 core=0 noop r=0 y=0 c0=t313 c1=t322
7582 core=0 noop r=0 y=0 c0=t313 c1=t322
7583 core=0 give r=0 y=0 c0=t313 c1=t322
7584 core=1 noop r=0 y=0 c0=t313 c1=t322
7585 core=0 noop r=0 y=0 c0=t313 c1=t322
7586 core=0 tick r=1 y=3 c0=t313 c1=t322
7587 core=1 prio t313 1 r=0 y=1 c0=t313 c1=t322
7588 core=1 take t322 r=1 y=0 c0=t313 c1=t322
7589 core=0 tick r=0 y=0 c0=t313 c1=t322
7590 core=0 tick r=0 y=0 c0=t313 c1=t322
7591 core=0 noop r=0 y=0 c0=t313 c1=t322
7592 core=1 delay t322 2 r=0 y=2 c0=t313 c1=IDLE1
7593 core=0 resume t322 r=0 y=0 c0=t313 c1=IDLE1
7594 core=0 delete 6 t311 r=0 y=0 c0=t313 c1=IDLE1
7595 core=0 prio t322 3 r=0 y=0 c0=t313 c1=IDLE1
7596 core=0 delay t313 2 r=0 y=1 c0=IDLE0 c1=IDLE1
7597 core=0 tick r=1 y=3 c0=IDLE0 c1=IDLE1
7598 core=1 prio t319 2 r=0 y=0 c0=IDLE0 c1=IDLE1
7599 core=0 tick r=1 y=3 c0=t322 c1=t313
7600 core=1 noop r=0 y=0 c0=t322 c1=t313
7601 core=1 suspend t313 r=0 y=2 c0=t322 c1=IDLE0
7602 core=0 tick r=0 y=2 c0=t322 c1=IDLE1
7603 core=0 tick r=0 y=2 c0=t322 c1=IDLE0
7604 core=0 delay t322 2 r=0 y=1 c0=IDLE1 c1=IDLE0
7605 core=1 noop r=0 y=0 c0=IDLE1 c1=IDLE0
7606 core=0 resume t313 r=0 y=2 c0=IDLE1 c1=t313
7607 core=0 prio t312 1 r=0 y=0 c0=IDLE1 c1=t313
7608 core=1 noop r=0 y=0 c0=IDLE1 c1=t313
7609 core=1 delay t313 5 r=0 y=2 c0=IDLE1 c1=IDLE0
7610 core=1 noop r=0 y=0 c0=IDLE1 c1=IDLE0
7611 core=0 noop r=0 y=0 c0=IDLE1 c1=IDLE0
7612 core=0 tick r=1 y=3 c0=IDLE1 c1=IDLE0
7613 core=0 suspend t319 r=0 y=0 c0=IDLE1 c1=IDLE0
7614 core=0 noop r=0 y=0 c0=IDLE1 c1=IDLE0
7615 core=0 noop r=0 y=0 c0=IDLE1 c1=IDLE0
7616 core=0 noop r=0 y=0 c0=IDLE1 c1=IDLE0
7617 core=1 noop r=0 y=0 c0=IDLE1 c1=IDLE0
7618 core=1 noop r=0 y=0 c0=IDLE1 c1=IDLE0
7619 core=1 noop r=0 y=0 c0=IDLE1 c1=IDLE0
7620 core=1 prio t319 0 r=0 y=0 c0=IDLE1 c1=IDLE0
7621 core=1 resume t322 r=0 y=0 c0=IDLE1 c1=IDLE0
7622 core=1 suspend t313 r=0 y=0 c0=IDLE1 c1=IDLE0
7623 core=1 noop r=0 y=0 c0=IDLE1 c1=IDLE0
7624 core=1 create 8 t323 p3 r=1 y=2 c0=IDLE1 c1=t323
7625 core=1 noop r=0 y=0 c0=IDLE1 c1=t323
7626 core=1 noop r=0 y=0 c0=IDLE1 c1=t323
7627 core=1 noop r=0 y=0 c0=IDLE1 c1=t323
7628 core=0 create 5 t324 p0 r=1 y=1 c0=IDLE0 c1=t323
7629 core=0 delete 5 t324 r=0 y=0 c0=IDLE0 c1=t323
7630 core=0 noop r=0 y=0 c0=IDLE0 c1=t323
7631 core=0 tick r=1 y=3 c0=t322 c1=t323
7632 core=1 noop r=0 y=0 c0=t322 c1=t323
7633 core=1 noop r=0 y=0 c0=t322 c1=t323
7634 core=0 yield r=0 y=1 c0=t322 c1=t323
7635 core=0 suspend t323 r=0 y=2 c0=t322 c1=IDLE1
7636 core=0 noop r=0 y=0 c0=t322 c1=IDLE1
7637 core=0 give r=1 y=0 c0=t322 c1=IDLE1
7638 core=1 noop r=0 y=0 c0=t322 c1=IDLE1
7639 core=0 delay t322 3 r=0 y=1 c0=IDLE0 c1=IDLE1
7640 core=1 noop r=0 y=0 c0=IDLE0 c1=IDLE1
7641 core=0 give_isr r=0 y=0 c0=IDLE0 c1=IDLE1
7642 core=0 tick r=1 y=3 c0=IDLE0 c1=IDLE1
7643 core=1 noop r=0 y=0 c0=IDLE0 c1=IDLE1
7644 core=0 give r=0 y=0 c0=IDLE0 c1=IDLE1
7645 core=1 noop r=0 y=0 c0=IDLE0 c1=IDLE1
7646 core=0 tick r=1 y=3 c0=IDLE0 c1=IDLE1
7647 core=0 noop r=0 y=0 c0=IDLE0 c1=IDLE1
7648 core=1 delete 4 t313 r=0 y=0 c0=IDLE0 c1=IDLE1
7649 core=1 noop r=0 y=0 c0=IDLE0 c1=IDLE1
7650 core=0 yield r=0 y=1 c0=IDLE0 c1=IDLE1
7651 core=1 noop r=0 y=0 c0=IDLE0 c1=IDLE1
7652 core=0 give r=0 y=0 c0=IDLE0 c1=IDLE1
7653 core=1 give r=0 y=0 c0=IDLE0 c1=IDLE1
7654 core=0 suspend t312 r=0 y=0 c0=IDLE0 c1=IDLE1
7655 core=0 noop r=0 y=0 c0=IDLE0 c1=IDLE1
7656 core=0 tick r=1 y=3 c0=t322 c1=IDLE0
7657 core=1 yield r=0 y=2 c0=t322 c1=IDLE1
7658 core=1 noop r=0 y=0 c0=t322 c1=IDLE1
7659 core=1 noop r=0 y=0 c0=t322 c1=IDLE1
7660 core=1 noop r=0 y=0 c0=t322 c1=IDLE1
7661 core=0 yield r=0 y=1 c0=t322 c1=IDLE1
7662 core=0 create 0 t325 p1 r=1 y=2 c0=t322 c1=t325
7663 core=1 take t325 r=1 y=0 c0=t322 c1=t325
7664 core=1 yield r=0 y=2 c0=t322 c1=t325
7665 core=1 prio t312 3 r=0 y=0 c0=t322 c1=t325
7666 core=0 create 6 t326 p0 r=1 y=0 c0=t322 c1=t325
7667 core=0 delay t322 2 r=0 y=1 c0=IDLE0 c1=t325
7668 core=1 noop r=0 y=0 c0=IDLE0 c1=t325
7669 core=0 resume t326 r=0 y=0 c0=IDLE0 c1=t325
7670 core=1 noop r=0 y=0 c0=IDLE0 c1=t325
7671 core=1 noop r=0 y=0 c0=IDLE0 c1=t325
7672 core=0 resume t323 r=0 y=1 c0=t323 c1=t325
7673 core=1 noop r=0 y=0 c0=t323 c1=t325
7674 core=1 suspend t319 r=0 y=0 c0=t323 c1=t325
7675 core=1 noop r=0 y=0 c0=t323 c1=t325
7676 core=0 resume t322 r=0 y=0 c0=t323 c1=t325
7677 core=1 noop r=0 y=0 c0=t323 c1=t325
7678 core=0 resume t326 r=0 y=0 c0=t323 c1=t325
7679 core=0 resume t325 r=0 y=0 c0=t323 c1=t325
7680 core=1 delay t325 3 r=0 y=2 c0=t323 c1=IDLE1
7681 core=0 tick r=0 y=2 c0=t323 c1=t326
7682 core=0 noop r=0 y=0 c0=t323 c1=t326
7683 core=1 suspend t312 r=0 y=0 c0=t323 c1=t326
7684 core=0 noop r=0 y=0 c0=t323 c1=t326
7685 core=1 noop r=0 y=0 c0=t323 c1=t326
7686 core=1 give r=1 y=0 c0=t323 c1=t326
7687 core=1 take t326 r=1 y=0 c0=t323 c1=t326
7688 core=1 noop r=0 y=0 c0=t323 c1=t326
7689 core=0 delete 2 t312 r=0 y=0 c0=t323 c1=t326
7690 core=1 give r=1 y=0 c0=t323 c1=t326
7691 core=1 take t326 r=1 y=0 c0=t323 c1=t326
7692 core=1 noop r=0 y=0 c0=t323 c1=t326
7693 core=1 noop r=0 y=0 c0=t323 c1=t326
7694 core=0 tick r=1 y=3 c0=t322 c1=t323
7695 core=0 noop r=0 y=0 c0=t322 c1=t323
7696 core=1 noop r=0 y=0 c0=t322 c1=t323
7697 core=1 suspend t325 r=0 y=0 c0=t322 c1=t323
7698 core=0 yield r=0 y=1 c0=t322 c1=t323
7699 core=1 take t323 r=0 y=0 c0=t322 c1=t323
7700 core=0 delay t322 2 r=0 y=1 c0=IDLE0 c1=t323
7701 core=0 noop r=0 y=0 c0=IDLE0 c1=t323
7702 core=0 noop r=0 y=0 c0=IDLE0 c1=t323
7703 core=1 noop r=0 y=0 c0=IDLE0 c1=t323
7704 core=0 noop r=0 y=0 c0=IDLE0 c1=t323
7705 core=0 suspend t322 r=0 y=0 c0=IDLE0 c1=t323
7706 core=0 resume t323 r=0 y=0 c0=IDLE0 c1=t323
7707 core=0 prio t322 0 r=0 y=0 c0=IDLE0 c1=t323
7708 core=1 noop r=0 y=0 c0=IDLE0 c1=t323
7709 core=0 resume t323 r=0 y=0 c0=IDLE0 c1=t323
7710 core=0 noop r=0 y=0 c0=IDLE0 c1=t323
7711 core=1 prio t326 0 r=0 y=0 c0=IDLE0 c1=t323
7712 core=1 yield r=0 y=2 c0=IDLE0 c1=t323
7713 core=0 noop r=0 y=0 c0=IDLE0 c1=t323
7714 core=0 suspend t322 r=0 y=0 c0=IDLE0 c1=t323
7715 core=0 noop r=0 y=0 c0=IDLE0 c1=t323
7716 core=0 give_isr r=1 y=0 c0=IDLE0 c1=t323
7717 core=1 give r=0 y=0 c0=IDLE0 c1=t323
7718 core=1 give_isr r=0 y=0 c0=IDLE0 c1=t323
7719 core=0 create 1 t327 p3 r=1 y=1 c0=t327 c1=t323
7720 core=1 prio t319 0 r=0 y=0 c0=t327 c1=t323
7721 core=0 noop r=0 y=0 c0=t327 c1=t323
7722 core=1 noop r=0 y=0 c0=t327 c1=t323
7723 core=1 suspend t325 r=0 y=0 c0=t327 c1=t323
7724 core=1 suspend t325 r=0 y=0 c0=t327 c1=t323
7725 core=1 delay t323 5 r=0 y=2 c0=t327 c1=IDLE1
7726 core=1 resume t322 r=0 y=2 c0=t327 c1=t326
7727 core=1 delete 8 t323 r=0 y=0 c0=t327 c1=t326
7728 core=1 prio t327 3 r=0 y=0 c0=t327 c1=t326
7729 core=0 suspend t319 r=0 y=0 c0=t327 c1=t326
7730 core=1 suspend t322 r=0 y=0 c0=t327 c1=t326
7731 core=1 noop r=0 y=0 c0=t327 c1=t326
7732 core=0 tick r=0 y=2 c0=t327 c1=IDLE0
7733 core=1 noop r=0 y=0 c0=t327 c1=IDLE0
7734 core=0 delete 7 t322 r=0 y=0 c0=t327 c1=IDLE0
7735 core=0 noop r=0 y=0 c0=t327 c1=IDLE0
7736 core=1 give r=0 y=0 c0=t327 c1=IDLE0
7737 core=1 noop r=0 y=0 c0=t327 c1=IDLE0
7738 core=1 noop r=0 y=0 c0=t327 c1=IDLE0
7739 core=0 noop r=0 y=0 c0=t327 c1=IDLE0
7740 core=0 give r=0 y=0 c0=t327 c1=IDLE0
7741 core=0 tick r=0 y=2 c0=t327 c1=IDLE1
7742 core=0 noop r=0 y=0 c0=t327 c1=IDLE1
7743 core=1 noop r=0 y=0 c0=t327 c1=IDLE1
7744 core=0 noop r=0 y=0 c0=t327 c1=IDLE1
7745 core=1 noop r=0 y=0 c0=t327 c1=IDLE1
7746 core=0 resume t327 r=0 y=0 c0=t327 c1=IDLE1
7747 core=1 noop r=0 y=0 c0=t327 c1=IDLE1
7748 core=1 noop r=0 y=0 c0=t327 c1=IDLE1
7749 core=0 noop r=0 y=0 c0=t327 c1=IDLE1
7750 core=0 noop r=0 y=0 c0=t327 c1=IDLE1
7751 core=0 suspend t325 r=0 y=0 c0=t327 c1=IDLE1
7752 core=1 noop r=0 y=0 c0=t327 c1=IDLE1
7753 core=1 give r=0 y=0 c0=t327 c1=IDLE1
7754 core=1 noop r=0 y=0 c0=t327 c1=IDLE1
7755 core=0 delete 0 t325 r=0 y=0 c0=t327 c1=IDLE1
7756 core=1 noop r=0 y=0 c0=t327 c1=IDLE1
7757 core=0 delay t327 4 r=0 y=1 c0=t326 c1=IDLE1
7758 core=0 delay t326 2 r=0 y=1 c0=IDLE0 c1=IDLE1
7759 core=1 noop r=0 y=0 c0=IDLE0 c1=IDLE1
7760 core=0 noop r=0 y=0 c0=IDLE0 c1=IDLE1
7761 core=0 noop r=0 y=0 c0=IDLE0 c1=IDLE1
7762 core=1 noop r=0 y=0 c0=IDLE0 c1=IDLE1
7763 core=1 noop r=0 y=0 c0=IDLE0 c1=IDLE1
7764 core=0 create 5 t328 p0 r=1 y=2 c0=IDLE0 c1=t328
7765 core=0 give_isr r=0 y=0 c0=IDLE0 c1=t328
7766 core=1 prio t326 0 r=0 y=0 c0=IDLE0 c1=t328
7767 core=1 create 0 t329 p0 r=1 y=1 c0=IDLE1 c1=t328
7768 core=1 suspend t319 r=0 y=0 c0=IDLE1 c1=t328
7769 core=1 noop r=0 y=0 c0=IDLE1 c1=t328
7770 core=0 noop r=0 y=0 c0=IDLE1 c1=t328
7771 core=0 noop r=0 y=0 c0=IDLE1 c1=t328
7772 core=0 noop r=0 y=0 c0=IDLE1 c1=t328
7773 core=1 delete 0 t329 r=0 y=0 c0=IDLE1 c1=t328
7774 core=1 resume t328 r=0 y=0 c0=IDLE1 c1=t328
7775 core=0 suspend t319 r=0 y=0 c0=IDLE1 c1=t328
7776 core=0 give r=0 y=0 c0=IDLE1 c1=t328
7777 core=0 yield r=0 y=1 c0=IDLE0 c1=t328
7778 core=0 give_isr r=0 y=0 c0=IDLE0 c1=t328
7779 core=1 noop r=0 y=0 c0=IDLE0 c1=t328
7780 core=0 delete 3 t319 r=0 y=0 c0=IDLE0 c1=t328
7781 core=1 delay t328 5 r=0 y=2 c0=IDLE0 c1=IDLE1
7782 core=1 noop r=0 y=0 c0=IDLE0 c1=IDLE1
7783 core=1 noop r=0 y=0 c0=IDLE0 c1=IDLE1
7784 core=1 create 9 t330 p2 r=1 y=2 c0=IDLE0 c1=t330
7785 core=1 noop r=0 y=0 c0=IDLE0 c1=t330
7786 core=0 noop r=0 y=0 c0=IDLE0 c1=t330
7787 core=1 yield r=0 y=2 c0=IDLE0 c1=t330
7788 core=0 give_isr r=0 y=0 c0=IDLE0 c1=t330
7789 core=1 create 4 t331 p3 r=1 y=1 c0=t331 c1=t330
7790 core=1 delay t330 5 r=0 y=2 c0=t331 c1=IDLE1
7791 core=0 tick r=0 y=2 c0=t331 c1=IDLE0
7792 core=1 noop r=0 y=0 c0=t331 c1=IDLE0
7793 core=0 suspend t328 r=0 y=0 c0=t331 c1=IDLE0
7794 core=0 delete 4 t331 r=0 y=1 c0=IDLE1 c1=IDLE0
7795 core=0 noop r=0 y=0 c0=IDLE1 c1=IDLE0
7796 core=1 noop r=0 y=0 c0=IDLE1 c1=IDLE0
7797 core=0 noop r=0 y=0 c0=IDLE1 c1=IDLE0
7798 core=0 noop r=0 y=0 c0=IDLE1 c1=IDLE0
7799 core=1 create 2 t332 p0 r=1 y=2 c0=IDLE1 c1=t332
7800 core=1 resume t332 r=0 y=0 c0=IDLE1 c1=t332
7801 core=0 tick r=1 y=3 c0=IDLE0 c1=t326
7802 core=1 noop r=0 y=0 c0=IDLE0 c1=t326
7803 core=0 tick r=1 y=3 c0=IDLE1 c1=t332
7804 core=0 noop r=0 y=0 c0=IDLE1 c1=t332
7805 core=1 give r=0 y=0 c0=IDLE1 c1=t332
7806 core=0 tick r=1 y=3 c0=t327 c1=IDLE0
7807 core=0 noop r=0 y=0 c0=t327 c1=IDLE0
7808 core=1 resume t332 r=0 y=0 c0=t327 c1=IDLE0
7809 core=0 resume t332 r=0 y=0 c0=t327 c1=IDLE0
7810 core=1 suspend t327 r=0 y=1 c0=t326 c1=IDLE0
7811 core=0 tick r=1 y=3 c0=t330 c1=IDLE1
7812 core=1 noop r=0 y=0 c0=t330 c1=IDLE1
7813 core=1 resume t332 r=0 y=0 c0=t330 c1=IDLE1
7814 core=1 noop r=0 y=0 c0=t330 c1=IDLE1
7815 core=0 noop r=0 y=0 c0=t330 c1=IDLE1
7816 core=0 prio t330 3 r=0 y=0 c0=t330 c1=IDLE1
7817 core=0 prio t326 3 r=0 y=2 c0=t330 c1=t326
7818 core=1 give_isr r=0 y=0 c0=t330 c1=t326
7819 core=0 give r=0 y=0 c0=t330 c1=t326
7820 core=1 noop r=0 y=0 c0=t330 c1=t326
7821 core=1 delay t326 5 r=0 y=2 c0=t330 c1=t332
7822 core=1 create 8 t333 p2 r=1 y=2 c0=t330 c1=t333
7823 core=0 delete 8 t333 r=0 y=2 c0=t330 c1=IDLE0
7824 core=0 take t330 r=1 y=0 c0=t330 c1=IDLE0
7825 core=0 take t330 r=0 y=0 c0=t330 c1=IDLE0
7826 core=1 noop r=0 y=0 c0=t330 c1=IDLE0
7827 core=0 prio t330 0 r=0 y=1 c0=IDLE1 c1=IDLE0
7828 core=1 noop r=0 y=0 c0=IDLE1 c1=IDLE0
7829 core=0 delete 1 t327 r=0 y=0 c0=IDLE1 c1=IDLE0
7830 core=1 give r=1 y=0 c0=IDLE1 c1=IDLE0
7831 core=1 noop r=0 y=0 c0=IDLE1 c1=IDLE0
7832 core=0 give_isr r=0 y=0 c0=IDLE1 c1=IDLE0
7833 core=1 suspend t332 r=0 y=0 c0=IDLE1 c1=IDLE0
7834 core=0 suspend t330 r=0 y=0 c0=IDLE1 c1=IDLE0
7835 core=0 create 8 t334 p1 r=1 y=2 c0=IDLE1 c1=t334
7836 core=1 noop r=0 y=0 c0=IDLE1 c1=t334
7837 core=0 tick r=1 y=1 c0=IDLE0 c1=t334
7838 core=1 suspend t330 r=0 y=0 c0=IDLE0 c1=t334
7839 core=0 tick r=1 y=1 c0=IDLE1 c1=t334
7840 core=1 delete 6 t326 r=0 y=0 c0=IDLE1 c1=t334
7841 core=0 delete 8 t334 r=0 y=2 c0=IDLE1 c1=IDLE0
7842 core=0 delete 9 t330 r=0 y=0 c0=IDLE1 c1=IDLE0
7843 core=0 suspend t328 r=0 y=0 c0=IDLE1 c1=IDLE0
7844 core=0 tick r=1 y=3 c0=IDLE1 c1=IDLE0
7845 core=0 create 9 t335 p3 r=1 y=2 c0=IDLE1 c1=t335
7846 core=1 take t335 r=1 y=0 c0=IDLE1 c1=t335
7847 core=0 give_isr r=1 y=0 c0=IDLE1 c1=t335
7848 core=1 noop r=0 y=0 c0=IDLE1 c1=t335
7849 core=0 delete 9 t335 r=0 y=2 c0=IDLE1 c1=IDLE0
7850 core=1 noop r=0 y=0 c0=IDLE1 c1=IDLE0
7851 core=0 create 3 t336 p3 r=1 y=2 c0=IDLE1 c1=t336
7852 core=1 give r=0 y=0 c0=IDLE1 c1=t336
7853 core=0 resume t336 r=0 y=0 c0=IDLE1 c1=t336
7854 core=0 resume t328 r=0 y=1 c0=IDLE0 c1=t336
7855 core=1 delay t336 2 r=0 y=2 c0=IDLE0 c1=t328
7856 core=1 noop r=0 y=0 c0=IDLE0 c1=t328
7857 core=1 noop r=0 y=0 c0=IDLE0 c1=t328
7858 core=0 give_isr r=0 y=0 c0=IDLE0 c1=t328
7859 core=1 delay t328 2 r=0 y=2 c0=IDLE0 c1=IDLE1
7860 core=1 create 8 t337 p0 r=1 y=2 c0=IDLE0 c1=t337
7861 core=1 delay t337 1 r=0 y=2 c0=IDLE0 c1=IDLE1
7862 core=0 noop r=0 y=0 c0=IDLE0 c1=IDLE1
7863 core=0 tick r=1 y=3 c0=t337 c1=IDLE0
7864 core=0 tick r=1 y=3 c0=t336 c1=IDLE1
7865 core=1 noop r=0 y=0 c0=t336 c1=IDLE1
7866 core=0 resume t332 r=0 y=2 c0=t336 c1=t328
7867 core=1 noop r=0 y=0 c0=t336 c1=t328
7868 core=1 noop r=0 y=0 c0=t336 c1=t328
7869 core=1 resume t337 r=0 y=0 c0=t336 c1=t328
7870 core=0 tick r=0 y=2 c0=t336 c1=t337
7871 core=0 give r=0 y=0 c0=t336 c1=t337
7872 core=1 suspend t332 r=0 y=0 c0=t336 c1=t337
7873 core=0 prio t337 1 r=0 y=0 c0=t336 c1=t337
7874 core=0 give_isr r=0 y=0 c0=t336 c1=t337
7875 core=0 tick r=0 y=0 c0=t336 c1=t337
7876 core=1 noop r=0 y=0 c0=t336 c1=t337
7877 core=1 yield r=0 y=2 c0=t336 c1=t337
7878 core=1 take t337 r=1 y=0 c0=t336 c1=t337
7879 core=0 tick r=0 y=0 c0=t336 c1=t337
7880 core=0 give r=1 y=0 c0=t336 c1=t337
7881 core=1 noop r=0 y=0 c0=t336 c1=t337
7882 core=0 noop r=0 y=0 c0=t336 c1=t337
7883 core=1 delay t337 2 r=0 y=2 c0=t336 c1=IDLE0
7884 core=0 prio t337 2 r=0 y=0 c0=t336 c1=IDLE0
7885 core=1 noop r=0 y=0 c0=t336 c1=IDLE0
7886 core=0 give r=0 y=0 c0=t336 c1=IDLE0
7887 core=0 create 0 t338 p2 r=1 y=2 c0=t336 c1=t338
7888 core=1 take t338 r=1 y=0 c0=t336 c1=t338
7889 core=1 take t338 r=0 y=0 c0=t336 c1=t338
7890 core=0 delete 2 t332 r=0 y=0 c0=t336 c1=t338
7891 core=1 suspend t336 r=0 y=1 c0=IDLE1 c1=t338
7892 core=0 give_isr r=1 y=0 c0=IDLE1 c1=t338
7893 core=1 noop r=0 y=0 c0=IDLE1 c1=t338
7894 core=0 give_isr r=0 y=0 c0=IDLE1 c1=t338
7895 core=0 noop r=0 y=0 c0=IDLE1 c1=t338
7896 core=0 create 2 t339 p2 r=1 y=1 c0=t339 c1=t338
7897 core=0 delay t339 4 r=0 y=1 c0=t328 c1=t338
7898 core=0 noop r=0 y=0 c0=t328 c1=t338
7899 core=1 create 6 t340 p2 r=1 y=1 c0=t340 c1=t338
7900 core=0 resume t337 r=0 y=0 c0=t340 c1=t338
7901 core=1 take t338 r=1 y=0 c0=t340 c1=t338
7902 core=1 noop r=0 y=0 c0=t340 c1=t338
7903 core=1 take t338 r=0 y=0 c0=t340 c1=t338
7904 core=0 create 9 t341 p1 r=1 y=0 c0=t340 c1=t338
7905 core=0 noop r=0 y=0 c0=t340 c1=t338
7906 core=0 tick r=1 y=3 c0=t340 c1=t338
7907 core=1 give r=1 y=0 c0=t340 c1=t338
7908 core=0 resume t340 r=0 y=0 c0=t340 c1=t338
7909 core=1 noop r=0 y=0 c0=t340 c1=t338
7910 core=1 suspend t337 r=0 y=0 c0=t340 c1=t338
7911 core=1 take t338 r=1 y=0 c0=t340 c1=t338
7912 core=1 noop r=0 y=0 c0=t340 c1=t338
7913 core=0 delete 6 t340 r=0 y=1 c0=t341 c1=t338
7914 core=0 noop r=0 y=0 c0=t341 c1=t338
7915 core=1 prio t336 3 r=0 y=0 c0=t341 c1=t338
7916 core=1 give r=1 y=0 c0=t341 c1=t338
7917 core=0 give_isr r=0 y=0 c0=t341 c1=t338
7918 core=0 noop r=0 y=0 c0=t341 c1=t338
7919 core=1 resume t341 r=0 y=0 c0=t341 c1=t338
7920 core=0 noop r=0 y=0 c0=t341 c1=t338
7921 core=0 take t341 r=1 y=0 c0=t341 c1=t338
7922 core=1 delay t338 1 r=0 y=2 c0=t341 c1=IDLE0
7923 core=0 noop r=0 y=0 c0=t341 c1=IDLE0
7924 core=1 noop r=0 y=0 c0=t341 c1=IDLE0
7925 core=0 tick r=0 y=2 c0=t341 c1=t338
7926 core=1 prio t337 0 r=0 y=0 c0=t341 c1=t338
7927 core=0 noop r=0 y=0 c0=t341 c1=t338
7928 core=1 noop r=0 y=0 c0=t341 c1=t338
7929 core=0 delete 9 t341 r=0 y=1 c0=IDLE1 c1=t338
7930 core=1 take t338 r=0 y=0 c0=IDLE1 c1=t338
7931 core=1 take t338 r=0 y=0 c0=IDLE1 c1=t338
7932 core=0 delete 8 t337 r=0 y=0 c0=IDLE1 c1=t338
7933 core=1 delete 0 t338 r=0 y=2 c0=IDLE1 c1=t328
7934 core=1 take t328 r=0 y=0 c0=IDLE1 c1=t328
7935 core=1 delete 5 t328 r=0 y=2 c0=IDLE1 c1=IDLE0
7936 core=0 tick r=1 y=3 c0=IDLE1 c1=IDLE0
7937 core=0 noop r=0 y=0 c0=IDLE1 c1=IDLE0
7938 core=0 tick r=1 y=3 c0=t339 c1=IDLE1
7939 core=1 noop r=0 y=0 c0=t339 c1=IDLE1
7940 core=0 noop r=0 y=0 c0=t339 c1=IDLE1
7941 core=0 noop r=0 y=0 c0=t339 c1=IDLE1
7942 core=0 give r=1 y=0 c0=t339 c1=IDLE1
7943 core=0 take t339 r=1 y=0 c0=t339 c1=IDLE1
7944 core=1 noop r=0 y=0 c0=t339 c1=IDLE1
7945 core=1 noop r=0 y=0 c0=t339 c1=IDLE1
7946 core=1 yield r=0 y=2 c0=t339 c1=IDLE0
7947 core=1 yield r=0 y=2 c0=t339 c1=IDLE1
7948 core=1 noop r=0 y=0 c0=t339 c1=IDLE1
7949 core=1 noop r=0 y=0 c0=t339 c1=IDLE1
7950 core=1 noop r=0 y=0 c0=t339 c1=IDLE1
7951 core=1 noop r=0 y=0 c0=t339 c1=IDLE1
7952 core=0 give r=1 y=0 c0=t339 c1=IDLE1
7953 core=0 resume t339 r=0 y=0 c0=t339 c1=IDLE1
7954 core=0 tick r=0 y=2 c0=t339 c1=IDLE0
7955 core=1 resume t336 r=0 y=2 c0=t339 c1=t336
7956 core=0 create 5 t342 p0 r=1 y=0 c0=t339 c1=t336
7957 core=1 noop r=0 y=0 c0=t339 c1=t336
7958 core=0 create 6 t343 p2 r=1 y=0 c0=t339 c1=t336
7959 core=1 noop r=0 y=0 c0=t339 c1=t336
7960 core=1 prio t343 1 r=0 y=0 c0=t339 c1=t336
7961 core=1 give r=0 y=0 c0=t339 c1=t336
7962 core=0 noop r=0 y=0 c0=t339 c1=t336
7963 core=1 take t336 r=1 y=0 c0=t339 c1=t336
7964 core=1 noop r=0 y=0 c0=t339 c1=t336
7965 core=0 tick r=0 y=0 c0=t339 c1=t336
7966 core=0 prio t342 3 r=0 y=1 c0=t342 c1=t336
7967 core=0 suspend t336 r=0 y=2 c0=t342 c1=t339
7968 core=1 give_isr r=1 y=0 c0=t342 c1=t339
7969 core=1 noop r=0 y=0 c0=t342 c1=t339
7970 core=1 noop r=0 y=0 c0=t342 c1=t339
7971 core=1 noop r=0 y=0 c0=t342 c1=t339
7972 core=0 suspend t343 r=0 y=0 c0=t342 c1=t339
7973 core=0 suspend t342 r=0 y=1 c0=IDLE1 c1=t339
7974 core=1 delay t339 2 r=0 y=2 c0=IDLE1 c1=IDLE0
7975 core=0 yield r=0 y=1 c0=IDLE1 c1=IDLE0
7976 core=1 noop r=0 y=0 c0=IDLE1 c1=IDLE0
7977 core=0 noop r=0 y=0 c0=IDLE1 c1=IDLE0
7978 core=1 noop r=0 y=0 c0=IDLE1 c1=IDLE0
7979 core=1 give r=0 y=0 c0=IDLE1 c1=IDLE0
7980 core=1 prio t342 2 r=0 y=0 c0=IDLE1 c1=IDLE0
7981 core=1 noop r=0 y=0 c0=IDLE1 c1=IDLE0
7982 core=0 create 1 t344 p1 r=1 y=2 c0=IDLE1 c1=t344
7983 core=0 noop r=0 y=0 c0=IDLE1 c1=t344
7984 core=0 noop r=0 y=0 c0=IDLE1 c1=t344
7985 core=1 delay t344 4 r=0 y=2 c0=IDLE1 c1=IDLE0
7986 core=1 give r=0 y=0 c0=IDLE1 c1=IDLE0
7987 core=1 delete 1 t344 r=0 y=0 c0=IDLE1 c1=IDLE0
7988 core=1 delete 6 t343 r=0 y=0 c0=IDLE1 c1=IDLE0
7989 core=0 tick r=1 y=3 c0=IDLE1 c1=IDLE0
7990 core=0 noop r=0 y=0 c0=IDLE1 c1=IDLE0
7991 core=0 prio t342 1 r=0 y=0 c0=IDLE1 c1=IDLE0
7992 core=1 noop r=0 y=0 c0=IDLE1 c1=IDLE0
7993 core=1 noop r=0 y=0 c0=IDLE1 c1=IDLE0
7994 core=0 noop r=0 y=0 c0=IDLE1 c1=IDLE0
7995 core=1 noop r=0 y=0 c0=IDLE1 c1=IDLE0
7996 core=0 noop r=0 y=0 c0=IDLE1 c1=IDLE0
7997 core=1 noop r=0 y=0 c0=IDLE1 c1=IDLE0
7998 core=1 create 1 t345 p2 r=1 y=2 c0=IDLE1 c1=t345
7999 core=0 tick r=1 y=3 c0=t339 c1=t345
8000 core=0 noop r=0 y=0 c0=t339 c1=t345
8001 core=1 delete 5 t342 r=0 y=0 c0=t339 c1=t345
8002 core=0 noop r=0 y=0 c0=t339 c1=t345
8003 core=0 tick r=1 y=3 c0=t339 c1=t345
8004 core=0 delay t339 2 r=0 y=1 c0=IDLE0 c1=t345
8005 core=0 tick r=1 y=1 c0=IDLE1 c1=t345
8006 core=0 noop r=0 y=0 c0=IDLE1 c1=t345
8007 core=0 noop r=0 y=0 c0=IDLE1 c1=t345
8008 core=1 suspend t339 r=0 y=0 c0=IDLE1 c1=t345
8009 core=1 noop r=0 y=0 c0=IDLE1 c1=t345
8010 core=1 noop r=0 y=0 c0=IDLE1 c1=t345
8011 core=0 noop r=0 y=0 c0=IDLE1 c1=t345
8012 core=0 tick r=1 y=1 c0=IDLE0 c1=t345
8013 core=1 take t345 r=1 y=0 c0=IDLE0 c1=t345
8014 core=1 noop r=0 y=0 c0=IDLE0 c1=t345
8015 core=0 noop r=0 y=0 c0=IDLE0 c1=t345
8016 core=0 create 7 t346 p2 r=1 y=1 c0=t346 c1=t345
8017 core=0 noop r=0 y=0 c0=t346 c1=t345
8018 core=1 create 5 t347 p3 r=1 y=2 c0=t346 c1=t347
8019 core=1 take t347 r=0 y=0 c0=t346 c1=t347
8020 core=1 take t347 r=0 y=0 c0=t346 c1=t347
8021 core=1 noop r=0 y=0 c0=t346 c1=t347
8022 core=0 tick r=1 y=1 c0=t345 c1=t347
8023 core=1 give_isr r=1 y=0 c0=t345 c1=t347
8024 core=0 delay t345 2 r=0 y=1 c0=t346 c1=t347
8025 core=1 create 9 t348 p1 r=1 y=0 c0=t346 c1=t347
8026 core=0 tick r=0 y=0 c0=t346 c1=t347
8027 core=0 give r=0 y=0 c0=t346 c1=t347
8028 core=0 suspend t347 r=0 y=2 c0=t346 c1=t348
8029 core=1 delay t348 4 r=0 y=2 c0=t346 c1=IDLE1
8030 core=0 noop r=0 y=0 c0=t346 c1=IDLE1
8031 core=1 create 0 t349 p2 r=1 y=2 c0=t346 c1=t349
8032 core=0 give r=0 y=0 c0=t346 c1=t349
8033 core=0 take t346 r=1 y=0 c0=t346 c1=t349
8034 core=1 create 4 t350 p1 r=1 y=0 c0=t346 c1=t349
8035 core=1 prio t346 3 r=0 y=0 c0=t346 c1=t349
8036 core=1 noop r=0 y=0 c0=t346 c1=t349
8037 core=0 take t346 r=0 y=0 c0=t346 c1=t349
8038 core=0 prio t345 3 r=0 y=0 c0=t346 c1=t349
8039 core=1 noop r=0 y=0 c0=t346 c1=t349
8040 core=0 tick r=1 y=3 c0=t345 c1=t346
8041 core=0 delay t345 2 r=0 y=1 c0=t349 c1=t346
8042 core=0 tick r=0 y=0 c0=t349 c1=t346
8043 core=0 give_isr r=1 y=0 c0=t349 c1=t346
8044 core=0 delay t349 2 r=0 y=1 c0=t350 c1=t346
8045 core=0 delete 7 t346 r=0 y=2 c0=t350 c1=IDLE0
8046 core=1 resume t349 r=0 y=0 c0=t350 c1=IDLE0
8047 core=1 give r=0 y=0 c0=t350 c1=IDLE0
8048 core=1 noop r=0 y=0 c0=t350 c1=IDLE0
8049 core=1 create 8 t351 p0 r=1 y=2 c0=t350 c1=IDLE1
8050 core=0 delete 3 t336 r=0 y=0 c0=t350 c1=IDLE1
8051 core=0 delete 9 t348 r=0 y=0 c0=t350 c1=IDLE1
8052 core=0 take t350 r=1 y=0 c0=t350 c1=IDLE1
8053 core=0 noop r=0 y=0 c0=t350 c1=IDLE1
8054 core=1 resume t347 r=0 y=2 c0=t350 c1=t347
8055 core=0 prio t349 0 r=0 y=0 c0=t350 c1=t347
8056 core=0 noop r=0 y=0 c0=t350 c1=t347
8057 core=1 take t347 r=0 y=0 c0=t350 c1=t347
8058 core=0 delay t350 4 r=0 y=1 c0=t351 c1=t347
8059 core=1 give r=1 y=0 c0=t351 c1=t347
8060 core=0 prio t350 3 r=0 y=0 c0=t351 c1=t347
8061 core=0 delay t351 5 r=0 y=1 c0=IDLE0 c1=t347
8062 core=1 give r=0 y=0 c0=IDLE0 c1=t347
8063 core=1 give r=0 y=0 c0=IDLE0 c1=t347
8064 core=1 create 7 t352 p3 r=1 y=1 c0=t352 c1=t347
8065 core=1 delay t347 5 r=0 y=2 c0=t352 c1=IDLE1
8066 core=1 noop r=0 y=0 c0=t352 c1=IDLE1
8067 core=1 noop r=0 y=0 c0=t352 c1=IDLE1
8068 core=0 noop r=0 y=0 c0=t352 c1=IDLE1
8069 core=1 noop r=0 y=0 c0=t352 c1=IDLE1
8070 core=1 give r=0 y=0 c0=t352 c1=IDLE1
8071 core=0 tick r=1 y=3 c0=t345 c1=t352
8072 core=0 prio t350 1 r=0 y=0 c0=t345 c1=t352
8073 core=1 resume t339 r=0 y=0 c0=t345 c1=t352
8074 core=0 resume t349 r=0 y=0 c0=t345 c1=t352
8075 core=0 tick r=1 y=3 c0=t345 c1=t352
8076 core=1 take t352 r=1 y=0 c0=t345 c1=t352
8077 core=1 noop r=0 y=0 c0=t345 c1=t352
8078 core=0 noop r=0 y=0 c0=t345 c1=t352
8079 core=0 noop r=0 y=0 c0=t345 c1=t352
8080 core=1 noop r=0 y=0 c0=t345 c1=t352
8081 core=0 tick r=1 y=3 c0=t345 c1=t352
8082 core=1 resume t351 r=0 y=0 c0=t345 c1=t352
8083 core=0 tick r=1 y=3 c0=t345 c1=t352
8084 core=0 delay t345 3 r=0 y=1 c0=t339 c1=t352
8085 core=0 create 6 t353 p0 r=1 y=0 c0=t339 c1=t352
8086 core=0 tick r=1 y=3 c0=t347 c1=t352
8087 core=0 delete 4 t350 r=0 y=0 c0=t347 c1=t352
8088 core=0 delete 5 t347 r=0 y=1 c0=t339 c1=t352
8089 core=1 noop r=0 y=0 c0=t339 c1=t352
8090 core=0 take t339 r=0 y=0 c0=t339 c1=t352
8091 core=0 delay t339 5 r=0 y=1 c0=IDLE0 c1=t352
8092 core=0 noop r=0 y=0 c0=IDLE0 c1=t352
8093 core=1 give r=1 y=0 c0=IDLE0 c1=t352
8094 core=1 delay t352 1 r=0 y=2 c0=IDLE0 c1=IDLE1
8095 core=0 noop r=0 y=0 c0=IDLE0 c1=IDLE1
8096 core=0 tick r=1 y=3 c0=t352 c1=t349
8097 core=0 noop r=0 y=0 c0=t352 c1=t349
8098 core=0 noop r=0 y=0 c0=t352 c1=t349
8099 core=1 resume t351 r=0 y=0 c0=t352 c1=t349
8100 core=0 tick r=1 y=3 c0=t345 c1=t352
8101 core=1 noop r=0 y=0 c0=t345 c1=t352
8102 core=1 suspend t339 r=0 y=0 c0=t345 c1=t352
8103 core=0 give_isr r=0 y=0 c0=t345 c1=t352
8104 core=1 take t352 r=1 y=0 c0=t345 c1=t352
8105 core=0 give_isr r=1 y=0 c0=t345 c1=t352
8106 core=0 create 9 t354 p3 r=1 y=0 c0=t345 c1=t352
8107 core=0 take t345 r=1 y=0 c0=t345 c1=t352
8108 core=1 prio t351 0 r=0 y=0 c0=t345 c1=t352
8109 core=1 give r=1 y=0 c0=t345 c1=t352
8110 core=0 tick r=1 y=3 c0=t354 c1=t345
8111 core=1 delay t345 4 r=0 y=2 c0=t354 c1=t352
8112 core=0 give_isr r=0 y=0 c0=t354 c1=t352
8113 core=0 delete 9 t354 r=0 y=1 c0=t353 c1=t352
8114 core=0 give r=0 y=0 c0=t353 c1=t352
8115 core=1 noop r=0 y=0 c0=t353 c1=t352
8116 core=1 noop r=0 y=0 c0=t353 c1=t352
8117 core=1 noop r=0 y=0 c0=t353 c1=t352
8118 core=1 resume t339 r=0 y=1 c0=t339 c1=t352
8119 core=0 resume t345 r=0 y=0 c0=t339 c1=t352
8120 core=0 noop r=0 y=0 c0=t339 c1=t352
8121 core=0 tick r=0 y=0 c0=t339 c1=t352
8122 core=0 tick r=0 y=0 c0=t339 c1=t352
8123 core=1 prio t351 3 r=0 y=1 c0=t351 c1=t352
8124 core=0 delay t351 4 r=0 y=1 c0=t339 c1=t352
8125 core=0 suspend t351 r=0 y=0 c0=t339 c1=t352
8126 core=0 create 3 t355 p1 r=1 y=0 c0=t339 c1=t352
8127 core=0 noop r=0 y=0 c0=t339 c1=t352
8128 core=1 create 5 t356 p1 r=1 y=0 c0=t339 c1=t352
8129 core=1 prio t356 1 r=0 y=0 c0=t339 c1=t352
8130 core=1 suspend t356 r=0 y=0 c0=t339 c1=t352
8131 core=1 delete 0 t349 r=0 y=0 c0=t339 c1=t352
8132 core=0 yield r=0 y=1 c0=t339 c1=t352
8133 core=1 yield r=0 y=2 c0=t339 c1=t352
8134 core=0 prio t356 2 r=0 y=0 c0=t339 c1=t352
8135 core=0 resume t351 r=0 y=1 c0=t351 c1=t352
8136 core=0 give r=0 y=0 c0=t351 c1=t352
8137 core=0 tick r=1 y=3 c0=t351 c1=t352
8138 core=1 yield r=0 y=2 c0=t351 c1=t352
8139 core=0 noop r=0 y=0 c0=t351 c1=t352
8140 core=0 delay t351 2 r=0 y=1 c0=t339 c1=t352
8141 core=1 suspend t355 r=0 y=0 c0=t339 c1=t352
8142 core=0 give r=0 y=0 c0=t339 c1=t352
8143 core=0 delay t339 4 r=0 y=1 c0=IDLE0 c1=t352
8144 core=0 suspend t339 r=0 y=0 c0=IDLE0 c1=t352
8145 core=1 give r=0 y=0 c0=IDLE0 c1=t352
8146 core=1 prio t345 3 r=0 y=0 c0=IDLE0 c1=t352
8147 core=1 noop r=0 y=0 c0=IDLE0 c1=t352
8148 core=0 resume t356 r=0 y=1 c0=t356 c1=t352
8149 core=1 noop r=0 y=0 c0=t356 c1=t352
8150 core=0 tick r=1 y=3 c0=t345 c1=t352
8151 core=0 noop r=0 y=0 c0=t345 c1=t352
8152 core=0 suspend t353 r=0 y=0 c0=t345 c1=t352
8153 core=0 delay t345 5 r=0 y=1 c0=t356 c1=t352
8154 core=1 resume t353 r=0 y=0 c0=t356 c1=t352
8155 core=1 delay t352 5 r=0 y=2 c0=t356 c1=IDLE1
8156 core=1 resume t345 r=0 y=0 c0=t356 c1=IDLE1
8157 core=1 yield r=0 y=2 c0=t356 c1=IDLE0
8158 core=0 noop r=0 y=0 c0=t356 c1=IDLE0
8159 core=1 resume t353 r=0 y=0 c0=t356 c1=IDLE0
8160 core=0 yield r=0 y=1 c0=t356 c1=IDLE0
8161 core=1 noop r=0 y=0 c0=t356 c1=IDLE0
8162 core=0 noop r=0 y=0 c0=t356 c1=IDLE0
8163 core=0 tick r=0 y=2 c0=t356 c1=t351
8164 core=1 delete 2 t339 r=0 y=0 c0=t356 c1=t351
8165 core=1 prio t352 3 r=0 y=0 c0=t356 c1=t351
8166 core=1 resume t356 r=0 y=0 c0=t356 c1=t351
8167 core=1 noop r=0 y=0 c0=t356 c1=t351
8168 core=0 tick r=0 y=0 c0=t356 c1=t351
8169 core=0 prio t345 1 r=0 y=0 c0=t356 c1=t351
8170 core=0 give r=0 y=0 c0=t356 c1=t351
8171 core=1 delete 3 t355 r=0 y=0 c0=t356 c1=t351
8172 core=1 noop r=0 y=0 c0=t356 c1=t351
8173 core=0 noop r=0 y=0 c0=t356 c1=t351
8174 core=1 delay t351 1 r=0 y=2 c0=t356 c1=t353
8175 core=1 delay t353 1 r=0 y=2 c0=t356 c1=IDLE1
8176 core=1 give r=0 y=0 c0=t356 c1=IDLE1
8177 core=1 give r=0 y=0 c0=t356 c1=IDLE1
8178 core=0 noop r=0 y=0 c0=t356 c1=IDLE1
8179 core=0 suspend t353 r=0 y=0 c0=t356 c1=IDLE1
8180 core=1 noop r=0 y=0 c0=t356 c1=IDLE1
8181 core=1 noop r=0 y=0 c0=t356 c1=IDLE1
8182 core=1 create 2 t357 p1 r=1 y=2 c0=t356 c1=t357
8183 core=0 tick r=0 y=2 c0=t356 c1=t351
8184 core=1 suspend t345 r=0 y=0 c0=t356 c1=t351
8185 core=0 give_isr r=0 y=0 c0=t356 c1=t351
8186 core=1 delay t351 3 r=0 y=2 c0=t356 c1=t357
8187 core=1 give_isr r=0 y=0 c0=t356 c1=t357
8188 core=1 give r=0 y=0 c0=t356 c1=t357
8189 core=1 give r=0 y=0 c0=t356 c1=t357
8190 core=0 delay t356 5 r=0 y=1 c0=IDLE0 c1=t357
8191 core=0 tick r=1 y=1 c0=IDLE1 c1=t357
8192 core=0 yield r=0 y=1 c0=IDLE0 c1=t357
8193 core=1 delay t357 1 r=0 y=2 c0=IDLE0 c1=IDLE1
8194 core=1 prio t356 3 r=0 y=0 c0=IDLE0 c1=IDLE1
8195 core=1 noop r=0 y=0 c0=IDLE0 c1=IDLE1
8196 core=0 prio t353 2 r=0 y=0 c0=IDLE0 c1=IDLE1
8197 core=1 resume t353 r=0 y=2 c0=IDLE0 c1=t353
8198 core=0 delete 6 t353 r=0 y=2 c0=IDLE0 c1=IDLE1
8199 core=0 yield r=0 y=1 c0=IDLE0 c1=IDLE1
8200 core=0 noop r=0 y=0 c0=IDLE0 c1=IDLE1
8201 core=0 noop r=0 y=0 c0=IDLE0 c1=IDLE1
8202 core=0 noop r=0 y=0 c0=IDLE0 c1=IDLE1
8203 core=0 tick r=1 y=3 c0=t352 c1=t357
8204 core=1 suspend t351 r=0 y=0 c0=t352 c1=t357
8205 core=0 noop r=0 y=0 c0=t352 c1=t357
8206 core=0 delete 2 t357 r=0 y=2 c0=t352 c1=IDLE0
8207 core=1 give r=0 y=0 c0=t352 c1=IDLE0
8208 core=1 noop r=0 y=0 c0=t352 c1=IDLE0
8209 core=0 noop r=0 y=0 c0=t352 c1=IDLE0
8210 core=1 resume t351 r=0 y=2 c0=t352 c1=t351
8211 core=0 yield r=0 y=1 c0=t352 c1=t351
8212 core=0 yield r=0 y=1 c0=t352 c1=t351
8213 core=1 take t351 r=1 y=0 c0=t352 c1=t351
8214 core=1 delay t351 5 r=0 y=2 c0=t352 c1=IDLE1
8215 core=0 noop r=0 y=0 c0=t352 c1=IDLE1
8216 core=0 noop r=0 y=0 c0=t352 c1=IDLE1
8217 core=0 delete 5 t356 r=0 y=0 c0=t352 c1=IDLE1
8218 core=1 yield r=0 y=2 c0=t352 c1=IDLE0
8219 core=1 delete 7 t352 r=0 y=1 c0=IDLE1 c1=IDLE0
8220 core=0 resume t345 r=0 y=2 c0=IDLE1 c1=t345
8221 core=1 noop r=0 y=0 c0=IDLE1 c1=t345
8222 core=0 tick r=1 y=1 c0=IDLE0 c1=t345
8223 core=0 noop r=0 y=0 c0=IDLE0 c1=t345
8224 core=1 noop r=0 y=0 c0=IDLE0 c1=t345
8225 core=0 noop r=0 y=0 c0=IDLE0 c1=t345
8226 core=1 prio t351 3 r=0 y=0 c0=IDLE0 c1=t345
8227 core=1 take t345 r=0 y=0 c0=IDLE0 c1=t345
8228 core=1 create 9 t358 p2 r=1 y=1 c0=t358 c1=t345
8229 core=0 noop r=0 y=0 c0=t358 c1=t345
8230 core=1 noop r=0 y=0 c0=t358 c1=t345
8231 core=1 noop r=0 y=0 c0=t358 c1=t345
8232 core=0 give r=1 y=0 c0=t358 c1=t345
8233 core=1 noop r=0 y=0 c0=t358 c1=t345
8234 core=1 yield r=0 y=2 c0=t358 c1=t345
8235 core=0 noop r=0 y=0 c0=t358 c1=t345
8236 core=1 take t345 r=1 y=0 c0=t358 c1=t345
8237 core=0 noop r=0 y=0 c0=t358 c1=t345
8238 core=0 yield r=0 y=1 c0=t358 c1=t345
8239 core=1 noop r=0 y=0 c0=t358 c1=t345
8240 core=1 delay t345 3 r=0 y=2 c0=t358 c1=IDLE1
8241 core=0 give_isr r=1 y=0 c0=t358 c1=IDLE1
8242 core=1 noop r=0 y=0 c0=t358 c1=IDLE1
8243 core=0 delay t358 3 r=0 y=1 c0=IDLE0 c1=IDLE1
8244 core=1 create 5 t359 p1 r=1 y=2 c0=IDLE0 c1=t359
8245 core=0 give r=0 y=0 c0=IDLE0 c1=t359
8246 core=1 give_isr r=0 y=0 c0=IDLE0 c1=t359
8247 core=0 yield r=0 y=1 c0=IDLE1 c1=t359
8248 core=1 noop r=0 y=0 c0=IDLE1 c1=t359
8249 core=0 give r=0 y=0 c0=IDLE1 c1=t359
8250 core=0 give_isr r=0 y=0 c0=IDLE1 c1=t359
8251 core=1 yield r=0 y=2 c0=IDLE1 c1=t359
8252 core=0 create 2 t360 p3 r=1 y=1 c0=t360 c1=t359
8253 core=1 delay t359 4 r=0 y=2 c0=t360 c1=IDLE0
8254 core=0 suspend t351 r=0 y=0 c0=t360 c1=IDLE0
8255 core=0 tick r=0 y=2 c0=t360 c1=IDLE1
8256 core=0 noop r=0 y=0 c0=t360 c1=IDLE1
8257 core=1 delete 5 t359 r=0 y=0 c0=t360 c1=IDLE1
8258 core=0 prio t351 1 r=0 y=0 c0=t360 c1=IDLE1
8259 core=1 noop r=0 y=0 c0=t360 c1=IDLE1
8260 core=1 create 7 t361 p3 r=1 y=2 c0=t360 c1=t361
8261 core=1 noop r=0 y=0 c0=t360 c1=t361
8262 core=0 noop r=0 y=0 c0=t360 c1=t361
8263 core=1 noop r=0 y=0 c0=t360 c1=t361
8264 core=1 delay t361 5 r=0 y=2 c0=t360 c1=IDLE0
8265 core=0 noop r=0 y=0 c0=t360 c1=IDLE0
8266 core=0 tick r=0 y=2 c0=t360 c1=IDLE1
8267 core=1 create 4 t362 p2 r=1 y=2 c0=t360 c1=t362
8268 core=0 resume t362 r=0 y=0 c0=t360 c1=t362
8269 core=0 tick r=0 y=2 c0=t360 c1=t358
8270 core=1 prio t360 1 r=0 y=1 c0=t362 c1=t358
8271 core=0 noop r=0 y=0 c0=t362 c1=t358
8272 core=1 give r=0 y=0 c0=t362 c1=t358
8273 core=0 noop r=0 y=0 c0=t362 c1=t358
8274 core=0 create 3 t363 p2 r=1 y=0 c0=t362 c1=t358
8275 core=0 tick r=1 y=3 c0=t363 c1=t362
8276 core=0 delete 1 t345 r=0 y=0 c0=t363 c1=t362
8277 core=1 yield r=0 y=2 c0=t363 c1=t358
8278 core=1 noop r=0 y=0 c0=t363 c1=t358
8279 core=0 noop r=0 y=0 c0=t363 c1=t358
8280 core=0 give r=0 y=0 c0=t363 c1=t358
8281 core=1 prio t361 1 r=0 y=0 c0=t363 c1=t358
8282 core=0 take t363 r=1 y=0 c0=t363 c1=t358
8283 core=1 prio t361 1 r=0 y=0 c0=t363 c1=t358
8284 core=0 suspend t361 r=0 y=0 c0=t363 c1=t358
8285 core=1 create 1 t364 p0 r=1 y=0 c0=t363 c1=t358
8286 core=0 tick r=1 y=3 c0=t362 c1=t363
8287 core=0 noop r=0 y=0 c0=t362 c1=t363
8288 core=1 noop r=0 y=0 c0=t362 c1=t363
8289 core=0 take t362 r=0 y=0 c0=t362 c1=t363
8290 core=0 suspend t358 r=0 y=0 c0=t362 c1=t363
8291 core=1 noop r=0 y=0 c0=t362 c1=t363
8292 core=1 noop r=0 y=0 c0=t362 c1=t363
8293 core=0 prio t364 1 r=0 y=0 c0=t362 c1=t363
8294 core=1 delay t363 5 r=0 y=2 c0=t362 c1=t360
8295 core=0 prio t358 0 r=0 y=0 c0=t362 c1=t360
8296 core=0 give_isr r=1 y=0 c0=t362 c1=t360
8297 core=0 yield r=0 y=1 c0=t362 c1=t360
8298 core=1 create 6 t365 p2 r=1 y=2 c0=t362 c1=t365
8299 core=0 suspend t365 r=0 y=2 c0=t362 c1=t364
8300 core=0 prio t361 1 r=0 y=0 c0=t362 c1=t364
8301 core=0 take t362 r=1 y=0 c0=t362 c1=t364
8302 core=0 tick r=0 y=2 c0=t362 c1=t360
8303 core=1 prio t351 1 r=0 y=0 c0=t362 c1=t360
8304 core=1 noop r=0 y=0 c0=t362 c1=t360
8305 core=0 yield r=0 y=1 c0=t362 c1=t360
8306 core=1 suspend t361 r=0 y=0 c0=t362 c1=t360
8307 core=0 take t362 r=0 y=0 c0=t362 c1=t360
8308 core=1 take t360 r=0 y=0 c0=t362 c1=t360
8309 core=0 give r=1 y=0 c0=t362 c1=t360
8310 core=1 suspend t365 r=0 y=0 c0=t362 c1=t360
8311 core=0 delete 2 t360 r=0 y=2 c0=t362 c1=t364
8312 core=0 suspend t362 r=0 y=1 c0=IDLE0 c1=t364
8313 core=0 noop r=0 y=0 c0=IDLE0 c1=t364
8314 core=1 give_isr r=0 y=0 c0=IDLE0 c1=t364
8315 core=1 give r=0 y=0 c0=IDLE0 c1=t364
8316 core=1 give r=0 y=0 c0=IDLE0 c1=t364
8317 core=0 yield r=0 y=1 c0=IDLE1 c1=t364
8318 core=0 noop r=0 y=0 c0=IDLE1 c1=t364
8319 core=1 delete 9 t358 r=0 y=0 c0=IDLE1 c1=t364
8320 core=1 noop r=0 y=0 c0=IDLE1 c1=t364
8321 core=0 tick r=1 y=1 c0=IDLE0 c1=t364
8322 core=1 noop r=0 y=0 c0=IDLE0 c1=t364
8323 core=0 noop r=0 y=0 c0=IDLE0 c1=t364
8324 core=0 give r=0 y=0 c0=IDLE0 c1=t364
8325 core=1 resume t351 r=0 y=1 c0=t351 c1=t364
8326 core=0 tick r=1 y=3 c0=t351 c1=t364
8327 core=1 noop r=0 y=0 c0=t351 c1=t364
8328 core=0 take t351 r=1 y=0 c0=t351 c1=t364
8329 core=0 tick r=1 y=3 c0=t351 c1=t364
8330 core=1 give r=1 y=0 c0=t351 c1=t364
8331 core=1 give_isr r=0 y=0 c0=t351 c1=t364
8332 core=1 resume t363 r=0 y=0 c0=t351 c1=t364
8333 core=0 noop r=0 y=0 c0=t351 c1=t364
8334 core=1 give r=0 y=0 c0=t351 c1=t364
8335 core=0 tick r=1 y=3 c0=t363 c1=t351
8336 core=1 prio t351 1 r=0 y=0 c0=t363 c1=t351
8337 core=0 resume t362 r=0 y=2 c0=t363 c1=t362
8338 core=0 suspend t351 r=0 y=0 c0=t363 c1=t362
8339 core=1 delay t362 5 r=0 y=2 c0=t363 c1=t364
8340 core=1 suspend t362 r=0 y=0 c0=t363 c1=t364
8341 core=1 noop r=0 y=0 c0=t363 c1=t364
8342 core=0 give r=0 y=0 c0=t363 c1=t364
8343 core=1 noop r=0 y=0 c0=t363 c1=t364
8344 core=0 take t363 r=1 y=0 c0=t363 c1=t364
8345 core=1 suspend t351 r=0 y=0 c0=t363 c1=t364
8346 core=1 suspend t361 r=0 y=0 c0=t363 c1=t364
8347 core=1 yield r=0 y=2 c0=t363 c1=t364
8348 core=0 create 5 t366 p2 r=1 y=2 c0=t363 c1=t366
8349 core=0 prio t351 3 r=0 y=0 c0=t363 c1=t366
8350 core=0 tick r=1 y=3 c0=t363 c1=t366
8351 core=0 take t363 r=0 y=0 c0=t363 c1=t366
8352 core=0 resume t362 r=0 y=0 c0=t363 c1=t366
8353 core=0 tick r=1 y=3 c0=t362 c1=t363
8354 core=1 give r=1 y=0 c0=t362 c1=t363
8355 core=0 tick r=1 y=3 c0=t366 c1=t362
8356 core=1 resume t351 r=0 y=2 c0=t366 c1=t351
8357 core=0 delay t366 5 r=0 y=1 c0=t363 c1=t351
8358 core=1 give r=0 y=0 c0=t363 c1=t351
8359 core=0 prio t365 3 r=0 y=0 c0=t363 c1=t351
8360 core=1 create 9 t367 p1 r=1 y=0 c0=t363 c1=t351
8361 core=0 noop r=0 y=0 c0=t363 c1=t351
8362 core=0 tick r=1 y=1 c0=t362 c1=t351
8363 core=1 prio t363 3 r=0 y=1 c0=t363 c1=t351
8364 core=0 yield r=0 y=1 c0=t363 c1=t351
8365 core=0 tick r=1 y=3 c0=t363 c1=t351
8366 core=0 delete 7 t361 r=0 y=0 c0=t363 c1=t351
8367 core=1 yield r=0 y=2 c0=t363 c1=t351
8368 core=1 prio t367 1 r=0 y=0 c0=t363 c1=t351
8369 core=0 resume t365 r=0 y=0 c0=t363 c1=t351
8370 core=1 give_isr r=0 y=0 c0=t363 c1=t351
8371 core=1 delay t351 2 r=0 y=2 c0=t363 c1=t365
8372 core=0 take t363 r=1 y=0 c0=t363 c1=t365
8373 core=1 noop r=0 y=0 c0=t363 c1=t365
8374 core=1 delay t365 5 r=0 y=2 c0=t363 c1=t362
8375 core=0 give_isr r=1 y=0 c0=t363 c1=t362
8376 core=1 delay t362 1 r=0 y=2 c0=t363 c1=t364
8377 core=1 give r=0 y=0 c0=t363 c1=t364
8378 core=0 tick r=0 y=2 c0=t363 c1=t362
8379 core=0 delete 6 t365 r=0 y=0 c0=t363 c1=t362
8380 core=1 yield r=0 y=2 c0=t363 c1=t362
8381 core=0 delay t363 2 r=0 y=1 c0=t367 c1=t362
8382 core=1 delete 5 t366 r=0 y=0 c0=t367 c1=t362
8383 core=1 noop r=0 y=0 c0=t367 c1=t362
8384 core=1 delay t362 3 r=0 y=2 c0=t367 c1=t364
8385 core=0 tick r=1 y=3 c0=t351 c1=t367
8386 core=1 noop r=0 y=0 c0=t351 c1=t367
8387 core=1 yield r=0 y=2 c0=t351 c1=t364
8388 core=0 noop r=0 y=0 c0=t351 c1=t364
8389 core=1 suspend t363 r=0 y=0 c0=t351 c1=t364
8390 core=1 take t364 r=1 y=0 c0=t351 c1=t364
8391 core=1 give_isr r=1 y=0 c0=t351 c1=t364
8392 core=0 suspend t367 r=0 y=0 c0=t351 c1=t364
8393 core=1 give_isr r=0 y=0 c0=t351 c1=t364
8394 core=1 delete 1 t364 r=0 y=2 c0=t351 c1=IDLE1
8395 core=0 noop r=0 y=0 c0=t351 c1=IDLE1
8396 core=0 noop r=0 y=0 c0=t351 c1=IDLE1
8397 core=1 resume t363 r=0 y=2 c0=t351 c1=t363
8398 core=0 noop r=0 y=0 c0=t351 c1=t363
8399 core=0 prio t351 2 r=0 y=1 c0=t351 c1=t363
8400 core=1 noop r=0 y=0 c0=t351 c1=t363
8401 core=0 delay t351 2 r=0 y=1 c0=IDLE0 c1=t363
8402 core=0 resume t351 r=0 y=0 c0=IDLE0 c1=t363
8403 core=0 suspend t367 r=0 y=0 c0=IDLE0 c1=t363
8404 core=0 resume t351 r=0 y=0 c0=IDLE0 c1=t363
8405 core=1 take t363 r=1 y=0 c0=IDLE0 c1=t363
8406 core=1 noop r=0 y=0 c0=IDLE0 c1=t363
8407 core=1 noop r=0 y=0 c0=IDLE0 c1=t363
8408 core=0 noop r=0 y=0 c0=IDLE0 c1=t363
8409 core=0 noop r=0 y=0 c0=IDLE0 c1=t363
8410 core=0 noop r=0 y=0 c0=IDLE0 c1=t363
8411 core=1 give r=1 y=0 c0=IDLE0 c1=t363
8412 core=0 noop r=0 y=0 c0=IDLE0 c1=t363
8413 core=1 resume t351 r=0 y=0 c0=IDLE0 c1=t363
8414 core=0 tick r=1 y=1 c0=IDLE1 c1=t363
8415 core=0 noop r=0 y=0 c0=IDLE1 c1=t363
8416 core=0 prio t351 1 r=0 y=0 c0=IDLE1 c1=t363
8417 core=0 resume t362 r=0 y=0 c0=IDLE1 c1=t363
8418 core=1 take t363 r=1 y=0 c0=IDLE1 c1=t363
8419 core=1 noop r=0 y=0 c0=IDLE1 c1=t363
8420 core=1 take t363 r=0 y=0 c0=IDLE1 c1=t363
8421 core=1 create 1 t368 p1 r=1 y=1 c0=t368 c1=t363
8422 core=0 prio t362 2 r=0 y=0 c0=t368 c1=t363
8423 core=0 suspend t351 r=0 y=0 c0=t368 c1=t363
8424 core=0 suspend t367 r=0 y=0 c0=t368 c1=t363
8425 core=0 suspend t351 r=0 y=0 c0=t368 c1=t363
8426 core=0 resume t363 r=0 y=0 c0=t368 c1=t363
8427 core=1 suspend t362 r=0 y=0 c0=t368 c1=t363
8428 core=1 create 7 t369 p3 r=1 y=1 c0=t369 c1=t363
8429 core=0 take t369 r=0 y=0 c0=t369 c1=t363
8430 core=0 give_isr r=1 y=0 c0=t369 c1=t363
8431 core=1 delay t363 2 r=0 y=2 c0=t369 c1=t368
8432 core=0 noop r=0 y=0 c0=t369 c1=t368
8433 core=1 suspend t368 r=0 y=2 c0=t369 c1=IDLE0
8434 core=0 give r=0 y=0 c0=t369 c1=IDLE0
8435 core=1 noop r=0 y=0 c0=t369 c1=IDLE0
8436 core=0 resume t363 r=0 y=0 c0=t369 c1=IDLE0
8437 core=0 tick r=0 y=2 c0=t369 c1=IDLE1
8438 core=0 noop r=0 y=0 c0=t369 c1=IDLE1
8439 core=1 noop r=0 y=0 c0=t369 c1=IDLE1
8440 core=0 prio t369 1 r=0 y=1 c0=t369 c1=IDLE1
8441 core=1 suspend t362 r=0 y=0 c0=t369 c1=IDLE1
8442 core=0 noop r=0 y=0 c0=t369 c1=IDLE1
8443 core=0 give_isr r=0 y=0 c0=t369 c1=IDLE1
8444 core=0 tick r=0 y=2 c0=t369 c1=t363
8445 core=0 resume t367 r=0 y=0 c0=t369 c1=t363
8446 core=1 noop r=0 y=0 c0=t369 c1=t363
8447 core=0 tick r=1 y=1 c0=t367 c1=t363
8448 core=1 give r=0 y=0 c0=t367 c1=t363
8449 core=0 resume t362 r=0 y=1 c0=t362 c1=t363
8450 core=1 delete 1 t368 r=0 y=0 c0=t362 c1=t363
8451 core=0 prio t369 2 r=0 y=0 c0=t362 c1=t363
8452 core=0 noop r=0 y=0 c0=t362 c1=t363
8453 core=1 noop r=0 y=0 c0=t362 c1=t363
8454 core=0 suspend t367 r=0 y=0 c0=t362 c1=t363
8455 core=0 noop r=0 y=0 c0=t362 c1=t363
8456 core=0 create 5 t370 p0 r=1 y=0 c0=t362 c1=t363
8457 core=0 delay t362 2 r=0 y=1 c0=t369 c1=t363
8458 core=1 noop r=0 y=0 c0=t369 c1=t363
8459 core=1 delay t363 5 r=0 y=2 c0=t369 c1=IDLE0
8460 core=0 give r=0 y=0 c0=t369 c1=IDLE0
8461 core=0 suspend t370 r=0 y=0 c0=t369 c1=IDLE0
8462 core=1 noop r=0 y=0 c0=t369 c1=IDLE0
8463 core=0 tick r=0 y=2 c0=t369 c1=IDLE1
8464 core=1 yield r=0 y=2 c0=t369 c1=IDLE0
8465 core=0 resume t369 r=0 y=0 c0=t369 c1=IDLE0
8466 core=0 give_isr r=0 y=0 c0=t369 c1=IDLE0
8467 core=1 noop r=0 y=0 c0=t369 c1=IDLE0
8468 core=0 prio t369 3 r=0 y=0 c0=t369 c1=IDLE0
8469 core=0 noop r=0 y=0 c0=t369 c1=IDLE0
8470 core=1 prio t351 1 r=0 y=0 c0=t369 c1=IDLE0
8471 core=1 noop r=0 y=0 c0=t369 c1=IDLE0
8472 core=1 noop r=0 y=0 c0=t369 c1=IDLE0
8473 core=0 yield r=0 y=1 c0=t369 c1=IDLE0
8474 core=1 noop r=0 y=0 c0=t369 c1=IDLE0
8475 core=1 resume t367 r=0 y=2 c0=t369 c1=t367
8476 core=1 delay t367 2 r=0 y=2 c0=t369 c1=IDLE1
8477 core=1 delete 4 t362 r=0 y=0 c0=t369 c1=IDLE1
8478 core=0 tick r=0 y=2 c0=t369 c1=IDLE0
8479 core=0 tick r=0 y=2 c0=t369 c1=t367
8480 core=1 noop r=0 y=0 c0=t369 c1=t367
8481 core=0 delay t369 5 r=0 y=1 c0=IDLE1 c1=t367
8482 core=0 tick r=1 y=1 c0=IDLE0 c1=t367
8483 core=1 create 1 t371 p0 r=1 y=1 c0=IDLE1 c1=t367
8484 core=1 suspend t369 r=0 y=0 c0=IDLE1 c1=t367
8485 core=0 suspend t370 r=0 y=0 c0=IDLE1 c1=t367
8486 core=0 noop r=0 y=0 c0=IDLE1 c1=t367
8487 core=0 noop r=0 y=0 c0=IDLE1 c1=t367
8488 core=1 delay t367 5 r=0 y=2 c0=IDLE1 c1=t371
8489 core=0 tick r=1 y=3 c0=t363 c1=IDLE0
8490 core=1 noop r=0 y=0 c0=t363 c1=IDLE0
8491 core=1 noop r=0 y=0 c0=t363 c1=IDLE0
8492 core=0 noop r=0 y=0 c0=t363 c1=IDLE0
8493 core=1 suspend t351 r=0 y=0 c0=t363 c1=IDLE0
8494 core=1 noop r=0 y=0 c0=t363 c1=IDLE0
8495 core=0 tick r=0 y=2 c0=t363 c1=IDLE1
8496 core=0 resume t367 r=0 y=0 c0=t363 c1=IDLE1
8497 core=0 prio t371 3 r=0 y=2 c0=t363 c1=t371
8498 core=1 delay t371 4 r=0 y=2 c0=t363 c1=IDLE0
8499 core=0 take t363 r=1 y=0 c0=t363 c1=IDLE0
8500 core=1 suspend t351 r=0 y=0 c0=t363 c1=IDLE0
8501 core=0 tick r=0 y=2 c0=t363 c1=IDLE1
8502 core=0 noop r=0 y=0 c0=t363 c1=IDLE1
8503 core=1 prio t363 3 r=0 y=0 c0=t363 c1=IDLE1
8504 core=0 give r=1 y=0 c0=t363 c1=IDLE1
8505 core=0 noop r=0 y=0 c0=t363 c1=IDLE1
8506 core=0 resume t367 r=0 y=0 c0=t363 c1=IDLE1
8507 core=0 give_isr r=0 y=0 c0=t363 c1=IDLE1
8508 core=1 give_isr r=0 y=0 c0=t363 c1=IDLE1
8509 core=1 noop r=0 y=0 c0=t363 c1=IDLE1
8510 core=0 give r=0 y=0 c0=t363 c1=IDLE1
8511 core=0 delete 3 t363 r=0 y=1 c0=IDLE0 c1=IDLE1
8512 core=0 give r=0 y=0 c0=IDLE0 c1=IDLE1
8513 core=0 noop r=0 y=0 c0=IDLE0 c1=IDLE1
8514 core=1 noop r=0 y=0 c0=IDLE0 c1=IDLE1
8515 core=0 tick r=1 y=3 c0=IDLE0 c1=IDLE1
8516 core=0 prio t369 1 r=0 y=0 c0=IDLE0 c1=IDLE1
8517 core=0 give_isr r=0 y=0 c0=IDLE0 c1=IDLE1
8518 core=1 noop r=0 y=0 c0=IDLE0 c1=IDLE1
8519 core=1 create 6 t372 p2 r=1 y=2 c0=IDLE0 c1=t372
8520 core=1 noop r=0 y=0 c0=IDLE0 c1=t372
8521 core=1 yield r=0 y=2 c0=IDLE0 c1=t372
8522 core=1 noop r=0 y=0 c0=IDLE0 c1=t372
8523 core=0 delete 7 t369 r=0 y=0 c0=IDLE0 c1=t372
8524 core=1 noop r=0 y=0 c0=IDLE0 c1=t372
8525 core=1 give_isr r=0 y=0 c0=IDLE0 c1=t372
8526 core=0 noop r=0 y=0 c0=IDLE0 c1=t372
8527 core=1 resume t351 r=0 y=1 c0=t351 c1=t372
8528 core=1 noop r=0 y=0 c0=t351 c1=t372
8529 core=1 delete 8 t351 r=0 y=1 c0=IDLE1 c1=t372
8530 core=1 give r=0 y=0 c0=IDLE1 c1=t372
8531 core=0 tick r=1 y=1 c0=t367 c1=t372
8532 core=1 suspend t371 r=0 y=0 c0=t367 c1=t372
8533 core=0 resume t371 r=0 y=1 c0=t371 c1=t372
8534 core=1 prio t367 2 r=0 y=0 c0=t371 c1=t372
8535 core=1 give_isr r=0 y=0 c0=t371 c1=t372
8536 core=0 tick r=0 y=2 c0=t371 c1=t367
8537 core=0 noop r=0 y=0 c0=t371 c1=t367
8538 core=1 noop r=0 y=0 c0=t371 c1=t367
8539 core=0 give r=0 y=0 c0=t371 c1=t367
8540 core=1 suspend t371 r=0 y=1 c0=t372 c1=t367
8541 core=1 take t367 r=1 y=0 c0=t372 c1=t367
8542 core=0 give r=1 y=0 c0=t372 c1=t367
8543 core=0 tick r=1 y=3 c0=t372 c1=t367
8544 core=1 delay t367 4 r=0 y=2 c0=t372 c1=IDLE0
8545 core=0 noop r=0 y=0 c0=t372 c1=IDLE0
8546 core=0 yield r=0 y=1 c0=t372 c1=IDLE0
8547 core=0 tick r=0 y=2 c0=t372 c1=IDLE1
8548 core=0 noop r=0 y=0 c0=t372 c1=IDLE1
8549 core=1 noop r=0 y=0 c0=t372 c1=IDLE1
8550 core=0 delay t372 4 r=0 y=1 c0=IDLE0 c1=IDLE1
8551 core=0 noop r=0 y=0 c0=IDLE0 c1=IDLE1
8552 core=1 noop r=0 y=0 c0=IDLE0 c1=IDLE1
8553 core=1 prio t370 0 r=0 y=0 c0=IDLE0 c1=IDLE1
8554 core=0 noop r=0 y=0 c0=IDLE0 c1=IDLE1
8555 core=1 noop r=0 y=0 c0=IDLE0 c1=IDLE1
8556 core=0 noop r=0 y=0 c0=IDLE0 c1=IDLE1
8557 core=0 prio t367 1 r=0 y=0 c0=IDLE0 c1=IDLE1
8558 core=1 noop r=0 y=0 c0=IDLE0 c1=IDLE1
8559 core=0 yield r=0 y=1 c0=IDLE0 c1=IDLE1
8560 core=1 noop r=0 y=0 c0=IDLE0 c1=IDLE1
8561 core=1 give_isr r=0 y=0 c0=IDLE0 c1=IDLE1
8562 core=0 give r=0 y=0 c0=IDLE0 c1=IDLE1
8563 core=0 noop r=0 y=0 c0=IDLE0 c1=IDLE1
8564 core=1 noop r=0 y=0 c0=IDLE0 c1=IDLE1
8565 core=1 noop r=0 y=0 c0=IDLE0 c1=IDLE1
8566 core=1 suspend t372 r=0 y=0 c0=IDLE0 c1=IDLE1
8567 core=1 noop r=0 y=0 c0=IDLE0 c1=IDLE1
8568 core=0 noop r=0 y=0 c0=IDLE0 c1=IDLE1
8569 core=0 suspend t371 r=0 y=0 c0=IDLE0 c1=IDLE1
8570 core=0 tick r=1 y=3 c0=IDLE0 c1=IDLE1
8571 core=1 noop r=0 y=0 c0=IDLE0 c1=IDLE1
8572 core=0 suspend t367 r=0 y=0 c0=IDLE0 c1=IDLE1
8573 core=0 noop r=0 y=0 c0=IDLE0 c1=IDLE1
8574 core=0 resume t370 r=0 y=2 c0=IDLE0 c1=t370
8575 core=1 take t370 r=1 y=0 c0=IDLE0 c1=t370
8576 core=0 yield r=0 y=1 c0=IDLE1 c1=t370
8577 core=0 give_isr r=1 y=0 c0=IDLE1 c1=t370
8578 core=0 noop r=0 y=0 c0=IDLE1 c1=t370
8579 core=0 tick r=1 y=3 c0=IDLE0 c1=IDLE1
8580 core=1 prio t371 3 r=0 y=0 c0=IDLE0 c1=IDLE1
8581 core=1 noop r=0 y=0 c0=IDLE0 c1=IDLE1
8582 core=1 noop r=0 y=0 c0=IDLE0 c1=IDLE1
8583 core=1 noop r=0 y=0 c0=IDLE0 c1=IDLE1
8584 core=1 give r=0 y=0 c0=IDLE0 c1=IDLE1
8585 core=0 create 7 t373 p3 r=1 y=2 c0=IDLE0 c1=t373
8586 core=1 noop r=0 y=0 c0=IDLE0 c1=t373
8587 core=1 noop r=0 y=0 c0=IDLE0 c1=t373
8588 core=0 give r=0 y=0 c0=IDLE0 c1=t373
8589 core=1 noop r=0 y=0 c0=IDLE0 c1=t373
8590 core=1 noop r=0 y=0 c0=IDLE0 c1=t373
8591 core=1 noop r=0 y=0 c0=IDLE0 c1=t373
8592 core=0 give r=0 y=0 c0=IDLE0 c1=t373
8593 core=0 tick r=1 y=1 c0=t370 c1=t373
8594 core=0 give r=0 y=0 c0=t370 c1=t373
8595 core=1 take t373 r=1 y=0 c0=t370 c1=t373
8596 core=1 resume t367 r=0 y=1 c0=t367 c1=t373
8597 core=0 take t367 r=0 y=0 c0=t367 c1=t373
8598 core=0 noop r=0 y=0 c0=t367 c1=t373
8599 core=0 delay t367 2 r=0 y=1 c0=IDLE1 c1=t373
8600 core=1 prio t372 2 r=0 y=0 c0=IDLE1 c1=t373
8601 core=0 tick r=1 y=1 c0=IDLE0 c1=t373
8602 core=1 create 8 t374 p0 r=1 y=1 c0=t370 c1=t373
8603 core=0 delay t370 1 r=0 y=1 c0=IDLE1 c1=t373
8604 core=0 noop r=0 y=0 c0=IDLE1 c1=t373
8605 core=1 resume t374 r=0 y=0 c0=IDLE1 c1=t373
8606 core=1 delete 5 t370 r=0 y=0 c0=IDLE1 c1=t373
8607 core=1 delay t373 2 r=0 y=2 c0=IDLE1 c1=t374
8608 core=1 suspend t373 r=0 y=0 c0=IDLE1 c1=t374
8609 core=1 noop r=0 y=0 c0=IDLE1 c1=t374
8610 core=0 noop r=0 y=0 c0=IDLE1 c1=t374
8611 core=0 tick r=1 y=3 c0=t367 c1=IDLE0
8612 core=0 suspend t373 r=0 y=0 c0=t367 c1=IDLE0
8613 core=0 tick r=0 y=2 c0=t367 c1=IDLE1
8614 core=0 give r=1 y=0 c0=t367 c1=IDLE1
8615 core=1 noop r=0 y=0 c0=t367 c1=IDLE1
8616 core=1 create 5 t375 p1 r=1 y=2 c0=t367 c1=t375
8617 core=1 prio t371 0 r=0 y=0 c0=t367 c1=t375
8618 core=1 resume t374 r=0 y=0 c0=t367 c1=t375
8619 core=0 create 2 t376 p1 r=1 y=0 c0=t367 c1=t375
8620 core=0 give_isr r=0 y=0 c0=t367 c1=t375
8621 core=0 noop r=0 y=0 c0=t367 c1=t375
8622 core=1 suspend t372 r=0 y=0 c0=t367 c1=t375
8623 core=1 resume t372 r=0 y=2 c0=t367 c1=t372
8624 core=1 noop r=0 y=0 c0=t367 c1=t372
8625 core=0 noop r=0 y=0 c0=t367 c1=t372
8626 core=1 give r=0 y=0 c0=t367 c1=t372
8627 core=1 noop r=0 y=0 c0=t367 c1=t372
8628 core=1 noop r=0 y=0 c0=t367 c1=t372
8629 core=0 prio t375 3 r=0 y=1 c0=t375 c1=t372
8630 core=1 delay t372 3 r=0 y=2 c0=t375 c1=t376
8631 core=1 take t376 r=1 y=0 c0=t375 c1=t376
8632 core=0 prio t371 0 r=0 y=0 c0=t375 c1=t376
8633 core=0 noop r=0 y=0 c0=t375 c1=t376
8634 core=1 delay t376 5 r=0 y=2 c0=t375 c1=t367
8635 core=0 noop r=0 y=0 c0=t375 c1=t367
8636 core=0 delay t375 4 r=0 y=1 c0=t374 c1=t367
8637 core=0 give_isr r=1 y=0 c0=t374 c1=t367
8638 core=0 take t374 r=1 y=0 c0=t374 c1=t367
8639 core=1 noop r=0 y=0 c0=t374 c1=t367
8640 core=1 take t367 r=0 y=0 c0=t374 c1=t367
8641 core=1 delay t367 3 r=0 y=2 c0=t374 c1=IDLE0
8642 core=0 resume t373 r=0 y=2 c0=t374 c1=t373
8643 core=0 delete 9 t367 r=0 y=0 c0=t374 c1=t373
8644 core=1 noop r=0 y=0 c0=t374 c1=t373
8645 core=0 tick r=1 y=1 c0=IDLE1 c1=t373
8646 core=0 noop r=0 y=0 c0=IDLE1 c1=t373
8647 core=0 yield r=0 y=1 c0=IDLE0 c1=t373
8648 core=1 resume t373 r=0 y=0 c0=IDLE0 c1=t373
8649 core=0 tick r=1 y=1 c0=t374 c1=t373
8650 core=0 delay t374 2 r=0 y=1 c0=IDLE1 c1=t373
8651 core=0 noop r=0 y=0 c0=IDLE1 c1=t373
8652 core=1 resume t375 r=0 y=0 c0=IDLE1 c1=t373
8653 core=0 tick r=1 y=1 c0=t372 c1=t373
8654 core=0 tick r=1 y=3 c0=t375 c1=t373
8655 core=0 resume t372 r=0 y=0 c0=t375 c1=t373
8656 core=1 resume t372 r=0 y=0 c0=t375 c1=t373
8657 core=1 give r=1 y=0 c0=t375 c1=t373
8658 core=0 give_isr r=0 y=0 c0=t375 c1=t373
8659 core=0 noop r=0 y=0 c0=t375 c1=t373
8660 core=0 take t375 r=1 y=0 c0=t375 c1=t373
8661 core=1 resume t376 r=0 y=0 c0=t375 c1=t373
8662 core=1 delay t373 1 r=0 y=2 c0=t375 c1=t372
8663 core=1 take t372 r=0 y=0 c0=t375 c1=t372
8664 core=0 delete 7 t373 r=0 y=0 c0=t375 c1=t372
8665 core=0 yield r=0 y=1 c0=t375 c1=t372
8666 core=0 delay t375 3 r=0 y=1 c0=IDLE0 c1=t372
8667 core=0 give_isr r=1 y=0 c0=IDLE0 c1=t372
8668 core=1 noop r=0 y=0 c0=IDLE0 c1=t372
8669 core=0 tick r=1 y=1 c0=t376 c1=t372
8670 core=1 prio t374 3 r=0 y=1 c0=t374 c1=t372
8671 core=1 give r=0 y=0 c0=t374 c1=t372
8672 core=0 give_isr r=0 y=0 c0=t374 c1=t372
8673 core=0 resume t372 r=0 y=0 c0=t374 c1=t372
8674 core=0 delay t374 2 r=0 y=1 c0=t376 c1=t372
8675 core=0 give_isr r=0 y=0 c0=t376 c1=t372
8676 core=1 noop r=0 y=0 c0=t376 c1=t372
8677 core=0 give_isr r=0 y=0 c0=t376 c1=t372
8678 core=1 give_isr r=0 y=0 c0=t376 c1=t372
8679 core=1 create 0 t377 p2 r=1 y=1 c0=t377 c1=t372
8680 core=0 noop r=0 y=0 c0=t377 c1=t372
8681 core=1 give_isr r=0 y=0 c0=t377 c1=t372
8682 core=1 noop r=0 y=0 c0=t377 c1=t372
8683 core=1 noop r=0 y=0 c0=t377 c1=t372
8684 core=1 noop r=0 y=0 c0=t377 c1=t372
8685 core=1 take t372 r=1 y=0 c0=t377 c1=t372
8686 core=0 create 3 t378 p1 r=1 y=0 c0=t377 c1=t372
8687 core=0 create 9 t379 p2 r=1 y=0 c0=t377 c1=t372
8688 core=1 resume t375 r=0 y=0 c0=t377 c1=t372
8689 core=1 yield r=0 y=2 c0=t377 c1=t379
8690 core=1 delay t379 5 r=0 y=2 c0=t377 c1=t372
8691 core=0 noop r=0 y=0 c0=t377 c1=t372
8692 core=0 noop r=0 y=0 c0=t377 c1=t372
8693 core=1 prio t378 2 r=0 y=0 c0=t377 c1=t372
8694 core=0 yield r=0 y=1 c0=t378 c1=t372
8695 core=0 tick r=1 y=3 c0=t377 c1=t378
8696 core=0 tick r=1 y=3 c0=t375 c1=t374
8697 core=0 take t375 r=0 y=0 c0=t375 c1=t374
8698 core=0 noop r=0 y=0 c0=t375 c1=t374
8699 core=0 take t375 r=0 y=0 c0=t375 c1=t374
8700 core=0 yield r=0 y=1 c0=t375 c1=t374
8701 core=1 resume t375 r=0 y=0 c0=t375 c1=t374
8702 core=0 delay t375 3 r=0 y=1 c0=t372 c1=t374
8703 core=1 noop r=0 y=0 c0=t372 c1=t374
8704 core=1 take t374 r=0 y=0 c0=t372 c1=t374
8705 core=1 resume t371 r=0 y=0 c0=t372 c1=t374
8706 core=1 noop r=0 y=0 c0=t372 c1=t374
8707 core=0 prio t372 1 r=0 y=1 c0=t377 c1=t374
8708 core=0 tick r=1 y=1 c0=t378 c1=t374
8709 core=0 yield r=0 y=1 c0=t377 c1=t374
8710 core=0 noop r=0 y=0 c0=t377 c1=t374
8711 core=0 give r=1 y=0 c0=t377 c1=t374
8712 core=1 suspend t372 r=0 y=0 c0=t377 c1=t374
8713 core=0 delete 6 t372 r=0 y=0 c0=t377 c1=t374
8714 core=0 prio t375 2 r=0 y=0 c0=t377 c1=t374
8715 core=1 resume t379 r=0 y=0 c0=t377 c1=t374
8716 core=1 take t374 r=1 y=0 c0=t377 c1=t374
8717 core=1 delete 5 t375 r=0 y=0 c0=t377 c1=t374
8718 core=0 noop r=0 y=0 c0=t377 c1=t374
8719 core=1 noop r=0 y=0 c0=t377 c1=t374
8720 core=0 give r=1 y=0 c0=t377 c1=t374
8721 core=1 delay t374 5 r=0 y=2 c0=t377 c1=t378
8722 core=0 tick r=1 y=3 c0=t377 c1=t378
8723 core=1 noop r=0 y=0 c0=t377 c1=t378
8724 core=0 tick r=1 y=3 c0=t379 c1=t377
8725 core=0 tick r=1 y=3 c0=t378 c1=t379
8726 core=1 prio t377 2 r=0 y=0 c0=t378 c1=t379
8727 core=0 noop r=0 y=0 c0=t378 c1=t379
8728 core=0 noop r=0 y=0 c0=t378 c1=t379
8729 core=0 create 5 t380 p0 r=1 y=0 c0=t378 c1=t379
8730 core=0 noop r=0 y=0 c0=t378 c1=t379
8731 core=0 suspend t379 r=0 y=2 c0=t378 c1=t377
8732 core=1 noop r=0 y=0 c0=t378 c1=t377
8733 core=0 take t378 r=1 y=0 c0=t378 c1=t377
8734 core=0 delay t378 3 r=0 y=1 c0=t376 c1=t377
8735 core=1 noop r=0 y=0 c0=t376 c1=t377
8736 core=0 yield r=0 y=1 c0=t376 c1=t377
8737 core=0 give r=1 y=0 c0=t376 c1=t377
8738 core=1 give r=0 y=0 c0=t376 c1=t377
8739 core=1 create 4 t381 p0 r=1 y=0 c0=t376 c1=t377
8740 core=0 tick r=0 y=0 c0=t376 c1=t377
8741 core=0 give r=0 y=0 c0=t376 c1=t377
8742 core=1 suspend t380 r=0 y=0 c0=t376 c1=t377
8743 core=1 delay t377 2 r=0 y=2 c0=t376 c1=IDLE1
8744 core=0 tick r=0 y=2 c0=t376 c1=t374
8745 core=1 prio t378 0 r=0 y=0 c0=t376 c1=t374
8746 core=1 suspend t374 r=0 y=2 c0=t376 c1=IDLE0
8747 core=1 noop r=0 y=0 c0=t376 c1=IDLE0
8748 core=1 suspend t381 r=0 y=0 c0=t376 c1=IDLE0
8749 core=0 give_isr r=0 y=0 c0=t376 c1=IDLE0
8750 core=1 suspend t380 r=0 y=0 c0=t376 c1=IDLE0
8751 core=1 noop r=0 y=0 c0=t376 c1=IDLE0
8752 core=0 prio t378 0 r=0 y=0 c0=t376 c1=IDLE0
8753 core=1 noop r=0 y=0 c0=t376 c1=IDLE0
8754 core=0 suspend t380 r=0 y=0 c0=t376 c1=IDLE0
8755 core=1 give_isr r=0 y=0 c0=t376 c1=IDLE0
8756 core=0 tick r=1 y=3 c0=t377 c1=t376
8757 core=1 suspend t378 r=0 y=0 c0=t377 c1=t376
8758 core=1 suspend t371 r=0 y=0 c0=t377 c1=t376
8759 core=1 create 7 t382 p3 r=1 y=2 c0=t377 c1=t382
8760 core=0 delete 9 t379 r=0 y=0 c0=t377 c1=t382
8761 core=1 suspend t378 r=0 y=0 c0=t377 c1=t382
8762 core=0 give_isr r=0 y=0 c0=t377 c1=t382
8763 core=1 take t382 r=1 y=0 c0=t377 c1=t382
8764 core=1 prio t374 0 r=0 y=0 c0=t377 c1=t382
8765 core=1 delete 5 t380 r=0 y=0 c0=t377 c1=t382
8766 core=1 take t382 r=0 y=0 c0=t377 c1=t382
8767 core=0 tick r=0 y=0 c0=t377 c1=t382
8768 core=1 resume t381 r=0 y=0 c0=t377 c1=t382
8769 core=0 noop r=0 y=0 c0=t377 c1=t382
8770 core=1 suspend t378 r=0 y=0 c0=t377 c1=t382
8771 core=1 give r=1 y=0 c0=t377 c1=t382
8772 core=0 noop r=0 y=0 c0=t377 c1=t382
8773 core=0 yield r=0 y=1 c0=t377 c1=t382
8774 core=1 create 9 t383 p1 r=1 y=0 c0=t377 c1=t382
8775 core=0 yield r=0 y=1 c0=t377 c1=t382
8776 core=0 delete 3 t378 r=0 y=0 c0=t377 c1=t382
8777 core=1 create 5 t384 p1 r=1 y=0 c0=t377 c1=t382
8778 core=1 delay t382 3 r=0 y=2 c0=t377 c1=t376
8779 core=1 yield r=0 y=2 c0=t377 c1=t383
8780 core=0 take t377 r=1 y=0 c0=t377 c1=t383
8781 core=1 suspend t384 r=0 y=0 c0=t377 c1=t383
8782 core=0 tick r=0 y=2 c0=t377 c1=t376
8783 core=1 delay t376 1 r=0 y=2 c0=t377 c1=t383
8784 core=1 delay t383 1 r=0 y=2 c0=t377 c1=IDLE1
8785 core=0 delete 9 t383 r=0 y=0 c0=t377 c1=IDLE1
8786 core=0 delete 2 t376 r=0 y=0 c0=t377 c1=IDLE1
8787 core=1 noop r=0 y=0 c0=t377 c1=IDLE1
8788 core=1 noop r=0 y=0 c0=t377 c1=IDLE1
8789 core=1 noop r=0 y=0 c0=t377 c1=IDLE1
8790 core=0 tick r=0 y=2 c0=t377 c1=IDLE0
8791 core=1 noop r=0 y=0 c0=t377 c1=IDLE0
8792 core=0 take t377 r=0 y=0 c0=t377 c1=IDLE0
8793 core=0 noop r=0 y=0 c0=t377 c1=IDLE0
8794 core=1 yield r=0 y=2 c0=t377 c1=t381
8795 core=1 take t381 r=0 y=0 c0=t377 c1=t381
8796 core=0 suspend t377 r=0 y=1 c0=IDLE1 c1=t381
8797 core=1 give r=1 y=0 c0=IDLE1 c1=t381
8798 core=1 noop r=0 y=0 c0=IDLE1 c1=t381
8799 core=1 give r=0 y=0 c0=IDLE1 c1=t381
8800 core=0 give r=0 y=0 c0=IDLE1 c1=t381
8801 core=0 tick r=1 y=3 c0=t382 c1=IDLE0
8802 core=0 take t382 r=1 y=0 c0=t382 c1=IDLE0
8803 core=0 noop r=0 y=0 c0=t382 c1=IDLE0
8804 core=0 give_isr r=1 y=0 c0=t382 c1=IDLE0
8805 core=1 give r=0 y=0 c0=t382 c1=IDLE0
8806 core=1 noop r=0 y=0 c0=t382 c1=IDLE0
8807 core=0 delay t382 5 r=0 y=1 c0=IDLE1 c1=IDLE0
8808 core=0 give r=0 y=0 c0=IDLE1 c1=IDLE0
8809 core=1 resume t374 r=0 y=2 c0=IDLE1 c1=t381
8810 core=1 give_isr r=0 y=0 c0=IDLE1 c1=t381
8811 core=0 noop r=0 y=0 c0=IDLE1 c1=t381
8812 core=0 tick r=1 y=3 c0=t374 c1=IDLE0
8813 core=1 prio t371 2 r=0 y=0 c0=t374 c1=IDLE0
8814 core=0 take t374 r=1 y=0 c0=t374 c1=IDLE0
8815 core=1 resume t374 r=0 y=0 c0=t374 c1=IDLE0
8816 core=0 noop r=0 y=0 c0=t374 c1=IDLE0
8817 core=1 noop r=0 y=0 c0=t374 c1=IDLE0
8818 core=0 suspend t377 r=0 y=0 c0=t374 c1=IDLE0
8819 core=0 tick r=1 y=3 c0=IDLE1 c1=t381
8820 core=0 noop r=0 y=0 c0=IDLE1 c1=t381
8821 core=0 noop r=0 y=0 c0=IDLE1 c1=t381
8822 core=1 give_isr r=1 y=0 c0=IDLE1 c1=t381
8823 core=1 suspend t384 r=0 y=0 c0=IDLE1 c1=t381
8824 core=1 give r=0 y=0 c0=IDLE1 c1=t381
8825 core=0 noop r=0 y=0 c0=IDLE1 c1=t381
8826 core=1 give r=0 y=0 c0=IDLE1 c1=t381
8827 core=1 give r=0 y=0 c0=IDLE1 c1=t381
8828 core=1 resume t377 r=0 y=1 c0=t377 c1=t381
8829 core=1 noop r=0 y=0 c0=t377 c1=t381
8830 core=1 take t381 r=1 y=0 c0=t377 c1=t381
8831 core=0 delete 1 t371 r=0 y=0 c0=t377 c1=t381
8832 core=0 take t377 r=0 y=0 c0=t377 c1=t381
8833 core=0 noop r=0 y=0 c0=t377 c1=t381
8834 core=1 resume t374 r=0 y=0 c0=t377 c1=t381
8835 core=0 tick r=0 y=2 c0=t377 c1=t374
8836 core=0 tick r=0 y=2 c0=t377 c1=IDLE0
8837 core=1 give r=1 y=0 c0=t377 c1=IDLE0
8838 core=0 tick r=0 y=2 c0=t377 c1=t382
8839 core=0 delay t377 2 r=0 y=1 c0=IDLE1 c1=t382
8840 core=1 prio t374 1 r=0 y=1 c0=t374 c1=t382
8841 core=1 delay t382 4 r=0 y=2 c0=t374 c1=t381
8842 core=0 give_isr r=0 y=0 c0=t374 c1=t381
8843 core=1 noop r=0 y=0 c0=t374 c1=t381
8844 core=1 create 1 t385 p0 r=1 y=0 c0=t374 c1=t381
8845 core=0 noop r=0 y=0 c0=t374 c1=t381
8846 core=0 give r=0 y=0 c0=t374 c1=t381
8847 core=0 resume t374 r=0 y=0 c0=t374 c1=t381
8848 core=0 tick r=0 y=2 c0=t374 c1=IDLE0
8849 core=1 resume t384 r=0 y=2 c0=t374 c1=t384
8850 core=1 suspend t382 r=0 y=0 c0=t374 c1=t384
8851 core=0 noop r=0 y=0 c0=t374 c1=t384
8852 core=1 delete 1 t385 r=0 y=0 c0=t374 c1=t384
8853 core=0 create 3 t386 p2 r=1 y=2 c0=t374 c1=t386
8854 core=1 noop r=0 y=0 c0=t374 c1=t386
8855 core=0 yield r=0 y=1 c0=t384 c1=t386
8856 core=0 take t384 r=1 y=0 c0=t384 c1=t386
8857 core=0 take t384 r=0 y=0 c0=t384 c1=t386
8858 core=1 take t386 r=0 y=0 c0=t384 c1=t386
8859 core=1 delete 4 t381 r=0 y=0 c0=t384 c1=t386
8860 core=0 noop r=0 y=0 c0=t384 c1=t386
8861 core=1 create 9 t387 p3 r=1 y=1 c0=t387 c1=t386
8862 core=0 create 1 t388 p0 r=1 y=0 c0=t387 c1=t386
8863 core=0 tick r=0 y=2 c0=t387 c1=t377
8864 core=1 give_isr r=1 y=0 c0=t387 c1=t377
8865 core=0 noop r=0 y=0 c0=t387 c1=t377
8866 core=1 resume t386 r=0 y=0 c0=t387 c1=t377
8867 core=0 delay t387 3 r=0 y=1 c0=t386 c1=t377
8868 core=1 take t377 r=1 y=0 c0=t386 c1=t377
8869 core=1 noop r=0 y=0 c0=t386 c1=t377
8870 core=1 suspend t374 r=0 y=0 c0=t386 c1=t377
8871 core=0 noop r=0 y=0 c0=t386 c1=t377
8872 core=0 noop r=0 y=0 c0=t386 c1=t377
8873 core=1 resume t374 r=0 y=0 c0=t386 c1=t377
8874 core=1 noop r=0 y=0 c0=t386 c1=t377
8875 core=0 give r=1 y=0 c0=t386 c1=t377
8876 core=0 give r=0 y=0 c0=t386 c1=t377
8877 core=0 noop r=0 y=0 c0=t386 c1=t377
8878 core=0 suspend t387 r=0 y=0 c0=t386 c1=t377
8879 core=0 noop r=0 y=0 c0=t386 c1=t377
8880 core=1 create 4 t389 p0 r=1 y=0 c0=t386 c1=t377
8881 core=1 delay t377 4 r=0 y=2 c0=t386 c1=t384
8882 core=0 give r=0 y=0 c0=t386 c1=t384
8883 core=0 noop r=0 y=0 c0=t386 c1=t384
8884 core=1 suspend t382 r=0 y=0 c0=t386 c1=t384
8885 core=1 give_isr r=0 y=0 c0=t386 c1=t384
8886 core=0 tick r=0 y=2 c0=t386 c1=t374
8887 core=0 resume t374 r=0 y=0 c0=t386 c1=t374
8888 core=1 give r=0 y=0 c0=t386 c1=t374
8889 core=0 noop r=0 y=0 c0=t386 c1=t374
8890 core=1 delay t374 2 r=0 y=2 c0=t386 c1=t384
8891 core=1 noop r=0 y=0 c0=t386 c1=t384
8892 core=1 noop r=0 y=0 c0=t386 c1=t384
8893 core=0 give r=0 y=0 c0=t386 c1=t384
8894 core=1 noop r=0 y=0 c0=t386 c1=t384
8895 core=0 suspend t389 r=0 y=0 c0=t386 c1=t384
8896 core=0 give r=0 y=0 c0=t386 c1=t384
8897 core=1 noop r=0 y=0 c0=t386 c1=t384
8898 core=0 take t386 r=1 y=0 c0=t386 c1=t384
8899 core=0 noop r=0 y=0 c0=t386 c1=t384
8900 core=0 tick r=0 y=0 c0=t386 c1=t384
8901 core=0 tick r=0 y=2 c0=t386 c1=t374
8902 core=0 suspend t389 r=0 y=0 c0=t386 c1=t374
8903 core=1 resume t374 r=0 y=0 c0=t386 c1=t374
8904 core=0 tick r=1 y=3 c0=t377 c1=t386
8905 core=0 tick r=1 y=3 c0=t377 c1=t386
8906 core=0 prio t374 0 r=0 y=0 c0=t377 c1=t386
8907 core=1 delay t386 3 r=0 y=2 c0=t377 c1=t384
8908 core=1 noop r=0 y=0 c0=t377 c1=t384
8909 core=1 suspend t387 r=0 y=0 c0=t377 c1=t384
8910 core=1 prio t389 3 r=0 y=0 c0=t377 c1=t384
8911 core=1 noop r=0 y=0 c0=t377 c1=t384
8912 core=0 prio t389 3 r=0 y=0 c0=t377 c1=t384
8913 core=0 take t377 r=0 y=0 c0=t377 c1=t384
8914 core=0 tick r=0 y=0 c0=t377 c1=t384
8915 core=0 yield r=0 y=1 c0=t377 c1=t384
8916 core=1 suspend t382 r=0 y=0 c0=t377 c1=t384
8917 core=0 give r=1 y=0 c0=t377 c1=t384
8918 core=1 noop r=0 y=0 c0=t377 c1=t384
8919 core=0 tick r=0 y=0 c0=t377 c1=t384
8920 core=1 noop r=0 y=0 c0=t377 c1=t384
8921 core=0 take t377 r=1 y=0 c0=t377 c1=t384
8922 core=1 yield r=0 y=2 c0=t377 c1=t384
8923 core=1 yield r=0 y=2 c0=t377 c1=t384
8924 core=0 delete 8 t374 r=0 y=0 c0=t377 c1=t384
8925 core=0 resume t384 r=0 y=0 c0=t377 c1=t384
8926 core=0 noop r=0 y=0 c0=t377 c1=t384
8927 core=1 suspend t387 r=0 y=0 c0=t377 c1=t384
8928 core=1 prio t389 1 r=0 y=0 c0=t377 c1=t384
8929 core=0 tick r=1 y=3 c0=t386 c1=t377
8930 core=0 resume t384 r=0 y=0 c0=t386 c1=t377
8931 core=0 give_isr r=1 y=0 c0=t386 c1=t377
8932 core=0 prio t382 3 r=0 y=0 c0=t386 c1=t377
8933 core=1 resume t389 r=0 y=0 c0=t386 c1=t377
8934 core=0 tick r=1 y=3 c0=t386 c1=t377
8935 core=0 delay t386 5 r=0 y=1 c0=t384 c1=t377
8936 core=1 noop r=0 y=0 c0=t384 c1=t377
8937 core=0 tick r=1 y=1 c0=t389 c1=t377
8938 core=1 take t377 r=1 y=0 c0=t389 c1=t377
8939 core=1 suspend t388 r=0 y=0 c0=t389 c1=t377
8940 core=0 delay t389 2 r=0 y=1 c0=t384 c1=t377
8941 core=0 noop r=0 y=0 c0=t384 c1=t377
8942 core=1 resume t377 r=0 y=0 c0=t384 c1=t377
8943 core=0 take t384 r=0 y=0 c0=t384 c1=t377
8944 core=0 prio t384 3 r=0 y=0 c0=t384 c1=t377
8945 core=0 suspend t384 r=0 y=1 c0=IDLE1 c1=t377
8946 core=1 delay t377 5 r=0 y=2 c0=IDLE1 c1=IDLE0
8947 core=1 noop r=0 y=0 c0=IDLE1 c1=IDLE0
8948 core=0 prio t377 1 r=0 y=0 c0=IDLE1 c1=IDLE0
8949 core=0 tick r=1 y=3 c0=IDLE1 c1=IDLE0
8950 core=0 tick r=1 y=3 c0=t389 c1=IDLE1
8951 core=1 prio t382 1 r=0 y=0 c0=t389 c1=IDLE1
8952 core=0 tick r=0 y=2 c0=t389 c1=IDLE0
8953 core=1 resume t387 r=0 y=2 c0=t389 c1=t387
8954 core=1 noop r=0 y=0 c0=t389 c1=t387
8955 core=0 noop r=0 y=0 c0=t389 c1=t387
8956 core=0 give r=1 y=0 c0=t389 c1=t387
8957 core=1 resume t377 r=0 y=0 c0=t389 c1=t387
8958 core=0 yield r=0 y=1 c0=t389 c1=t387
8959 core=0 suspend t377 r=0 y=0 c0=t389 c1=t387
8960 core=1 resume t382 r=0 y=0 c0=t389 c1=t387
8961 core=1 noop r=0 y=0 c0=t389 c1=t387
8962 core=1 resume t389 r=0 y=0 c0=t389 c1=t387
8963 core=1 give r=0 y=0 c0=t389 c1=t387
8964 core=0 give r=0 y=0 c0=t389 c1=t387
8965 core=1 suspend t388 r=0 y=0 c0=t389 c1=t387
8966 core=0 noop r=0 y=0 c0=t389 c1=t387
8967 core=0 tick r=1 y=1 c0=t386 c1=t387
8968 core=0 delay t386 1 r=0 y=1 c0=t382 c1=t387
8969 core=0 delete 7 t382 r=0 y=1 c0=t389 c1=t387
8970 core=0 delay t389 5 r=0 y=1 c0=IDLE1 c1=t387
8971 core=1 yield r=0 y=2 c0=IDLE1 c1=t387
8972 core=0 prio t377 2 r=0 y=0 c0=IDLE1 c1=t387
8973 core=0 noop r=0 y=0 c0=IDLE1 c1=t387
8974 core=1 resume t377 r=0 y=1 c0=t377 c1=t387
8975 core=0 yield r=0 y=1 c0=t377 c1=t387
8976 core=1 noop r=0 y=0 c0=t377 c1=t387
8977 core=0 noop r=0 y=0 c0=t377 c1=t387
8978 core=0 prio t384 2 r=0 y=0 c0=t377 c1=t387
8979 core=0 delay t377 2 r=0 y=1 c0=IDLE0 c1=t387
8980 core=0 give_isr r=0 y=0 c0=IDLE0 c1=t387
8981 core=1 resume t388 r=0 y=1 c0=IDLE1 c1=t387
8982 core=1 take t387 r=1 y=0 c0=IDLE1 c1=t387
8983 core=1 give_isr r=1 y=0 c0=IDLE1 c1=t387
8984 core=0 tick r=1 y=1 c0=t386 c1=t387
8985 core=1 delay t387 2 r=0 y=2 c0=t386 c1=t388
8986 core=1 noop r=0 y=0 c0=t386 c1=t388
8987 core=1 delete 4 t389 r=0 y=0 c0=t386 c1=t388
8988 core=1 suspend t384 r=0 y=0 c0=t386 c1=t388
8989 core=1 noop r=0 y=0 c0=t386 c1=t388
8990 core=0 noop r=0 y=0 c0=t386 c1=t388
8991 core=1 take t388 r=1 y=0 c0=t386 c1=t388
8992 core=1 take t388 r=0 y=0 c0=t386 c1=t388
8993 core=1 delay t388 1 r=0 y=2 c0=t386 c1=IDLE0
8994 core=0 give_isr r=1 y=0 c0=t386 c1=IDLE0
8995 core=1 create 6 t390 p2 r=1 y=2 c0=t386 c1=t390
8996 core=1 noop r=0 y=0 c0=t386 c1=t390
8997 core=0 noop r=0 y=0 c0=t386 c1=t390
8998 core=0 delay t386 2 r=0 y=1 c0=IDLE1 c1=t390
8999 core=1 delay t390 2 r=0 y=2 c0=IDLE1 c1=IDLE0
9000 core=0 noop r=0 y=0 c0=IDLE1 c1=IDLE0
9001 core=0 noop r=0 y=0 c0=IDLE1 c1=IDLE0
9002 core=0 tick r=1 y=3 c0=t377 c1=t388
9003 core=1 create 7 t391 p2 r=1 y=2 c0=t377 c1=t391
9004 core=1 noop r=0 y=0 c0=t377 c1=t391
9005 core=0 suspend t387 r=0 y=0 c0=t377 c1=t391
9006 core=0 prio t377 3 r=0 y=0 c0=t377 c1=t391
9007 core=1 delay t391 2 r=0 y=2 c0=t377 c1=IDLE1
9008 core=0 tick r=0 y=2 c0=t377 c1=t386
9009 core=0 resume t386 r=0 y=0 c0=t377 c1=t386
9010 core=1 noop r=0 y=0 c0=t377 c1=t386
9011 core=1 give_isr r=0 y=0 c0=t377 c1=t386
9012 core=0 give r=0 y=0 c0=t377 c1=t386
9013 core=0 tick r=0 y=2 c0=t377 c1=t390
9014 core=0 tick r=0 y=2 c0=t377 c1=t391
9015 core=0 prio t388 2 r=0 y=0 c0=t377 c1=t391
9016 core=0 prio t388 1 r=0 y=0 c0=t377 c1=t391
9017 core=0 delete 3 t386 r=0 y=0 c0=t377 c1=t391
9018 core=0 delete 7 t391 r=0 y=2 c0=t377 c1=t390
9019 core=1 give r=0 y=0 c0=t377 c1=t390
9020 core=1 prio t390 3 r=0 y=0 c0=t377 c1=t390
9021 core=1 noop r=0 y=0 c0=t377 c1=t390
9022 core=1 noop r=0 y=0 c0=t377 c1=t390
9023 core=0 delay t377 3 r=0 y=1 c0=t388 c1=t390
9024 core=0 resume t390 r=0 y=0 c0=t388 c1=t390
9025 core=0 prio t377 2 r=0 y=0 c0=t388 c1=t390
9026 core=0 delete 0 t377 r=0 y=0 c0=t388 c1=t390
9027 core=0 take t388 r=1 y=0 c0=t388 c1=t390
9028 core=1 suspend t388 r=0 y=1 c0=IDLE0 c1=t390
9029 core=1 resume t387 r=0 y=1 c0=t387 c1=t390
9030 core=1 prio t384 0 r=0 y=0 c0=t387 c1=t390
9031 core=1 noop r=0 y=0 c0=t387 c1=t390
9032 core=0 suspend t387 r=0 y=1 c0=IDLE1 c1=t390
9033 core=0 noop r=0 y=0 c0=IDLE1 c1=t390
9034 core=1 resume t388 r=0 y=1 c0=t388 c1=t390
9035 core=0 give_isr r=1 y=0 c0=t388 c1=t390
9036 core=1 noop r=0 y=0 c0=t388 c1=t390
9037 core=0 tick r=0 y=0 c0=t388 c1=t390
9038 core=0 noop r=0 y=0 c0=t388 c1=t390
9039 core=0 noop r=0 y=0 c0=t388 c1=t390
9040 core=1 resume t390 r=0 y=0 c0=t388 c1=t390
9041 core=1 yield r=0 y=2 c0=t388 c1=t390
9042 core=0 prio t387 3 r=0 y=0 c0=t388 c1=t390
9043 core=0 noop r=0 y=0 c0=t388 c1=t390
9044 core=0 prio t384 3 r=0 y=0 c0=t388 c1=t390
9045 core=0 noop r=0 y=0 c0=t388 c1=t390
9046 core=0 noop r=0 y=0 c0=t388 c1=t390
9047 core=1 suspend t384 r=0 y=0 c0=t388 c1=t390
9048 core=0 tick r=0 y=0 c0=t388 c1=t390
9049 core=0 tick r=0 y=0 c0=t388 c1=t390
9050 core=0 take t388 r=1 y=0 c0=t388 c1=t390
9051 core=0 noop r=0 y=0 c0=t388 c1=t390
9052 core=0 delay t388 1 r=0 y=1 c0=IDLE0 c1=t390
9053 core=1 noop r=0 y=0 c0=IDLE0 c1=t390
9054 core=1 noop r=0 y=0 c0=IDLE0 c1=t390
9055 core=0 delete 5 t384 r=0 y=0 c0=IDLE0 c1=t390
9056 core=0 noop r=0 y=0 c0=IDLE0 c1=t390
9057 core=1 give_isr r=1 y=0 c0=IDLE0 c1=t390
9058 core=1 give r=0 y=0 c0=IDLE0 c1=t390
9059 core=1 give_isr r=0 y=0 c0=IDLE0 c1=t390
9060 core=0 noop r=0 y=0 c0=IDLE0 c1=t390
9061 core=0 noop r=0 y=0 c0=IDLE0 c1=t390
9062 core=1 noop r=0 y=0 c0=IDLE0 c1=t390
9063 core=1 noop r=0 y=0 c0=IDLE0 c1=t390
9064 core=0 tick r=1 y=1 c0=t388 c1=t390
9065 core=1 create 0 t392 p3 r=1 y=1 c0=t392 c1=t390
9066 core=0 give r=0 y=0 c0=t392 c1=t390
9067 core=1 delay t390 5 r=0 y=2 c0=t392 c1=t388
9068 core=0 tick r=0 y=0 c0=t392 c1=t388
9069 core=0 noop r=0 y=0 c0=t392 c1=t388
9070 core=1 take t388 r=1 y=0 c0=t392 c1=t388
9071 core=1 noop r=0 y=0 c0=t392 c1=t388
9072 core=1 delay t388 2 r=0 y=2 c0=t392 c1=IDLE1
9073 core=0 tick r=0 y=2 c0=t392 c1=IDLE0
9074 core=0 take t392 r=0 y=0 c0=t392 c1=IDLE0
9075 core=1 noop r=0 y=0 c0=t392 c1=IDLE0
9076 core=1 noop r=0 y=0 c0=t392 c1=IDLE0
9077 core=0 give_isr r=1 y=0 c0=t392 c1=IDLE0
9078 core=0 delay t392 1 r=0 y=1 c0=IDLE1 c1=IDLE0
9079 core=0 create 4 t393 p3 r=1 y=2 c0=IDLE1 c1=t393
9080 core=0 suspend t393 r=0 y=2 c0=IDLE1 c1=IDLE0
9081 core=1 noop r=0 y=0 c0=IDLE1 c1=IDLE0
9082 core=0 noop r=0 y=0 c0=IDLE1 c1=IDLE0
9083 core=1 give r=0 y=0 c0=IDLE1 c1=IDLE0
9084 core=0 noop r=0 y=0 c0=IDLE1 c1=IDLE0
9085 core=0 noop r=0 y=0 c0=IDLE1 c1=IDLE0
9086 core=0 noop r=0 y=0 c0=IDLE1 c1=IDLE0
9087 core=0 noop r=0 y=0 c0=IDLE1 c1=IDLE0
9088 core=1 give r=0 y=0 c0=IDLE1 c1=IDLE0
9089 core=0 create 3 t394 p1 r=1 y=2 c0=IDLE1 c1=t394
9090 core=0 tick r=1 y=3 c0=t392 c1=t388
9091 core=0 noop r=0 y=0 c0=t392 c1=t388
9092 core=0 delete 3 t394 r=0 y=0 c0=t392 c1=t388
9093 core=0 tick r=0 y=0 c0=t392 c1=t388
9094 core=0 tick r=1 y=3 c0=t390 c1=t392
9095 core=0 noop r=0 y=0 c0=t390 c1=t392
9096 core=1 noop r=0 y=0 c0=t390 c1=t392
9097 core=1 delay t392 3 r=0 y=2 c0=t390 c1=t388
9098 core=0 give r=0 y=0 c0=t390 c1=t388
9099 core=1 give_isr r=0 y=0 c0=t390 c1=t388
9100 core=0 noop r=0 y=0 c0=t390 c1=t388
9101 core=0 delete 9 t387 r=0 y=0 c0=t390 c1=t388
9102 core=0 tick r=0 y=0 c0=t390 c1=t388
9103 core=1 suspend t393 r=0 y=0 c0=t390 c1=t388
9104 core=0 noop r=0 y=0 c0=t390 c1=t388
9105 core=1 resume t392 r=0 y=0 c0=t390 c1=t388
9106 core=0 noop r=0 y=0 c0=t390 c1=t388
9107 core=0 take t390 r=1 y=0 c0=t390 c1=t388
9108 core=0 noop r=0 y=0 c0=t390 c1=t388
9109 core=0 noop r=0 y=0 c0=t390 c1=t388
9110 core=0 give_isr r=1 y=0 c0=t390 c1=t388
9111 core=0 delay t390 5 r=0 y=1 c0=IDLE0 c1=t388
9112 core=1 noop r=0 y=0 c0=IDLE0 c1=t388
9113 core=0 give r=0 y=0 c0=IDLE0 c1=t388
9114 core=1 noop r=0 y=0 c0=IDLE0 c1=t388
9115 core=1 take t388 r=1 y=0 c0=IDLE0 c1=t388
9116 core=1 resume t388 r=0 y=0 c0=IDLE0 c1=t388
9117 core=0 noop r=0 y=0 c0=IDLE0 c1=t388
9118 core=0 noop r=0 y=0 c0=IDLE0 c1=t388
9119 core=1 delay t388 2 r=0 y=2 c0=IDLE0 c1=IDLE1
9120 core=1 noop r=0 y=0 c0=IDLE0 c1=IDLE1
9121 core=0 tick r=1 y=3 c0=IDLE0 c1=IDLE1
9122 core=0 noop r=0 y=0 c0=IDLE0 c1=IDLE1
9123 core=1 noop r=0 y=0 c0=IDLE0 c1=IDLE1
9124 core=1 noop r=0 y=0 c0=IDLE0 c1=IDLE1
9125 core=0 noop r=0 y=0 c0=IDLE0 c1=IDLE1
9126 core=1 suspend t388 r=0 y=0 c0=IDLE0 c1=IDLE1
9127 core=0 noop r=0 y=0 c0=IDLE0 c1=IDLE1
9128 core=1 resume t393 r=0 y=2 c0=IDLE0 c1=t393
9129 core=0 tick r=1 y=3 c0=t392 c1=t393
9130 core=0 noop r=0 y=0 c0=t392 c1=t393
9131 core=0 take t392 r=0 y=0 c0=t392 c1=t393
9132 core=1 give r=1 y=0 c0=t392 c1=t393
9133 core=1 give_isr r=0 y=0 c0=t392 c1=t393
9134 core=1 create 5 t395 p2 r=1 y=0 c0=t392 c1=t393
9135 core=0 prio t393 0 r=0 y=2 c0=t392 c1=t395
9136 core=0 take t392 r=1 y=0 c0=t392 c1=t395
9137 core=1 suspend t392 r=0 y=1 c0=IDLE1 c1=t395
9138 core=1 yield r=0 y=2 c0=IDLE1 c1=t395
9139 core=1 noop r=0 y=0 c0=IDLE1 c1=t395
9140 core=0 noop r=0 y=0 c0=IDLE1 c1=t395
9141 core=1 noop r=0 y=0 c0=IDLE1 c1=t395
9142 core=0 prio t390 0 r=0 y=0 c0=IDLE1 c1=t395
9143 core=0 noop r=0 y=0 c0=IDLE1 c1=t395
9144 core=0 tick r=1 y=1 c0=IDLE0 c1=t395
9145 core=1 noop r=0 y=0 c0=IDLE0 c1=t395
9146 core=1 noop r=0 y=0 c0=IDLE0 c1=t395
9147 core=0 give r=1 y=0 c0=IDLE0 c1=t395
9148 core=0 noop r=0 y=0 c0=IDLE0 c1=t395
9149 core=0 resume t388 r=0 y=1 c0=t388 c1=t395
9150 core=0 noop r=0 y=0 c0=t388 c1=t395
9151 core=1 noop r=0 y=0 c0=t388 c1=t395
9152 core=1 create 8 t396 p2 r=1 y=1 c0=t396 c1=t395
9153 core=0 resume t392 r=0 y=2 c0=t396 c1=t392
9154 core=0 noop r=0 y=0 c0=t396 c1=t392
9155 core=0 delay t396 2 r=0 y=1 c0=t395 c1=t392
9156 core=1 noop r=0 y=0 c0=t395 c1=t392
9157 core=1 noop r=0 y=0 c0=t395 c1=t392
9158 core=0 tick r=0 y=0 c0=t395 c1=t392
9159 core=1 give r=0 y=0 c0=t395 c1=t392
9160 core=1 give_isr r=0 y=0 c0=t395 c1=t392
9161 core=1 noop r=0 y=0 c0=t395 c1=t392
9162 core=0 suspend t393 r=0 y=0 c0=t395 c1=t392
9163 core=1 suspend t392 r=0 y=2 c0=t395 c1=t388
9164 core=0 delete 1 t388 r=0 y=2 c0=t395 c1=IDLE1
9165 core=0 tick r=1 y=3 c0=t396 c1=t395
9166 core=1 take t395 r=1 y=0 c0=t396 c1=t395
9167 core=0 noop r=0 y=0 c0=t396 c1=t395
9168 core=0 delay t396 1 r=0 y=1 c0=IDLE0 c1=t395
9169 core=0 give_isr r=1 y=0 c0=IDLE0 c1=t395
9170 core=0 tick r=1 y=3 c0=t396 c1=t395
9171 core=0 delay t396 5 r=0 y=1 c0=t390 c1=t395
9172 core=1 resume t392 r=0 y=1 c0=t392 c1=t395
9173 core=1 noop r=0 y=0 c0=t392 c1=t395
9174 core=1 give_isr r=0 y=0 c0=t392 c1=t395
9175 core=1 noop r=0 y=0 c0=t392 c1=t395
9176 core=0 take t392 r=1 y=0 c0=t392 c1=t395
9177 core=0 give r=1 y=0 c0=t392 c1=t395
9178 core=0 delete 6 t390 r=0 y=0 c0=t392 c1=t395
9179 core=1 noop r=0 y=0 c0=t392 c1=t395
9180 core=1 create 2 t397 p0 r=1 y=0 c0=t392 c1=t395
9181 core=0 noop r=0 y=0 c0=t392 c1=t395
9182 core=0 suspend t396 r=0 y=0 c0=t392 c1=t395
9183 core=1 noop r=0 y=0 c0=t392 c1=t395
9184 core=1 noop r=0 y=0 c0=t392 c1=t395
9185 core=0 delete 2 t397 r=0 y=0 c0=t392 c1=t395
9186 core=0 delay t392 5 r=0 y=1 c0=IDLE1 c1=t395
9187 core=1 suspend t396 r=0 y=0 c0=IDLE1 c1=t395
9188 core=0 noop r=0 y=0 c0=IDLE1 c1=t395
9189 core=0 resume t395 r=0 y=0 c0=IDLE1 c1=t395
9190 core=0 noop r=0 y=0 c0=IDLE1 c1=t395
9191 core=1 resume t396 r=0 y=1 c0=t396 c1=t395
9192 core=0 noop r=0 y=0 c0=t396 c1=t395
9193 core=0 prio t396 0 r=0 y=1 c0=IDLE0 c1=t395
9194 core=1 give_isr r=0 y=0 c0=IDLE0 c1=t395
9195 core=1 give r=0 y=0 c0=IDLE0 c1=t395
9196 core=0 prio t396 2 r=0 y=1 c0=t396 c1=t395
9197 core=1 noop r=0 y=0 c0=t396 c1=t395
9198 core=1 noop r=0 y=0 c0=t396 c1=t395
9199 core=1 resume t393 r=0 y=0 c0=t396 c1=t395
9200 core=1 noop r=0 y=0 c0=t396 c1=t395
9201 core=0 give r=0 y=0 c0=t396 c1=t395
9202 core=0 noop r=0 y=0 c0=t396 c1=t395
9203 core=0 noop r=0 y=0 c0=t396 c1=t395
9204 core=1 take t395 r=1 y=0 c0=t396 c1=t395
9205 core=1 delay t395 3 r=0 y=2 c0=t396 c1=IDLE1
9206 core=0 noop r=0 y=0 c0=t396 c1=IDLE1
9207 core=0 noop r=0 y=0 c0=t396 c1=IDLE1
9208 core=0 give r=1 y=0 c0=t396 c1=IDLE1
9209 core=0 give r=0 y=0 c0=t396 c1=IDLE1
9210 core=0 create 1 t398 p2 r=1 y=2 c0=t396 c1=t398
9211 core=0 give r=0 y=0 c0=t396 c1=t398
9212 core=1 yield r=0 y=2 c0=t396 c1=t398
9213 core=0 tick r=1 y=3 c0=t396 c1=t398
9214 core=0 give r=0 y=0 c0=t396 c1=t398
9215 core=1 suspend t392 r=0 y=0 c0=t396 c1=t398
9216 core=1 suspend t398 r=0 y=2 c0=t396 c1=IDLE0
9217 core=0 delay t396 4 r=0 y=1 c0=t393 c1=IDLE0
9218 core=0 delay t393 3 r=0 y=1 c0=IDLE1 c1=IDLE0
9219 core=1 suspend t396 r=0 y=0 c0=IDLE1 c1=IDLE0
9220 core=1 resume t395 r=0 y=0 c0=IDLE1 c1=IDLE0
9221 core=1 prio t395 1 r=0 y=0 c0=IDLE1 c1=IDLE0
9222 core=1 noop r=0 y=0 c0=IDLE1 c1=IDLE0
9223 core=1 suspend t393 r=0 y=0 c0=IDLE1 c1=IDLE0
9224 core=1 prio t398 1 r=0 y=0 c0=IDLE1 c1=IDLE0
9225 core=1 noop r=0 y=0 c0=IDLE1 c1=IDLE0
9226 core=1 noop r=0 y=0 c0=IDLE1 c1=IDLE0
9227 core=0 noop r=0 y=0 c0=IDLE1 c1=IDLE0
9228 core=0 give_isr r=0 y=0 c0=IDLE1 c1=IDLE0
9229 core=0 tick r=1 y=3 c0=IDLE1 c1=IDLE0
9230 core=1 give_isr r=0 y=0 c0=IDLE1 c1=IDLE0
9231 core=0 suspend t398 r=0 y=0 c0=IDLE1 c1=IDLE0
9232 core=1 noop r=0 y=0 c0=IDLE1 c1=IDLE0
9233 core=0 noop r=0 y=0 c0=IDLE1 c1=IDLE0
9234 core=0 resume t396 r=0 y=2 c0=IDLE1 c1=t396
9235 core=0 suspend t392 r=0 y=0 c0=IDLE1 c1=t396
9236 core=0 noop r=0 y=0 c0=IDLE1 c1=t396
9237 core=0 tick r=1 y=1 c0=t395 c1=t396
9238 core=0 take t395 r=1 y=0 c0=t395 c1=t396
9239 core=1 give r=1 y=0 c0=t395 c1=t396
9240 core=0 noop r=0 y=0 c0=t395 c1=t396
9241 core=1 create 2 t399 p3 r=1 y=1 c0=t399 c1=t396
9242 core=1 yield r=0 y=2 c0=t399 c1=t396
9243 core=1 create 9 t400 p0 r=1 y=0 c0=t399 c1=t396
9244 core=1 give_isr r=0 y=0 c0=t399 c1=t396
9245 core=1 delay t396 1 r=0 y=2 c0=t399 c1=t395
9246 core=1 noop r=0 y=0 c0=t399 c1=t395
9247 core=1 take t395 r=1 y=0 c0=t399 c1=t395
9248 core=0 noop r=0 y=0 c0=t399 c1=t395
9249 core=0 tick r=0 y=2 c0=t399 c1=t396
9250 core=1 yield r=0 y=2 c0=t399 c1=t396
9251 core=1 noop r=0 y=0 c0=t399 c1=t396
9252 core=0 delay t399 1 r=0 y=1 c0=t395 c1=t396
9253 core=1 delay t396 4 r=0 y=2 c0=t395 c1=IDLE0
9254 core=1 noop r=0 y=0 c0=t395 c1=IDLE0
9255 core=0 give r=1 y=0 c0=t395 c1=IDLE0
9256 core=0 yield r=0 y=1 c0=t395 c1=IDLE0
9257 core=1 give_isr r=0 y=0 c0=t395 c1=IDLE0
9258 core=0 delete 9 t400 r=0 y=0 c0=t395 c1=IDLE0
9259 core=0 delay t395 1 r=0 y=1 c0=IDLE1 c1=IDLE0
9260 core=0 noop r=0 y=0 c0=IDLE1 c1=IDLE0
9261 core=0 give r=0 y=0 c0=IDLE1 c1=IDLE0
9262 core=0 suspend t399 r=0 y=0 c0=IDLE1 c1=IDLE0
9263 core=1 noop r=0 y=0 c0=IDLE1 c1=IDLE0
9264 core=0 resume t392 r=0 y=2 c0=IDLE1 c1=t392
9265 core=1 noop r=0 y=0 c0=IDLE1 c1=t392
9266 core=1 create 6 t401 p1 r=1 y=1 c0=t401 c1=t392
9267 core=0 create 9 t402 p2 r=1 y=1 c0=t402 c1=t392
9268 core=1 take t392 r=1 y=0 c0=t402 c1=t392
9269 core=1 resume t395 r=0 y=0 c0=t402 c1=t392
9270 core=0 prio t399 0 r=0 y=0 c0=t402 c1=t392
9271 core=1 delay t392 1 r=0 y=2 c0=t402 c1=t401
9272 core=0 take t402 r=0 y=0 c0=t402 c1=t401
9273 core=1 take t401 r=0 y=0 c0=t402 c1=t401
9274 core=0 noop r=0 y=0 c0=t402 c1=t401
9275 core=0 prio t392 1 r=0 y=0 c0=t402 c1=t401
9276 core=1 resume t398 r=0 y=0 c0=t402 c1=t401
9277 core=0 tick r=0 y=2 c0=t402 c1=t398
9278 core=0 prio t398 1 r=0 y=0 c0=t402 c1=t398
9279 core=0 tick r=0 y=2 c0=t402 c1=t395
9280 core=1 noop r=0 y=0 c0=t402 c1=t395
9281 core=1 noop r=0 y=0 c0=t402 c1=t395
9282 core=1 resume t395 r=0 y=0 c0=t402 c1=t395
9283 core=1 give_isr r=1 y=0 c0=t402 c1=t395
9284 core=0 give r=0 y=0 c0=t402 c1=t395
9285 core=0 noop r=0 y=0 c0=t402 c1=t395
9286 core=0 resume t398 r=0 y=0 c0=t402 c1=t395
9287 core=1 delay t395 2 r=0 y=2 c0=t402 c1=t392
9288 core=0 noop r=0 y=0 c0=t402 c1=t392
9289 core=1 delay t392 5 r=0 y=2 c0=t402 c1=t401
9290 core=1 noop r=0 y=0 c0=t402 c1=t401
9291 core=0 give_isr r=0 y=0 c0=t402 c1=t401
9292 core=1 prio t402 1 r=0 y=1 c0=t398 c1=t401
9293 core=1 suspend t395 r=0 y=0 c0=t398 c1=t401
9294 core=0 resume t399 r=0 y=0 c0=t398 c1=t401
9295 core=0 give_isr r=0 y=0 c0=t398 c1=t401
9296 core=1 give_isr r=0 y=0 c0=t398 c1=t401
9297 core=0 delay t398 2 r=0 y=1 c0=t402 c1=t401
9298 core=1 suspend t401 r=0 y=2 c0=t402 c1=IDLE0
9299 core=1 noop r=0 y=0 c0=t402 c1=IDLE0
9300 core=1 yield r=0 y=2 c0=t402 c1=IDLE1
9301 core=1 delete 1 t398 r=0 y=0 c0=t402 c1=IDLE1
9302 core=1 give r=0 y=0 c0=t402 c1=IDLE1
9303 core=1 noop r=0 y=0 c0=t402 c1=IDLE1
9304 core=0 noop r=0 y=0 c0=t402 c1=IDLE1
9305 core=1 prio t396 1 r=0 y=0 c0=t402 c1=IDLE1
9306 core=0 tick r=0 y=2 c0=t402 c1=t399
9307 core=0 resume t402 r=0 y=0 c0=t402 c1=t399
9308 core=1 noop r=0 y=0 c0=t402 c1=t399
9309 core=0 tick r=1 y=3 c0=t396 c1=t402
9310 core=0 give_isr r=0 y=0 c0=t396 c1=t402
9311 core=0 resume t402 r=0 y=0 c0=t396 c1=t402
9312 core=0 give_isr r=0 y=0 c0=t396 c1=t402
9313 core=1 create 1 t403 p1 r=1 y=0 c0=t396 c1=t402
9314 core=1 suspend t392 r=0 y=0 c0=t396 c1=t402
9315 core=0 noop r=0 y=0 c0=t396 c1=t402
9316 core=0 create 7 t404 p0 r=1 y=0 c0=t396 c1=t402
9317 core=0 delay t396 4 r=0 y=1 c0=t403 c1=t402
9318 core=0 resume t399 r=0 y=0 c0=t403 c1=t402
9319 core=0 resume t393 r=0 y=0 c0=t403 c1=t402
9320 core=1 suspend t403 r=0 y=1 c0=IDLE0 c1=t402
9321 core=1 give_isr r=0 y=0 c0=IDLE0 c1=t402
9322 core=1 delete 9 t402 r=0 y=2 c0=IDLE0 c1=IDLE1
9323 core=0 suspend t396 r=0 y=0 c0=IDLE0 c1=IDLE1
9324 core=1 noop r=0 y=0 c0=IDLE0 c1=IDLE1
9325 core=0 noop r=0 y=0 c0=IDLE0 c1=IDLE1
9326 core=1 delete 6 t401 r=0 y=0 c0=IDLE0 c1=IDLE1
9327 core=1 noop r=0 y=0 c0=IDLE0 c1=IDLE1
9328 core=1 give_isr r=0 y=0 c0=IDLE0 c1=IDLE1
9329 core=1 noop r=0 y=0 c0=IDLE0 c1=IDLE1
9330 core=0 tick r=1 y=3 c0=t399 c1=t404
9331 core=0 prio t392 3 r=0 y=0 c0=t399 c1=t404
9332 core=1 resume t396 r=0 y=2 c0=t399 c1=t396
9333 core=0 give r=0 y=0 c0=t399 c1=t396
9334 core=1 noop r=0 y=0 c0=t399 c1=t396
9335 core=0 tick r=1 y=1 c0=t393 c1=t396
9336 core=0 give r=0 y=0 c0=t393 c1=t396
9337 core=0 give_isr r=0 y=0 c0=t393 c1=t396
9338 core=0 give_isr r=0 y=0 c0=t393 c1=t396
9339 core=1 give_isr r=0 y=0 c0=t393 c1=t396
9340 core=1 resume t399 r=0 y=0 c0=t393 c1=t396
9341 core=1 suspend t399 r=0 y=0 c0=t393 c1=t396
9342 core=0 give r=0 y=0 c0=t393 c1=t396
9343 core=1 prio t403 0 r=0 y=0 c0=t393 c1=t396
9344 core=0 tick r=1 y=1 c0=IDLE0 c1=t396
9345 core=0 noop r=0 y=0 c0=IDLE0 c1=t396
9346 core=1 prio t403 0 r=0 y=0 c0=IDLE0 c1=t396
9347 core=0 tick r=1 y=1 c0=IDLE1 c1=t396
9348 core=1 suspend t393 r=0 y=0 c0=IDLE1 c1=t396
9349 core=0 yield r=0 y=1 c0=t404 c1=t396
9350 core=0 tick r=1 y=1 c0=IDLE0 c1=t396
9351 core=0 prio t399 2 r=0 y=0 c0=IDLE0 c1=t396
9352 core=0 noop r=0 y=0 c0=IDLE0 c1=t396
9353 core=0 give_isr r=0 y=0 c0=IDLE0 c1=t396
9354 core=0 resume t396 r=0 y=0 c0=IDLE0 c1=t396
9355 core=0 prio t399 3 r=0 y=0 c0=IDLE0 c1=t396
9356 core=1 suspend t404 r=0 y=0 c0=IDLE0 c1=t396
9357 core=0 prio t403 2 r=0 y=0 c0=IDLE0 c1=t396
9358 core=0 yield r=0 y=1 c0=IDLE1 c1=t396
9359 core=1 delay t396 2 r=0 y=2 c0=IDLE1 c1=IDLE0
9360 core=0 tick r=1 y=3 c0=IDLE1 c1=IDLE0
9361 core=1 noop r=0 y=0 c0=IDLE1 c1=IDLE0
9362 core=0 give r=0 y=0 c0=IDLE1 c1=IDLE0
9363 core=0 delete 1 t403 r=0 y=0 c0=IDLE1 c1=IDLE0
9364 core=0 delete 2 t399 r=0 y=0 c0=IDLE1 c1=IDLE0
9365 core=1 prio t396 1 r=0 y=0 c0=IDLE1 c1=IDLE0
9366 core=0 give r=0 y=0 c0=IDLE1 c1=IDLE0
9367 core=1 noop r=0 y=0 c0=IDLE1 c1=IDLE0
9368 core=0 noop r=0 y=0 c0=IDLE1 c1=IDLE0
9369 core=1 noop r=0 y=0 c0=IDLE1 c1=IDLE0
9370 core=1 noop r=0 y=0 c0=IDLE1 c1=IDLE0
9371 core=1 yield r=0 y=2 c0=IDLE1 c1=IDLE0
9372 core=1 noop r=0 y=0 c0=IDLE1 c1=IDLE0
9373 core=0 noop r=0 y=0 c0=IDLE1 c1=IDLE0
9374 core=1 give r=0 y=0 c0=IDLE1 c1=IDLE0
9375 core=0 tick r=1 y=3 c0=t396 c1=IDLE1
9376 core=1 prio t404 2 r=0 y=0 c0=t396 c1=IDLE1
9377 core=1 give r=0 y=0 c0=t396 c1=IDLE1
9378 core=1 yield r=0 y=2 c0=t396 c1=IDLE0
9379 core=0 noop r=0 y=0 c0=t396 c1=IDLE0
9380 core=0 yield r=0 y=1 c0=t396 c1=IDLE0
9381 core=1 create 9 t405 p1 r=1 y=2 c0=t396 c1=t405
9382 core=0 noop r=0 y=0 c0=t396 c1=t405
9383 core=0 noop r=0 y=0 c0=t396 c1=t405
9384 core=0 suspend t404 r=0 y=0 c0=t396 c1=t405
9385 core=0 noop r=0 y=0 c0=t396 c1=t405
9386 core=0 suspend t395 r=0 y=0 c0=t396 c1=t405
9387 core=1 yield r=0 y=2 c0=t396 c1=t405
9388 core=0 suspend t395 r=0 y=0 c0=t396 c1=t405
9389 core=1 yield r=0 y=2 c0=t396 c1=t405
9390 core=0 noop r=0 y=0 c0=t396 c1=t405
9391 core=0 yield r=0 y=1 c0=t396 c1=t405
9392 core=0 tick r=1 y=3 c0=t396 c1=t405
9393 core=1 delay t405 2 r=0 y=2 c0=t396 c1=IDLE1
9394 core=0 noop r=0 y=0 c0=t396 c1=IDLE1
9395 core=1 noop r=0 y=0 c0=t396 c1=IDLE1
9396 core=1 noop r=0 y=0 c0=t396 c1=IDLE1
9397 core=1 noop r=0 y=0 c0=t396 c1=IDLE1
9398 core=0 delay t396 2 r=0 y=1 c0=IDLE0 c1=IDLE1
9399 core=0 tick r=1 y=3 c0=IDLE0 c1=IDLE1
9400 core=0 prio t396 0 r=0 y=0 c0=IDLE0 c1=IDLE1
9401 core=1 prio t392 2 r=0 y=0 c0=IDLE0 c1=IDLE1
9402 core=0 prio t393 1 r=0 y=0 c0=IDLE0 c1=IDLE1
9403 core=0 noop r=0 y=0 c0=IDLE0 c1=IDLE1
9404 core=1 noop r=0 y=0 c0=IDLE0 c1=IDLE1
9405 core=0 tick r=1 y=3 c0=t405 c1=t396
9406 core=1 prio t405 3 r=0 y=0 c0=t405 c1=t396
9407 core=1 noop r=0 y=0 c0=t405 c1=t396
9408 core=1 delay t396 3 r=0 y=2 c0=t405 c1=IDLE0
9409 core=1 noop r=0 y=0 c0=t405 c1=IDLE0
9410 core=1 noop r=0 y=0 c0=t405 c1=IDLE0
9411 core=1 noop r=0 y=0 c0=t405 c1=IDLE0
9412 core=0 take t405 r=1 y=0 c0=t405 c1=IDLE0
9413 core=1 noop r=0 y=0 c0=t405 c1=IDLE0
9414 core=1 noop r=0 y=0 c0=t405 c1=IDLE0
9415 core=1 resume t404 r=0 y=2 c0=t405 c1=t404
9416 core=0 delete 4 t393 r=0 y=0 c0=t405 c1=t404
9417 core=1 noop r=0 y=0 c0=t405 c1=t404
9418 core=1 resume t405 r=0 y=0 c0=t405 c1=t404
9419 core=1 take t404 r=0 y=0 c0=t405 c1=t404
9420 core=0 give_isr r=1 y=0 c0=t405 c1=t404
9421 core=0 suspend t404 r=0 y=2 c0=t405 c1=IDLE1
9422 core=0 give_isr r=0 y=0 c0=t405 c1=IDLE1
9423 core=1 noop r=0 y=0 c0=t405 c1=IDLE1
9424 core=0 give_isr r=0 y=0 c0=t405 c1=IDLE1
9425 core=1 noop r=0 y=0 c0=t405 c1=IDLE1
9426 core=0 tick r=0 y=2 c0=t405 c1=IDLE0
9427 core=0 suspend t395 r=0 y=0 c0=t405 c1=IDLE0
9428 core=0 tick r=0 y=2 c0=t405 c1=IDLE1
9429 core=1 resume t405 r=0 y=0 c0=t405 c1=IDLE1
9430 core=1 noop r=0 y=0 c0=t405 c1=IDLE1
9431 core=1 noop r=0 y=0 c0=t405 c1=IDLE1
9432 core=1 noop r=0 y=0 c0=t405 c1=IDLE1
9433 core=0 tick r=0 y=2 c0=t405 c1=IDLE0
9434 core=1 suspend t405 r=0 y=1 c0=t396 c1=IDLE0
9435 core=0 delay t396 5 r=0 y=1 c0=IDLE1 c1=IDLE0
9436 core=1 prio t395 2 r=0 y=0 c0=IDLE1 c1=IDLE0
9437 core=0 noop r=0 y=0 c0=IDLE1 c1=IDLE0
9438 core=0 tick r=1 y=3 c0=IDLE1 c1=IDLE0
9439 core=1 yield r=0 y=2 c0=IDLE1 c1=IDLE0
9440 core=0 noop r=0 y=0 c0=IDLE1 c1=IDLE0
9441 core=0 give r=0 y=0 c0=IDLE1 c1=IDLE0
9442 core=0 noop r=0 y=0 c0=IDLE1 c1=IDLE0
9443 core=0 tick r=1 y=3 c0=IDLE1 c1=IDLE0
9444 core=1 noop r=0 y=0 c0=IDLE1 c1=IDLE0
9445 core=0 tick r=1 y=3 c0=IDLE1 c1=IDLE0
9446 core=0 noop r=0 y=0 c0=IDLE1 c1=IDLE0
9447 core=0 noop r=0 y=0 c0=IDLE1 c1=IDLE0
9448 core=1 noop r=0 y=0 c0=IDLE1 c1=IDLE0
9449 core=0 give r=0 y=0 c0=IDLE1 c1=IDLE0
9450 core=0 give r=0 y=0 c0=IDLE1 c1=IDLE0
9451 core=1 noop r=0 y=0 c0=IDLE1 c1=IDLE0
9452 core=1 give_isr r=0 y=0 c0=IDLE1 c1=IDLE0
9453 core=1 noop r=0 y=0 c0=IDLE1 c1=IDLE0
9454 core=0 give_isr r=0 y=0 c0=IDLE1 c1=IDLE0
9455 core=1 give_isr r=0 y=0 c0=IDLE1 c1=IDLE0
9456 core=0 create 6 t406 p2 r=1 y=2 c0=IDLE1 c1=t406
9457 core=0 tick r=1 y=1 c0=IDLE0 c1=t406
9458 core=1 suspend t405 r=0 y=0 c0=IDLE0 c1=t406
9459 core=1 give r=0 y=0 c0=IDLE0 c1=t406
9460 core=1 noop r=0 y=0 c0=IDLE0 c1=t406
9461 core=0 noop r=0 y=0 c0=IDLE0 c1=t406
9462 core=0 noop r=0 y=0 c0=IDLE0 c1=t406
9463 core=0 noop r=0 y=0 c0=IDLE0 c1=t406
9464 core=0 noop r=0 y=0 c0=IDLE0 c1=t406
9465 core=1 noop r=0 y=0 c0=IDLE0 c1=t406
9466 core=0 tick r=1 y=1 c0=IDLE1 c1=t406
9467 core=0 create 3 t407 p2 r=1 y=1 c0=t407 c1=t406
9468 core=0 prio t395 0 r=0 y=0 c0=t407 c1=t406
9469 core=1 noop r=0 y=0 c0=t407 c1=t406
9470 core=0 give r=0 y=0 c0=t407 c1=t406
9471 core=0 suspend t407 r=0 y=1 c0=t396 c1=t406
9472 core=0 noop r=0 y=0 c0=t396 c1=t406
9473 core=0 delay t396 3 r=0 y=1 c0=IDLE0 c1=t406
9474 core=0 give r=0 y=0 c0=IDLE0 c1=t406
9475 core=0 yield r=0 y=1 c0=IDLE1 c1=t406
9476 core=0 tick r=1 y=1 c0=IDLE0 c1=t406
9477 core=0 tick r=1 y=1 c0=IDLE1 c1=t406
9478 core=1 delay t406 4 r=0 y=2 c0=IDLE1 c1=IDLE0
9479 core=1 noop r=0 y=0 c0=IDLE1 c1=IDLE0
9480 core=0 tick r=1 y=3 c0=t396 c1=IDLE1
9481 core=0 give r=0 y=0 c0=t396 c1=IDLE1
9482 core=1 give r=0 y=0 c0=t396 c1=IDLE1
9483 core=1 noop r=0 y=0 c0=t396 c1=IDLE1
9484 core=0 prio t396 0 r=0 y=0 c0=t396 c1=IDLE1
9485 core=0 noop r=0 y=0 c0=t396 c1=IDLE1
9486 core=0 noop r=0 y=0 c0=t396 c1=IDLE1
9487 core=1 give_isr r=0 y=0 c0=t396 c1=IDLE1
9488 core=1 give r=0 y=0 c0=t396 c1=IDLE1
9489 core=0 suspend t406 r=0 y=0 c0=t396 c1=IDLE1
9490 core=1 suspend t404 r=0 y=0 c0=t396 c1=IDLE1
9491 core=0 suspend t396 r=0 y=1 c0=IDLE0 c1=IDLE1
9492 core=0 tick r=1 y=3 c0=IDLE0 c1=IDLE1
9493 core=0 tick r=1 y=3 c0=IDLE0 c1=IDLE1
9494 core=1 noop r=0 y=0 c0=IDLE0 c1=IDLE1
9495 core=1 noop r=0 y=0 c0=IDLE0 c1=IDLE1
9496 core=0 tick r=1 y=3 c0=IDLE0 c1=IDLE1
9497 core=0 give r=0 y=0 c0=IDLE0 c1=IDLE1
9498 core=1 give r=0 y=0 c0=IDLE0 c1=IDLE1
9499 core=0 give r=0 y=0 c0=IDLE0 c1=IDLE1
9500 core=1 noop r=0 y=0 c0=IDLE0 c1=IDLE1
9501 core=0 give_isr r=0 y=0 c0=IDLE0 c1=IDLE1
9502 core=1 prio t395 2 r=0 y=0 c0=IDLE0 c1=IDLE1
9503 core=1 noop r=0 y=0 c0=IDLE0 c1=IDLE1
9504 core=1 noop r=0 y=0 c0=IDLE0 c1=IDLE1
9505 core=0 noop r=0 y=0 c0=IDLE0 c1=IDLE1
9506 core=0 noop r=0 y=0 c0=IDLE0 c1=IDLE1
9507 core=0 tick r=1 y=3 c0=IDLE0 c1=IDLE1
9508 core=1 noop r=0 y=0 c0=IDLE0 c1=IDLE1
9509 core=0 tick r=1 y=3 c0=IDLE0 c1=IDLE1
9510 core=0 give_isr r=0 y=0 c0=IDLE0 c1=IDLE1
9511 core=1 suspend t392 r=0 y=0 c0=IDLE0 c1=IDLE1
9512 core=0 give r=0 y=0 c0=IDLE0 c1=IDLE1
9513 core=0 noop r=0 y=0 c0=IDLE0 c1=IDLE1
9514 core=1 noop r=0 y=0 c0=IDLE0 c1=IDLE1
9515 core=0 noop r=0 y=0 c0=IDLE0 c1=IDLE1
9516 core=1 give r=0 y=0 c0=IDLE0 c1=IDLE1
9517 core=1 noop r=0 y=0 c0=IDLE0 c1=IDLE1
9518 core=0 tick r=1 y=3 c0=IDLE0 c1=IDLE1
9519 core=1 noop r=0 y=0 c0=IDLE0 c1=IDLE1
9520 core=1 give_isr r=0 y=0 c0=IDLE0 c1=IDLE1
9521 core=1 noop r=0 y=0 c0=IDLE0 c1=IDLE1
9522 core=0 suspend t405 r=0 y=0 c0=IDLE0 c1=IDLE1
9523 core=0 noop r=0 y=0 c0=IDLE0 c1=IDLE1
9524 core=0 delete 7 t404 r=0 y=0 c0=IDLE0 c1=IDLE1
9525 core=1 give_isr r=0 y=0 c0=IDLE0 c1=IDLE1
9526 core=1 noop r=0 y=0 c0=IDLE0 c1=IDLE1
9527 core=1 noop r=0 y=0 c0=IDLE0 c1=IDLE1
9528 core=1 noop r=0 y=0 c0=IDLE0 c1=IDLE1
9529 core=0 noop r=0 y=0 c0=IDLE0 c1=IDLE1
9530 core=1 noop r=0 y=0 c0=IDLE0 c1=IDLE1
9531 core=1 give_isr r=0 y=0 c0=IDLE0 c1=IDLE1
9532 core=0 noop r=0 y=0 c0=IDLE0 c1=IDLE1
9533 core=0 noop r=0 y=0 c0=IDLE0 c1=IDLE1
9534 core=0 noop r=0 y=0 c0=IDLE0 c1=IDLE1
9535 core=0 create 1 t408 p0 r=1 y=2 c0=IDLE0 c1=t408
9536 core=1 prio t396 0 r=0 y=0 c0=IDLE0 c1=t408
9537 core=0 suspend t396 r=0 y=0 c0=IDLE0 c1=t408
9538 core=1 resume t405 r=0 y=1 c0=t405 c1=t408
9539 core=1 noop r=0 y=0 c0=t405 c1=t408
9540 core=1 give r=0 y=0 c0=t405 c1=t408
9541 core=0 noop r=0 y=0 c0=t405 c1=t408
9542 core=0 tick r=0 y=2 c0=t405 c1=IDLE1
9543 core=0 give_isr r=0 y=0 c0=t405 c1=IDLE1
9544 core=0 noop r=0 y=0 c0=t405 c1=IDLE1
9545 core=1 give r=0 y=0 c0=t405 c1=IDLE1
9546 core=0 noop r=0 y=0 c0=t405 c1=IDLE1
9547 core=1 resume t408 r=0 y=0 c0=t405 c1=IDLE1
9548 core=0 tick r=0 y=2 c0=t405 c1=IDLE0
9549 core=1 noop r=0 y=0 c0=t405 c1=IDLE0
9550 core=1 noop r=0 y=0 c0=t405 c1=IDLE0
9551 core=1 delete 3 t407 r=0 y=0 c0=t405 c1=IDLE0
9552 core=1 give r=0 y=0 c0=t405 c1=IDLE0
9553 core=0 prio t396 2 r=0 y=0 c0=t405 c1=IDLE0
9554 core=0 delay t405 2 r=0 y=1 c0=t408 c1=IDLE0
9555 core=1 noop r=0 y=0 c0=t408 c1=IDLE0
9556 core=1 suspend t392 r=0 y=0 c0=t408 c1=IDLE0
9557 core=0 suspend t396 r=0 y=0 c0=t408 c1=IDLE0
9558 core=0 noop r=0 y=0 c0=t408 c1=IDLE0
9559 core=0 noop r=0 y=0 c0=t408 c1=IDLE0
9560 core=0 tick r=1 y=3 c0=IDLE1 c1=t408
9561 core=1 delay t408 2 r=0 y=2 c0=IDLE1 c1=IDLE0
9562 core=1 noop r=0 y=0 c0=IDLE1 c1=IDLE0
9563 core=0 give r=0 y=0 c0=IDLE1 c1=IDLE0
9564 core=0 noop r=0 y=0 c0=IDLE1 c1=IDLE0
9565 core=1 suspend t395 r=0 y=0 c0=IDLE1 c1=IDLE0
9566 core=0 noop r=0 y=0 c0=IDLE1 c1=IDLE0
9567 core=1 prio t396 2 r=0 y=0 c0=IDLE1 c1=IDLE0
9568 core=1 noop r=0 y=0 c0=IDLE1 c1=IDLE0
9569 core=0 prio t392 3 r=0 y=0 c0=IDLE1 c1=IDLE0
9570 core=1 create 4 t409 p2 r=1 y=2 c0=IDLE1 c1=t409
9571 core=0 noop r=0 y=0 c0=IDLE1 c1=t409
9572 core=0 give r=0 y=0 c0=IDLE1 c1=t409
9573 core=0 noop r=0 y=0 c0=IDLE1 c1=t409
9574 core=0 noop r=0 y=0 c0=IDLE1 c1=t409
9575 core=0 tick r=1 y=1 c0=t405 c1=t409
9576 core=0 tick r=0 y=0 c0=t405 c1=t409
9577 core=0 delete 9 t405 r=0 y=1 c0=IDLE0 c1=t409
9578 core=1 noop r=0 y=0 c0=IDLE0 c1=t409
9579 core=1 noop r=0 y=0 c0=IDLE0 c1=t409
9580 core=1 create 3 t410 p0 r=1 y=1 c0=IDLE1 c1=t409
9581 core=1 resume t409 r=0 y=0 c0=IDLE1 c1=t409
9582 core=0 resume t409 r=0 y=0 c0=IDLE1 c1=t409
9583 core=0 suspend t396 r=0 y=0 c0=IDLE1 c1=t409
9584 core=0 yield r=0 y=1 c0=t408 c1=t409
9585 core=0 yield r=0 y=1 c0=t410 c1=t409
9586 core=1 prio t396 0 r=0 y=0 c0=t410 c1=t409
9587 core=1 give r=0 y=0 c0=t410 c1=t409
9588 core=0 yield r=0 y=1 c0=IDLE0 c1=t409
9589 core=0 tick r=1 y=1 c0=IDLE1 c1=t409
9590 core=1 suspend t410 r=0 y=0 c0=IDLE1 c1=t409
9591 core=1 give_isr r=0 y=0 c0=IDLE1 c1=t409
9592 core=0 prio t409 1 r=0 y=2 c0=IDLE1 c1=t409
9593 core=1 noop r=0 y=0 c0=IDLE1 c1=t409
9594 core=1 suspend t409 r=0 y=2 c0=IDLE1 c1=t408
9595 core=1 take t408 r=1 y=0 c0=IDLE1 c1=t408
9596 core=0 noop r=0 y=0 c0=IDLE1 c1=t408
9597 core=0 give r=1 y=0 c0=IDLE1 c1=t408
9598 core=0 prio t408 1 r=0 y=0 c0=IDLE1 c1=t408
9599 core=0 noop r=0 y=0 c0=IDLE1 c1=t408
9600 core=0 delete 5 t395 r=0 y=0 c0=IDLE1 c1=t408
9601 core=1 suspend t409 r=0 y=0 c0=IDLE1 c1=t408
9602 core=0 resume t392 r=0 y=1 c0=t392 c1=t408
9603 core=1 delay t408 3 r=0 y=2 c0=t392 c1=IDLE0
9604 core=0 give_isr r=0 y=0 c0=t392 c1=IDLE0
9605 core=0 create 2 t411 p2 r=1 y=2 c0=t392 c1=t411
9606 core=0 resume t392 r=0 y=0 c0=t392 c1=t411
9607 core=0 take t392 r=1 y=0 c0=t392 c1=t411
9608 core=1 create 7 t412 p0 r=1 y=0 c0=t392 c1=t411
9609 core=0 take t392 r=0 y=0 c0=t392 c1=t411
9610 core=0 yield r=0 y=1 c0=t392 c1=t411
9611 core=0 tick r=0 y=0 c0=t392 c1=t411
9612 core=0 tick r=0 y=0 c0=t392 c1=t411
9613 core=1 noop r=0 y=0 c0=t392 c1=t411
9614 core=1 give r=1 y=0 c0=t392 c1=t411
9615 core=1 give r=0 y=0 c0=t392 c1=t411
9616 core=0 resume t410 r=0 y=0 c0=t392 c1=t411
9617 core=1 prio t409 1 r=0 y=0 c0=t392 c1=t411
9618 core=0 tick r=0 y=0 c0=t392 c1=t411
9619 core=0 noop r=0 y=0 c0=t392 c1=t411
9620 core=1 delay t411 2 r=0 y=2 c0=t392 c1=t408
9621 core=0 noop r=0 y=0 c0=t392 c1=t408
9622 core=1 give r=0 y=0 c0=t392 c1=t408
9623 core=1 delay t408 5 r=0 y=2 c0=t392 c1=IDLE1
9624 core=1 resume t412 r=0 y=0 c0=t392 c1=IDLE1
9625 core=1 noop r=0 y=0 c0=t392 c1=IDLE1
9626 core=1 noop r=0 y=0 c0=t392 c1=IDLE1
9627 core=1 give_isr r=0 y=0 c0=t392 c1=IDLE1
9628 core=1 suspend t410 r=0 y=0 c0=t392 c1=IDLE1
9629 core=1 prio t406 3 r=0 y=0 c0=t392 c1=IDLE1
9630 core=1 noop r=0 y=0 c0=t392 c1=IDLE1
9631 core=1 noop r=0 y=0 c0=t392 c1=IDLE1
9632 core=0 resume t410 r=0 y=2 c0=t392 c1=IDLE0
9633 core=0 noop r=0 y=0 c0=t392 c1=IDLE0
9634 core=0 resume t396 r=0 y=2 c0=t392 c1=t412
9635 core=0 delete 7 t412 r=0 y=2 c0=t392 c1=t410
9636 core=1 prio t396 3 r=0 y=2 c0=t392 c1=t396
9637 core=0 resume t396 r=0 y=0 c0=t392 c1=t396
9638 core=1 give r=0 y=0 c0=t392 c1=t396
9639 core=1 yield r=0 y=2 c0=t392 c1=t396
9640 core=0 prio t406 3 r=0 y=0 c0=t392 c1=t396
9641 core=0 give r=0 y=0 c0=t392 c1=t396
9642 core=1 give_isr r=0 y=0 c0=t392 c1=t396
9643 core=1 resume t406 r=0 y=0 c0=t392 c1=t396
9644 core=1 delay t396 3 r=0 y=2 c0=t392 c1=t406
9645 core=0 give r=0 y=0 c0=t392 c1=t406
9646 core=0 noop r=0 y=0 c0=t392 c1=t406
9647 core=1 delete 0 t392 r=0 y=1 c0=IDLE1 c1=t406
9648 core=1 resume t410 r=0 y=0 c0=IDLE1 c1=t406
9649 core=0 give_isr r=0 y=0 c0=IDLE1 c1=t406
9650 core=1 noop r=0 y=0 c0=IDLE1 c1=t406
9651 core=1 give r=0 y=0 c0=IDLE1 c1=t406
9652 core=1 delay t406 5 r=0 y=2 c0=IDLE1 c1=IDLE0
9653 core=0 tick r=1 y=3 c0=t410 c1=IDLE1
9654 core=1 noop r=0 y=0 c0=t410 c1=IDLE1
9655 core=0 give r=0 y=0 c0=t410 c1=IDLE1
9656 core=1 yield r=0 y=2 c0=t410 c1=IDLE0
9657 core=0 delay t410 1 r=0 y=1 c0=IDLE1 c1=IDLE0
9658 core=0 noop r=0 y=0 c0=IDLE1 c1=IDLE0
9659 core=0 noop r=0 y=0 c0=IDLE1 c1=IDLE0
9660 core=1 yield r=0 y=2 c0=IDLE1 c1=IDLE0
9661 core=0 tick r=1 y=3 c0=t411 c1=t410
9662 core=0 tick r=0 y=2 c0=t411 c1=t396
9663 core=1 resume t406 r=0 y=0 c0=t411 c1=t396
9664 core=1 noop r=0 y=0 c0=t411 c1=t396
9665 core=0 noop r=0 y=0 c0=t411 c1=t396
9666 core=1 noop r=0 y=0 c0=t411 c1=t396
9667 core=1 give_isr r=0 y=0 c0=t411 c1=t396
9668 core=0 noop r=0 y=0 c0=t411 c1=t396
9669 core=1 noop r=0 y=0 c0=t411 c1=t396
9670 core=1 delete 8 t396 r=0 y=2 c0=t411 c1=IDLE1
9671 core=1 noop r=0 y=0 c0=t411 c1=IDLE1
9672 core=1 create 5 t413 p0 r=1 y=2 c0=t411 c1=IDLE0
9673 core=1 noop r=0 y=0 c0=t411 c1=IDLE0
9674 core=1 noop r=0 y=0 c0=t411 c1=IDLE0
9675 core=0 noop r=0 y=0 c0=t411 c1=IDLE0
9676 core=1 create 8 t414 p0 r=1 y=2 c0=t411 c1=t410
9677 core=0 delay t411 1 r=0 y=1 c0=t413 c1=t410
9678 core=1 noop r=0 y=0 c0=t413 c1=t410
9679 core=0 resume t408 r=0 y=0 c0=t413 c1=t410
9680 core=0 take t413 r=1 y=0 c0=t413 c1=t410
9681 core=0 noop r=0 y=0 c0=t413 c1=t410
9682 core=1 delete 8 t414 r=0 y=0 c0=t413 c1=t410
9683 core=1 create 7 t415 p1 r=1 y=2 c0=t413 c1=t415
9684 core=0 tick r=1 y=1 c0=t411 c1=t415
9685 core=0 give r=1 y=0 c0=t411 c1=t415
9686 core=0 resume t413 r=0 y=0 c0=t411 c1=t415
9687 core=0 noop r=0 y=0 c0=t411 c1=t415
9688 core=0 take t411 r=1 y=0 c0=t411 c1=t415
9689 core=1 delay t415 5 r=0 y=2 c0=t411 c1=IDLE1
9690 core=0 give r=1 y=0 c0=t411 c1=IDLE1
9691 core=0 give r=0 y=0 c0=t411 c1=IDLE1
9692 core=1 noop r=0 y=0 c0=t411 c1=IDLE1
9693 core=0 delay t411 5 r=0 y=1 c0=IDLE0 c1=IDLE1
9694 core=0 give_isr r=0 y=0 c0=IDLE0 c1=IDLE1
9695 core=1 noop r=0 y=0 c0=IDLE0 c1=IDLE1
9696 core=1 give r=0 y=0 c0=IDLE0 c1=IDLE1
9697 core=1 give_isr r=0 y=0 c0=IDLE0 c1=IDLE1
9698 core=0 noop r=0 y=0 c0=IDLE0 c1=IDLE1
9699 core=1 prio t406 2 r=0 y=0 c0=IDLE0 c1=IDLE1
9700 core=0 prio t415 0 r=0 y=0 c0=IDLE0 c1=IDLE1
9701 core=1 noop r=0 y=0 c0=IDLE0 c1=IDLE1
9702 core=0 noop r=0 y=0 c0=IDLE0 c1=IDLE1
9703 core=1 noop r=0 y=0 c0=IDLE0 c1=IDLE1
9704 core=0 resume t415 r=0 y=0 c0=IDLE0 c1=IDLE1
9705 core=1 noop r=0 y=0 c0=IDLE0 c1=IDLE1
9706 core=0 tick r=1 y=3 c0=t406 c1=t408
9707 core=1 delay t408 2 r=0 y=2 c0=t406 c1=t410
9708 core=1 noop r=0 y=0 c0=t406 c1=t410
9709 core=1 yield r=0 y=2 c0=t406 c1=t413
9710 core=1 give_isr r=0 y=0 c0=t406 c1=t413
9711 core=1 give_isr r=0 y=0 c0=t406 c1=t413
9712 core=1 noop r=0 y=0 c0=t406 c1=t413
9713 core=0 noop r=0 y=0 c0=t406 c1=t413
9714 core=0 tick r=0 y=2 c0=t406 c1=IDLE0
9715 core=0 yield r=0 y=1 c0=t406 c1=IDLE0
9716 core=1 noop r=0 y=0 c0=t406 c1=IDLE0
9717 core=0 noop r=0 y=0 c0=t406 c1=IDLE0
9718 core=0 tick r=0 y=2 c0=t406 c1=t408
9719 core=0 noop r=0 y=0 c0=t406 c1=t408
9720 core=1 give r=0 y=0 c0=t406 c1=t408
9721 core=0 tick r=0 y=0 c0=t406 c1=t408
9722 core=0 resume t410 r=0 y=0 c0=t406 c1=t408
9723 core=0 tick r=1 y=3 c0=t411 c1=t406
9724 core=0 delay t411 5 r=0 y=1 c0=t408 c1=t406
9725 core=0 give_isr r=0 y=0 c0=t408 c1=t406
9726 core=1 noop r=0 y=0 c0=t408 c1=t406
9727 core=0 noop r=0 y=0 c0=t408 c1=t406
9728 core=1 noop r=0 y=0 c0=t408 c1=t406
9729 core=1 create 0 t416 p0 r=1 y=0 c0=t408 c1=t406
9730 core=0 noop r=0 y=0 c0=t408 c1=t406
9731 core=0 delay t408 2 r=0 y=1 c0=IDLE1 c1=t406
9732 core=0 give r=0 y=0 c0=IDLE1 c1=t406
9733 core=0 tick r=1 y=1 c0=t410 c1=t406
9734 core=0 resume t415 r=0 y=0 c0=t410 c1=t406
9735 core=1 prio t415 1 r=0 y=1 c0=t415 c1=t406
9736 core=0 tick r=1 y=1 c0=t408 c1=t406
9737 core=0 yield r=0 y=1 c0=t415 c1=t406
9738 core=0 noop r=0 y=0 c0=t415 c1=t406
9739 core=0 give r=0 y=0 c0=t415 c1=t406
9740 core=0 give_isr r=0 y=0 c0=t415 c1=t406
9741 core=1 give r=0 y=0 c0=t415 c1=t406
9742 core=0 give_isr r=0 y=0 c0=t415 c1=t406
9743 core=1 noop r=0 y=0 c0=t415 c1=t406
9744 core=0 yield r=0 y=1 c0=t408 c1=t406
9745 core=1 resume t415 r=0 y=0 c0=t408 c1=t406
9746 core=0 prio t410 3 r=0 y=1 c0=t410 c1=t406
9747 core=0 prio t413 3 r=0 y=2 c0=t410 c1=t413
9748 core=0 give_isr r=0 y=0 c0=t410 c1=t413
9749 core=0 resume t415 r=0 y=0 c0=t410 c1=t413
9750 core=0 take t410 r=1 y=0 c0=t410 c1=t413
9751 core=1 give_isr r=1 y=0 c0=t410 c1=t413
9752 core=1 suspend t408 r=0 y=0 c0=t410 c1=t413
9753 core=0 prio t410 3 r=0 y=0 c0=t410 c1=t413
9754 core=1 yield r=0 y=2 c0=t410 c1=t413
9755 core=1 noop r=0 y=0 c0=t410 c1=t413
9756 core=1 delete 2 t411 r=0 y=0 c0=t410 c1=t413
9757 core=0 delay t410 3 r=0 y=1 c0=t406 c1=t413
9758 core=1 noop r=0 y=0 c0=t406 c1=t413
9759 core=0 give_isr r=0 y=0 c0=t406 c1=t413
9760 core=1 suspend t415 r=0 y=0 c0=t406 c1=t413
9761 core=1 noop r=0 y=0 c0=t406 c1=t413
9762 core=0 yield r=0 y=1 c0=t406 c1=t413
9763 core=1 take t413 r=1 y=0 c0=t406 c1=t413
9764 core=1 give_isr r=1 y=0 c0=t406 c1=t413
9765 core=1 give_isr r=0 y=0 c0=t406 c1=t413
9766 core=1 suspend t409 r=0 y=0 c0=t406 c1=t413
9767 core=0 noop r=0 y=0 c0=t406 c1=t413
9768 core=1 suspend t408 r=0 y=0 c0=t406 c1=t413
9769 core=1 yield r=0 y=2 c0=t406 c1=t413
9770 core=0 delay t406 2 r=0 y=1 c0=IDLE0 c1=t413
9771 core=0 tick r=1 y=1 c0=t416 c1=t413
9772 core=1 take t413 r=1 y=0 c0=t416 c1=t413
9773 core=0 delete 5 t413 r=0 y=2 c0=t416 c1=IDLE1
9774 core=1 give r=1 y=0 c0=t416 c1=IDLE1
9775 core=1 give r=0 y=0 c0=t416 c1=IDLE1
9776 core=1 give_isr r=0 y=0 c0=t416 c1=IDLE1
9777 core=0 delay t416 2 r=0 y=1 c0=IDLE0 c1=IDLE1
9778 core=0 give_isr r=0 y=0 c0=IDLE0 c1=IDLE1
9779 core=0 suspend t415 r=0 y=0 c0=IDLE0 c1=IDLE1
9780 core=0 noop r=0 y=0 c0=IDLE0 c1=IDLE1
9781 core=1 noop r=0 y=0 c0=IDLE0 c1=IDLE1
9782 core=0 noop r=0 y=0 c0=IDLE0 c1=IDLE1
9783 core=0 prio t409 3 r=0 y=0 c0=IDLE0 c1=IDLE1
9784 core=1 resume t416 r=0 y=0 c0=IDLE0 c1=IDLE1
9785 core=0 give r=0 y=0 c0=IDLE0 c1=IDLE1
9786 core=1 resume t416 r=0 y=0 c0=IDLE0 c1=IDLE1
9787 core=0 noop r=0 y=0 c0=IDLE0 c1=IDLE1
9788 core=0 noop r=0 y=0 c0=IDLE0 c1=IDLE1
9789 core=1 delete 3 t410 r=0 y=0 c0=IDLE0 c1=IDLE1
9790 core=1 suspend t416 r=0 y=0 c0=IDLE0 c1=IDLE1
9791 core=0 suspend t415 r=0 y=0 c0=IDLE0 c1=IDLE1
9792 core=0 noop r=0 y=0 c0=IDLE0 c1=IDLE1
9793 core=0 prio t416 0 r=0 y=0 c0=IDLE0 c1=IDLE1
9794 core=0 noop r=0 y=0 c0=IDLE0 c1=IDLE1
9795 core=0 tick r=1 y=3 c0=t406 c1=IDLE0
9796 core=0 tick r=0 y=2 c0=t406 c1=IDLE1
9797 core=1 give r=0 y=0 c0=t406 c1=IDLE1
9798 core=0 noop r=0 y=0 c0=t406 c1=IDLE1
9799 core=0 resume t408 r=0 y=2 c0=t406 c1=t408
9800 core=0 take t406 r=1 y=0 c0=t406 c1=t408
9801 core=0 noop r=0 y=0 c0=t406 c1=t408
9802 core=0 take t406 r=0 y=0 c0=t406 c1=t408
9803 core=0 delay t406 1 r=0 y=1 c0=IDLE0 c1=t408
9804 core=1 noop r=0 y=0 c0=IDLE0 c1=t408
9805 core=1 give r=1 y=0 c0=IDLE0 c1=t408
9806 core=1 take t408 r=1 y=0 c0=IDLE0 c1=t408
9807 core=1 noop r=0 y=0 c0=IDLE0 c1=t408
9808 core=1 noop r=0 y=0 c0=IDLE0 c1=t408
9809 core=0 delete 0 t416 r=0 y=0 c0=IDLE0 c1=t408
9810 core=0 prio t415 2 r=0 y=0 c0=IDLE0 c1=t408
9811 core=0 prio t408 1 r=0 y=0 c0=IDLE0 c1=t408
9812 core=0 noop r=0 y=0 c0=IDLE0 c1=t408
9813 core=0 noop r=0 y=0 c0=IDLE0 c1=t408
9814 core=0 tick r=1 y=1 c0=t406 c1=t408
9815 core=1 suspend t406 r=0 y=1 c0=IDLE1 c1=t408
9816 core=0 noop r=0 y=0 c0=IDLE1 c1=t408
9817 core=1 noop r=0 y=0 c0=IDLE1 c1=t408
9818 core=0 noop r=0 y=0 c0=IDLE1 c1=t408
9819 core=0 yield r=0 y=1 c0=IDLE0 c1=t408
9820 core=1 give r=1 y=0 c0=IDLE0 c1=t408
9821 core=0 noop r=0 y=0 c0=IDLE0 c1=t408
9822 core=0 noop r=0 y=0 c0=IDLE0 c1=t408
9823 core=0 noop r=0 y=0 c0=IDLE0 c1=t408
9824 core=0 noop r=0 y=0 c0=IDLE0 c1=t408
9825 core=0 create 5 t417 p3 r=1 y=1 c0=t417 c1=t408
9826 core=0 tick r=0 y=0 c0=t417 c1=t408
9827 core=1 delay t408 2 r=0 y=2 c0=t417 c1=IDLE1
9828 core=0 noop r=0 y=0 c0=t417 c1=IDLE1
9829 core=0 tick r=0 y=2 c0=t417 c1=IDLE0
9830 core=0 suspend t417 r=0 y=1 c0=IDLE1 c1=IDLE0
9831 core=0 noop r=0 y=0 c0=IDLE1 c1=IDLE0
9832 core=0 resume t409 r=0 y=2 c0=IDLE1 c1=t409
9833 core=1 prio t409 3 r=0 y=0 c0=IDLE1 c1=t409
9834 core=1 delay t409 1 r=0 y=2 c0=IDLE1 c1=IDLE0
9835 core=0 suspend t408 r=0 y=0 c0=IDLE1 c1=IDLE0
9836 core=1 suspend t417 r=0 y=0 c0=IDLE1 c1=IDLE0
9837 core=0 resume t408 r=0 y=2 c0=IDLE1 c1=t408
9838 core=0 noop r=0 y=0 c0=IDLE1 c1=t408
9839 core=0 prio t417 2 r=0 y=0 c0=IDLE1 c1=t408
9840 core=1 take t408 r=1 y=0 c0=IDLE1 c1=t408
9841 core=0 give r=1 y=0 c0=IDLE1 c1=t408
9842 core=1 take t408 r=1 y=0 c0=IDLE1 c1=t408
9843 core=0 create 2 t418 p2 r=1 y=1 c0=t418 c1=t408
9844 core=0 suspend t417 r=0 y=0 c0=t418 c1=t408
9845 core=1 noop r=0 y=0 c0=t418 c1=t408
9846 core=0 tick r=0 y=2 c0=t418 c1=t409
9847 core=0 give_isr r=1 y=0 c0=t418 c1=t409
9848 core=0 tick r=0 y=0 c0=t418 c1=t409
9849 core=1 resume t417 r=0 y=0 c0=t418 c1=t409
9850 core=1 give r=0 y=0 c0=t418 c1=t409
9851 core=0 prio t409 1 r=0 y=2 c0=t418 c1=t417
9852 core=1 delay t417 3 r=0 y=2 c0=t418 c1=t408
9853 core=0 delete 5 t417 r=0 y=0 c0=t418 c1=t408
9854 core=1 noop r=0 y=0 c0=t418 c1=t408
9855 core=0 noop r=0 y=0 c0=t418 c1=t408
9856 core=0 tick r=0 y=2 c0=t418 c1=t409
9857 core=1 delay t409 1 r=0 y=2 c0=t418 c1=t408
9858 core=1 delay t408 2 r=0 y=2 c0=t418 c1=IDLE0
9859 core=1 noop r=0 y=0 c0=t418 c1=IDLE0
9860 core=0 give r=0 y=0 c0=t418 c1=IDLE0
9861 core=0 give_isr r=0 y=0 c0=t418 c1=IDLE0
9862 core=1 suspend t406 r=0 y=0 c0=t418 c1=IDLE0
9863 core=1 create 3 t419 p3 r=1 y=2 c0=t418 c1=t419
9864 core=0 suspend t415 r=0 y=0 c0=t418 c1=t419
9865 core=0 tick r=0 y=0 c0=t418 c1=t419
9866 core=0 resume t409 r=0 y=0 c0=t418 c1=t419
9867 core=1 delay t419 2 r=0 y=2 c0=t418 c1=t409
9868 core=1 resume t406 r=0 y=2 c0=t418 c1=t406
9869 core=0 prio t419 1 r=0 y=0 c0=t418 c1=t406
9870 core=1 prio t415 0 r=0 y=0 c0=t418 c1=t406
9871 core=1 resume t408 r=0 y=0 c0=t418 c1=t406
9872 core=1 delay t406 5 r=0 y=2 c0=t418 c1=t409
9873 core=1 suspend t415 r=0 y=0 c0=t418 c1=t409
9874 core=1 create 9 t420 p2 r=1 y=2 c0=t418 c1=t420
9875 core=0 tick r=1 y=3 c0=t418 c1=t420
9876 core=1 resume t418 r=0 y=0 c0=t418 c1=t420
9877 core=1 give r=0 y=0 c0=t418 c1=t420
9878 core=0 suspend t406 r=0 y=0 c0=t418 c1=t420
9879 core=0 take t418 r=1 y=0 c0=t418 c1=t420
9880 core=1 suspend t418 r=0 y=1 c0=t409 c1=t420
9881 core=0 noop r=0 y=0 c0=t409 c1=t420
9882 core=1 yield r=0 y=2 c0=t409 c1=t420
9883 core=1 noop r=0 y=0 c0=t409 c1=t420
9884 core=1 give r=1 y=0 c0=t409 c1=t420
9885 core=1 suspend t409 r=0 y=1 c0=t408 c1=t420
9886 core=1 noop r=0 y=0 c0=t408 c1=t420
9887 core=1 resume t408 r=0 y=0 c0=t408 c1=t420
9888 core=0 tick r=1 y=1 c0=t419 c1=t420
9889 core=1 prio t406 0 r=0 y=0 c0=t419 c1=t420
9890 core=0 give r=0 y=0 c0=t419 c1=t420
9891 core=1 prio t415 1 r=0 y=0 c0=t419 c1=t420
9892 core=1 suspend t420 r=0 y=2 c0=t419 c1=t408
9893 core=0 tick r=1 y=3 c0=t419 c1=t408
9894 core=0 prio t420 3 r=0 y=0 c0=t419 c1=t408
9895 core=1 suspend t418 r=0 y=0 c0=t419 c1=t408
9896 core=0 prio t419 1 r=0 y=0 c0=t419 c1=t408
9897 core=0 noop r=0 y=0 c0=t419 c1=t408
9898 core=1 delay t408 5 r=0 y=2 c0=t419 c1=IDLE1
9899 core=0 noop r=0 y=0 c0=t419 c1=IDLE1
9900 core=1 yield r=0 y=2 c0=t419 c1=IDLE0
9901 core=1 noop r=0 y=0 c0=t419 c1=IDLE0
9902 core=1 noop r=0 y=0 c0=t419 c1=IDLE0
9903 core=0 noop r=0 y=0 c0=t419 c1=IDLE0
9904 core=0 tick r=0 y=2 c0=t419 c1=IDLE1
9905 core=0 tick r=0 y=2 c0=t419 c1=IDLE0
9906 core=0 yield r=0 y=1 c0=t419 c1=IDLE0
9907 core=1 resume t409 r=0 y=2 c0=t419 c1=t409
9908 core=0 prio t406 0 r=0 y=0 c0=t419 c1=t409
9909 core=1 give r=0 y=0 c0=t419 c1=t409
9910 core=0 suspend t420 r=0 y=0 c0=t419 c1=t409
9911 core=0 noop r=0 y=0 c0=t419 c1=t409
9912 core=1 prio t420 1 r=0 y=0 c0=t419 c1=t409
9913 core=0 delete 2 t418 r=0 y=0 c0=t419 c1=t409
9914 core=1 give r=0 y=0 c0=t419 c1=t409
9915 core=0 delay t419 2 r=0 y=1 c0=IDLE1 c1=t409
9916 core=0 give_isr r=0 y=0 c0=IDLE1 c1=t409
9917 core=1 prio t415 1 r=0 y=0 c0=IDLE1 c1=t409
9918 core=1 give r=0 y=0 c0=IDLE1 c1=t409
9919 core=0 delete 1 t408 r=0 y=0 c0=IDLE1 c1=t409
9920 core=1 create 1 t421 p1 r=1 y=1 c0=t421 c1=t409
9921 core=0 tick r=1 y=3 c0=t421 c1=t409
9922 core=1 take t409 r=1 y=0 c0=t421 c1=t409
9923 core=0 suspend t409 r=0 y=2 c0=t421 c1=IDLE0
9924 core=0 prio t419 1 r=0 y=0 c0=t421 c1=IDLE0
9925 core=1 noop r=0 y=0 c0=t421 c1=IDLE0
9926 core=0 noop r=0 y=0 c0=t421 c1=IDLE0
9927 core=0 noop r=0 y=0 c0=t421 c1=IDLE0
9928 core=1 resume t419 r=0 y=0 c0=t421 c1=IDLE0
9929 core=0 tick r=1 y=3 c0=t419 c1=t421
9930 core=0 give_isr r=1 y=0 c0=t419 c1=t421
9931 core=0 prio t421 1 r=0 y=0 c0=t419 c1=t421
9932 core=0 noop r=0 y=0 c0=t419 c1=t421
9933 core=0 tick r=1 y=3 c0=t419 c1=t421
9934 core=0 give r=0 y=0 c0=t419 c1=t421
9935 core=0 resume t415 r=0 y=0 c0=t419 c1=t421
9936 core=0 tick r=1 y=3 c0=t415 c1=t419
9937 core=0 resume t421 r=0 y=0 c0=t415 c1=t419
9938 core=1 prio t421 0 r=0 y=0 c0=t415 c1=t419
9939 core=0 give_isr r=0 y=0 c0=t415 c1=t419
9940 core=1 yield r=0 y=2 c0=t415 c1=t419
9941 core=1 resume t421 r=0 y=0 c0=t415 c1=t419
9942 core=0 create 0 t422 p2 r=1 y=2 c0=t415 c1=t422
9943 core=0 resume t409 r=0 y=0 c0=t415 c1=t422
9944 core=1 noop r=0 y=0 c0=t415 c1=t422
9945 core=1 delay t422 3 r=0 y=2 c0=t415 c1=t419
9946 core=0 noop r=0 y=0 c0=t415 c1=t419
9947 core=0 tick r=1 y=3 c0=t409 c1=t415
9948 core=1 suspend t421 r=0 y=0 c0=t409 c1=t415
9949 core=0 prio t409 3 r=0 y=0 c0=t409 c1=t415
9950 core=1 suspend t422 r=0 y=0 c0=t409 c1=t415
9951 core=1 take t415 r=1 y=0 c0=t409 c1=t415
9952 core=0 noop r=0 y=0 c0=t409 c1=t415
9953 core=1 noop r=0 y=0 c0=t409 c1=t415
9954 core=0 noop r=0 y=0 c0=t409 c1=t415
9955 core=0 take t409 r=0 y=0 c0=t409 c1=t415
9956 core=1 suspend t406 r=0 y=0 c0=t409 c1=t415
9957 core=0 noop r=0 y=0 c0=t409 c1=t415
9958 core=1 yield r=0 y=2 c0=t409 c1=t419
9959 core=0 tick r=0 y=2 c0=t409 c1=t415
9960 core=0 take t409 r=0 y=0 c0=t409 c1=t415
9961 core=1 suspend t406 r=0 y=0 c0=t409 c1=t415
9962 core=0 give_isr r=1 y=0 c0=t409 c1=t415
9963 core=1 yield r=0 y=2 c0=t409 c1=t419
9964 core=0 resume t422 r=0 y=2 c0=t409 c1=t422
9965 core=0 noop r=0 y=0 c0=t409 c1=t422
9966 core=0 delay t409 3 r=0 y=1 c0=t415 c1=t422
9967 core=1 resume t409 r=0 y=0 c0=t415 c1=t422
9968 core=1 noop r=0 y=0 c0=t415 c1=t422
9969 core=1 delay t422 3 r=0 y=2 c0=t415 c1=t419
9970 core=0 suspend t415 r=0 y=1 c0=IDLE1 c1=t419
9971 core=1 suspend t419 r=0 y=2 c0=IDLE1 c1=IDLE0
9972 core=1 give_isr r=0 y=0 c0=IDLE1 c1=IDLE0
9973 core=0 tick r=1 y=3 c0=IDLE1 c1=IDLE0
9974 core=1 resume t409 r=0 y=0 c0=IDLE1 c1=IDLE0
9975 core=1 give_isr r=0 y=0 c0=IDLE1 c1=IDLE0
9976 core=0 prio t415 3 r=0 y=0 c0=IDLE1 c1=IDLE0
9977 core=1 noop r=0 y=0 c0=IDLE1 c1=IDLE0
9978 core=1 noop r=0 y=0 c0=IDLE1 c1=IDLE0
9979 core=0 yield r=0 y=1 c0=IDLE1 c1=IDLE0
9980 core=1 noop r=0 y=0 c0=IDLE1 c1=IDLE0
9981 core=1 prio t419 0 r=0 y=0 c0=IDLE1 c1=IDLE0
9982 core=0 tick r=1 y=3 c0=IDLE1 c1=IDLE0
9983 core=1 noop r=0 y=0 c0=IDLE1 c1=IDLE0
9984 core=0 noop r=0 y=0 c0=IDLE1 c1=IDLE0
9985 core=0 prio t406 0 r=0 y=0 c0=IDLE1 c1=IDLE0
9986 core=1 noop r=0 y=0 c0=IDLE1 c1=IDLE0
9987 core=0 tick r=1 y=3 c0=t409 c1=t422
9988 core=1 yield r=0 y=2 c0=t409 c1=t422
9989 core=1 prio t422 0 r=0 y=2 c0=t409 c1=IDLE1
9990 core=0 take t409 r=1 y=0 c0=t409 c1=IDLE1
9991 core=1 noop r=0 y=0 c0=t409 c1=IDLE1
9992 core=1 noop r=0 y=0 c0=t409 c1=IDLE1
9993 core=0 suspend t420 r=0 y=0 c0=t409 c1=IDLE1
9994 core=0 yield r=0 y=1 c0=t409 c1=IDLE1
9995 core=0 noop r=0 y=0 c0=t409 c1=IDLE1
9996 core=1 noop r=0 y=0 c0=t409 c1=IDLE1
9997 core=1 noop r=0 y=0 c0=t409 c1=IDLE1
9998 core=1 noop r=0 y=0 c0=t409 c1=IDLE1
9999 core=1 noop r=0 y=0 c0=t409 c1=IDLE1
10000 core=0 take t409 r=0 y=0 c0=t409 c1=IDLE1
10001 core=0 give_isr r=1 y=0 c0=t409 c1=IDLE1
10002 core=0 give r=0 y=0 c0=t409 c1=IDLE1
10003 core=0 create 8 t423 p3 r=1 y=2 c0=t409 c1=t423
10004 core=0 resume t420 r=0 y=0 c0=t409 c1=t423
10005 core=0 noop r=0 y=0 c0=t409 c1=t423
10006 core=1 delay t423 5 r=0 y=2 c0=t409 c1=t420
10007 core=0 tick r=0 y=0 c0=t409 c1=t420
10008 core=1 take t420 r=1 y=0 c0=t409 c1=t420
10009 core=0 tick r=0 y=0 c0=t409 c1=t420
10010 core=1 delay t420 3 r=0 y=2 c0=t409 c1=IDLE0
10011 core=1 noop r=0 y=0 c0=t409 c1=IDLE0
10012 core=0 resume t422 r=0 y=0 c0=t409 c1=IDLE0
10013 core=1 delete 1 t421 r=0 y=0 c0=t409 c1=IDLE0
10014 core=1 noop r=0 y=0 c0=t409 c1=IDLE0
10015 core=1 delete 6 t406 r=0 y=0 c0=t409 c1=IDLE0
10016 core=0 delay t409 5 r=0 y=1 c0=t422 c1=IDLE0
10017 core=1 give_isr r=1 y=0 c0=t422 c1=IDLE0
10018 core=0 take t422 r=1 y=0 c0=t422 c1=IDLE0
10019 core=1 resume t409 r=0 y=0 c0=t422 c1=IDLE0
10020 core=1 suspend t420 r=0 y=0 c0=t422 c1=IDLE0
10021 core=0 delay t422 1 r=0 y=1 c0=IDLE1 c1=IDLE0
10022 core=0 create 6 t424 p1 r=1 y=2 c0=IDLE1 c1=t424
10023 core=0 noop r=0 y=0 c0=IDLE1 c1=t424
10024 core=1 resume t409 r=0 y=0 c0=IDLE1 c1=t424
10025 core=1 give_isr r=1 y=0 c0=IDLE1 c1=t424
10026 core=1 suspend t409 r=0 y=0 c0=IDLE1 c1=t424
10027 core=0 noop r=0 y=0 c0=IDLE1 c1=t424
10028 core=1 noop r=0 y=0 c0=IDLE1 c1=t424
10029 core=0 create 5 t425 p0 r=1 y=1 c0=IDLE0 c1=t424
10030 core=0 noop r=0 y=0 c0=IDLE0 c1=t424
10031 core=1 resume t424 r=0 y=0 c0=IDLE0 c1=t424
10032 core=0 tick r=1 y=1 c0=t425 c1=t424
10033 core=1 prio t422 2 r=0 y=1 c0=t422 c1=t424
10034 core=1 take t424 r=1 y=0 c0=t422 c1=t424
10035 core=1 noop r=0 y=0 c0=t422 c1=t424
10036 core=1 take t424 r=0 y=0 c0=t422 c1=t424
10037 core=1 take t424 r=0 y=0 c0=t422 c1=t424
10038 core=0 tick r=0 y=0 c0=t422 c1=t424
10039 core=0 resume t422 r=0 y=0 c0=t422 c1=t424
10040 core=0 resume t419 r=0 y=0 c0=t422 c1=t424
10041 core=0 give_isr r=1 y=0 c0=t422 c1=t424
10042 core=0 resume t409 r=0 y=2 c0=t422 c1=t409
10043 core=0 tick r=1 y=3 c0=t423 c1=t409
10044 core=1 suspend t420 r=0 y=0 c0=t423 c1=t409
10045 core=0 resume t415 r=0 y=0 c0=t423 c1=t409
10046 core=1 resume t423 r=0 y=0 c0=t423 c1=t409
10047 core=0 delay t423 2 r=0 y=1 c0=t415 c1=t409
10048 core=1 delay t409 5 r=0 y=2 c0=t415 c1=t422
10049 core=1 delete 0 t422 r=0 y=2 c0=t415 c1=t424
10050 core=1 take t424 r=1 y=0 c0=t415 c1=t424
10051 core=1 delay t424 1 r=0 y=2 c0=t415 c1=IDLE1
10052 core=1 noop r=0 y=0 c0=t415 c1=IDLE1
10053 core=0 resume t419 r=0 y=0 c0=t415 c1=IDLE1
10054 core=1 noop r=0 y=0 c0=t415 c1=IDLE1
10055 core=1 delete 7 t415 r=0 y=1 c0=IDLE0 c1=IDLE1
10056 core=0 create 1 t426 p2 r=1 y=2 c0=IDLE0 c1=t426
10057 core=0 noop r=0 y=0 c0=IDLE0 c1=t426
10058 core=1 delete 9 t420 r=0 y=0 c0=IDLE0 c1=t426
10059 core=1 delete 1 t426 r=0 y=2 c0=IDLE0 c1=t425
10060 core=1 resume t424 r=0 y=0 c0=IDLE0 c1=t425
10061 core=1 noop r=0 y=0 c0=IDLE0 c1=t425
10062 core=0 noop r=0 y=0 c0=IDLE0 c1=t425
10063 core=0 noop r=0 y=0 c0=IDLE0 c1=t425
10064 core=1 take t425 r=0 y=0 c0=IDLE0 c1=t425
10065 core=0 give r=1 y=0 c0=IDLE0 c1=t425
10066 core=0 yield r=0 y=1 c0=t419 c1=t425
10067 core=1 suspend t419 r=0 y=1 c0=IDLE1 c1=t425
10068 core=1 give r=0 y=0 c0=IDLE1 c1=t425
10069 core=0 give_isr r=0 y=0 c0=IDLE1 c1=t425
10070 core=1 take t425 r=1 y=0 c0=IDLE1 c1=t425
10071 core=1 noop r=0 y=0 c0=IDLE1 c1=t425
10072 core=0 give r=1 y=0 c0=IDLE1 c1=t425
10073 core=0 noop r=0 y=0 c0=IDLE1 c1=t425
10074 core=1 noop r=0 y=0 c0=IDLE1 c1=t425
10075 core=1 resume t425 r=0 y=0 c0=IDLE1 c1=t425
10076 core=0 tick r=1 y=3 c0=t424 c1=IDLE0
10077 core=1 noop r=0 y=0 c0=t424 c1=IDLE0
10078 core=1 give_isr r=0 y=0 c0=t424 c1=IDLE0
10079 core=0 noop r=0 y=0 c0=t424 c1=IDLE0
10080 core=0 delay t424 2 r=0 y=1 c0=IDLE1 c1=IDLE0
10081 core=1 noop r=0 y=0 c0=IDLE1 c1=IDLE0
10082 core=1 noop r=0 y=0 c0=IDLE1 c1=IDLE0
10083 core=1 give r=0 y=0 c0=IDLE1 c1=IDLE0
10084 core=0 delete 8 t423 r=0 y=0 c0=IDLE1 c1=IDLE0
10085 core=0 prio t419 3 r=0 y=0 c0=IDLE1 c1=IDLE0
10086 core=0 create 1 t427 p3 r=1 y=2 c0=IDLE1 c1=t427
10087 core=0 delete 3 t419 r=0 y=0 c0=IDLE1 c1=t427
10088 core=1 give r=0 y=0 c0=IDLE1 c1=t427
10089 core=1 prio t427 1 r=0 y=2 c0=IDLE1 c1=t427
10090 core=0 noop r=0 y=0 c0=IDLE1 c1=t427
10091 core=1 take t427 r=1 y=0 c0=IDLE1 c1=t427
10092 core=0 noop r=0 y=0 c0=IDLE1 c1=t427
10093 core=1 noop r=0 y=0 c0=IDLE1 c1=t427
10094 core=0 create 2 t428 p2 r=1 y=1 c0=t428 c1=t427
10095 core=1 create 8 t429 p1 r=1 y=0 c0=t428 c1=t427
10096 core=0 noop r=0 y=0 c0=t428 c1=t427
10097 core=0 noop r=0 y=0 c0=t428 c1=t427
10098 core=0 tick r=0 y=2 c0=t428 c1=t429
10099 core=0 yield r=0 y=1 c0=t428 c1=t429
10100 core=1 delay t429 3 r=0 y=2 c0=t428 c1=t427
10101 core=1 noop r=0 y=0 c0=t428 c1=t427
10102 core=0 delay t428 3 r=0 y=1 c0=t425 c1=t427
10103 core=1 give r=1 y=0 c0=t425 c1=t427
10104 core=1 noop r=0 y=0 c0=t425 c1=t427
10105 core=0 noop r=0 y=0 c0=t425 c1=t427
10106 core=0 tick r=1 y=3 c0=t424 c1=t427
10107 core=1 take t427 r=1 y=0 c0=t424 c1=t427
10108 core=0 give_isr r=1 y=0 c0=t424 c1=t427
10109 core=1 resume t425 r=0 y=0 c0=t424 c1=t427
10110 core=0 give r=0 y=0 c0=t424 c1=t427
10111 core=0 tick r=1 y=3 c0=t424 c1=t427
10112 core=1 noop r=0 y=0 c0=t424 c1=t427
10113 core=1 delete 8 t429 r=0 y=0 c0=t424 c1=t427
10114 core=0 suspend t428 r=0 y=0 c0=t424 c1=t427
10115 core=1 take t427 r=1 y=0 c0=t424 c1=t427
10116 core=1 delete 2 t428 r=0 y=0 c0=t424 c1=t427
10117 core=1 give_isr r=1 y=0 c0=t424 c1=t427
10118 core=1 give_isr r=0 y=0 c0=t424 c1=t427
10119 core=1 noop r=0 y=0 c0=t424 c1=t427
10120 core=1 create 7 t430 p1 r=1 y=0 c0=t424 c1=t427
10121 core=0 delete 1 t427 r=0 y=2 c0=t424 c1=t430
10122 core=1 noop r=0 y=0 c0=t424 c1=t430
10123 core=0 tick r=1 y=3 c0=t409 c1=t424
10124 core=1 create 9 t431 p2 r=1 y=2 c0=t409 c1=t431
10125 core=0 give_isr r=0 y=0 c0=t409 c1=t431
10126 core=0 noop r=0 y=0 c0=t409 c1=t431
10127 core=0 give_isr r=0 y=0 c0=t409 c1=t431
10128 core=0 tick r=0 y=0 c0=t409 c1=t431
10129 core=1 noop r=0 y=0 c0=t409 c1=t431
10130 core=0 noop r=0 y=0 c0=t409 c1=t431
10131 core=0 noop r=0 y=0 c0=t409 c1=t431
10132 core=0 delete 4 t409 r=0 y=1 c0=t430 c1=t431
10133 core=0 give r=0 y=0 c0=t430 c1=t431
10134 core=0 give r=0 y=0 c0=t430 c1=t431
10135 core=1 give_isr r=0 y=0 c0=t430 c1=t431
10136 core=0 tick r=1 y=1 c0=t424 c1=t431
10137 core=1 noop r=0 y=0 c0=t424 c1=t431
10138 core=0 noop r=0 y=0 c0=t424 c1=t431
10139 core=1 delay t431 5 r=0 y=2 c0=t424 c1=t430
10140 core=0 take t424 r=1 y=0 c0=t424 c1=t430
10141 core=0 give r=1 y=0 c0=t424 c1=t430
10142 core=0 tick r=1 y=3 c0=t424 c1=t430
10143 core=1 give r=0 y=0 c0=t424 c1=t430
10144 core=1 give r=0 y=0 c0=t424 c1=t430
10145 core=1 noop r=0 y=0 c0=t424 c1=t430
10146 core=0 noop r=0 y=0 c0=t424 c1=t430
10147 core=1 delay t430 2 r=0 y=2 c0=t424 c1=IDLE0
10148 core=0 tick r=0 y=2 c0=t424 c1=IDLE1
10149 core=1 give r=0 y=0 c0=t424 c1=IDLE1
10150 core=0 noop r=0 y=0 c0=t424 c1=IDLE1
10151 core=0 tick r=1 y=3 c0=t430 c1=t424
10152 core=0 tick r=1 y=3 c0=t430 c1=t424
10153 core=1 resume t431 r=0 y=0 c0=t430 c1=t424
10154 core=1 create 1 t432 p3 r=1 y=2 c0=t430 c1=t432
10155 core=1 give r=0 y=0 c0=t430 c1=t432
10156 core=1 suspend t425 r=0 y=0 c0=t430 c1=t432
10157 core=0 prio t432 3 r=0 y=0 c0=t430 c1=t432
10158 core=1 prio t424 2 r=0 y=1 c0=t424 c1=t432
10159 core=1 give_isr r=0 y=0 c0=t424 c1=t432
10160 core=0 give_isr r=0 y=0 c0=t424 c1=t432
10161 core=1 delay t432 5 r=0 y=2 c0=t424 c1=t430
10162 core=1 delay t430 2 r=0 y=2 c0=t424 c1=IDLE0
10163 core=1 give_isr r=0 y=0 c0=t424 c1=IDLE0
10164 core=0 noop r=0 y=0 c0=t424 c1=IDLE0
10165 core=0 create 8 t433 p1 r=1 y=2 c0=t424 c1=t433
10166 core=1 delete 1 t432 r=0 y=0 c0=t424 c1=t433
10167 core=0 take t424 r=1 y=0 c0=t424 c1=t433
10168 core=0 tick r=1 y=3 c0=t431 c1=t424
10169 core=1 noop r=0 y=0 c0=t431 c1=t424
10170 core=0 delay t431 4 r=0 y=1 c0=t433 c1=t424
10171 core=0 noop r=0 y=0 c0=t433 c1=t424
10172 core=0 prio t433 1 r=0 y=0 c0=t433 c1=t424
10173 core=1 yield r=0 y=2 c0=t433 c1=t424
10174 core=0 delete 5 t425 r=0 y=0 c0=t433 c1=t424
10175 core=1 resume t433 r=0 y=0 c0=t433 c1=t424
10176 core=1 delete 6 t424 r=0 y=2 c0=t433 c1=IDLE1
10177 core=0 give_isr r=1 y=0 c0=t433 c1=IDLE1
10178 core=1 noop r=0 y=0 c0=t433 c1=IDLE1
10179 core=0 noop r=0 y=0 c0=t433 c1=IDLE1
10180 core=0 noop r=0 y=0 c0=t433 c1=IDLE1
10181 core=0 resume t430 r=0 y=0 c0=t433 c1=IDLE1
10182 core=1 give r=0 y=0 c0=t433 c1=IDLE1
10183 core=0 give_isr r=0 y=0 c0=t433 c1=IDLE1
10184 core=0 resume t431 r=0 y=0 c0=t433 c1=IDLE1
10185 core=0 prio t430 3 r=0 y=0 c0=t433 c1=IDLE1
10186 core=1 give r=0 y=0 c0=t433 c1=IDLE1
10187 core=0 resume t433 r=0 y=0 c0=t433 c1=IDLE1
10188 core=1 create 4 t434 p0 r=1 y=2 c0=t433 c1=IDLE0
10189 core=0 tick r=0 y=2 c0=t433 c1=t430
10190 core=1 delete 8 t433 r=0 y=1 c0=t434 c1=t430
10191 core=0 tick r=1 y=1 c0=IDLE1 c1=t430
10192 core=0 resume t430 r=0 y=0 c0=IDLE1 c1=t430
10193 core=1 noop r=0 y=0 c0=IDLE1 c1=t430
10194 core=1 noop r=0 y=0 c0=IDLE1 c1=t430
10195 core=0 noop r=0 y=0 c0=IDLE1 c1=t430
10196 core=1 noop r=0 y=0 c0=IDLE1 c1=t430
10197 core=0 noop r=0 y=0 c0=IDLE1 c1=t430
10198 core=1 noop r=0 y=0 c0=IDLE1 c1=t430
10199 core=1 delay t430 5 r=0 y=2 c0=IDLE1 c1=IDLE0
10200 core=0 noop r=0 y=0 c0=IDLE1 c1=IDLE0
10201 core=1 noop r=0 y=0 c0=IDLE1 c1=IDLE0
10202 core=0 suspend t431 r=0 y=0 c0=IDLE1 c1=IDLE0
10203 core=0 tick r=1 y=3 c0=t434 c1=IDLE1
10204 core=1 create 1 t435 p3 r=1 y=2 c0=t434 c1=t435
10205 core=0 suspend t434 r=0 y=1 c0=IDLE0 c1=t435
10206 core=0 noop r=0 y=0 c0=IDLE0 c1=t435
10207 core=0 resume t431 r=0 y=1 c0=t431 c1=t435
10208 core=0 delay t431 5 r=0 y=1 c0=IDLE1 c1=t435
10209 core=0 noop r=0 y=0 c0=IDLE1 c1=t435
10210 core=1 delay t435 1 r=0 y=2 c0=IDLE1 c1=IDLE0
10211 core=0 noop r=0 y=0 c0=IDLE1 c1=IDLE0
10212 core=0 noop r=0 y=0 c0=IDLE1 c1=IDLE0
10213 core=1 give_isr r=0 y=0 c0=IDLE1 c1=IDLE0
10214 core=1 noop r=0 y=0 c0=IDLE1 c1=IDLE0
10215 core=0 create 5 t436 p3 r=1 y=2 c0=IDLE1 c1=t436
10216 core=0 tick r=1 y=3 c0=t435 c1=t436
10217 core=1 suspend t431 r=0 y=0 c0=t435 c1=t436
10218 core=1 take t436 r=1 y=0 c0=t435 c1=t436
10219 core=0 tick r=1 y=3 c0=t435 c1=t436
10220 core=0 noop r=0 y=0 c0=t435 c1=t436
10221 core=0 delay t435 2 r=0 y=1 c0=IDLE0 c1=t436
10222 core=1 take t436 r=0 y=0 c0=IDLE0 c1=t436
10223 core=1 create 0 t437 p0 r=1 y=1 c0=IDLE1 c1=t436
10224 core=0 noop r=0 y=0 c0=IDLE1 c1=t436
10225 core=1 noop r=0 y=0 c0=IDLE1 c1=t436
10226 core=1 noop r=0 y=0 c0=IDLE1 c1=t436
10227 core=1 noop r=0 y=0 c0=IDLE1 c1=t436
10228 core=1 delete 5 t436 r=0 y=2 c0=IDLE1 c1=t437
10229 core=1 resume t435 r=0 y=0 c0=IDLE1 c1=t437
10230 core=1 delay t437 3 r=0 y=2 c0=IDLE1 c1=IDLE0
10231 core=1 noop r=0 y=0 c0=IDLE1 c1=IDLE0
10232 core=1 give r=1 y=0 c0=IDLE1 c1=IDLE0
10233 core=0 create 8 t438 p1 r=1 y=2 c0=IDLE1 c1=t438
10234 core=1 prio t438 2 r=0 y=0 c0=IDLE1 c1=t438
10235 core=0 noop r=0 y=0 c0=IDLE1 c1=t438
10236 core=1 give r=0 y=0 c0=IDLE1 c1=t438
10237 core=1 take t438 r=1 y=0 c0=IDLE1 c1=t438
10238 core=0 suspend t434 r=0 y=0 c0=IDLE1 c1=t438
10239 core=0 noop r=0 y=0 c0=IDLE1 c1=t438
10240 core=1 suspend t437 r=0 y=0 c0=IDLE1 c1=t438
10241 core=1 take t438 r=0 y=0 c0=IDLE1 c1=t438
10242 core=0 tick r=1 y=1 c0=IDLE0 c1=t438
10243 core=0 delete 0 t437 r=0 y=0 c0=IDLE0 c1=t438
10244 core=1 noop r=0 y=0 c0=IDLE0 c1=t438
10245 core=0 tick r=1 y=3 c0=t430 c1=t435
10246 core=1 noop r=0 y=0 c0=t430 c1=t435
10247 core=1 suspend t431 r=0 y=0 c0=t430 c1=t435
10248 core=1 resume t431 r=0 y=0 c0=t430 c1=t435
10249 core=0 delay t430 1 r=0 y=1 c0=t438 c1=t435
10250 core=1 delay t435 1 r=0 y=2 c0=t438 c1=t431
10251 core=0 noop r=0 y=0 c0=t438 c1=t431
10252 core=0 resume t435 r=0 y=0 c0=t438 c1=t431
10253 core=0 delete 4 t434 r=0 y=0 c0=t438 c1=t431
10254 core=0 suspend t431 r=0 y=2 c0=t438 c1=IDLE1
10255 core=0 prio t435 3 r=0 y=0 c0=t438 c1=IDLE1
10256 core=0 tick r=1 y=3 c0=t430 c1=t435
10257 core=1 give r=1 y=0 c0=t430 c1=t435
10258 core=1 suspend t431 r=0 y=0 c0=t430 c1=t435
10259 core=0 suspend t431 r=0 y=0 c0=t430 c1=t435
10260 core=1 noop r=0 y=0 c0=t430 c1=t435
10261 core=0 resume t431 r=0 y=0 c0=t430 c1=t435
10262 core=0 give r=0 y=0 c0=t430 c1=t435
10263 core=0 suspend t435 r=0 y=2 c0=t430 c1=t438
10264 core=1 take t438 r=1 y=0 c0=t430 c1=t438
10265 core=0 resume t430 r=0 y=0 c0=t430 c1=t438
10266 core=0 tick r=0 y=2 c0=t430 c1=t431
10267 core=1 suspend t431 r=0 y=2 c0=t430 c1=t438
10268 core=0 resume t438 r=0 y=0 c0=t430 c1=t438
10269 core=0 suspend t430 r=0 y=1 c0=IDLE0 c1=t438
10270 core=0 noop r=0 y=0 c0=IDLE0 c1=t438
10271 core=0 tick r=1 y=1 c0=IDLE1 c1=t438
10272 core=1 prio t431 0 r=0 y=0 c0=IDLE1 c1=t438
10273 core=1 delay t438 4 r=0 y=2 c0=IDLE1 c1=IDLE0
10274 core=0 create 2 t439 p1 r=1 y=2 c0=IDLE1 c1=t439
10275 core=0 noop r=0 y=0 c0=IDLE1 c1=t439
10276 core=0 noop r=0 y=0 c0=IDLE1 c1=t439
10277 core=1 noop r=0 y=0 c0=IDLE1 c1=t439
10278 core=1 noop r=0 y=0 c0=IDLE1 c1=t439
10279 core=0 noop r=0 y=0 c0=IDLE1 c1=t439
10280 core=0 noop r=0 y=0 c0=IDLE1 c1=t439
10281 core=0 noop r=0 y=0 c0=IDLE1 c1=t439
10282 core=1 noop r=0 y=0 c0=IDLE1 c1=t439
10283 core=0 noop r=0 y=0 c0=IDLE1 c1=t439
10284 core=1 prio t431 2 r=0 y=0 c0=IDLE1 c1=t439
10285 core=1 prio t439 3 r=0 y=0 c0=IDLE1 c1=t439
10286 core=1 prio t435 2 r=0 y=0 c0=IDLE1 c1=t439
10287 core=1 delete 2 t439 r=0 y=2 c0=IDLE1 c1=IDLE0
10288 core=0 noop r=0 y=0 c0=IDLE1 c1=IDLE0
10289 core=1 noop r=0 y=0 c0=IDLE1 c1=IDLE0
10290 core=1 delete 1 t435 r=0 y=0 c0=IDLE1 c1=IDLE0
10291 core=1 noop r=0 y=0 c0=IDLE1 c1=IDLE0
10292 core=0 noop r=0 y=0 c0=IDLE1 c1=IDLE0
10293 core=1 noop r=0 y=0 c0=IDLE1 c1=IDLE0
10294 core=0 noop r=0 y=0 c0=IDLE1 c1=IDLE0
10295 core=1 create 6 t440 p3 r=1 y=2 c0=IDLE1 c1=t440
10296 core=0 noop r=0 y=0 c0=IDLE1 c1=t440
10297 core=0 noop r=0 y=0 c0=IDLE1 c1=t440
10298 core=0 noop r=0 y=0 c0=IDLE1 c1=t440
10299 core=1 take t440 r=0 y=0 c0=IDLE1 c1=t440
10300 core=0 noop r=0 y=0 c0=IDLE1 c1=t440
10301 core=0 give_isr r=1 y=0 c0=IDLE1 c1=t440
10302 core=0 noop r=0 y=0 c0=IDLE1 c1=t440
10303 core=0 noop r=0 y=0 c0=IDLE1 c1=t440
10304 core=0 noop r=0 y=0 c0=IDLE1 c1=t440
10305 core=0 noop r=0 y=0 c0=IDLE1 c1=t440
10306 core=0 yield r=0 y=1 c0=IDLE0 c1=t440
10307 core=0 tick r=1 y=1 c0=IDLE1 c1=t440
10308 core=0 prio t438 3 r=0 y=0 c0=IDLE1 c1=t440
10309 core=0 noop r=0 y=0 c0=IDLE1 c1=t440
10310 core=0 noop r=0 y=0 c0=IDLE1 c1=t440
10311 core=0 tick r=1 y=1 c0=IDLE0 c1=t440
10312 core=0 tick r=1 y=1 c0=IDLE1 c1=t440
10313 core=0 tick r=1 y=3 c0=t438 c1=t440
10314 core=1 noop r=0 y=0 c0=t438 c1=t440
10315 core=1 create 3 t441 p0 r=1 y=0 c0=t438 c1=t440
10316 core=0 tick r=1 y=3 c0=t438 c1=t440
10317 core=0 tick r=1 y=3 c0=t438 c1=t440
10318 core=1 prio t441 0 r=0 y=0 c0=t438 c1=t440
10319 core=1 noop r=0 y=0 c0=t438 c1=t440
10320 core=0 tick r=1 y=3 c0=t438 c1=t440
10321 core=1 prio t440 3 r=0 y=0 c0=t438 c1=t440
10322 core=0 take t438 r=1 y=0 c0=t438 c1=t440
10323 core=0 noop r=0 y=0 c0=t438 c1=t440
10324 core=0 tick r=1 y=3 c0=t438 c1=t440
10325 core=1 delay t440 4 r=0 y=2 c0=t438 c1=IDLE0
10326 core=1 noop r=0 y=0 c0=t438 c1=IDLE0
10327 core=1 noop r=0 y=0 c0=t438 c1=IDLE0
10328 core=0 create 5 t442 p2 r=1 y=2 c0=t438 c1=t442
10329 core=1 noop r=0 y=0 c0=t438 c1=t442
10330 core=1 resume t431 r=0 y=0 c0=t438 c1=t442
10331 core=0 tick r=0 y=2 c0=t438 c1=t431
10332 core=1 prio t442 0 r=0 y=0 c0=t438 c1=t431
10333 core=0 give r=1 y=0 c0=t438 c1=t431
10334 core=1 prio t438 1 r=0 y=1 c0=t438 c1=t431
10335 core=0 noop r=0 y=0 c0=t438 c1=t431
10336 core=0 suspend t442 r=0 y=0 c0=t438 c1=t431
10337 core=0 give r=0 y=0 c0=t438 c1=t431
10338 core=0 give r=0 y=0 c0=t438 c1=t431
10339 core=1 suspend t442 r=0 y=0 c0=t438 c1=t431
10340 core=0 delay t438 2 r=0 y=1 c0=IDLE1 c1=t431
10341 core=0 noop r=0 y=0 c0=IDLE1 c1=t431
10342 core=1 give r=0 y=0 c0=IDLE1 c1=t431
10343 core=0 noop r=0 y=0 c0=IDLE1 c1=t431
10344 core=1 suspend t430 r=0 y=0 c0=IDLE1 c1=t431
10345 core=1 suspend t431 r=0 y=2 c0=IDLE1 c1=t441
10346 core=1 give_isr r=0 y=0 c0=IDLE1 c1=t441
10347 core=0 noop r=0 y=0 c0=IDLE1 c1=t441
10348 core=1 delete 6 t440 r=0 y=0 c0=IDLE1 c1=t441
10349 core=0 prio t442 1 r=0 y=0 c0=IDLE1 c1=t441
10350 core=0 give r=0 y=0 c0=IDLE1 c1=t441
10351 core=0 suspend t441 r=0 y=2 c0=IDLE1 c1=IDLE0
10352 core=1 noop r=0 y=0 c0=IDLE1 c1=IDLE0
10353 core=1 give_isr r=0 y=0 c0=IDLE1 c1=IDLE0
10354 core=0 delete 3 t441 r=0 y=0 c0=IDLE1 c1=IDLE0
10355 core=0 noop r=0 y=0 c0=IDLE1 c1=IDLE0
10356 core=1 create 4 t443 p1 r=1 y=2 c0=IDLE1 c1=t443
10357 core=1 create 2 t444 p0 r=1 y=1 c0=IDLE0 c1=t443
10358 core=1 delay t443 5 r=0 y=2 c0=IDLE0 c1=t444
10359 core=0 noop r=0 y=0 c0=IDLE0 c1=t444
10360 core=0 tick r=1 y=3 c0=IDLE1 c1=IDLE0
10361 core=0 noop r=0 y=0 c0=IDLE1 c1=IDLE0
10362 core=1 yield r=0 y=2 c0=IDLE1 c1=t444
10363 core=0 noop r=0 y=0 c0=IDLE1 c1=t444
10364 core=0 noop r=0 y=0 c0=IDLE1 c1=t444
10365 core=1 take t444 r=1 y=0 c0=IDLE1 c1=t444
10366 core=0 prio t438 1 r=0 y=0 c0=IDLE1 c1=t444
10367 core=0 suspend t430 r=0 y=0 c0=IDLE1 c1=t444
10368 core=1 take t444 r=0 y=0 c0=IDLE1 c1=t444
10369 core=1 give r=1 y=0 c0=IDLE1 c1=t444
10370 core=0 resume t430 r=0 y=1 c0=t430 c1=t444
10371 core=0 create 0 t445 p1 r=1 y=2 c0=t430 c1=t445
10372 core=0 give_isr r=0 y=0 c0=t430 c1=t445
10373 core=0 noop r=0 y=0 c0=t430 c1=t445
10374 core=0 tick r=0 y=2 c0=t430 c1=t438
10375 core=1 give r=0 y=0 c0=t430 c1=t438
10376 core=1 delete 8 t438 r=0 y=2 c0=t430 c1=t445
10377 core=0 noop r=0 y=0 c0=t430 c1=t445
10378 core=0 delete 9 t431 r=0 y=0 c0=t430 c1=t445
10379 core=0 tick r=0 y=0 c0=t430 c1=t445
10380 core=0 suspend t443 r=0 y=0 c0=t430 c1=t445
10381 core=0 tick r=0 y=0 c0=t430 c1=t445
10382 core=0 noop r=0 y=0 c0=t430 c1=t445
10383 core=1 noop r=0 y=0 c0=t430 c1=t445
10384 core=1 noop r=0 y=0 c0=t430 c1=t445
10385 core=1 noop r=0 y=0 c0=t430 c1=t445
10386 core=0 delete 7 t430 r=0 y=1 c0=IDLE0 c1=t445
10387 core=1 noop r=0 y=0 c0=IDLE0 c1=t445
10388 core=0 tick r=1 y=1 c0=IDLE1 c1=t445
10389 core=0 tick r=1 y=1 c0=t444 c1=t445
10390 core=0 noop r=0 y=0 c0=t444 c1=t445
10391 core=0 tick r=1 y=1 c0=IDLE0 c1=t445
10392 core=1 give r=0 y=0 c0=IDLE0 c1=t445
10393 core=0 noop r=0 y=0 c0=IDLE0 c1=t445
10394 core=0 yield r=0 y=1 c0=IDLE1 c1=t445
10395 core=0 tick r=1 y=1 c0=t444 c1=t445
10396 core=1 give r=0 y=0 c0=t444 c1=t445
10397 core=1 delay t445 1 r=0 y=2 c0=t444 c1=IDLE0
10398 core=0 noop r=0 y=0 c0=t444 c1=IDLE0
10399 core=0 noop r=0 y=0 c0=t444 c1=IDLE0
10400 core=0 delay t444 2 r=0 y=1 c0=IDLE1 c1=IDLE0
10401 core=1 create 8 t446 p1 r=1 y=2 c0=IDLE1 c1=t446
10402 core=1 take t446 r=1 y=0 c0=IDLE1 c1=t446
10403 core=0 create 6 t447 p1 r=1 y=1 c0=t447 c1=t446
10404 core=0 give_isr r=1 y=0 c0=t447 c1=t446
10405 core=0 resume t443 r=0 y=0 c0=t447 c1=t446
10406 core=0 suspend t445 r=0 y=0 c0=t447 c1=t446
10407 core=0 suspend t447 r=0 y=1 c0=t443 c1=t446
10408 core=0 take t443 r=1 y=0 c0=t443 c1=t446
10409 core=0 delay t443 4 r=0 y=1 c0=IDLE0 c1=t446
10410 core=1 noop r=0 y=0 c0=IDLE0 c1=t446
10411 core=1 give_isr r=1 y=0 c0=IDLE0 c1=t446
10412 core=1 take t446 r=1 y=0 c0=IDLE0 c1=t446
10413 core=1 give r=1 y=0 c0=IDLE0 c1=t446
10414 core=1 noop r=0 y=0 c0=IDLE0 c1=t446
10415 core=0 give r=0 y=0 c0=IDLE0 c1=t446
10416 core=1 give_isr r=0 y=0 c0=IDLE0 c1=t446
10417 core=0 noop r=0 y=0 c0=IDLE0 c1=t446
10418 core=0 noop r=0 y=0 c0=IDLE0 c1=t446
10419 core=0 prio t443 0 r=0 y=0 c0=IDLE0 c1=t446
10420 core=1 noop r=0 y=0 c0=IDLE0 c1=t446
10421 core=0 tick r=1 y=1 c0=IDLE1 c1=t446
10422 core=1 suspend t443 r=0 y=0 c0=IDLE1 c1=t446
10423 core=0 give_isr r=0 y=0 c0=IDLE1 c1=t446
10424 core=0 delete 5 t442 r=0 y=0 c0=IDLE1 c1=t446
10425 core=0 create 7 t448 p2 r=1 y=1 c0=t448 c1=t446
10426 core=0 noop r=0 y=0 c0=t448 c1=t446
10427 core=0 suspend t443 r=0 y=0 c0=t448 c1=t446
10428 core=1 noop r=0 y=0 c0=t448 c1=t446
10429 core=1 suspend t445 r=0 y=0 c0=t448 c1=t446
10430 core=0 tick r=0 y=0 c0=t448 c1=t446
10431 core=0 delete 2 t444 r=0 y=0 c0=t448 c1=t446
10432 core=0 noop r=0 y=0 c0=t448 c1=t446
10433 core=1 noop r=0 y=0 c0=t448 c1=t446
10434 core=1 noop r=0 y=0 c0=t448 c1=t446
10435 core=1 resume t447 r=0 y=0 c0=t448 c1=t446
10436 core=1 resume t445 r=0 y=0 c0=t448 c1=t446
10437 core=0 take t448 r=1 y=0 c0=t448 c1=t446
10438 core=0 give r=1 y=0 c0=t448 c1=t446
10439 core=0 noop r=0 y=0 c0=t448 c1=t446
10440 core=0 delay t448 2 r=0 y=1 c0=t447 c1=t446
10441 core=0 tick r=1 y=3 c0=t445 c1=t447
10442 core=1 create 9 t449 p2 r=1 y=2 c0=t445 c1=t449
10443 core=0 tick r=1 y=3 c0=t448 c1=t449
10444 core=0 suspend t445 r=0 y=0 c0=t448 c1=t449
10445 core=0 noop r=0 y=0 c0=t448 c1=t449
10446 core=0 tick r=1 y=3 c0=t448 c1=t449
10447 core=0 noop r=0 y=0 c0=t448 c1=t449
10448 core=1 delete 6 t447 r=0 y=0 c0=t448 c1=t449
10449 core=1 noop r=0 y=0 c0=t448 c1=t449
10450 core=1 prio t446 2 r=0 y=0 c0=t448 c1=t449
10451 core=0 delete 7 t448 r=0 y=1 c0=t446 c1=t449
10452 core=0 tick r=1 y=3 c0=t446 c1=t449
10453 core=1 yield r=0 y=2 c0=t446 c1=t449
10454 core=0 delay t446 4 r=0 y=1 c0=IDLE0 c1=t449
10455 core=0 noop r=0 y=0 c0=IDLE0 c1=t449
10456 core=1 take t449 r=1 y=0 c0=IDLE0 c1=t449
10457 core=0 yield r=0 y=1 c0=IDLE1 c1=t449
10458 core=0 noop r=0 y=0 c0=IDLE1 c1=t449
10459 core=0 give_isr r=1 y=0 c0=IDLE1 c1=t449
10460 core=1 yield r=0 y=2 c0=IDLE1 c1=t449
10461 core=1 give r=0 y=0 c0=IDLE1 c1=t449
10462 core=1 create 2 t450 p2 r=1 y=1 c0=t450 c1=t449
10463 core=1 yield r=0 y=2 c0=t450 c1=t449
10464 core=0 noop r=0 y=0 c0=t450 c1=t449
10465 core=0 suspend t450 r=0 y=1 c0=IDLE0 c1=t449
10466 core=0 noop r=0 y=0 c0=IDLE0 c1=t449
10467 core=1 noop r=0 y=0 c0=IDLE0 c1=t449
10468 core=1 resume t450 r=0 y=1 c0=t450 c1=t449
10469 core=0 noop r=0 y=0 c0=t450 c1=t449
10470 core=1 delay t449 2 r=0 y=2 c0=t450 c1=IDLE1
10471 core=0 create 7 t451 p1 r=1 y=2 c0=t450 c1=t451
10472 core=0 suspend t450 r=0 y=1 c0=IDLE0 c1=t451
10473 core=0 prio t443 0 r=0 y=0 c0=IDLE0 c1=t451
10474 core=1 noop r=0 y=0 c0=IDLE0 c1=t451
10475 core=1 noop r=0 y=0 c0=IDLE0 c1=t451
10476 core=1 suspend t445 r=0 y=0 c0=IDLE0 c1=t451
10477 core=1 prio t450 1 r=0 y=0 c0=IDLE0 c1=t451
10478 core=0 suspend t445 r=0 y=0 c0=IDLE0 c1=t451
10479 core=0 noop r=0 y=0 c0=IDLE0 c1=t451
10480 core=1 yield r=0 y=2 c0=IDLE0 c1=t451
10481 core=1 delay t451 2 r=0 y=2 c0=IDLE0 c1=IDLE1
10482 core=1 create 1 t452 p2 r=1 y=2 c0=IDLE0 c1=t452
10483 core=1 noop r=0 y=0 c0=IDLE0 c1=t452
10484 core=0 tick r=1 y=1 c0=IDLE1 c1=t452
10485 core=0 create 5 t453 p0 r=1 y=1 c0=IDLE0 c1=t452
10486 core=1 delete 5 t453 r=0 y=0 c0=IDLE0 c1=t452
10487 core=1 noop r=0 y=0 c0=IDLE0 c1=t452
10488 core=1 give_isr r=0 y=0 c0=IDLE0 c1=t452
10489 core=1 create 3 t454 p2 r=1 y=1 c0=t454 c1=t452
10490 core=0 take t454 r=1 y=0 c0=t454 c1=t452
10491 core=1 create 6 t455 p1 r=1 y=0 c0=t454 c1=t452
10492 core=0 prio t446 2 r=0 y=0 c0=t454 c1=t452
10493 core=0 prio t449 0 r=0 y=0 c0=t454 c1=t452
10494 core=0 create 5 t456 p3 r=1 y=2 c0=t454 c1=t456
10495 core=0 noop r=0 y=0 c0=t454 c1=t456
10496 core=0 delete 1 t452 r=0 y=0 c0=t454 c1=t456
10497 core=1 take t456 r=0 y=0 c0=t454 c1=t456
10498 core=0 noop r=0 y=0 c0=t454 c1=t456
10499 core=1 prio t456 3 r=0 y=0 c0=t454 c1=t456
10500 core=1 resume t450 r=0 y=0 c0=t454 c1=t456
10501 core=0 tick r=0 y=0 c0=t454 c1=t456
10502 core=0 tick r=0 y=0 c0=t454 c1=t456
10503 core=0 yield r=0 y=1 c0=t454 c1=t456
10504 core=0 tick r=1 y=1 c0=t446 c1=t456
10505 core=0 suspend t451 r=0 y=0 c0=t446 c1=t456
10506 core=0 give r=1 y=0 c0=t446 c1=t456
10507 core=1 take t456 r=1 y=0 c0=t446 c1=t456
10508 core=0 suspend t443 r=0 y=0 c0=t446 c1=t456
10509 core=1 give r=1 y=0 c0=t446 c1=t456
10510 core=1 delay t456 4 r=0 y=2 c0=t446 c1=t454
10511 core=0 delay t446 3 r=0 y=1 c0=t455 c1=t454
10512 core=0 noop r=0 y=0 c0=t455 c1=t454
10513 core=0 delete 7 t451 r=0 y=0 c0=t455 c1=t454
10514 core=0 take t455 r=1 y=0 c0=t455 c1=t454
10515 core=1 delete 8 t446 r=0 y=0 c0=t455 c1=t454
10516 core=0 noop r=0 y=0 c0=t455 c1=t454
10517 core=0 prio t455 0 r=0 y=1 c0=t450 c1=t454
10518 core=0 suspend t445 r=0 y=0 c0=t450 c1=t454
10519 core=1 take t454 r=0 y=0 c0=t450 c1=t454
10520 core=0 yield r=0 y=1 c0=t450 c1=t454
10521 core=1 suspend t450 r=0 y=1 c0=IDLE1 c1=t454
10522 core=1 prio t455 1 r=0 y=1 c0=t455 c1=t454
10523 core=1 give r=1 y=0 c0=t455 c1=t454
10524 core=1 yield r=0 y=2 c0=t455 c1=t454
10525 core=1 prio t455 1 r=0 y=0 c0=t455 c1=t454
10526 core=1 suspend t443 r=0 y=0 c0=t455 c1=t454
10527 core=0 delay t455 4 r=0 y=1 c0=IDLE0 c1=t454
10528 core=0 tick r=1 y=1 c0=t449 c1=t454
10529 core=0 delay t449 3 r=0 y=1 c0=IDLE1 c1=t454
10530 core=0 give r=0 y=0 c0=IDLE1 c1=t454
10531 core=0 prio t449 0 r=0 y=0 c0=IDLE1 c1=t454
10532 core=1 delay t454 1 r=0 y=2 c0=IDLE1 c1=IDLE0
10533 core=0 prio t456 3 r=0 y=0 c0=IDLE1 c1=IDLE0
10534 core=0 noop r=0 y=0 c0=IDLE1 c1=IDLE0
10535 core=1 noop r=0 y=0 c0=IDLE1 c1=IDLE0
10536 core=0 give r=0 y=0 c0=IDLE1 c1=IDLE0
10537 core=0 tick r=1 y=3 c0=t454 c1=IDLE1
10538 core=0 resume t455 r=0 y=0 c0=t454 c1=IDLE1
10539 core=0 noop r=0 y=0 c0=t454 c1=IDLE1
10540 core=0 give r=0 y=0 c0=t454 c1=IDLE1
10541 core=1 suspend t456 r=0 y=0 c0=t454 c1=IDLE1
10542 core=0 tick r=0 y=2 c0=t454 c1=IDLE0
10543 core=1 give_isr r=0 y=0 c0=t454 c1=IDLE0
10544 core=1 noop r=0 y=0 c0=t454 c1=IDLE0
10545 core=1 give_isr r=0 y=0 c0=t454 c1=IDLE0
10546 core=1 noop r=0 y=0 c0=t454 c1=IDLE0
10547 core=1 resume t454 r=0 y=0 c0=t454 c1=IDLE0
10548 core=1 suspend t449 r=0 y=0 c0=t454 c1=IDLE0
10549 core=0 delete 3 t454 r=0 y=1 c0=IDLE1 c1=IDLE0
10550 core=1 suspend t449 r=0 y=0 c0=IDLE1 c1=IDLE0
10551 core=0 noop r=0 y=0 c0=IDLE1 c1=IDLE0
10552 core=1 delete 9 t449 r=0 y=0 c0=IDLE1 c1=IDLE0
10553 core=1 give_isr r=0 y=0 c0=IDLE1 c1=IDLE0
10554 core=1 create 7 t457 p1 r=1 y=2 c0=IDLE1 c1=t457
10555 core=1 noop r=0 y=0 c0=IDLE1 c1=t457
10556 core=1 yield r=0 y=2 c0=IDLE1 c1=t457
10557 core=1 resume t445 r=0 y=1 c0=t445 c1=t457
10558 core=0 tick r=1 y=3 c0=t455 c1=t445
10559 core=0 give r=0 y=0 c0=t455 c1=t445
10560 core=0 tick r=1 y=3 c0=t457 c1=t455
10561 core=1 resume t457 r=0 y=0 c0=t457 c1=t455
10562 core=1 resume t443 r=0 y=0 c0=t457 c1=t455
10563 core=1 noop r=0 y=0 c0=t457 c1=t455
10564 core=1 noop r=0 y=0 c0=t457 c1=t455
10565 core=0 prio t457 2 r=0 y=0 c0=t457 c1=t455
10566 core=0 tick r=0 y=2 c0=t457 c1=t445
10567 core=1 noop r=0 y=0 c0=t457 c1=t445
10568 core=1 prio t455 0 r=0 y=0 c0=t457 c1=t445
10569 core=0 yield r=0 y=1 c0=t457 c1=t445
10570 core=0 tick r=0 y=0 c0=t457 c1=t445
10571 core=0 noop r=0 y=0 c0=t457 c1=t445
10572 core=1 create 3 t458 p2 r=1 y=2 c0=t457 c1=t458
10573 core=1 prio t445 3 r=0 y=2 c0=t457 c1=t445
10574 core=1 give r=0 y=0 c0=t457 c1=t445
10575 core=1 resume t457 r=0 y=0 c0=t457 c1=t445
10576 core=0 tick r=1 y=1 c0=t458 c1=t445
10577 core=0 tick r=1 y=1 c0=t457 c1=t445
10578 core=0 create 9 t459 p3 r=1 y=1 c0=t459 c1=t445
10579 core=0 take t459 r=1 y=0 c0=t459 c1=t445
10580 core=0 tick r=1 y=3 c0=t459 c1=t445
10581 core=0 noop r=0 y=0 c0=t459 c1=t445
10582 core=1 prio t450 2 r=0 y=0 c0=t459 c1=t445
10583 core=0 yield r=0 y=1 c0=t459 c1=t445
10584 core=0 prio t443 1 r=0 y=0 c0=t459 c1=t445
10585 core=1 give r=1 y=0 c0=t459 c1=t445
10586 core=0 give_isr r=0 y=0 c0=t459 c1=t445
10587 core=1 noop r=0 y=0 c0=t459 c1=t445
10588 core=1 noop r=0 y=0 c0=t459 c1=t445
10589 core=1 prio t458 2 r=0 y=0 c0=t459 c1=t445
10590 core=0 create 1 t460 p3 r=1 y=0 c0=t459 c1=t445
10591 core=0 suspend t445 r=0 y=2 c0=t459 c1=t460
10592 core=0 take t459 r=1 y=0 c0=t459 c1=t460
10593 core=1 noop r=0 y=0 c0=t459 c1=t460
10594 core=0 delay t459 1 r=0 y=1 c0=t458 c1=t460
10595 core=0 suspend t459 r=0 y=0 c0=t458 c1=t460
10596 core=0 noop r=0 y=0 c0=t458 c1=t460
10597 core=0 give r=1 y=0 c0=t458 c1=t460
10598 core=1 resume t460 r=0 y=0 c0=t458 c1=t460
10599 core=0 resume t443 r=0 y=0 c0=t458 c1=t460
10600 core=1 delay t460 1 r=0 y=2 c0=t458 c1=t457
10601 core=0 delay t458 1 r=0 y=1 c0=t443 c1=t457
10602 core=0 delay t443 4 r=0 y=1 c0=IDLE0 c1=t457
10603 core=0 give r=0 y=0 c0=IDLE0 c1=t457
10604 core=0 noop r=0 y=0 c0=IDLE0 c1=t457
10605 core=1 delay t457 4 r=0 y=2 c0=IDLE0 c1=IDLE1
10606 core=1 noop r=0 y=0 c0=IDLE0 c1=IDLE1
10607 core=1 resume t456 r=0 y=2 c0=IDLE0 c1=t456
10608 core=1 noop r=0 y=0 c0=IDLE0 c1=t456
10609 core=0 tick r=1 y=3 c0=t460 c1=t456
10610 core=1 resume t458 r=0 y=0 c0=t460 c1=t456
10611 core=1 delay t456 2 r=0 y=2 c0=t460 c1=t458
10612 core=0 give_isr r=0 y=0 c0=t460 c1=t458
10613 core=1 resume t458 r=0 y=0 c0=t460 c1=t458
10614 core=1 delete 4 t443 r=0 y=0 c0=t460 c1=t458
10615 core=1 noop r=0 y=0 c0=t460 c1=t458
10616 core=1 take t458 r=1 y=0 c0=t460 c1=t458
10617 core=0 delay t460 1 r=0 y=1 c0=t455 c1=t458
10618 core=0 tick r=1 y=1 c0=t460 c1=t458
10619 core=0 suspend t458 r=0 y=2 c0=t460 c1=IDLE1
10620 core=0 noop r=0 y=0 c0=t460 c1=IDLE1
10621 core=1 noop r=0 y=0 c0=t460 c1=IDLE1
10622 core=0 give r=1 y=0 c0=t460 c1=IDLE1
10623 core=1 yield r=0 y=2 c0=t460 c1=IDLE0
10624 core=1 prio t458 2 r=0 y=0 c0=t460 c1=IDLE0
10625 core=1 noop r=0 y=0 c0=t460 c1=IDLE0
10626 core=1 give r=0 y=0 c0=t460 c1=IDLE0
10627 core=0 resume t457 r=0 y=0 c0=t460 c1=IDLE0
10628 core=1 suspend t457 r=0 y=0 c0=t460 c1=IDLE0
10629 core=1 prio t459 0 r=0 y=0 c0=t460 c1=IDLE0
10630 core=1 give r=0 y=0 c0=t460 c1=IDLE0
10631 core=1 give r=0 y=0 c0=t460 c1=IDLE0
10632 core=0 tick r=1 y=3 c0=t456 c1=t460
10633 core=1 create 8 t461 p2 r=1 y=0 c0=t456 c1=t460
10634 core=1 resume t450 r=0 y=0 c0=t456 c1=t460
10635 core=0 prio t459 1 r=0 y=0 c0=t456 c1=t460
10636 core=0 tick r=1 y=3 c0=t456 c1=t460
10637 core=1 delay t460 3 r=0 y=2 c0=t456 c1=t461
10638 core=1 resume t445 r=0 y=2 c0=t456 c1=t445
10639 core=0 give r=0 y=0 c0=t456 c1=t445
10640 core=1 noop r=0 y=0 c0=t456 c1=t445
10641 core=0 tick r=1 y=3 c0=t456 c1=t445
10642 core=0 give r=0 y=0 c0=t456 c1=t445
10643 core=0 tick r=1 y=3 c0=t456 c1=t445
10644 core=0 suspend t459 r=0 y=0 c0=t456 c1=t445
10645 core=0 suspend t460 r=0 y=0 c0=t456 c1=t445
10646 core=1 prio t461 2 r=0 y=0 c0=t456 c1=t445
10647 core=1 suspend t445 r=0 y=2 c0=t456 c1=t450
10648 core=1 suspend t458 r=0 y=0 c0=t456 c1=t450
10649 core=0 tick r=0 y=2 c0=t456 c1=t461
10650 core=0 delay t456 2 r=0 y=1 c0=t450 c1=t461
10651 core=1 prio t455 3 r=0 y=2 c0=t450 c1=t455
10652 core=0 prio t455 2 r=0 y=2 c0=t450 c1=t461
10653 core=0 noop r=0 y=0 c0=t450 c1=t461
10654 core=1 give r=0 y=0 c0=t450 c1=t461
10655 core=0 tick r=1 y=3 c0=t455 c1=t450
10656 core=1 delay t450 3 r=0 y=2 c0=t455 c1=t461
10657 core=0 give_isr r=0 y=0 c0=t455 c1=t461
10658 core=1 take t461 r=1 y=0 c0=t455 c1=t461
10659 core=0 prio t458 0 r=0 y=0 c0=t455 c1=t461
10660 core=0 tick r=1 y=3 c0=t456 c1=t455
10661 core=0 yield r=0 y=1 c0=t456 c1=t455
10662 core=0 delete 1 t460 r=0 y=0 c0=t456 c1=t455
10663 core=0 give r=1 y=0 c0=t456 c1=t455
10664 core=0 resume t445 r=0 y=2 c0=t456 c1=t445
10665 core=1 delete 5 t456 r=0 y=1 c0=t461 c1=t445
10666 core=0 noop r=0 y=0 c0=t461 c1=t445
10667 core=0 take t461 r=1 y=0 c0=t461 c1=t445
10668 core=1 noop r=0 y=0 c0=t461 c1=t445
10669 core=1 suspend t455 r=0 y=0 c0=t461 c1=t445
10670 core=0 delay t461 5 r=0 y=1 c0=IDLE1 c1=t445
10671 core=1 noop r=0 y=0 c0=IDLE1 c1=t445
10672 core=1 take t445 r=0 y=0 c0=IDLE1 c1=t445
10673 core=0 delete 2 t450 r=0 y=0 c0=IDLE1 c1=t445
10674 core=0 noop r=0 y=0 c0=IDLE1 c1=t445
10675 core=1 give r=1 y=0 c0=IDLE1 c1=t445
10676 core=0 noop r=0 y=0 c0=IDLE1 c1=t445
10677 core=0 suspend t461 r=0 y=0 c0=IDLE1 c1=t445
10678 core=1 give r=0 y=0 c0=IDLE1 c1=t445
10679 core=0 suspend t455 r=0 y=0 c0=IDLE1 c1=t445
10680 core=1 delay t445 3 r=0 y=2 c0=IDLE1 c1=IDLE0
10681 core=1 delete 8 t461 r=0 y=0 c0=IDLE1 c1=IDLE0
10682 core=1 create 5 t462 p1 r=1 y=2 c0=IDLE1 c1=t462
10683 core=1 noop r=0 y=0 c0=IDLE1 c1=t462
10684 core=0 resume t445 r=0 y=0 c0=IDLE1 c1=t462
10685 core=1 suspend t445 r=0 y=0 c0=IDLE1 c1=t462
10686 core=1 resume t457 r=0 y=1 c0=t457 c1=t462
10687 core=1 yield r=0 y=2 c0=t457 c1=t462
10688 core=0 take t457 r=1 y=0 c0=t457 c1=t462
10689 core=0 delay t457 1 r=0 y=1 c0=IDLE0 c1=t462
10690 core=0 noop r=0 y=0 c0=IDLE0 c1=t462
10691 core=0 resume t459 r=0 y=1 c0=t459 c1=t462
10692 core=0 give_isr r=1 y=0 c0=t459 c1=t462
10693 core=1 delete 3 t458 r=0 y=0 c0=t459 c1=t462
10694 core=0 prio t457 0 r=0 y=0 c0=t459 c1=t462
10695 core=1 give r=0 y=0 c0=t459 c1=t462
10696 core=1 give_isr r=0 y=0 c0=t459 c1=t462
10697 core=0 tick r=1 y=3 c0=t459 c1=t462
10698 core=0 delay t459 5 r=0 y=1 c0=IDLE1 c1=t462
10699 core=1 give r=0 y=0 c0=IDLE1 c1=t462
10700 core=0 noop r=0 y=0 c0=IDLE1 c1=t462
10701 core=0 noop r=0 y=0 c0=IDLE1 c1=t462
10702 core=0 create 3 t463 p0 r=1 y=1 c0=IDLE0 c1=t462
10703 core=0 suspend t455 r=0 y=0 c0=IDLE0 c1=t462
10704 core=0 create 8 t464 p2 r=1 y=1 c0=t464 c1=t462
10705 core=1 take t462 r=1 y=0 c0=t464 c1=t462
10706 core=0 suspend t462 r=0 y=2 c0=t464 c1=t457
10707 core=1 delay t457 4 r=0 y=2 c0=t464 c1=t463
10708 core=0 give_isr r=1 y=0 c0=t464 c1=t463
10709 core=1 prio t455 3 r=0 y=0 c0=t464 c1=t463
10710 core=1 resume t463 r=0 y=0 c0=t464 c1=t463
10711 core=1 delete 9 t459 r=0 y=0 c0=t464 c1=t463
10712 core=1 noop r=0 y=0 c0=t464 c1=t463
10713 core=0 tick r=0 y=2 c0=t464 c1=IDLE1
10714 core=0 tick r=0 y=2 c0=t464 c1=IDLE0
10715 core=0 delete 6 t455 r=0 y=0 c0=t464 c1=IDLE0
10716 core=1 noop r=0 y=0 c0=t464 c1=IDLE0
10717 core=1 give_isr r=0 y=0 c0=t464 c1=IDLE0
10718 core=0 noop r=0 y=0 c0=t464 c1=IDLE0
10719 core=1 delete 0 t445 r=0 y=0 c0=t464 c1=IDLE0
10720 core=0 noop r=0 y=0 c0=t464 c1=IDLE0
10721 core=0 tick r=0 y=2 c0=t464 c1=t463
10722 core=1 noop r=0 y=0 c0=t464 c1=t463
10723 core=0 noop r=0 y=0 c0=t464 c1=t463
10724 core=0 yield r=0 y=1 c0=t464 c1=t463
10725 core=1 noop r=0 y=0 c0=t464 c1=t463
10726 core=0 noop r=0 y=0 c0=t464 c1=t463
10727 core=0 noop r=0 y=0 c0=t464 c1=t463
10728 core=1 resume t462 r=0 y=2 c0=t464 c1=t462
10729 core=1 noop r=0 y=0 c0=t464 c1=t462
10730 core=0 delay t464 2 r=0 y=1 c0=IDLE1 c1=t462
10731 core=0 prio t464 1 r=0 y=0 c0=IDLE1 c1=t462
10732 core=1 noop r=0 y=0 c0=IDLE1 c1=t462
10733 core=1 give r=0 y=0 c0=IDLE1 c1=t462
10734 core=1 noop r=0 y=0 c0=IDLE1 c1=t462
10735 core=0 noop r=0 y=0 c0=IDLE1 c1=t462
10736 core=1 take t462 r=1 y=0 c0=IDLE1 c1=t462
10737 core=1 take t462 r=0 y=0 c0=IDLE1 c1=t462
10738 core=0 tick r=1 y=1 c0=IDLE0 c1=t462
10739 core=0 noop r=0 y=0 c0=IDLE0 c1=t462
10740 core=1 delay t462 1 r=0 y=2 c0=IDLE0 c1=t463
10741 core=1 prio t463 3 r=0 y=0 c0=IDLE0 c1=t463
10742 core=0 noop r=0 y=0 c0=IDLE0 c1=t463
10743 core=0 yield r=0 y=1 c0=t457 c1=t463
10744 core=0 suspend t457 r=0 y=1 c0=IDLE1 c1=t463
10745 core=0 tick r=1 y=1 c0=t464 c1=t463
10746 core=1 delay t463 2 r=0 y=2 c0=t464 c1=t462
10747 core=1 suspend t462 r=0 y=2 c0=t464 c1=IDLE0
10748 core=1 noop r=0 y=0 c0=t464 c1=IDLE0
10749 core=1 noop r=0 y=0 c0=t464 c1=IDLE0
10750 core=0 give r=1 y=0 c0=t464 c1=IDLE0
10751 core=0 tick r=0 y=2 c0=t464 c1=IDLE1
10752 core=1 noop r=0 y=0 c0=t464 c1=IDLE1
10753 core=1 suspend t462 r=0 y=0 c0=t464 c1=IDLE1
10754 core=0 take t464 r=1 y=0 c0=t464 c1=IDLE1
10755 core=1 noop r=0 y=0 c0=t464 c1=IDLE1
10756 core=1 prio t462 2 r=0 y=0 c0=t464 c1=IDLE1
10757 core=1 give r=1 y=0 c0=t464 c1=IDLE1
10758 core=0 yield r=0 y=1 c0=t464 c1=IDLE1
10759 core=1 give_isr r=0 y=0 c0=t464 c1=IDLE1
10760 core=0 tick r=0 y=2 c0=t464 c1=t463
10761 core=1 yield r=0 y=2 c0=t464 c1=t463
10762 core=1 give_isr r=0 y=0 c0=t464 c1=t463
10763 core=1 resume t464 r=0 y=0 c0=t464 c1=t463
10764 core=1 noop r=0 y=0 c0=t464 c1=t463
10765 core=0 tick r=0 y=0 c0=t464 c1=t463
10766 core=1 take t463 r=1 y=0 c0=t464 c1=t463
10767 core=0 delay t464 4 r=0 y=1 c0=IDLE0 c1=t463
10768 core=0 noop r=0 y=0 c0=IDLE0 c1=t463
10769 core=0 give_isr r=1 y=0 c0=IDLE0 c1=t463
10770 core=0 tick r=1 y=1 c0=IDLE1 c1=t463
10771 core=0 noop r=0 y=0 c0=IDLE1 c1=t463
10772 core=1 give_isr r=0 y=0 c0=IDLE1 c1=t463
10773 core=1 noop r=0 y=0 c0=IDLE1 c1=t463
10774 core=1 create 1 t465 p2 r=1 y=1 c0=t465 c1=t463
10775 core=1 create 6 t466 p0 r=1 y=0 c0=t465 c1=t463
10776 core=1 suspend t465 r=0 y=1 c0=IDLE0 c1=t463
10777 core=1 noop r=0 y=0 c0=IDLE0 c1=t463
10778 core=0 noop r=0 y=0 c0=IDLE0 c1=t463
10779 core=0 noop r=0 y=0 c0=IDLE0 c1=t463
10780 core=0 noop r=0 y=0 c0=IDLE0 c1=t463
10781 core=0 delete 3 t463 r=0 y=2 c0=IDLE0 c1=IDLE1
10782 core=1 noop r=0 y=0 c0=IDLE0 c1=IDLE1
10783 core=1 suspend t466 r=0 y=0 c0=IDLE0 c1=IDLE1
10784 core=0 resume t465 r=0 y=2 c0=IDLE0 c1=t465
10785 core=1 noop r=0 y=0 c0=IDLE0 c1=t465
10786 core=0 tick r=1 y=1 c0=IDLE1 c1=t465
10787 core=1 give r=0 y=0 c0=IDLE1 c1=t465
10788 core=1 create 3 t467 p1 r=1 y=1 c0=t467 c1=t465
10789 core=0 take t467 r=1 y=0 c0=t467 c1=t465
10790 core=0 noop r=0 y=0 c0=t467 c1=t465
10791 core=0 delete 5 t462 r=0 y=0 c0=t467 c1=t465
10792 core=0 noop r=0 y=0 c0=t467 c1=t465
10793 core=1 noop r=0 y=0 c0=t467 c1=t465
10794 core=1 noop r=0 y=0 c0=t467 c1=t465
10795 core=1 give r=1 y=0 c0=t467 c1=t465
10796 core=0 delay t467 1 r=0 y=1 c0=IDLE0 c1=t465
10797 core=0 noop r=0 y=0 c0=IDLE0 c1=t465
10798 core=1 take t465 r=1 y=0 c0=IDLE0 c1=t465
10799 core=1 give_isr r=1 y=0 c0=IDLE0 c1=t465
10800 core=0 delete 3 t467 r=0 y=0 c0=IDLE0 c1=t465
10801 core=1 noop r=0 y=0 c0=IDLE0 c1=t465
10802 core=0 tick r=1 y=1 c0=IDLE1 c1=t465
10803 core=0 create 5 t468 p3 r=1 y=1 c0=t468 c1=t465
10804 core=0 give r=0 y=0 c0=t468 c1=t465
10805 core=0 give r=0 y=0 c0=t468 c1=t465
10806 core=0 delay t468 5 r=0 y=1 c0=IDLE0 c1=t465
10807 core=0 noop r=0 y=0 c0=IDLE0 c1=t465
10808 core=0 noop r=0 y=0 c0=IDLE0 c1=t465
10809 core=0 create 4 t469 p0 r=1 y=1 c0=IDLE1 c1=t465
10810 core=1 resume t457 r=0 y=1 c0=t469 c1=t465
10811 core=0 yield r=0 y=1 c0=IDLE0 c1=t465
10812 core=0 tick r=1 y=1 c0=t464 c1=t465
10813 core=0 tick r=0 y=0 c0=t464 c1=t465
10814 core=1 noop r=0 y=0 c0=t464 c1=t465
10815 core=0 noop r=0 y=0 c0=t464 c1=t465
10816 core=1 give r=0 y=0 c0=t464 c1=t465
10817 core=0 give_isr r=0 y=0 c0=t464 c1=t465
10818 core=1 noop r=0 y=0 c0=t464 c1=t465
10819 core=0 prio t466 1 r=0 y=0 c0=t464 c1=t465
10820 core=0 tick r=0 y=0 c0=t464 c1=t465
10821 core=1 take t465 r=1 y=0 c0=t464 c1=t465
10822 core=0 delete 1 t465 r=0 y=2 c0=t464 c1=t457
10823 core=1 noop r=0 y=0 c0=t464 c1=t457
10824 core=1 resume t466 r=0 y=2 c0=t464 c1=t466
10825 core=1 yield r=0 y=2 c0=t464 c1=t466
10826 core=0 create 3 t470 p1 r=1 y=0 c0=t464 c1=t466
10827 core=1 take t466 r=0 y=0 c0=t464 c1=t466
10828 core=0 delay t464 2 r=0 y=1 c0=t470 c1=t466
10829 core=1 resume t468 r=0 y=0 c0=t470 c1=t466
10830 core=1 take t466 r=0 y=0 c0=t470 c1=t466
10831 core=1 prio t469 2 r=0 y=2 c0=t470 c1=t469
10832 core=0 take t470 r=0 y=0 c0=t470 c1=t469
10833 core=0 resume t470 r=0 y=0 c0=t470 c1=t469
10834 core=1 noop r=0 y=0 c0=t470 c1=t469
10835 core=1 give r=1 y=0 c0=t470 c1=t469
10836 core=0 take t470 r=1 y=0 c0=t470 c1=t469
10837 core=1 take t469 r=0 y=0 c0=t470 c1=t469
10838 core=0 noop r=0 y=0 c0=t470 c1=t469
10839 core=0 tick r=1 y=1 c0=t466 c1=t469
10840 core=1 resume t468 r=0 y=0 c0=t466 c1=t469
10841 core=0 delete 4 t469 r=0 y=2 c0=t466 c1=t470
10842 core=0 prio t464 2 r=0 y=0 c0=t466 c1=t470
10843 core=1 noop r=0 y=0 c0=t466 c1=t470
10844 core=0 noop r=0 y=0 c0=t466 c1=t470
10845 core=0 prio t457 1 r=0 y=0 c0=t466 c1=t470
10846 core=1 give r=1 y=0 c0=t466 c1=t470
10847 core=0 noop r=0 y=0 c0=t466 c1=t470
10848 core=1 resume t457 r=0 y=0 c0=t466 c1=t470
10849 core=1 noop r=0 y=0 c0=t466 c1=t470
10850 core=0 delay t466 3 r=0 y=1 c0=t457 c1=t470
10851 core=1 suspend t468 r=0 y=0 c0=t457 c1=t470
10852 core=1 noop r=0 y=0 c0=t457 c1=t470
10853 core=0 noop r=0 y=0 c0=t457 c1=t470
10854 core=1 give r=0 y=0 c0=t457 c1=t470
10855 core=1 create 4 t471 p0 r=1 y=0 c0=t457 c1=t470
10856 core=0 tick r=1 y=3 c0=t464 c1=t457
10857 core=1 delete 4 t471 r=0 y=0 c0=t464 c1=t457
10858 core=0 create 0 t472 p1 r=1 y=0 c0=t464 c1=t457
10859 core=1 yield r=0 y=2 c0=t464 c1=t470
10860 core=0 take t464 r=1 y=0 c0=t464 c1=t470
10861 core=0 yield r=0 y=1 c0=t464 c1=t470
10862 core=1 suspend t470 r=0 y=2 c0=t464 c1=t472
10863 core=0 noop r=0 y=0 c0=t464 c1=t472
10864 core=0 suspend t466 r=0 y=0 c0=t464 c1=t472
10865 core=1 delete 8 t464 r=0 y=1 c0=t457 c1=t472
10866 core=1 noop r=0 y=0 c0=t457 c1=t472
10867 core=1 noop r=0 y=0 c0=t457 c1=t472
10868 core=0 suspend t470 r=0 y=0 c0=t457 c1=t472
10869 core=0 noop r=0 y=0 c0=t457 c1=t472
10870 core=0 create 9 t473 p0 r=1 y=0 c0=t457 c1=t472
10871 core=1 delete 5 t468 r=0 y=0 c0=t457 c1=t472
10872 core=0 tick r=1 y=3 c0=t457 c1=t472
10873 core=1 noop r=0 y=0 c0=t457 c1=t472
10874 core=1 give_isr r=1 y=0 c0=t457 c1=t472
10875 core=1 take t472 r=1 y=0 c0=t457 c1=t472
10876 core=1 noop r=0 y=0 c0=t457 c1=t472
10877 core=0 take t457 r=0 y=0 c0=t457 c1=t472
10878 core=0 give_isr r=1 y=0 c0=t457 c1=t472
10879 core=0 delay t457 2 r=0 y=1 c0=IDLE1 c1=t472
10880 core=1 prio t470 0 r=0 y=0 c0=IDLE1 c1=t472
10881 core=0 suspend t470 r=0 y=0 c0=IDLE1 c1=t472
10882 core=0 tick r=1 y=1 c0=IDLE0 c1=t472
10883 core=0 suspend t457 r=0 y=0 c0=IDLE0 c1=t472
10884 core=0 suspend t470 r=0 y=0 c0=IDLE0 c1=t472
10885 core=1 suspend t457 r=0 y=0 c0=IDLE0 c1=t472
10886 core=0 create 4 t474 p2 r=1 y=1 c0=t474 c1=t472
10887 core=0 noop r=0 y=0 c0=t474 c1=t472
10888 core=1 delay t472 2 r=0 y=2 c0=t474 c1=t473
10889 core=1 give_isr r=0 y=0 c0=t474 c1=t473
10890 core=1 resume t470 r=0 y=0 c0=t474 c1=t473
10891 core=0 delay t474 3 r=0 y=1 c0=IDLE1 c1=t473
10892 core=0 resume t472 r=0 y=0 c0=IDLE1 c1=t473
10893 core=0 tick r=1 y=3 c0=IDLE0 c1=t470
10894 core=0 give_isr r=0 y=0 c0=IDLE0 c1=t470
10895 core=0 give_isr r=0 y=0 c0=IDLE0 c1=t470
10896 core=0 yield r=0 y=1 c0=IDLE1 c1=t470
10897 core=1 noop r=0 y=0 c0=IDLE1 c1=t470
10898 core=1 resume t466 r=0 y=1 c0=t466 c1=t470
10899 core=1 delete 0 t472 r=0 y=0 c0=t466 c1=t470
10900 core=0 create 1 t475 p1 r=1 y=2 c0=t466 c1=t475
10901 core=0 give_isr r=0 y=0 c0=t466 c1=t475
10902 core=0 tick r=1 y=3 c0=t466 c1=t475
10903 core=0 noop r=0 y=0 c0=t466 c1=t475
10904 core=1 prio t475 2 r=0 y=0 c0=t466 c1=t475
10905 core=1 delay t475 4 r=0 y=2 c0=t466 c1=t473
10906 core=0 tick r=0 y=2 c0=t466 c1=t474
10907 core=1 noop r=0 y=0 c0=t466 c1=t474
10908 core=0 delete 7 t457 r=0 y=0 c0=t466 c1=t474
10909 core=0 noop r=0 y=0 c0=t466 c1=t474
10910 core=1 prio t470 1 r=0 y=0 c0=t466 c1=t474
10911 core=1 take t474 r=1 y=0 c0=t466 c1=t474
10912 core=1 delay t474 1 r=0 y=2 c0=t466 c1=t470
10913 core=0 take t466 r=0 y=0 c0=t466 c1=t470
10914 core=0 give r=1 y=0 c0=t466 c1=t470
10915 core=1 delete 3 t470 r=0 y=2 c0=t466 c1=IDLE0
10916 core=0 noop r=0 y=0 c0=t466 c1=IDLE0
10917 core=1 noop r=0 y=0 c0=t466 c1=IDLE0
10918 core=1 noop r=0 y=0 c0=t466 c1=IDLE0
10919 core=0 delay t466 5 r=0 y=1 c0=IDLE1 c1=IDLE0
10920 core=1 noop r=0 y=0 c0=IDLE1 c1=IDLE0
10921 core=1 noop r=0 y=0 c0=IDLE1 c1=IDLE0
10922 core=1 prio t474 0 r=0 y=0 c0=IDLE1 c1=IDLE0
10923 core=1 give r=0 y=0 c0=IDLE1 c1=IDLE0
10924 core=0 tick r=1 y=3 c0=t473 c1=t474
10925 core=0 noop r=0 y=0 c0=t473 c1=t474
10926 core=0 tick r=1 y=3 c0=IDLE1 c1=IDLE0
10927 core=0 noop r=0 y=0 c0=IDLE1 c1=IDLE0
10928 core=0 noop r=0 y=0 c0=IDLE1 c1=IDLE0
10929 core=0 create 3 t476 p1 r=1 y=2 c0=IDLE1 c1=t476
10930 core=1 noop r=0 y=0 c0=IDLE1 c1=t476
10931 core=0 tick r=1 y=1 c0=t475 c1=t476
10932 core=1 resume t476 r=0 y=0 c0=t475 c1=t476
10933 core=0 tick r=0 y=0 c0=t475 c1=t476
10934 core=1 give r=0 y=0 c0=t475 c1=t476
10935 core=0 noop r=0 y=0 c0=t475 c1=t476
10936 core=1 take t476 r=1 y=0 c0=t475 c1=t476
10937 core=0 tick r=0 y=2 c0=t475 c1=t466
10938 core=1 delete 3 t476 r=0 y=0 c0=t475 c1=t466
10939 core=1 prio t474 3 r=0 y=2 c0=t475 c1=t474
10940 core=0 take t475 r=0 y=0 c0=t475 c1=t474
10941 core=0 prio t475 0 r=0 y=1 c0=t466 c1=t474
10942 core=0 prio t466 0 r=0 y=1 c0=t473 c1=t474
10943 core=1 yield r=0 y=2 c0=t473 c1=t474
10944 core=0 delete 1 t475 r=0 y=0 c0=t473 c1=t474
10945 core=0 delay t473 5 r=0 y=1 c0=IDLE0 c1=t474
10946 core=0 tick r=1 y=1 c0=IDLE1 c1=t474
10947 core=0 noop r=0 y=0 c0=IDLE1 c1=t474
10948 core=0 tick r=1 y=1 c0=t466 c1=t474
10949 core=1 give_isr r=1 y=0 c0=t466 c1=t474
10950 core=0 create 8 t477 p3 r=1 y=1 c0=t477 c1=t474
10951 core=0 take t477 r=1 y=0 c0=t477 c1=t474
10952 core=0 give r=1 y=0 c0=t477 c1=t474
10953 core=1 noop r=0 y=0 c0=t477 c1=t474
10954 core=0 tick r=1 y=3 c0=t477 c1=t474
10955 core=0 tick r=1 y=3 c0=t477 c1=t474
10956 core=0 take t477 r=1 y=0 c0=t477 c1=t474
10957 core=0 yield r=0 y=1 c0=t477 c1=t474
10958 core=1 noop r=0 y=0 c0=t477 c1=t474
10959 core=1 noop r=0 y=0 c0=t477 c1=t474
10960 core=1 prio t473 0 r=0 y=0 c0=t477 c1=t474
10961 core=0 give_isr r=1 y=0 c0=t477 c1=t474
10962 core=1 suspend t474 r=0 y=2 c0=t477 c1=IDLE0
10963 core=0 give_isr r=0 y=0 c0=t477 c1=IDLE0
10964 core=0 noop r=0 y=0 c0=t477 c1=IDLE0
10965 core=0 delay t477 3 r=0 y=1 c0=IDLE1 c1=IDLE0
10966 core=0 noop r=0 y=0 c0=IDLE1 c1=IDLE0
10967 core=1 resume t474 r=0 y=2 c0=IDLE1 c1=t474
10968 core=1 delete 6 t466 r=0 y=0 c0=IDLE1 c1=t474
10969 core=0 prio t473 2 r=0 y=0 c0=IDLE1 c1=t474
10970 core=1 create 3 t478 p1 r=1 y=1 c0=t478 c1=t474
10971 core=0 suspend t477 r=0 y=0 c0=t478 c1=t474
10972 core=1 suspend t478 r=0 y=1 c0=IDLE0 c1=t474
10973 core=1 suspend t473 r=0 y=0 c0=IDLE0 c1=t474
10974 core=0 tick r=1 y=1 c0=IDLE1 c1=t474
10975 core=1 delay t474 1 r=0 y=2 c0=IDLE1 c1=IDLE0
10976 core=0 suspend t474 r=0 y=0 c0=IDLE1 c1=IDLE0
10977 core=1 give r=0 y=0 c0=IDLE1 c1=IDLE0
10978 core=1 noop r=0 y=0 c0=IDLE1 c1=IDLE0
10979 core=0 noop r=0 y=0 c0=IDLE1 c1=IDLE0
10980 core=0 noop r=0 y=0 c0=IDLE1 c1=IDLE0
10981 core=0 noop r=0 y=0 c0=IDLE1 c1=IDLE0
10982 core=0 tick r=1 y=3 c0=IDLE1 c1=IDLE0
10983 core=0 prio t474 3 r=0 y=0 c0=IDLE1 c1=IDLE0
10984 core=1 noop r=0 y=0 c0=IDLE1 c1=IDLE0
10985 core=0 noop r=0 y=0 c0=IDLE1 c1=IDLE0
10986 core=1 delete 9 t473 r=0 y=0 c0=IDLE1 c1=IDLE0
10987 core=0 tick r=1 y=3 c0=IDLE1 c1=IDLE0
10988 core=1 noop r=0 y=0 c0=IDLE1 c1=IDLE0
10989 core=0 noop r=0 y=0 c0=IDLE1 c1=IDLE0
10990 core=1 create 6 t479 p2 r=1 y=2 c0=IDLE1 c1=t479
10991 core=1 resume t474 r=0 y=1 c0=t474 c1=t479
10992 core=0 noop r=0 y=0 c0=t474 c1=t479
10993 core=0 suspend t474 r=0 y=1 c0=IDLE0 c1=t479
10994 core=1 take t479 r=1 y=0 c0=IDLE0 c1=t479
10995 core=0 prio t474 3 r=0 y=0 c0=IDLE0 c1=t479
10996 core=0 give r=1 y=0 c0=IDLE0 c1=t479
10997 core=0 noop r=0 y=0 c0=IDLE0 c1=t479
10998 core=1 noop r=0 y=0 c0=IDLE0 c1=t479
10999 core=0 create 5 t480 p0 r=1 y=1 c0=IDLE1 c1=t479
11000 core=1 noop r=0 y=0 c0=IDLE1 c1=t479
11001 core=1 prio t480 0 r=0 y=0 c0=IDLE1 c1=t479
11002 core=0 give r=0 y=0 c0=IDLE1 c1=t479
11003 core=1 create 0 t481 p0 r=1 y=1 c0=t480 c1=t479
11004 core=0 resume t477 r=0 y=1 c0=t477 c1=t479
11005 core=0 noop r=0 y=0 c0=t477 c1=t479
11006 core=1 give_isr r=0 y=0 c0=t477 c1=t479
11007 core=0 resume t474 r=0 y=2 c0=t477 c1=t474
11008 core=1 prio t474 1 r=0 y=2 c0=t477 c1=t479
11009 core=1 noop r=0 y=0 c0=t477 c1=t479
11010 core=0 take t477 r=1 y=0 c0=t477 c1=t479
11011 core=0 tick r=0 y=0 c0=t477 c1=t479
11012 core=1 give r=1 y=0 c0=t477 c1=t479
11013 core=1 give_isr r=0 y=0 c0=t477 c1=t479
11014 core=1 yield r=0 y=2 c0=t477 c1=t479
11015 core=0 resume t477 r=0 y=0 c0=t477 c1=t479
11016 core=1 suspend t478 r=0 y=0 c0=t477 c1=t479
11017 core=1 give r=0 y=0 c0=t477 c1=t479
11018 core=1 delay t479 1 r=0 y=2 c0=t477 c1=t474
11019 core=0 take t477 r=1 y=0 c0=t477 c1=t474
11020 core=0 noop r=0 y=0 c0=t477 c1=t474
11021 core=1 create 2 t482 p1 r=1 y=0 c0=t477 c1=t474
11022 core=1 take t474 r=0 y=0 c0=t477 c1=t474
11023 core=0 take t477 r=0 y=0 c0=t477 c1=t474
11024 core=0 give_isr r=1 y=0 c0=t477 c1=t474
11025 core=0 give r=0 y=0 c0=t477 c1=t474
11026 core=0 tick r=0 y=2 c0=t477 c1=t479
11027 core=0 noop r=0 y=0 c0=t477 c1=t479
11028 core=0 give r=0 y=0 c0=t477 c1=t479
11029 core=1 delay t479 5 r=0 y=2 c0=t477 c1=t482
11030 core=0 give r=0 y=0 c0=t477 c1=t482
11031 core=0 noop r=0 y=0 c0=t477 c1=t482
11032 core=1 suspend t477 r=0 y=1 c0=t474 c1=t482
11033 core=0 tick r=1 y=3 c0=t474 c1=t482
11034 core=1 resume t478 r=0 y=0 c0=t474 c1=t482
11035 core=1 resume t474 r=0 y=0 c0=t474 c1=t482
11036 core=0 noop r=0 y=0 c0=t474 c1=t482
11037 core=0 take t474 r=1 y=0 c0=t474 c1=t482
11038 core=1 yield r=0 y=2 c0=t474 c1=t478
11039 core=0 noop r=0 y=0 c0=t474 c1=t478
11040 core=1 take t478 r=0 y=0 c0=t474 c1=t478
11041 core=1 noop r=0 y=0 c0=t474 c1=t478
11042 core=0 take t474 r=0 y=0 c0=t474 c1=t478
11043 core=1 suspend t481 r=0 y=0 c0=t474 c1=t478
11044 core=0 delete 4 t474 r=0 y=1 c0=t482 c1=t478
11045 core=1 prio t482 2 r=0 y=0 c0=t482 c1=t478
11046 core=0 delete 5 t480 r=0 y=0 c0=t482 c1=t478
11047 core=0 take t482 r=0 y=0 c0=t482 c1=t478
11048 core=1 give r=1 y=0 c0=t482 c1=t478
11049 core=1 suspend t479 r=0 y=0 c0=t482 c1=t478
11050 core=1 resume t477 r=0 y=2 c0=t482 c1=t477
11051 core=0 noop r=0 y=0 c0=t482 c1=t477
11052 core=0 resume t478 r=0 y=0 c0=t482 c1=t477
11053 core=1 resume t479 r=0 y=0 c0=t482 c1=t477
11054 core=0 give r=0 y=0 c0=t482 c1=t477
11055 core=0 give r=0 y=0 c0=t482 c1=t477
11056 core=1 take t477 r=1 y=0 c0=t482 c1=t477
11057 core=0 noop r=0 y=0 c0=t482 c1=t477
11058 core=0 tick r=1 y=1 c0=t479 c1=t477
11059 core=0 take t479 r=0 y=0 c0=t479 c1=t477
11060 core=0 tick r=1 y=1 c0=t482 c1=t477
11061 core=1 give r=1 y=0 c0=t482 c1=t477
11062 core=0 noop r=0 y=0 c0=t482 c1=t477
11063 core=1 give_isr r=0 y=0 c0=t482 c1=t477
11064 core=0 tick r=1 y=1 c0=t479 c1=t477
11065 core=0 prio t482 1 r=0 y=0 c0=t479 c1=t477
11066 core=0 noop r=0 y=0 c0=t479 c1=t477
11067 core=0 tick r=0 y=0 c0=t479 c1=t477
11068 core=0 suspend t477 r=0 y=2 c0=t479 c1=t478
11069 core=0 tick r=0 y=2 c0=t479 c1=t482
11070 core=1 noop r=0 y=0 c0=t479 c1=t482
11071 core=1 take t482 r=1 y=0 c0=t479 c1=t482
11072 core=0 suspend t479 r=0 y=1 c0=t478 c1=t482
11073 core=1 create 1 t483 p1 r=1 y=0 c0=t478 c1=t482
11074 core=1 noop r=0 y=0 c0=t478 c1=t482
11075 core=1 noop r=0 y=0 c0=t478 c1=t482
11076 core=0 give r=1 y=0 c0=t478 c1=t482
11077 core=1 create 9 t484 p3 r=1 y=2 c0=t478 c1=t484
11078 core=1 give r=0 y=0 c0=t478 c1=t484
11079 core=0 tick r=1 y=1 c0=t483 c1=t484
11080 core=0 take t483 r=1 y=0 c0=t483 c1=t484
11081 core=1 prio t479 3 r=0 y=0 c0=t483 c1=t484
11082 core=0 suspend t482 r=0 y=0 c0=t483 c1=t484
11083 core=1 noop r=0 y=0 c0=t483 c1=t484
11084 core=0 delete 3 t478 r=0 y=0 c0=t483 c1=t484
11085 core=1 give r=1 y=0 c0=t483 c1=t484
11086 core=0 take t483 r=1 y=0 c0=t483 c1=t484
11087 core=0 tick r=0 y=0 c0=t483 c1=t484
11088 core=1 give_isr r=1 y=0 c0=t483 c1=t484
11089 core=0 noop r=0 y=0 c0=t483 c1=t484
11090 core=1 give_isr r=0 y=0 c0=t483 c1=t484
11091 core=1 resume t481 r=0 y=0 c0=t483 c1=t484
11092 core=1 prio t479 3 r=0 y=0 c0=t483 c1=t484
11093 core=0 noop r=0 y=0 c0=t483 c1=t484
11094 core=1 noop r=0 y=0 c0=t483 c1=t484
11095 core=1 prio t483 0 r=0 y=1 c0=IDLE0 c1=t484
11096 core=1 take t484 r=1 y=0 c0=IDLE0 c1=t484
11097 core=1 delay t484 4 r=0 y=2 c0=IDLE0 c1=IDLE1
11098 core=1 noop r=0 y=0 c0=IDLE0 c1=IDLE1
11099 core=0 tick r=1 y=3 c0=t481 c1=t483
11100 core=0 give r=1 y=0 c0=t481 c1=t483
11101 core=0 give r=0 y=0 c0=t481 c1=t483
11102 core=1 delay t483 2 r=0 y=2 c0=t481 c1=IDLE0
11103 core=1 give r=0 y=0 c0=t481 c1=IDLE0
11104 core=0 give r=0 y=0 c0=t481 c1=IDLE0
11105 core=0 tick r=1 y=3 c0=IDLE1 c1=t481
11106 core=1 noop r=0 y=0 c0=IDLE1 c1=t481
11107 core=1 give_isr r=0 y=0 c0=IDLE1 c1=t481
11108 core=1 yield r=0 y=2 c0=IDLE1 c1=IDLE0
11109 core=1 noop r=0 y=0 c0=IDLE1 c1=IDLE0
11110 core=0 noop r=0 y=0 c0=IDLE1 c1=IDLE0
11111 core=0 delete 1 t483 r=0 y=0 c0=IDLE1 c1=IDLE0
11112 core=1 give r=0 y=0 c0=IDLE1 c1=IDLE0
11113 core=0 tick r=1 y=3 c0=t481 c1=IDLE1
11114 core=1 prio t481 0 r=0 y=0 c0=t481 c1=IDLE1
11115 core=0 give r=0 y=0 c0=t481 c1=IDLE1
11116 core=0 tick r=1 y=3 c0=t484 c1=IDLE0
11117 core=1 resume t479 r=0 y=2 c0=t484 c1=t479
11118 core=1 noop r=0 y=0 c0=t484 c1=t479
11119 core=0 give_isr r=0 y=0 c0=t484 c1=t479
11120 core=1 give_isr r=0 y=0 c0=t484 c1=t479
11121 core=1 noop r=0 y=0 c0=t484 c1=t479
11122 core=0 noop r=0 y=0 c0=t484 c1=t479
11123 core=0 noop r=0 y=0 c0=t484 c1=t479
11124 core=0 noop r=0 y=0 c0=t484 c1=t479
11125 core=0 give r=0 y=0 c0=t484 c1=t479
11126 core=0 noop r=0 y=0 c0=t484 c1=t479
11127 core=1 give r=0 y=0 c0=t484 c1=t479
11128 core=1 resume t484 r=0 y=0 c0=t484 c1=t479
11129 core=0 tick r=1 y=3 c0=t484 c1=t479
11130 core=0 resume t482 r=0 y=0 c0=t484 c1=t479
11131 core=1 take t479 r=1 y=0 c0=t484 c1=t479
11132 core=1 noop r=0 y=0 c0=t484 c1=t479
11133 core=1 give r=1 y=0 c0=t484 c1=t479
11134 core=0 noop r=0 y=0 c0=t484 c1=t479
11135 core=1 resume t479 r=0 y=0 c0=t484 c1=t479
11136 core=0 give r=0 y=0 c0=t484 c1=t479
11137 core=0 give r=0 y=0 c0=t484 c1=t479
11138 core=1 noop r=0 y=0 c0=t484 c1=t479
11139 core=1 take t479 r=1 y=0 c0=t484 c1=t479
11140 core=1 noop r=0 y=0 c0=t484 c1=t479
11141 core=0 give_isr r=1 y=0 c0=t484 c1=t479
11142 core=0 suspend t484 r=0 y=1 c0=t482 c1=t479
11143 core=1 noop r=0 y=0 c0=t482 c1=t479
11144 core=1 take t479 r=1 y=0 c0=t482 c1=t479
11145 core=1 noop r=0 y=0 c0=t482 c1=t479
11146 core=1 noop r=0 y=0 c0=t482 c1=t479
11147 core=0 tick r=0 y=0 c0=t482 c1=t479
11148 core=0 give_isr r=1 y=0 c0=t482 c1=t479
11149 core=1 resume t477 r=0 y=1 c0=t477 c1=t479
11150 core=1 prio t477 1 r=0 y=1 c0=t482 c1=t479
11151 core=1 resume t481 r=0 y=0 c0=t482 c1=t479
11152 core=1 delete 2 t482 r=0 y=1 c0=t477 c1=t479
11153 core=0 take t477 r=1 y=0 c0=t477 c1=t479
11154 core=1 create 7 t485 p1 r=1 y=0 c0=t477 c1=t479
11155 core=1 give_isr r=1 y=0 c0=t477 c1=t479
11156 core=0 take t477 r=1 y=0 c0=t477 c1=t479
11157 core=1 noop r=0 y=0 c0=t477 c1=t479
11158 core=1 delay t479 4 r=0 y=2 c0=t477 c1=t485
11159 core=1 resume t484 r=0 y=2 c0=t477 c1=t484
11160 core=0 tick r=1 y=1 c0=t485 c1=t484
11161 core=1 noop r=0 y=0 c0=t485 c1=t484
11162 core=0 noop r=0 y=0 c0=t485 c1=t484
11163 core=0 give_isr r=1 y=0 c0=t485 c1=t484
11164 core=1 take t484 r=1 y=0 c0=t485 c1=t484
11165 core=0 noop r=0 y=0 c0=t485 c1=t484
11166 core=0 tick r=1 y=1 c0=t477 c1=t484
11167 core=1 suspend t485 r=0 y=0 c0=t477 c1=t484
11168 core=0 take t477 r=0 y=0 c0=t477 c1=t484
11169 core=0 tick r=0 y=0 c0=t477 c1=t484
11170 core=0 tick r=1 y=3 c0=t479 c1=t484
11171 core=1 create 1 t486 p3 r=1 y=0 c0=t479 c1=t484
11172 core=0 suspend t479 r=0 y=1 c0=t486 c1=t484
11173 core=0 take t486 r=0 y=0 c0=t486 c1=t484
11174 core=1 noop r=0 y=0 c0=t486 c1=t484
11175 core=0 resume t481 r=0 y=0 c0=t486 c1=t484
11176 core=0 create 5 t487 p1 r=1 y=0 c0=t486 c1=t484
11177 core=1 give r=1 y=0 c0=t486 c1=t484
11178 core=0 delete 8 t477 r=0 y=0 c0=t486 c1=t484
11179 core=0 noop r=0 y=0 c0=t486 c1=t484
11180 core=0 noop r=0 y=0 c0=t486 c1=t484
11181 core=0 tick r=1 y=3 c0=t486 c1=t484
11182 core=0 noop r=0 y=0 c0=t486 c1=t484
11183 core=0 suspend t485 r=0 y=0 c0=t486 c1=t484
11184 core=1 resume t486 r=0 y=0 c0=t486 c1=t484
11185 core=0 tick r=1 y=3 c0=t486 c1=t484
11186 core=0 noop r=0 y=0 c0=t486 c1=t484
11187 core=1 noop r=0 y=0 c0=t486 c1=t484
11188 core=0 noop r=0 y=0 c0=t486 c1=t484
11189 core=1 give r=0 y=0 c0=t486 c1=t484
11190 core=0 noop r=0 y=0 c0=t486 c1=t484
11191 core=1 give r=0 y=0 c0=t486 c1=t484
11192 core=1 noop r=0 y=0 c0=t486 c1=t484
11193 core=0 prio t481 3 r=0 y=0 c0=t486 c1=t484
11194 core=1 suspend t485 r=0 y=0 c0=t486 c1=t484
11195 core=0 tick r=1 y=3 c0=t481 c1=t486
11196 core=1 give r=0 y=0 c0=t481 c1=t486
11197 core=0 noop r=0 y=0 c0=t481 c1=t486
11198 core=1 delay t486 1 r=0 y=2 c0=t481 c1=t484
11199 core=1 give r=0 y=0 c0=t481 c1=t484
11200 core=1 take t484 r=1 y=0 c0=t481 c1=t484
11201 core=1 resume t487 r=0 y=0 c0=t481 c1=t484
11202 core=0 give_isr r=1 y=0 c0=t481 c1=t484
11203 core=0 resume t487 r=0 y=0 c0=t481 c1=t484
11204 core=1 noop r=0 y=0 c0=t481 c1=t484
11205 core=0 give r=0 y=0 c0=t481 c1=t484
11206 core=0 prio t479 3 r=0 y=0 c0=t481 c1=t484
11207 core=1 noop r=0 y=0 c0=t481 c1=t484
11208 core=0 tick r=1 y=3 c0=t486 c1=t481
11209 core=0 tick r=1 y=3 c0=t484 c1=t486
11210 core=1 delay t486 4 r=0 y=2 c0=t484 c1=t481
11211 core=0 give r=0 y=0 c0=t484 c1=t481
11212 core=1 prio t479 0 r=0 y=0 c0=t484 c1=t481
11213 core=0 tick r=1 y=3 c0=t484 c1=t481
11214 core=1 resume t479 r=0 y=0 c0=t484 c1=t481
11215 core=0 noop r=0 y=0 c0=t484 c1=t481
11216 core=1 resume t486 r=0 y=0 c0=t484 c1=t481
11217 core=0 take t484 r=1 y=0 c0=t484 c1=t481
11218 core=0 suspend t485 r=0 y=0 c0=t484 c1=t481
11219 core=0 noop r=0 y=0 c0=t484 c1=t481
11220 core=0 prio t481 1 r=0 y=2 c0=t484 c1=t487
11221 core=0 give_isr r=1 y=0 c0=t484 c1=t487
11222 core=1 give_isr r=0 y=0 c0=t484 c1=t487
11223 core=0 take t484 r=1 y=0 c0=t484 c1=t487
11224 core=1 noop r=0 y=0 c0=t484 c1=t487
11225 core=0 delay t484 4 r=0 y=1 c0=t481 c1=t487
11226 core=0 take t481 r=0 y=0 c0=t481 c1=t487
11227 core=0 noop r=0 y=0 c0=t481 c1=t487
11228 core=0 prio t487 0 r=0 y=2 c0=t481 c1=IDLE1
11229 core=1 give r=1 y=0 c0=t481 c1=IDLE1
11230 core=1 noop r=0 y=0 c0=t481 c1=IDLE1
11231 core=0 tick r=0 y=2 c0=t481 c1=IDLE0
11232 core=1 delete 5 t487 r=0 y=0 c0=t481 c1=IDLE0
11233 core=1 suspend t484 r=0 y=0 c0=t481 c1=IDLE0
11234 core=1 create 2 t488 p0 r=1 y=2 c0=t481 c1=t479
11235 core=0 noop r=0 y=0 c0=t481 c1=t479
11236 core=0 delay t481 2 r=0 y=1 c0=IDLE1 c1=t479
11237 core=0 tick r=1 y=3 c0=t488 c1=IDLE0
11238 core=0 give r=0 y=0 c0=t488 c1=IDLE0
11239 core=0 take t488 r=1 y=0 c0=t488 c1=IDLE0
11240 core=0 noop r=0 y=0 c0=t488 c1=IDLE0
11241 core=0 take t488 r=0 y=0 c0=t488 c1=IDLE0
11242 core=1 noop r=0 y=0 c0=t488 c1=IDLE0
11243 core=1 noop r=0 y=0 c0=t488 c1=IDLE0
11244 core=1 noop r=0 y=0 c0=t488 c1=IDLE0
11245 core=1 resume t479 r=0 y=0 c0=t488 c1=IDLE0
11246 core=1 yield r=0 y=2 c0=t488 c1=IDLE1
11247 core=0 tick r=1 y=3 c0=t486 c1=t481
11248 core=0 take t486 r=0 y=0 c0=t486 c1=t481
11249 core=1 give r=1 y=0 c0=t486 c1=t481
11250 core=0 resume t485 r=0 y=0 c0=t486 c1=t481
11251 core=1 give_isr r=0 y=0 c0=t486 c1=t481
11252 core=1 resume t485 r=0 y=0 c0=t486 c1=t481
11253 core=0 suspend t479 r=0 y=0 c0=t486 c1=t481
11254 core=0 give r=0 y=0 c0=t486 c1=t481
11255 core=0 take t486 r=1 y=0 c0=t486 c1=t481
11256 core=1 give r=1 y=0 c0=t486 c1=t481
11257 core=0 give r=0 y=0 c0=t486 c1=t481
11258 core=1 give_isr r=0 y=0 c0=t486 c1=t481
11259 core=1 give r=0 y=0 c0=t486 c1=t481
11260 core=1 give_isr r=0 y=0 c0=t486 c1=t481
11261 core=1 delete 6 t479 r=0 y=0 c0=t486 c1=t481
11262 core=1 noop r=0 y=0 c0=t486 c1=t481
11263 core=0 resume t481 r=0 y=0 c0=t486 c1=t481
11264 core=1 prio t486 0 r=0 y=1 c0=t485 c1=t481
11265 core=0 suspend t488 r=0 y=0 c0=t485 c1=t481
11266 core=0 tick r=1 y=3 c0=t485 c1=t481
11267 core=0 give r=0 y=0 c0=t485 c1=t481
11268 core=0 give r=0 y=0 c0=t485 c1=t481
11269 core=1 prio t481 0 r=0 y=2 c0=t485 c1=IDLE0
11270 core=1 yield r=0 y=2 c0=t485 c1=IDLE1
11271 core=1 noop r=0 y=0 c0=t485 c1=IDLE1
11272 core=0 noop r=0 y=0 c0=t485 c1=IDLE1
11273 core=0 take t485 r=1 y=0 c0=t485 c1=IDLE1
11274 core=1 suspend t485 r=0 y=1 c0=t486 c1=IDLE1
11275 core=0 resume t488 r=0 y=2 c0=t486 c1=t481
11276 core=0 resume t486 r=0 y=0 c0=t486 c1=t481
11277 core=1 prio t488 1 r=0 y=2 c0=t486 c1=t488
11278 core=0 delay t486 3 r=0 y=1 c0=IDLE0 c1=t488
11279 core=1 give r=1 y=0 c0=IDLE0 c1=t488
11280 core=1 delay t488 2 r=0 y=2 c0=IDLE0 c1=IDLE1
11281 core=0 give r=0 y=0 c0=IDLE0 c1=IDLE1
11282 core=0 delete 0 t481 r=0 y=0 c0=IDLE0 c1=IDLE1
11283 core=0 suspend t484 r=0 y=0 c0=IDLE0 c1=IDLE1
11284 core=1 noop r=0 y=0 c0=IDLE0 c1=IDLE1
11285 core=1 noop r=0 y=0 c0=IDLE0 c1=IDLE1
11286 core=0 yield r=0 y=1 c0=IDLE0 c1=IDLE1
11287 core=0 tick r=1 y=3 c0=IDLE0 c1=IDLE1
11288 core=0 noop r=0 y=0 c0=IDLE0 c1=IDLE1
11289 core=0 create 6 t489 p0 r=1 y=2 c0=IDLE0 c1=t489
11290 core=0 give r=0 y=0 c0=IDLE0 c1=t489
11291 core=1 create 3 t490 p1 r=1 y=1 c0=t490 c1=t489
11292 core=1 give_isr r=0 y=0 c0=t490 c1=t489
11293 core=0 delete 1 t486 r=0 y=0 c0=t490 c1=t489
11294 core=1 take t489 r=1 y=0 c0=t490 c1=t489
11295 core=0 noop r=0 y=0 c0=t490 c1=t489
11296 core=1 noop r=0 y=0 c0=t490 c1=t489
11297 core=0 prio t484 0 r=0 y=0 c0=t490 c1=t489
11298 core=1 give_isr r=1 y=0 c0=t490 c1=t489
11299 core=1 yield r=0 y=2 c0=t490 c1=IDLE1
11300 core=0 prio t484 0 r=0 y=0 c0=t490 c1=IDLE1
11301 core=1 delete 7 t485 r=0 y=0 c0=t490 c1=IDLE1
11302 core=0 suspend t489 r=0 y=0 c0=t490 c1=IDLE1
11303 core=0 noop r=0 y=0 c0=t490 c1=IDLE1
11304 core=1 delete 2 t488 r=0 y=0 c0=t490 c1=IDLE1
11305 core=1 noop r=0 y=0 c0=t490 c1=IDLE1
11306 core=1 noop r=0 y=0 c0=t490 c1=IDLE1
11307 core=0 noop r=0 y=0 c0=t490 c1=IDLE1
11308 core=0 tick r=0 y=2 c0=t490 c1=IDLE0
11309 core=0 yield r=0 y=1 c0=t490 c1=IDLE0
11310 core=0 noop r=0 y=0 c0=t490 c1=IDLE0
11311 core=0 give r=0 y=0 c0=t490 c1=IDLE0
11312 core=1 noop r=0 y=0 c0=t490 c1=IDLE0
11313 core=1 noop r=0 y=0 c0=t490 c1=IDLE0
11314 core=0 create 8 t491 p1 r=1 y=2 c0=t490 c1=t491
11315 core=0 tick r=1 y=3 c0=t490 c1=t491
11316 core=0 resume t490 r=0 y=0 c0=t490 c1=t491
11317 core=1 suspend t484 r=0 y=0 c0=t490 c1=t491
11318 core=1 delete 6 t489 r=0 y=0 c0=t490 c1=t491
11319 core=0 take t490 r=1 y=0 c0=t490 c1=t491
11320 core=1 give_isr r=1 y=0 c0=t490 c1=t491
11321 core=1 take t491 r=1 y=0 c0=t490 c1=t491
11322 core=0 noop r=0 y=0 c0=t490 c1=t491
11323 core=0 resume t491 r=0 y=0 c0=t490 c1=t491
11324 core=0 create 6 t492 p2 r=1 y=2 c0=t490 c1=t492
11325 core=1 noop r=0 y=0 c0=t490 c1=t492
11326 core=1 give r=1 y=0 c0=t490 c1=t492
11327 core=0 give_isr r=0 y=0 c0=t490 c1=t492
11328 core=0 noop r=0 y=0 c0=t490 c1=t492
11329 core=0 noop r=0 y=0 c0=t490 c1=t492
11330 core=0 give_isr r=0 y=0 c0=t490 c1=t492
11331 core=0 tick r=1 y=1 c0=t491 c1=t492
11332 core=1 create 0 t493 p2 r=1 y=1 c0=t493 c1=t492
11333 core=0 give r=0 y=0 c0=t493 c1=t492
11334 core=1 give_isr r=0 y=0 c0=t493 c1=t492
11335 core=1 create 5 t494 p1 r=1 y=0 c0=t493 c1=t492
11336 core=1 delete 5 t494 r=0 y=0 c0=t493 c1=t492
11337 core=0 suspend t490 r=0 y=0 c0=t493 c1=t492
11338 core=0 tick r=1 y=3 c0=t493 c1=t492
11339 core=0 take t493 r=1 y=0 c0=t493 c1=t492
11340 core=1 delay t492 5 r=0 y=2 c0=t493 c1=t491
11341 core=0 tick r=0 y=0 c0=t493 c1=t491
11342 core=1 create 5 t495 p3 r=1 y=2 c0=t493 c1=t495
11343 core=0 tick r=0 y=0 c0=t493 c1=t495
11344 core=1 noop r=0 y=0 c0=t493 c1=t495
11345 core=1 noop r=0 y=0 c0=t493 c1=t495
11346 core=0 delay t493 1 r=0 y=1 c0=t491 c1=t495
11347 core=1 noop r=0 y=0 c0=t491 c1=t495
11348 core=0 delay t491 3 r=0 y=1 c0=IDLE1 c1=t495
11349 core=0 give r=1 y=0 c0=IDLE1 c1=t495
11350 core=0 noop r=0 y=0 c0=IDLE1 c1=t495
11351 core=0 suspend t484 r=0 y=0 c0=IDLE1 c1=t495
11352 core=1 suspend t493 r=0 y=0 c0=IDLE1 c1=t495
11353 core=1 noop r=0 y=0 c0=IDLE1 c1=t495
11354 core=0 noop r=0 y=0 c0=IDLE1 c1=t495
11355 core=1 give r=0 y=0 c0=IDLE1 c1=t495
11356 core=0 suspend t484 r=0 y=0 c0=IDLE1 c1=t495
11357 core=1 resume t495 r=0 y=0 c0=IDLE1 c1=t495
11358 core=0 give r=0 y=0 c0=IDLE1 c1=t495
11359 core=1 prio t484 0 r=0 y=0 c0=IDLE1 c1=t495
11360 core=1 take t495 r=1 y=0 c0=IDLE1 c1=t495
11361 core=0 noop r=0 y=0 c0=IDLE1 c1=t495
11362 core=0 prio t493 3 r=0 y=0 c0=IDLE1 c1=t495
11363 core=1 delay t495 4 r=0 y=2 c0=IDLE1 c1=IDLE0
11364 core=0 resume t495 r=0 y=0 c0=IDLE1 c1=IDLE0
11365 core=0 give r=1 y=0 c0=IDLE1 c1=IDLE0
11366 core=0 noop r=0 y=0 c0=IDLE1 c1=IDLE0
11367 core=1 noop r=0 y=0 c0=IDLE1 c1=IDLE0
11368 core=0 noop r=0 y=0 c0=IDLE1 c1=IDLE0
11369 core=0 noop r=0 y=0 c0=IDLE1 c1=IDLE0
11370 core=1 resume t492 r=0 y=0 c0=IDLE1 c1=IDLE0
11371 core=1 give r=0 y=0 c0=IDLE1 c1=IDLE0
11372 core=1 prio t484 3 r=0 y=0 c0=IDLE1 c1=IDLE0
11373 core=0 suspend t495 r=0 y=0 c0=IDLE1 c1=IDLE0
11374 core=1 create 1 t496 p1 r=1 y=2 c0=IDLE1 c1=t496
11375 core=1 noop r=0 y=0 c0=IDLE1 c1=t496
11376 core=0 give r=0 y=0 c0=IDLE1 c1=t496
11377 core=0 noop r=0 y=0 c0=IDLE1 c1=t496
11378 core=1 resume t493 r=0 y=1 c0=t493 c1=t496
11379 core=1 delete 6 t492 r=0 y=0 c0=t493 c1=t496
11380 core=1 create 2 t497 p0 r=1 y=0 c0=t493 c1=t496
11381 core=0 noop r=0 y=0 c0=t493 c1=t496
11382 core=0 prio t495 1 r=0 y=0 c0=t493 c1=t496
11383 core=1 delay t496 5 r=0 y=2 c0=t493 c1=IDLE0
11384 core=1 give_isr r=0 y=0 c0=t493 c1=IDLE0
11385 core=1 noop r=0 y=0 c0=t493 c1=IDLE0
11386 core=0 tick r=0 y=2 c0=t493 c1=IDLE1
11387 core=0 tick r=0 y=2 c0=t493 c1=t497
11388 core=0 prio t495 3 r=0 y=0 c0=t493 c1=t497
11389 core=1 prio t496 1 r=0 y=0 c0=t493 c1=t497
11390 core=1 yield r=0 y=2 c0=t493 c1=IDLE0
11391 core=1 noop r=0 y=0 c0=t493 c1=IDLE0
11392 core=0 give r=0 y=0 c0=t493 c1=IDLE0
11393 core=0 suspend t493 r=0 y=1 c0=IDLE1 c1=IDLE0
11394 core=0 noop r=0 y=0 c0=IDLE1 c1=IDLE0
11395 core=0 resume t497 r=0 y=0 c0=IDLE1 c1=IDLE0
11396 core=0 give r=0 y=0 c0=IDLE1 c1=IDLE0
11397 core=1 noop r=0 y=0 c0=IDLE1 c1=IDLE0
11398 core=1 noop r=0 y=0 c0=IDLE1 c1=IDLE0
11399 core=0 suspend t490 r=0 y=0 c0=IDLE1 c1=IDLE0
11400 core=1 prio t490 3 r=0 y=0 c0=IDLE1 c1=IDLE0
11401 core=1 prio t495 3 r=0 y=0 c0=IDLE1 c1=IDLE0
11402 core=0 noop r=0 y=0 c0=IDLE1 c1=IDLE0
11403 core=0 noop r=0 y=0 c0=IDLE1 c1=IDLE0
11404 core=0 noop r=0 y=0 c0=IDLE1 c1=IDLE0
11405 core=0 noop r=0 y=0 c0=IDLE1 c1=IDLE0
11406 core=1 noop r=0 y=0 c0=IDLE1 c1=IDLE0
11407 core=0 noop r=0 y=0 c0=IDLE1 c1=IDLE0
11408 core=0 noop r=0 y=0 c0=IDLE1 c1=IDLE0
11409 core=0 noop r=0 y=0 c0=IDLE1 c1=IDLE0
11410 core=1 noop r=0 y=0 c0=IDLE1 c1=IDLE0
11411 core=1 resume t496 r=0 y=0 c0=IDLE1 c1=IDLE0
11412 core=0 noop r=0 y=0 c0=IDLE1 c1=IDLE0
11413 core=1 give r=0 y=0 c0=IDLE1 c1=IDLE0
11414 core=0 suspend t491 r=0 y=0 c0=IDLE1 c1=IDLE0
11415 core=0 noop r=0 y=0 c0=IDLE1 c1=IDLE0
11416 core=0 tick r=1 y=3 c0=t497 c1=IDLE1
11417 core=0 tick r=1 y=3 c0=IDLE0 c1=t497
11418 core=1 prio t495 3 r=0 y=0 c0=IDLE0 c1=t497
11419 core=1 resume t496 r=0 y=0 c0=IDLE0 c1=t497
11420 core=0 give r=0 y=0 c0=IDLE0 c1=t497
11421 core=0 create 4 t498 p0 r=1 y=1 c0=IDLE1 c1=t497
11422 core=0 tick r=1 y=3 c0=t496 c1=t498
11423 core=0 noop r=0 y=0 c0=t496 c1=t498
11424 core=0 delete 3 t490 r=0 y=0 c0=t496 c1=t498
11425 core=1 prio t491 0 r=0 y=0 c0=t496 c1=t498
11426 core=1 take t498 r=1 y=0 c0=t496 c1=t498
11427 core=1 suspend t495 r=0 y=0 c0=t496 c1=t498
11428 core=1 resume t484 r=0 y=2 c0=t496 c1=t484
11429 core=0 tick r=0 y=0 c0=t496 c1=t484
11430 core=0 take t496 r=0 y=0 c0=t496 c1=t484
11431 core=1 resume t498 r=0 y=0 c0=t496 c1=t484
11432 core=0 prio t498 2 r=0 y=1 c0=t498 c1=t484
11433 core=1 noop r=0 y=0 c0=t498 c1=t484
11434 core=0 tick r=0 y=0 c0=t498 c1=t484
11435 core=0 tick r=0 y=0 c0=t498 c1=t484
11436 core=0 give r=1 y=0 c0=t498 c1=t484
11437 core=1 noop r=0 y=0 c0=t498 c1=t484
11438 core=0 delete 0 t493 r=0 y=0 c0=t498 c1=t484
11439 core=0 delay t498 5 r=0 y=1 c0=t496 c1=t484
11440 core=1 suspend t498 r=0 y=0 c0=t496 c1=t484
11441 core=0 tick r=0 y=0 c0=t496 c1=t484
11442 core=0 yield r=0 y=1 c0=t496 c1=t484
11443 core=1 give_isr r=0 y=0 c0=t496 c1=t484
11444 core=1 give r=0 y=0 c0=t496 c1=t484
11445 core=0 tick r=0 y=0 c0=t496 c1=t484
11446 core=0 noop r=0 y=0 c0=t496 c1=t484
11447 core=0 yield r=0 y=1 c0=t496 c1=t484
11448 core=0 noop r=0 y=0 c0=t496 c1=t484
11449 core=0 noop r=0 y=0 c0=t496 c1=t484
11450 core=0 give r=0 y=0 c0=t496 c1=t484
11451 core=1 noop r=0 y=0 c0=t496 c1=t484
11452 core=0 noop r=0 y=0 c0=t496 c1=t484
11453 core=0 prio t498 2 r=0 y=0 c0=t496 c1=t484
11454 core=0 noop r=0 y=0 c0=t496 c1=t484
11455 core=0 resume t491 r=0 y=0 c0=t496 c1=t484
11456 core=1 delay t484 2 r=0 y=2 c0=t496 c1=IDLE0
11457 core=0 noop r=0 y=0 c0=t496 c1=IDLE0
11458 core=0 tick r=0 y=2 c0=t496 c1=IDLE1
11459 core=1 prio t496 0 r=0 y=1 c0=t497 c1=IDLE1
11460 core=0 noop r=0 y=0 c0=t497 c1=IDLE1
11461 core=0 suspend t491 r=0 y=0 c0=t497 c1=IDLE1
11462 core=0 give_isr r=0 y=0 c0=t497 c1=IDLE1
11463 core=0 noop r=0 y=0 c0=t497 c1=IDLE1
11464 core=1 noop r=0 y=0 c0=t497 c1=IDLE1
11465 core=0 create 7 t499 p3 r=1 y=2 c0=t497 c1=t499
11466 core=0 noop r=0 y=0 c0=t497 c1=t499
11467 core=0 resume t499 r=0 y=0 c0=t497 c1=t499
11468 core=0 take t497 r=1 y=0 c0=t497 c1=t499
11469 core=0 resume t498 r=0 y=1 c0=t498 c1=t499
11470 core=1 suspend t499 r=0 y=2 c0=t498 c1=IDLE0
11471 core=0 noop r=0 y=0 c0=t498 c1=IDLE0
11472 core=0 delete 8 t491 r=0 y=0 c0=t498 c1=IDLE0
11473 core=0 noop r=0 y=0 c0=t498 c1=IDLE0
11474 core=1 prio t496 3 r=0 y=2 c0=t498 c1=t496
11475 core=0 noop r=0 y=0 c0=t498 c1=t496
11476 core=1 noop r=0 y=0 c0=t498 c1=t496
11477 core=0 tick r=1 y=3 c0=t484 c1=t496
11478 core=1 suspend t496 r=0 y=2 c0=t484 c1=t498
11479 core=0 noop r=0 y=0 c0=t484 c1=t498
11480 core=0 create 6 t500 p3 r=1 y=2 c0=t484 c1=t500
11481 core=0 give_isr r=1 y=0 c0=t484 c1=t500
11482 core=0 suspend t484 r=0 y=1 c0=t498 c1=t500
11483 core=0 noop r=0 y=0 c0=t498 c1=t500
11484 core=1 suspend t498 r=0 y=1 c0=IDLE1 c1=t500
11485 core=1 take t500 r=1 y=0 c0=IDLE1 c1=t500
11486 core=1 prio t495 2 r=0 y=0 c0=IDLE1 c1=t500
11487 core=0 suspend t495 r=0 y=0 c0=IDLE1 c1=t500
11488 core=0 tick r=1 y=1 c0=t497 c1=t500
11489 core=0 give r=1 y=0 c0=t497 c1=t500
11490 core=0 noop r=0 y=0 c0=t497 c1=t500
11491 core=1 suspend t497 r=0 y=1 c0=IDLE0 c1=t500
11492 core=1 delete 4 t498 r=0 y=0 c0=IDLE0 c1=t500
11493 core=1 take t500 r=1 y=0 c0=IDLE0 c1=t500
11494 core=0 noop r=0 y=0 c0=IDLE0 c1=t500
11495 core=1 give_isr r=1 y=0 c0=IDLE0 c1=t500
11496 core=1 delay t500 2 r=0 y=2 c0=IDLE0 c1=IDLE1
11497 core=0 prio t497 1 r=0 y=0 c0=IDLE0 c1=IDLE1
11498 core=0 tick r=1 y=3 c0=IDLE0 c1=IDLE1
11499 core=1 noop r=0 y=0 c0=IDLE0 c1=IDLE1
11500 core=0 tick r=1 y=3 c0=t500 c1=IDLE0
11501 core=0 tick r=0 y=2 c0=t500 c1=IDLE1
11502 core=0 noop r=0 y=0 c0=t500 c1=IDLE1
11503 core=0 prio t500 1 r=0 y=1 c0=t500 c1=IDLE1
11504 core=1 noop r=0 y=0 c0=t500 c1=IDLE1
11505 core=0 give r=0 y=0 c0=t500 c1=IDLE1
11506 core=0 prio t497 3 r=0 y=0 c0=t500 c1=IDLE1
11507 core=1 noop r=0 y=0 c0=t500 c1=IDLE1
11508 core=0 delay t500 5 r=0 y=1 c0=IDLE0 c1=IDLE1
11509 core=1 give_isr r=0 y=0 c0=IDLE0 c1=IDLE1
11510 core=0 tick r=1 y=3 c0=IDLE0 c1=IDLE1
11511 core=1 noop r=0 y=0 c0=IDLE0 c1=IDLE1
11512 core=1 noop r=0 y=0 c0=IDLE0 c1=IDLE1
11513 core=1 give_isr r=0 y=0 c0=IDLE0 c1=IDLE1
11514 core=1 give_isr r=0 y=0 c0=IDLE0 c1=IDLE1
11515 core=0 noop r=0 y=0 c0=IDLE0 c1=IDLE1
11516 core=1 noop r=0 y=0 c0=IDLE0 c1=IDLE1
11517 core=1 noop r=0 y=0 c0=IDLE0 c1=IDLE1
11518 core=0 suspend t499 r=0 y=0 c0=IDLE0 c1=IDLE1
11519 core=0 delete 9 t484 r=0 y=0 c0=IDLE0 c1=IDLE1
11520 core=1 noop r=0 y=0 c0=IDLE0 c1=IDLE1
11521 core=1 noop r=0 y=0 c0=IDLE0 c1=IDLE1
11522 core=0 noop r=0 y=0 c0=IDLE0 c1=IDLE1
11523 core=1 give_isr r=0 y=0 c0=IDLE0 c1=IDLE1
11524 core=1 noop r=0 y=0 c0=IDLE0 c1=IDLE1
11525 core=1 noop r=0 y=0 c0=IDLE0 c1=IDLE1
11526 core=0 tick r=1 y=3 c0=IDLE0 c1=IDLE1
11527 core=1 give r=0 y=0 c0=IDLE0 c1=IDLE1
11528 core=0 create 0 t501 p0 r=1 y=2 c0=IDLE0 c1=t501
11529 core=1 noop r=0 y=0 c0=IDLE0 c1=t501
11530 core=1 delete 7 t499 r=0 y=0 c0=IDLE0 c1=t501
11531 core=0 tick r=1 y=3 c0=IDLE1 c1=IDLE0
11532 core=0 tick r=1 y=3 c0=t501 c1=IDLE1
11533 core=0 noop r=0 y=0 c0=t501 c1=IDLE1
11534 core=0 resume t501 r=0 y=0 c0=t501 c1=IDLE1
11535 core=0 tick r=1 y=3 c0=t500 c1=IDLE0
11536 core=0 resume t496 r=0 y=2 c0=t500 c1=t496
11537 core=0 noop r=0 y=0 c0=t500 c1=t496
11538 core=1 noop r=0 y=0 c0=t500 c1=t496
11539 core=1 give r=0 y=0 c0=t500 c1=t496
11540 core=0 suspend t500 r=0 y=1 c0=t501 c1=t496
11541 core=0 delete 0 t501 r=0 y=1 c0=IDLE1 c1=t496
11542 core=0 suspend t497 r=0 y=0 c0=IDLE1 c1=t496
11543 core=0 noop r=0 y=0 c0=IDLE1 c1=t496
11544 core=1 noop r=0 y=0 c0=IDLE1 c1=t496
11545 core=1 delay t496 4 r=0 y=2 c0=IDLE1 c1=IDLE0
11546 core=1 noop r=0 y=0 c0=IDLE1 c1=IDLE0
11547 core=1 noop r=0 y=0 c0=IDLE1 c1=IDLE0
11548 core=0 noop r=0 y=0 c0=IDLE1 c1=IDLE0
11549 core=0 resume t497 r=0 y=2 c0=IDLE1 c1=t497
11550 core=1 delay t497 4 r=0 y=2 c0=IDLE1 c1=IDLE0
11551 core=0 tick r=1 y=3 c0=IDLE1 c1=IDLE0
11552 core=1 noop r=0 y=0 c0=IDLE1 c1=IDLE0
11553 core=0 noop r=0 y=0 c0=IDLE1 c1=IDLE0
11554 core=1 create 9 t502 p3 r=1 y=2 c0=IDLE1 c1=t502
11555 core=0 create 7 t503 p3 r=1 y=1 c0=t503 c1=t502
11556 core=0 tick r=1 y=3 c0=t503 c1=t502
11557 core=1 noop r=0 y=0 c0=t503 c1=t502
11558 core=1 prio t497 1 r=0 y=0 c0=t503 c1=t502
11559 core=0 tick r=1 y=3 c0=t503 c1=t502
11560 core=1 resume t497 r=0 y=0 c0=t503 c1=t502
11561 core=1 take t502 r=1 y=0 c0=t503 c1=t502
11562 core=0 tick r=1 y=3 c0=t496 c1=t503
11563 core=0 tick r=1 y=3 c0=t502 c1=t496
11564 core=0 give r=1 y=0 c0=t502 c1=t496
11565 core=0 give r=0 y=0 c0=t502 c1=t496
11566 core=1 delete 1 t496 r=0 y=2 c0=t502 c1=t503
11567 core=1 noop r=0 y=0 c0=t502 c1=t503
11568 core=1 delay t503 1 r=0 y=2 c0=t502 c1=t497
11569 core=0 give_isr r=0 y=0 c0=t502 c1=t497
11570 core=1 prio t495 1 r=0 y=0 c0=t502 c1=t497
11571 core=1 take t497 r=1 y=0 c0=t502 c1=t497
11572 core=1 noop r=0 y=0 c0=t502 c1=t497
11573 core=1 give_isr r=1 y=0 c0=t502 c1=t497
11574 core=1 take t497 r=1 y=0 c0=t502 c1=t497
11575 core=1 take t497 r=0 y=0 c0=t502 c1=t497
11576 core=1 take t497 r=0 y=0 c0=t502 c1=t497
11577 core=0 tick r=1 y=3 c0=t503 c1=t502
11578 core=1 resume t502 r=0 y=0 c0=t503 c1=t502
11579 core=0 create 3 t504 p2 r=1 y=0 c0=t503 c1=t502
11580 core=1 noop r=0 y=0 c0=t503 c1=t502
11581 core=0 noop r=0 y=0 c0=t503 c1=t502
11582 core=0 delay t503 2 r=0 y=1 c0=t504 c1=t502
11583 core=0 resume t495 r=0 y=0 c0=t504 c1=t502
11584 core=1 delete 5 t495 r=0 y=0 c0=t504 c1=t502
11585 core=1 noop r=0 y=0 c0=t504 c1=t502
11586 core=1 prio t503 3 r=0 y=0 c0=t504 c1=t502
11587 core=0 tick r=0 y=0 c0=t504 c1=t502
11588 core=0 tick r=1 y=3 c0=t503 c1=t502
11589 core=1 delete 2 t497 r=0 y=0 c0=t503 c1=t502
11590 core=1 give r=1 y=0 c0=t503 c1=t502
11591 core=1 take t502 r=1 y=0 c0=t503 c1=t502
11592 core=0 create 5 t505 p3 r=1 y=0 c0=t503 c1=t502
11593 core=1 yield r=0 y=2 c0=t503 c1=t505
11594 core=1 take t505 r=0 y=0 c0=t503 c1=t505
11595 core=1 noop r=0 y=0 c0=t503 c1=t505
11596 core=1 give r=1 y=0 c0=t503 c1=t505
11597 core=0 suspend t505 r=0 y=2 c0=t503 c1=t502
11598 core=0 tick r=1 y=3 c0=t503 c1=t502
11599 core=0 tick r=1 y=3 c0=t503 c1=t502
11600 core=1 noop r=0 y=0 c0=t503 c1=t502
11601 core=0 tick r=1 y=3 c0=t503 c1=t502
11602 core=1 create 0 t506 p3 r=1 y=0 c0=t503 c1=t502
11603 core=0 noop r=0 y=0 c0=t503 c1=t502
11604 core=0 give_isr r=0 y=0 c0=t503 c1=t502
11605 core=1 noop r=0 y=0 c0=t503 c1=t502
11606 core=0 noop r=0 y=0 c0=t503 c1=t502
11607 core=0 suspend t502 r=0 y=2 c0=t503 c1=t506
11608 core=0 resume t506 r=0 y=0 c0=t503 c1=t506
11609 core=1 resume t506 r=0 y=0 c0=t503 c1=t506
11610 core=0 noop r=0 y=0 c0=t503 c1=t506
11611 core=0 give r=0 y=0 c0=t503 c1=t506
11612 core=0 noop r=0 y=0 c0=t503 c1=t506
11613 core=0 resume t502 r=0 y=0 c0=t503 c1=t506
11614 core=1 take t506 r=1 y=0 c0=t503 c1=t506
11615 core=1 noop r=0 y=0 c0=t503 c1=t506
11616 core=1 take t506 r=0 y=0 c0=t503 c1=t506
11617 core=0 noop r=0 y=0 c0=t503 c1=t506
11618 core=0 give_isr r=1 y=0 c0=t503 c1=t506
11619 core=1 take t506 r=1 y=0 c0=t503 c1=t506
11620 core=1 delay t506 3 r=0 y=2 c0=t503 c1=t502
11621 core=1 noop r=0 y=0 c0=t503 c1=t502
11622 core=0 noop r=0 y=0 c0=t503 c1=t502
11623 core=0 resume t500 r=0 y=0 c0=t503 c1=t502
11624 core=1 create 2 t507 p2 r=1 y=0 c0=t503 c1=t502
11625 core=1 delete 9 t502 r=0 y=2 c0=t503 c1=t504
11626 core=1 noop r=0 y=0 c0=t503 c1=t504
11627 core=1 prio t500 0 r=0 y=0 c0=t503 c1=t504
11628 core=0 suspend t507 r=0 y=0 c0=t503 c1=t504
11629 core=1 give r=1 y=0 c0=t503 c1=t504
11630 core=1 give_isr r=0 y=0 c0=t503 c1=t504
11631 core=1 give r=0 y=0 c0=t503 c1=t504
11632 core=1 noop r=0 y=0 c0=t503 c1=t504
11633 core=1 delete 0 t506 r=0 y=0 c0=t503 c1=t504
11634 core=1 noop r=0 y=0 c0=t503 c1=t504
11635 core=0 noop r=0 y=0 c0=t503 c1=t504
11636 core=0 noop r=0 y=0 c0=t503 c1=t504
11637 core=1 noop r=0 y=0 c0=t503 c1=t504
11638 core=1 create 8 t508 p3 r=1 y=2 c0=t503 c1=t508
11639 core=0 noop r=0 y=0 c0=t503 c1=t508
11640 core=1 delay t508 4 r=0 y=2 c0=t503 c1=t504
11641 core=1 take t504 r=1 y=0 c0=t503 c1=t504
11642 core=0 suspend t505 r=0 y=0 c0=t503 c1=t504
11643 core=1 noop r=0 y=0 c0=t503 c1=t504
11644 core=0 delay t503 3 r=0 y=1 c0=IDLE0 c1=t504
11645 core=1 delete 6 t500 r=0 y=0 c0=IDLE0 c1=t504
11646 core=1 take t504 r=0 y=0 c0=IDLE0 c1=t504
11647 core=0 noop r=0 y=0 c0=IDLE0 c1=t504
11648 core=1 delay t504 3 r=0 y=2 c0=IDLE0 c1=IDLE1
11649 core=0 give r=1 y=0 c0=IDLE0 c1=IDLE1
11650 core=0 noop r=0 y=0 c0=IDLE0 c1=IDLE1
11651 core=1 prio t508 2 r=0 y=0 c0=IDLE0 c1=IDLE1
11652 core=0 prio t505 1 r=0 y=0 c0=IDLE0 c1=IDLE1
11653 core=0 noop r=0 y=0 c0=IDLE0 c1=IDLE1
11654 core=1 suspend t504 r=0 y=0 c0=IDLE0 c1=IDLE1
11655 core=1 delete 2 t507 r=0 y=0 c0=IDLE0 c1=IDLE1
11656 core=1 give r=0 y=0 c0=IDLE0 c1=IDLE1
11657 core=1 give r=0 y=0 c0=IDLE0 c1=IDLE1
11658 core=0 tick r=1 y=3 c0=IDLE0 c1=IDLE1
11659 core=0 noop r=0 y=0 c0=IDLE0 c1=IDLE1
11660 core=0 noop r=0 y=0 c0=IDLE0 c1=IDLE1
11661 core=1 noop r=0 y=0 c0=IDLE0 c1=IDLE1
11662 core=0 noop r=0 y=0 c0=IDLE0 c1=IDLE1
11663 core=1 give_isr r=0 y=0 c0=IDLE0 c1=IDLE1
11664 core=1 prio t504 2 r=0 y=0 c0=IDLE0 c1=IDLE1
11665 core=0 resume t504 r=0 y=2 c0=IDLE0 c1=t504
11666 core=1 noop r=0 y=0 c0=IDLE0 c1=t504
11667 core=0 noop r=0 y=0 c0=IDLE0 c1=t504
11668 core=0 give_isr r=0 y=0 c0=IDLE0 c1=t504
11669 core=0 tick r=1 y=1 c0=IDLE1 c1=t504
11670 core=1 delay t504 5 r=0 y=2 c0=IDLE1 c1=IDLE0
11671 core=0 give r=0 y=0 c0=IDLE1 c1=IDLE0
11672 core=1 noop r=0 y=0 c0=IDLE1 c1=IDLE0
11673 core=1 create 9 t509 p1 r=1 y=2 c0=IDLE1 c1=t509
11674 core=0 tick r=1 y=1 c0=t503 c1=t509
11675 core=0 yield r=0 y=1 c0=t503 c1=t509
11676 core=0 give_isr r=0 y=0 c0=t503 c1=t509
11677 core=0 prio t509 3 r=0 y=0 c0=t503 c1=t509
11678 core=0 give_isr r=0 y=0 c0=t503 c1=t509
11679 core=0 prio t509 0 r=0 y=2 c0=t503 c1=IDLE0
11680 core=0 take t503 r=1 y=0 c0=t503 c1=IDLE0
11681 core=1 prio t508 3 r=0 y=0 c0=t503 c1=IDLE0
11682 core=0 delete 7 t503 r=0 y=1 c0=IDLE1 c1=IDLE0
11683 core=0 noop r=0 y=0 c0=IDLE1 c1=IDLE0
11684 core=1 noop r=0 y=0 c0=IDLE1 c1=IDLE0
11685 core=1 create 6 t510 p0 r=1 y=2 c0=IDLE1 c1=t509
11686 core=1 delete 9 t509 r=0 y=2 c0=IDLE1 c1=t510
11687 core=1 noop r=0 y=0 c0=IDLE1 c1=t510
11688 core=1 noop r=0 y=0 c0=IDLE1 c1=t510
11689 core=0 create 7 t511 p1 r=1 y=1 c0=t511 c1=t510
11690 core=0 noop r=0 y=0 c0=t511 c1=t510
11691 core=1 give r=1 y=0 c0=t511 c1=t510
11692 core=1 give_isr r=0 y=0 c0=t511 c1=t510
11693 core=1 resume t508 r=0 y=0 c0=t511 c1=t510
11694 core=1 noop r=0 y=0 c0=t511 c1=t510
11695 core=1 delay t510 3 r=0 y=2 c0=t511 c1=IDLE0
11696 core=0 suspend t511 r=0 y=1 c0=IDLE1 c1=IDLE0
11697 core=1 noop r=0 y=0 c0=IDLE1 c1=IDLE0
11698 core=1 suspend t508 r=0 y=0 c0=IDLE1 c1=IDLE0
11699 core=1 noop r=0 y=0 c0=IDLE1 c1=IDLE0
11700 core=0 noop r=0 y=0 c0=IDLE1 c1=IDLE0
11701 core=1 noop r=0 y=0 c0=IDLE1 c1=IDLE0
11702 core=0 noop r=0 y=0 c0=IDLE1 c1=IDLE0
11703 core=0 tick r=1 y=3 c0=IDLE1 c1=IDLE0
11704 core=1 resume t510 r=0 y=0 c0=IDLE1 c1=IDLE0
11705 core=1 noop r=0 y=0 c0=IDLE1 c1=IDLE0
11706 core=0 noop r=0 y=0 c0=IDLE1 c1=IDLE0
11707 core=0 noop r=0 y=0 c0=IDLE1 c1=IDLE0
11708 core=0 noop r=0 y=0 c0=IDLE1 c1=IDLE0
11709 core=1 suspend t504 r=0 y=0 c0=IDLE1 c1=IDLE0
11710 core=0 noop r=0 y=0 c0=IDLE1 c1=IDLE0
11711 core=1 give r=0 y=0 c0=IDLE1 c1=IDLE0
11712 core=1 prio t505 2 r=0 y=0 c0=IDLE1 c1=IDLE0
11713 core=0 give_isr r=0 y=0 c0=IDLE1 c1=IDLE0
11714 core=0 noop r=0 y=0 c0=IDLE1 c1=IDLE0
11715 core=0 tick r=1 y=3 c0=IDLE1 c1=IDLE0
11716 core=0 noop r=0 y=0 c0=IDLE1 c1=IDLE0
11717 core=1 give r=0 y=0 c0=IDLE1 c1=IDLE0
11718 core=0 tick r=1 y=3 c0=t510 c1=IDLE1
11719 core=1 give_isr r=0 y=0 c0=t510 c1=IDLE1
11720 core=0 give_isr r=0 y=0 c0=t510 c1=IDLE1
11721 core=1 prio t511 1 r=0 y=0 c0=t510 c1=IDLE1
11722 core=1 noop r=0 y=0 c0=t510 c1=IDLE1
11723 core=0 give r=0 y=0 c0=t510 c1=IDLE1
11724 core=0 delete 3 t504 r=0 y=0 c0=t510 c1=IDLE1
11725 core=0 noop r=0 y=0 c0=t510 c1=IDLE1
11726 core=1 give r=0 y=0 c0=t510 c1=IDLE1
11727 core=1 noop r=0 y=0 c0=t510 c1=IDLE1
11728 core=1 noop r=0 y=0 c0=t510 c1=IDLE1
11729 core=0 give_isr r=0 y=0 c0=t510 c1=IDLE1
11730 core=0 give r=0 y=0 c0=t510 c1=IDLE1
11731 core=1 noop r=0 y=0 c0=t510 c1=IDLE1
11732 core=1 give r=0 y=0 c0=t510 c1=IDLE1
11733 core=1 give r=0 y=0 c0=t510 c1=IDLE1
11734 core=1 suspend t511 r=0 y=0 c0=t510 c1=IDLE1
11735 core=0 tick r=1 y=3 c0=IDLE0 c1=t510
11736 core=1 noop r=0 y=0 c0=IDLE0 c1=t510
11737 core=0 tick r=1 y=3 c0=IDLE1 c1=IDLE0
11738 core=0 create 4 t512 p0 r=1 y=2 c0=IDLE1 c1=t510
11739 core=1 delay t510 5 r=0 y=2 c0=IDLE1 c1=t512
11740 core=0 tick r=1 y=3 c0=IDLE0 c1=IDLE1
11741 core=1 noop r=0 y=0 c0=IDLE0 c1=IDLE1
11742 core=0 delete 6 t510 r=0 y=0 c0=IDLE0 c1=IDLE1
11743 core=0 tick r=1 y=3 c0=t512 c1=IDLE0
11744 core=0 give r=0 y=0 c0=t512 c1=IDLE0
11745 core=0 yield r=0 y=1 c0=IDLE1 c1=IDLE0
11746 core=0 tick r=1 y=3 c0=t512 c1=IDLE1
11747 core=0 noop r=0 y=0 c0=t512 c1=IDLE1
11748 core=1 create 9 t513 p0 r=1 y=2 c0=t512 c1=IDLE0
11749 core=0 prio t512 0 r=0 y=0 c0=t512 c1=IDLE0
11750 core=0 take t512 r=1 y=0 c0=t512 c1=IDLE0
11751 core=0 give_isr r=1 y=0 c0=t512 c1=IDLE0
11752 core=1 suspend t511 r=0 y=0 c0=t512 c1=IDLE0
11753 core=1 prio t513 1 r=0 y=2 c0=t512 c1=t513
11754 core=0 take t512 r=1 y=0 c0=t512 c1=t513
11755 core=0 tick r=1 y=1 c0=IDLE1 c1=t513
11756 core=1 give_isr r=1 y=0 c0=IDLE1 c1=t513
11757 core=0 give_isr r=0 y=0 c0=IDLE1 c1=t513
11758 core=1 give r=0 y=0 c0=IDLE1 c1=t513
11759 core=1 noop r=0 y=0 c0=IDLE1 c1=t513
11760 core=0 noop r=0 y=0 c0=IDLE1 c1=t513
11761 core=0 noop r=0 y=0 c0=IDLE1 c1=t513
11762 core=1 delay t513 4 r=0 y=2 c0=IDLE1 c1=IDLE0
11763 core=1 create 3 t514 p1 r=1 y=2 c0=IDLE1 c1=t514
11764 core=0 resume t508 r=0 y=1 c0=t508 c1=t514
11765 core=1 give r=0 y=0 c0=t508 c1=t514
11766 core=1 delay t514 3 r=0 y=2 c0=t508 c1=t512
11767 core=1 delete 4 t512 r=0 y=2 c0=t508 c1=IDLE0
11768 core=1 noop r=0 y=0 c0=t508 c1=IDLE0
11769 core=0 noop r=0 y=0 c0=t508 c1=IDLE0
11770 core=1 delete 7 t511 r=0 y=0 c0=t508 c1=IDLE0
11771 core=0 give_isr r=0 y=0 c0=t508 c1=IDLE0
11772 core=1 noop r=0 y=0 c0=t508 c1=IDLE0
11773 core=1 noop r=0 y=0 c0=t508 c1=IDLE0
11774 core=1 give_isr r=0 y=0 c0=t508 c1=IDLE0
11775 core=0 give r=0 y=0 c0=t508 c1=IDLE0
11776 core=0 prio t508 3 r=0 y=0 c0=t508 c1=IDLE0
11777 core=1 noop r=0 y=0 c0=t508 c1=IDLE0
11778 core=0 tick r=0 y=2 c0=t508 c1=IDLE1
11779 core=1 noop r=0 y=0 c0=t508 c1=IDLE1
11780 core=1 noop r=0 y=0 c0=t508 c1=IDLE1
11781 core=0 delay t508 1 r=0 y=1 c0=IDLE0 c1=IDLE1
11782 core=0 resume t505 r=0 y=2 c0=IDLE0 c1=t505
11783 core=1 delay t505 4 r=0 y=2 c0=IDLE0 c1=IDLE1
11784 core=1 noop r=0 y=0 c0=IDLE0 c1=IDLE1
11785 core=1 noop r=0 y=0 c0=IDLE0 c1=IDLE1
11786 core=1 noop r=0 y=0 c0=IDLE0 c1=IDLE1
11787 core=0 noop r=0 y=0 c0=IDLE0 c1=IDLE1
11788 core=1 noop r=0 y=0 c0=IDLE0 c1=IDLE1
11789 core=0 noop r=0 y=0 c0=IDLE0 c1=IDLE1
11790 core=1 resume t514 r=0 y=0 c0=IDLE0 c1=IDLE1
11791 core=1 noop r=0 y=0 c0=IDLE0 c1=IDLE1
11792 core=0 give_isr r=0 y=0 c0=IDLE0 c1=IDLE1
11793 core=1 noop r=0 y=0 c0=IDLE0 c1=IDLE1
11794 core=0 noop r=0 y=0 c0=IDLE0 c1=IDLE1
11795 core=1 noop r=0 y=0 c0=IDLE0 c1=IDLE1
11796 core=1 noop r=0 y=0 c0=IDLE0 c1=IDLE1
11797 core=0 resume t505 r=0 y=0 c0=IDLE0 c1=IDLE1
11798 core=0 tick r=1 y=3 c0=t508 c1=IDLE0
11799 core=0 delete 9 t513 r=0 y=0 c0=t508 c1=IDLE0
11800 core=1 delete 3 t514 r=0 y=0 c0=t508 c1=IDLE0
11801 core=0 noop r=0 y=0 c0=t508 c1=IDLE0
11802 core=1 noop r=0 y=0 c0=t508 c1=IDLE0
11803 core=1 noop r=0 y=0 c0=t508 c1=IDLE0
11804 core=0 delay t508 1 r=0 y=1 c0=IDLE1 c1=IDLE0
11805 core=0 tick r=1 y=3 c0=t508 c1=IDLE1
11806 core=1 noop r=0 y=0 c0=t508 c1=IDLE1
11807 core=1 noop r=0 y=0 c0=t508 c1=IDLE1
11808 core=0 noop r=0 y=0 c0=t508 c1=IDLE1
11809 core=1 noop r=0 y=0 c0=t508 c1=IDLE1
11810 core=0 noop r=0 y=0 c0=t508 c1=IDLE1
11811 core=1 noop r=0 y=0 c0=t508 c1=IDLE1
11812 core=0 tick r=0 y=2 c0=t508 c1=IDLE0
11813 core=0 tick r=0 y=2 c0=t508 c1=t505
11814 core=0 noop r=0 y=0 c0=t508 c1=t505
11815 core=1 delay t505 1 r=0 y=2 c0=t508 c1=IDLE1
11816 core=0 delay t508 2 r=0 y=1 c0=IDLE0 c1=IDLE1
11817 core=0 tick r=1 y=3 c0=t505 c1=IDLE0
11818 core=0 noop r=0 y=0 c0=t505 c1=IDLE0
11819 core=0 tick r=0 y=2 c0=t505 c1=t508
11820 core=0 resume t505 r=0 y=0 c0=t505 c1=t508
11821 core=0 delay t505 1 r=0 y=1 c0=IDLE1 c1=t508
11822 core=1 give r=0 y=0 c0=IDLE1 c1=t508
11823 core=0 tick r=1 y=1 c0=t505 c1=t508
11824 core=0 take t505 r=1 y=0 c0=t505 c1=t508
11825 core=1 create 7 t515 p3 r=1 y=1 c0=t515 c1=t508
11826 core=0 take t515 r=0 y=0 c0=t515 c1=t508
11827 core=0 take t515 r=0 y=0 c0=t515 c1=t508
11828 core=0 noop r=0 y=0 c0=t515 c1=t508
11829 core=1 noop r=0 y=0 c0=t515 c1=t508
11830 core=1 prio t515 2 r=0 y=1 c0=t505 c1=t508
11831 core=1 noop r=0 y=0 c0=t505 c1=t508
11832 core=1 noop r=0 y=0 c0=t505 c1=t508
11833 core=0 prio t505 1 r=0 y=1 c0=t515 c1=t508
11834 core=0 noop r=0 y=0 c0=t515 c1=t508
11835 core=0 take t515 r=0 y=0 c0=t515 c1=t508
11836 core=1 noop r=0 y=0 c0=t515 c1=t508
11837 core=0 tick r=0 y=0 c0=t515 c1=t508
11838 core=0 noop r=0 y=0 c0=t515 c1=t508
11839 core=1 give r=1 y=0 c0=t515 c1=t508
11840 core=1 take t508 r=1 y=0 c0=t515 c1=t508
11841 core=0 noop r=0 y=0 c0=t515 c1=t508
11842 core=0 tick r=0 y=0 c0=t515 c1=t508
11843 core=0 noop r=0 y=0 c0=t515 c1=t508
11844 core=1 create 4 t516 p1 r=1 y=0 c0=t515 c1=t508
11845 core=0 tick r=0 y=0 c0=t515 c1=t508
11846 core=1 give r=1 y=0 c0=t515 c1=t508
11847 core=1 noop r=0 y=0 c0=t515 c1=t508
11848 core=1 noop r=0 y=0 c0=t515 c1=t508
11849 core=1 delay t508 5 r=0 y=2 c0=t515 c1=t505
11850 core=1 noop r=0 y=0 c0=t515 c1=t505
11851 core=1 create 2 t517 p0 r=1 y=0 c0=t515 c1=t505
11852 core=1 noop r=0 y=0 c0=t515 c1=t505
11853 core=0 tick r=0 y=2 c0=t515 c1=t516
11854 core=0 yield r=0 y=1 c0=t515 c1=t516
11855 core=1 suspend t516 r=0 y=2 c0=t515 c1=t505
11856 core=1 noop r=0 y=0 c0=t515 c1=t505
11857 core=0 give_isr r=0 y=0 c0=t515 c1=t505
11858 core=0 tick r=0 y=0 c0=t515 c1=t505
11859 core=1 noop r=0 y=0 c0=t515 c1=t505
11860 core=0 noop r=0 y=0 c0=t515 c1=t505
11861 core=1 give r=0 y=0 c0=t515 c1=t505
11862 core=0 tick r=0 y=0 c0=t515 c1=t505
11863 core=1 yield r=0 y=2 c0=t515 c1=t505
11864 core=0 noop r=0 y=0 c0=t515 c1=t505
11865 core=0 take t515 r=1 y=0 c0=t515 c1=t505
11866 core=1 resume t517 r=0 y=0 c0=t515 c1=t505
11867 core=1 noop r=0 y=0 c0=t515 c1=t505
11868 core=0 yield r=0 y=1 c0=t515 c1=t505
11869 core=1 noop r=0 y=0 c0=t515 c1=t505
11870 core=1 noop r=0 y=0 c0=t515 c1=t505
11871 core=0 noop r=0 y=0 c0=t515 c1=t505
11872 core=0 take t515 r=0 y=0 c0=t515 c1=t505
11873 core=0 take t515 r=0 y=0 c0=t515 c1=t505
11874 core=1 delay t505 4 r=0 y=2 c0=t515 c1=IDLE0
11875 core=0 noop r=0 y=0 c0=t515 c1=IDLE0
11876 core=0 noop r=0 y=0 c0=t515 c1=IDLE0
11877 core=0 tick r=0 y=2 c0=t515 c1=IDLE1
11878 core=1 give_isr r=1 y=0 c0=t515 c1=IDLE1
11879 core=0 noop r=0 y=0 c0=t515 c1=IDLE1
11880 core=1 delete 8 t508 r=0 y=0 c0=t515 c1=IDLE1
11881 core=1 noop r=0 y=0 c0=t515 c1=IDLE1
11882 core=0 resume t516 r=0 y=2 c0=t515 c1=t516
11883 core=0 give r=0 y=0 c0=t515 c1=t516
11884 core=0 tick r=0 y=0 c0=t515 c1=t516
11885 core=1 noop r=0 y=0 c0=t515 c1=t516
11886 core=1 noop r=0 y=0 c0=t515 c1=t516
11887 core=1 noop r=0 y=0 c0=t515 c1=t516
11888 core=0 noop r=0 y=0 c0=t515 c1=t516
11889 core=1 noop r=0 y=0 c0=t515 c1=t516
11890 core=1 resume t516 r=0 y=0 c0=t515 c1=t516
11891 core=1 noop r=0 y=0 c0=t515 c1=t516
11892 core=1 take t516 r=1 y=0 c0=t515 c1=t516
11893 core=0 resume t515 r=0 y=0 c0=t515 c1=t516
11894 core=1 noop r=0 y=0 c0=t515 c1=t516
11895 core=0 noop r=0 y=0 c0=t515 c1=t516
11896 core=0 delay t515 2 r=0 y=1 c0=t517 c1=t516
11897 core=0 delete 7 t515 r=0 y=0 c0=t517 c1=t516
11898 core=0 resume t517 r=0 y=0 c0=t517 c1=t516
11899 core=1 noop r=0 y=0 c0=t517 c1=t516
11900 core=0 delay t517 4 r=0 y=1 c0=IDLE0 c1=t516
11901 core=0 noop r=0 y=0 c0=IDLE0 c1=t516
11902 core=0 create 6 t518 p0 r=1 y=1 c0=IDLE1 c1=t516
11903 core=0 give r=1 y=0 c0=IDLE1 c1=t516
11904 core=0 give r=0 y=0 c0=IDLE1 c1=t516
11905 core=1 take t516 r=1 y=0 c0=IDLE1 c1=t516
11906 core=0 resume t517 r=0 y=0 c0=IDLE1 c1=t516
11907 core=1 delete 2 t517 r=0 y=0 c0=IDLE1 c1=t516
11908 core=0 yield r=0 y=1 c0=t518 c1=t516
11909 core=1 take t516 r=0 y=0 c0=t518 c1=t516
11910 core=0 delay t518 2 r=0 y=1 c0=IDLE0 c1=t516
11911 core=1 noop r=0 y=0 c0=IDLE0 c1=t516
11912 core=1 yield r=0 y=2 c0=IDLE0 c1=t516
11913 core=0 give r=1 y=0 c0=IDLE0 c1=t516
11914 core=0 noop r=0 y=0 c0=IDLE0 c1=t516
11915 core=0 noop r=0 y=0 c0=IDLE0 c1=t516
11916 core=1 create 1 t519 p1 r=1 y=1 c0=t519 c1=t516
11917 core=0 tick r=1 y=3 c0=t519 c1=t516
11918 core=0 delay t519 1 r=0 y=1 c0=IDLE1 c1=t516
11919 core=1 noop r=0 y=0 c0=IDLE1 c1=t516
11920 core=0 noop r=0 y=0 c0=IDLE1 c1=t516
11921 core=1 noop r=0 y=0 c0=IDLE1 c1=t516
11922 core=0 noop r=0 y=0 c0=IDLE1 c1=t516
11923 core=1 give_isr r=0 y=0 c0=IDLE1 c1=t516
11924 core=1 noop r=0 y=0 c0=IDLE1 c1=t516
11925 core=0 suspend t518 r=0 y=0 c0=IDLE1 c1=t516
11926 core=0 suspend t505 r=0 y=0 c0=IDLE1 c1=t516
11927 core=1 create 3 t520 p2 r=1 y=1 c0=t520 c1=t516
11928 core=0 take t520 r=1 y=0 c0=t520 c1=t516
11929 core=0 tick r=0 y=2 c0=t520 c1=t519
11930 core=1 noop r=0 y=0 c0=t520 c1=t519
11931 core=1 give r=1 y=0 c0=t520 c1=t519
11932 core=0 suspend t505 r=0 y=0 c0=t520 c1=t519
11933 core=0 delay t520 2 r=0 y=1 c0=t516 c1=t519
11934 core=0 noop r=0 y=0 c0=t516 c1=t519
11935 core=0 noop r=0 y=0 c0=t516 c1=t519
11936 core=0 resume t516 r=0 y=0 c0=t516 c1=t519
11937 core=1 resume t516 r=0 y=0 c0=t516 c1=t519
11938 core=1 yield r=0 y=2 c0=t516 c1=t519
11939 core=1 give_isr r=0 y=0 c0=t516 c1=t519
11940 core=1 delay t519 3 r=0 y=2 c0=t516 c1=IDLE0
11941 core=1 give_isr r=0 y=0 c0=t516 c1=IDLE0
11942 core=0 delay t516 3 r=0 y=1 c0=IDLE1 c1=IDLE0
11943 core=0 delete 4 t516 r=0 y=0 c0=IDLE1 c1=IDLE0
11944 core=1 suspend t519 r=0 y=0 c0=IDLE1 c1=IDLE0
11945 core=0 noop r=0 y=0 c0=IDLE1 c1=IDLE0
11946 core=0 delete 3 t520 r=0 y=0 c0=IDLE1 c1=IDLE0
11947 core=1 give r=0 y=0 c0=IDLE1 c1=IDLE0
11948 core=0 noop r=0 y=0 c0=IDLE1 c1=IDLE0
11949 core=1 noop r=0 y=0 c0=IDLE1 c1=IDLE0
11950 core=1 give r=0 y=0 c0=IDLE1 c1=IDLE0
11951 core=1 yield r=0 y=2 c0=IDLE1 c1=IDLE0
11952 core=1 noop r=0 y=0 c0=IDLE1 c1=IDLE0
11953 core=1 noop r=0 y=0 c0=IDLE1 c1=IDLE0
11954 core=1 resume t518 r=0 y=2 c0=IDLE1 c1=t518
11955 core=0 prio t505 3 r=0 y=0 c0=IDLE1 c1=t518
11956 core=0 noop r=0 y=0 c0=IDLE1 c1=t518
11957 core=0 give r=0 y=0 c0=IDLE1 c1=t518
11958 core=0 give_isr r=0 y=0 c0=IDLE1 c1=t518
11959 core=0 noop r=0 y=0 c0=IDLE1 c1=t518
11960 core=1 noop r=0 y=0 c0=IDLE1 c1=t518
11961 core=1 noop r=0 y=0 c0=IDLE1 c1=t518
11962 core=1 noop r=0 y=0 c0=IDLE1 c1=t518
11963 core=1 give r=0 y=0 c0=IDLE1 c1=t518
11964 core=0 noop r=0 y=0 c0=IDLE1 c1=t518
11965 core=0 tick r=1 y=3 c0=IDLE0 c1=IDLE1
11966 core=0 tick r=1 y=3 c0=t518 c1=IDLE0
11967 core=1 noop r=0 y=0 c0=t518 c1=IDLE0
11968 core=0 give r=0 y=0 c0=t518 c1=IDLE0
11969 core=0 noop r=0 y=0 c0=t518 c1=IDLE0
11970 core=1 noop r=0 y=0 c0=t518 c1=IDLE0
11971 core=0 suspend t505 r=0 y=0 c0=t518 c1=IDLE0
11972 core=1 noop r=0 y=0 c0=t518 c1=IDLE0
11973 core=0 noop r=0 y=0 c0=t518 c1=IDLE0
11974 core=1 noop r=0 y=0 c0=t518 c1=IDLE0
11975 core=0 take t518 r=1 y=0 c0=t518 c1=IDLE0
11976 core=1 noop r=0 y=0 c0=t518 c1=IDLE0
11977 core=0 give r=1 y=0 c0=t518 c1=IDLE0
11978 core=0 create 3 t521 p3 r=1 y=2 c0=t518 c1=t521
11979 core=0 prio t521 2 r=0 y=2 c0=t518 c1=t521
11980 core=1 create 8 t522 p3 r=1 y=1 c0=t522 c1=t521
11981 core=0 give r=0 y=0 c0=t522 c1=t521
11982 core=0 give r=0 y=0 c0=t522 c1=t521
11983 core=1 noop r=0 y=0 c0=t522 c1=t521
11984 core=1 noop r=0 y=0 c0=t522 c1=t521
11985 core=0 tick r=0 y=0 c0=t522 c1=t521
11986 core=1 delete 1 t519 r=0 y=0 c0=t522 c1=t521
11987 core=1 noop r=0 y=0 c0=t522 c1=t521
11988 core=1 give r=0 y=0 c0=t522 c1=t521
11989 core=0 noop r=0 y=0 c0=t522 c1=t521
11990 core=1 prio t521 0 r=0 y=2 c0=t522 c1=IDLE1
11991 core=0 noop r=0 y=0 c0=t522 c1=IDLE1
11992 core=1 suspend t522 r=0 y=1 c0=IDLE0 c1=IDLE1
11993 core=1 noop r=0 y=0 c0=IDLE0 c1=IDLE1
11994 core=0 suspend t505 r=0 y=0 c0=IDLE0 c1=IDLE1
11995 core=1 noop r=0 y=0 c0=IDLE0 c1=IDLE1
11996 core=1 suspend t505 r=0 y=0 c0=IDLE0 c1=IDLE1
11997 core=0 noop r=0 y=0 c0=IDLE0 c1=IDLE1
11998 core=0 noop r=0 y=0 c0=IDLE0 c1=IDLE1
11999 core=0 delete 8 t522 r=0 y=0 c0=IDLE0 c1=IDLE1
12000 core=0 tick r=1 y=3 c0=t518 c1=t521
12001 core=0 create 8 t523 p0 r=1 y=0 c0=t518 c1=t521
12002 core=0 tick r=1 y=3 c0=IDLE0 c1=IDLE1
12003 core=1 resume t505 r=0 y=2 c0=IDLE0 c1=t505
12004 core=0 noop r=0 y=0 c0=IDLE0 c1=t505
12005 core=1 noop r=0 y=0 c0=IDLE0 c1=t505
12006 core=1 create 2 t524 p1 r=1 y=1 c0=t524 c1=t505
12007 core=0 noop r=0 y=0 c0=t524 c1=t505
12008 core=1 give_isr r=0 y=0 c0=t524 c1=t505
12009 core=1 give_isr r=0 y=0 c0=t524 c1=t505
12010 core=0 yield r=0 y=1 c0=t524 c1=t505
12011 core=0 give r=0 y=0 c0=t524 c1=t505
12012 core=0 prio t523 2 r=0 y=1 c0=t523 c1=t505
12013 core=1 suspend t523 r=0 y=1 c0=t524 c1=t505
12014 core=0 noop r=0 y=0 c0=t524 c1=t505
12015 core=0 give r=0 y=0 c0=t524 c1=t505
12016 core=1 delete 5 t505 r=0 y=2 c0=t524 c1=t518
12017 core=0 prio t523 2 r=0 y=0 c0=t524 c1=t518
12018 core=0 tick r=0 y=2 c0=t524 c1=t521
12019 core=0 delete 2 t524 r=0 y=1 c0=IDLE1 c1=t521
12020 core=0 tick r=1 y=3 c0=IDLE0 c1=t518
12021 core=1 create 5 t525 p3 r=1 y=1 c0=t525 c1=t518
12022 core=0 tick r=0 y=2 c0=t525 c1=IDLE1
12023 core=1 noop r=0 y=0 c0=t525 c1=IDLE1
12024 core=0 suspend t518 r=0 y=0 c0=t525 c1=IDLE1
12025 core=1 noop r=0 y=0 c0=t525 c1=IDLE1
12026 core=1 give_isr r=0 y=0 c0=t525 c1=IDLE1
12027 core=0 give r=0 y=0 c0=t525 c1=IDLE1
12028 core=0 noop r=0 y=0 c0=t525 c1=IDLE1
12029 core=0 tick r=0 y=2 c0=t525 c1=t521
12030 core=1 create 0 t526 p3 r=1 y=2 c0=t525 c1=t526
12031 core=1 delay t526 3 r=0 y=2 c0=t525 c1=IDLE0
12032 core=1 resume t521 r=0 y=0 c0=t525 c1=IDLE0
12033 core=0 delete 8 t523 r=0 y=0 c0=t525 c1=IDLE0
12034 core=0 tick r=0 y=2 c0=t525 c1=IDLE1
12035 core=0 give_isr r=0 y=0 c0=t525 c1=IDLE1
12036 core=0 create 2 t527 p3 r=1 y=2 c0=t525 c1=t527
12037 core=1 delete 2 t527 r=0 y=2 c0=t525 c1=t521
12038 core=1 delay t521 3 r=0 y=2 c0=t525 c1=IDLE0
12039 core=0 give r=0 y=0 c0=t525 c1=IDLE0
12040 core=1 noop r=0 y=0 c0=t525 c1=IDLE0
12041 core=1 prio t521 1 r=0 y=0 c0=t525 c1=IDLE0
12042 core=0 noop r=0 y=0 c0=t525 c1=IDLE0
12043 core=0 tick r=0 y=2 c0=t525 c1=IDLE1
12044 core=0 noop r=0 y=0 c0=t525 c1=IDLE1
12045 core=0 give r=0 y=0 c0=t525 c1=IDLE1
12046 core=0 suspend t525 r=0 y=1 c0=IDLE0 c1=IDLE1
12047 core=0 tick r=1 y=3 c0=t526 c1=IDLE0
12048 core=1 noop r=0 y=0 c0=t526 c1=IDLE0
12049 core=1 noop r=0 y=0 c0=t526 c1=IDLE0
12050 core=0 delete 6 t518 r=0 y=0 c0=t526 c1=IDLE0
12051 core=1 noop r=0 y=0 c0=t526 c1=IDLE0
12052 core=0 noop r=0 y=0 c0=t526 c1=IDLE0
12053 core=1 resume t526 r=0 y=0 c0=t526 c1=IDLE0
12054 core=0 give r=0 y=0 c0=t526 c1=IDLE0
12055 core=1 noop r=0 y=0 c0=t526 c1=IDLE0
12056 core=0 tick r=0 y=2 c0=t526 c1=t521
12057 core=1 noop r=0 y=0 c0=t526 c1=t521
12058 core=1 noop r=0 y=0 c0=t526 c1=t521
12059 core=0 noop r=0 y=0 c0=t526 c1=t521
12060 core=1 take t521 r=1 y=0 c0=t526 c1=t521
12061 core=0 create 8 t528 p1 r=1 y=0 c0=t526 c1=t521
12062 core=0 prio t528 2 r=0 y=2 c0=t526 c1=t528
12063 core=0 delay t526 2 r=0 y=1 c0=t521 c1=t528
12064 core=0 suspend t528 r=0 y=2 c0=t521 c1=IDLE1
12065 core=1 noop r=0 y=0 c0=t521 c1=IDLE1
12066 core=0 suspend t525 r=0 y=0 c0=t521 c1=IDLE1
12067 core=0 resume t521 r=0 y=0 c0=t521 c1=IDLE1
12068 core=0 delay t521 1 r=0 y=1 c0=IDLE0 c1=IDLE1
12069 core=0 give_isr r=1 y=0 c0=IDLE0 c1=IDLE1
12070 core=1 noop r=0 y=0 c0=IDLE0 c1=IDLE1
12071 core=1 noop r=0 y=0 c0=IDLE0 c1=IDLE1
12072 core=0 noop r=0 y=0 c0=IDLE0 c1=IDLE1
12073 core=0 prio t528 1 r=0 y=0 c0=IDLE0 c1=IDLE1
12074 core=0 yield r=0 y=1 c0=IDLE0 c1=IDLE1
12075 core=1 noop r=0 y=0 c0=IDLE0 c1=IDLE1
12076 core=1 noop r=0 y=0 c0=IDLE0 c1=IDLE1
12077 core=0 tick r=1 y=3 c0=t521 c1=IDLE0
12078 core=1 suspend t528 r=0 y=0 c0=t521 c1=IDLE0
12079 core=0 noop r=0 y=0 c0=t521 c1=IDLE0
12080 core=1 noop r=0 y=0 c0=t521 c1=IDLE0
12081 core=0 noop r=0 y=0 c0=t521 c1=IDLE0
12082 core=1 resume t526 r=0 y=0 c0=t521 c1=IDLE0
12083 core=0 noop r=0 y=0 c0=t521 c1=IDLE0
12084 core=1 noop r=0 y=0 c0=t521 c1=IDLE0
12085 core=1 prio t528 2 r=0 y=0 c0=t521 c1=IDLE0
12086 core=1 prio t525 0 r=0 y=0 c0=t521 c1=IDLE0
12087 core=0 delete 8 t528 r=0 y=0 c0=t521 c1=IDLE0
12088 core=0 noop r=0 y=0 c0=t521 c1=IDLE0
12089 core=0 give_isr r=0 y=0 c0=t521 c1=IDLE0
12090 core=1 give_isr r=0 y=0 c0=t521 c1=IDLE0
12091 core=1 noop r=0 y=0 c0=t521 c1=IDLE0
12092 core=1 give r=0 y=0 c0=t521 c1=IDLE0
12093 core=0 tick r=0 y=2 c0=t521 c1=t526
12094 core=1 give_isr r=0 y=0 c0=t521 c1=t526
12095 core=1 give_isr r=0 y=0 c0=t521 c1=t526
12096 core=1 take t526 r=1 y=0 c0=t521 c1=t526
12097 core=1 noop r=0 y=0 c0=t521 c1=t526
12098 core=1 noop r=0 y=0 c0=t521 c1=t526
12099 core=1 take t526 r=0 y=0 c0=t521 c1=t526
12100 core=0 noop r=0 y=0 c0=t521 c1=t526
12101 core=1 noop r=0 y=0 c0=t521 c1=t526
12102 core=0 take t521 r=0 y=0 c0=t521 c1=t526
12103 core=0 suspend t526 r=0 y=2 c0=t521 c1=IDLE1
12104 core=0 tick r=0 y=2 c0=t521 c1=IDLE0
12105 core=0 tick r=0 y=2 c0=t521 c1=IDLE1
12106 core=1 give_isr r=1 y=0 c0=t521 c1=IDLE1
12107 core=0 tick r=0 y=2 c0=t521 c1=IDLE0
12108 core=1 delete 5 t525 r=0 y=0 c0=t521 c1=IDLE0
12109 core=1 noop r=0 y=0 c0=t521 c1=IDLE0
12110 core=0 noop r=0 y=0 c0=t521 c1=IDLE0
12111 core=0 noop r=0 y=0 c0=t521 c1=IDLE0
12112 core=0 give r=0 y=0 c0=t521 c1=IDLE0
12113 core=0 noop r=0 y=0 c0=t521 c1=IDLE0
12114 core=0 noop r=0 y=0 c0=t521 c1=IDLE0
12115 core=1 noop r=0 y=0 c0=t521 c1=IDLE0
12116 core=1 give_isr r=0 y=0 c0=t521 c1=IDLE0
12117 core=1 create 4 t529 p3 r=1 y=2 c0=t521 c1=t529
12118 core=0 tick r=0 y=0 c0=t521 c1=t529
12119 core=1 take t529 r=1 y=0 c0=t521 c1=t529
12120 core=1 suspend t526 r=0 y=0 c0=t521 c1=t529
12121 core=1 delay t529 1 r=0 y=2 c0=t521 c1=IDLE1
12122 core=0 give r=1 y=0 c0=t521 c1=IDLE1
12123 core=0 give r=0 y=0 c0=t521 c1=IDLE1
12124 core=0 noop r=0 y=0 c0=t521 c1=IDLE1
12125 core=1 give_isr r=0 y=0 c0=t521 c1=IDLE1
12126 core=0 tick r=0 y=2 c0=t521 c1=t529
12127 core=0 give_isr r=0 y=0 c0=t521 c1=t529
12128 core=1 delete 4 t529 r=0 y=2 c0=t521 c1=IDLE0
12129 core=1 noop r=0 y=0 c0=t521 c1=IDLE0
12130 core=1 give r=0 y=0 c0=t521 c1=IDLE0
12131 core=1 noop r=0 y=0 c0=t521 c1=IDLE0
12132 core=1 create 4 t530 p1 r=1 y=2 c0=t521 c1=t530
12133 core=1 noop r=0 y=0 c0=t521 c1=t530
12134 core=0 delay t521 3 r=0 y=1 c0=IDLE1 c1=t530
12135 core=0 tick r=1 y=1 c0=IDLE0 c1=t530
12136 core=0 noop r=0 y=0 c0=IDLE0 c1=t530
12137 core=0 noop r=0 y=0 c0=IDLE0 c1=t530
12138 core=1 noop r=0 y=0 c0=IDLE0 c1=t530
12139 core=1 give_isr r=0 y=0 c0=IDLE0 c1=t530
12140 core=1 noop r=0 y=0 c0=IDLE0 c1=t530
12141 core=0 tick r=1 y=1 c0=IDLE1 c1=t530
12142 core=1 noop r=0 y=0 c0=IDLE1 c1=t530
12143 core=0 create 9 t531 p0 r=1 y=1 c0=IDLE0 c1=t530
12144 core=0 noop r=0 y=0 c0=IDLE0 c1=t530
12145 core=0 give r=0 y=0 c0=IDLE0 c1=t530
12146 core=0 noop r=0 y=0 c0=IDLE0 c1=t530
12147 core=0 noop r=0 y=0 c0=IDLE0 c1=t530
12148 core=1 suspend t531 r=0 y=0 c0=IDLE0 c1=t530
12149 core=0 prio t530 3 r=0 y=0 c0=IDLE0 c1=t530
12150 core=0 noop r=0 y=0 c0=IDLE0 c1=t530
12151 core=1 noop r=0 y=0 c0=IDLE0 c1=t530
12152 core=0 suspend t531 r=0 y=0 c0=IDLE0 c1=t530
12153 core=1 noop r=0 y=0 c0=IDLE0 c1=t530
12154 core=0 noop r=0 y=0 c0=IDLE0 c1=t530
12155 core=0 noop r=0 y=0 c0=IDLE0 c1=t530
12156 core=0 noop r=0 y=0 c0=IDLE0 c1=t530
12157 core=1 create 8 t532 p3 r=1 y=1 c0=t532 c1=t530
12158 core=1 yield r=0 y=2 c0=t532 c1=t530
12159 core=0 delay t532 3 r=0 y=1 c0=IDLE1 c1=t530
12160 core=1 yield r=0 y=2 c0=IDLE1 c1=t530
12161 core=1 noop r=0 y=0 c0=IDLE1 c1=t530
12162 core=0 give r=0 y=0 c0=IDLE1 c1=t530
12163 core=0 noop r=0 y=0 c0=IDLE1 c1=t530
12164 core=1 noop r=0 y=0 c0=IDLE1 c1=t530
12165 core=0 noop r=0 y=0 c0=IDLE1 c1=t530
12166 core=0 prio t531 3 r=0 y=0 c0=IDLE1 c1=t530
12167 core=0 delete 4 t530 r=0 y=2 c0=IDLE1 c1=IDLE0
12168 core=0 noop r=0 y=0 c0=IDLE1 c1=IDLE0
12169 core=0 tick r=1 y=3 c0=t521 c1=IDLE1
12170 core=0 noop r=0 y=0 c0=t521 c1=IDLE1
12171 core=0 noop r=0 y=0 c0=t521 c1=IDLE1
12172 core=1 noop r=0 y=0 c0=t521 c1=IDLE1
12173 core=0 noop r=0 y=0 c0=t521 c1=IDLE1
12174 core=0 noop r=0 y=0 c0=t521 c1=IDLE1
12175 core=1 noop r=0 y=0 c0=t521 c1=IDLE1
12176 core=0 noop r=0 y=0 c0=t521 c1=IDLE1
12177 core=1 create 5 t533 p3 r=1 y=2 c0=t521 c1=t533
12178 core=1 noop r=0 y=0 c0=t521 c1=t533
12179 core=1 take t533 r=1 y=0 c0=t521 c1=t533
12180 core=1 resume t521 r=0 y=0 c0=t521 c1=t533
12181 core=1 delay t533 1 r=0 y=2 c0=t521 c1=IDLE0
12182 core=0 take t521 r=0 y=0 c0=t521 c1=IDLE0
12183 core=1 noop r=0 y=0 c0=t521 c1=IDLE0
12184 core=0 noop r=0 y=0 c0=t521 c1=IDLE0
12185 core=0 noop r=0 y=0 c0=t521 c1=IDLE0
12186 core=0 prio t531 3 r=0 y=0 c0=t521 c1=IDLE0
12187 core=1 noop r=0 y=0 c0=t521 c1=IDLE0
12188 core=0 delay t521 1 r=0 y=1 c0=IDLE1 c1=IDLE0
12189 core=1 yield r=0 y=2 c0=IDLE1 c1=IDLE0
12190 core=1 resume t526 r=0 y=2 c0=IDLE1 c1=t526
12191 core=0 suspend t533 r=0 y=0 c0=IDLE1 c1=t526
12192 core=0 noop r=0 y=0 c0=IDLE1 c1=t526
12193 core=0 noop r=0 y=0 c0=IDLE1 c1=t526
12194 core=1 create 4 t534 p3 r=1 y=1 c0=t534 c1=t526
12195 core=1 suspend t534 r=0 y=1 c0=IDLE0 c1=t526
12196 core=1 give_isr r=1 y=0 c0=IDLE0 c1=t526
12197 core=1 take t526 r=1 y=0 c0=IDLE0 c1=t526
12198 core=0 noop r=0 y=0 c0=IDLE0 c1=t526
12199 core=0 noop r=0 y=0 c0=IDLE0 c1=t526
12200 core=0 noop r=0 y=0 c0=IDLE0 c1=t526
12201 core=1 take t526 r=0 y=0 c0=IDLE0 c1=t526
12202 core=0 noop r=0 y=0 c0=IDLE0 c1=t526
12203 core=0 noop r=0 y=0 c0=IDLE0 c1=t526
12204 core=0 tick r=1 y=1 c0=t521 c1=t526
12205 core=0 give r=1 y=0 c0=t521 c1=t526
12206 core=1 give r=0 y=0 c0=t521 c1=t526
12207 core=1 delay t526 2 r=0 y=2 c0=t521 c1=IDLE1
12208 core=1 give_isr r=0 y=0 c0=t521 c1=IDLE1
12209 core=0 create 7 t535 p1 r=1 y=2 c0=t521 c1=t535
12210 core=1 resume t532 r=0 y=0 c0=t521 c1=t535
12211 core=0 delay t521 3 r=0 y=1 c0=IDLE0 c1=t535
12212 core=0 noop r=0 y=0 c0=IDLE0 c1=t535
12213 core=0 give_isr r=0 y=0 c0=IDLE0 c1=t535
12214 core=1 prio t521 1 r=0 y=0 c0=IDLE0 c1=t535
12215 core=0 noop r=0 y=0 c0=IDLE0 c1=t535
12216 core=0 noop r=0 y=0 c0=IDLE0 c1=t535
12217 core=0 give r=0 y=0 c0=IDLE0 c1=t535
12218 core=0 noop r=0 y=0 c0=IDLE0 c1=t535
12219 core=0 tick r=1 y=1 c0=t532 c1=t535
12220 core=1 delete 9 t531 r=0 y=0 c0=t532 c1=t535
12221 core=0 noop r=0 y=0 c0=t532 c1=t535
12222 core=1 yield r=0 y=2 c0=t532 c1=t535
12223 core=0 give r=0 y=0 c0=t532 c1=t535
12224 core=0 tick r=1 y=3 c0=t526 c1=t532
12225 core=0 noop r=0 y=0 c0=t526 c1=t532
12226 core=1 delay t532 4 r=0 y=2 c0=t526 c1=t535
12227 core=0 noop r=0 y=0 c0=t526 c1=t535
12228 core=1 resume t534 r=0 y=2 c0=t526 c1=t534
12229 core=1 delete 7 t535 r=0 y=0 c0=t526 c1=t534
12230 core=0 tick r=1 y=3 c0=t526 c1=t534
12231 core=0 tick r=1 y=3 c0=t526 c1=t534
12232 core=1 give_isr r=0 y=0 c0=t526 c1=t534
12233 core=1 noop r=0 y=0 c0=t526 c1=t534
12234 core=1 noop r=0 y=0 c0=t526 c1=t534
12235 core=0 delay t526 3 r=0 y=1 c0=t521 c1=t534
12236 core=0 give_isr r=0 y=0 c0=t521 c1=t534
12237 core=0 resume t532 r=0 y=0 c0=t521 c1=t534
12238 core=1 noop r=0 y=0 c0=t521 c1=t534
12239 core=0 noop r=0 y=0 c0=t521 c1=t534
12240 core=0 resume t532 r=0 y=0 c0=t521 c1=t534
12241 core=0 delay t521 1 r=0 y=1 c0=IDLE1 c1=t534
12242 core=0 tick r=1 y=1 c0=t521 c1=t534
12243 core=1 noop r=0 y=0 c0=t521 c1=t534
12244 core=0 yield r=0 y=1 c0=t521 c1=t534
12245 core=1 create 1 t536 p1 r=1 y=0 c0=t521 c1=t534
12246 core=0 noop r=0 y=0 c0=t521 c1=t534
12247 core=1 give r=0 y=0 c0=t521 c1=t534
12248 core=1 give r=0 y=0 c0=t521 c1=t534
12249 core=1 delay t534 4 r=0 y=2 c0=t521 c1=t536
12250 core=1 delay t536 2 r=0 y=2 c0=t521 c1=IDLE0
12251 core=0 prio t533 1 r=0 y=0 c0=t521 c1=IDLE0
12252 core=1 noop r=0 y=0 c0=t521 c1=IDLE0
12253 core=1 noop r=0 y=0 c0=t521 c1=IDLE0
12254 core=1 noop r=0 y=0 c0=t521 c1=IDLE0
12255 core=1 noop r=0 y=0 c0=t521 c1=IDLE0
12256 core=0 tick r=0 y=2 c0=t521 c1=t532
12257 core=1 resume t521 r=0 y=0 c0=t521 c1=t532
12258 core=1 resume t534 r=0 y=0 c0=t521 c1=t532
12259 core=1 give r=0 y=0 c0=t521 c1=t532
12260 core=0 noop r=0 y=0 c0=t521 c1=t532
12261 core=1 prio t533 2 r=0 y=0 c0=t521 c1=t532
12262 core=0 yield r=0 y=1 c0=t521 c1=t532
12263 core=0 give r=0 y=0 c0=t521 c1=t532
12264 core=1 delay t532 4 r=0 y=2 c0=t521 c1=IDLE1
12265 core=0 delay t521 4 r=0 y=1 c0=IDLE0 c1=IDLE1
12266 core=0 give r=0 y=0 c0=IDLE0 c1=IDLE1
12267 core=0 resume t532 r=0 y=0 c0=IDLE0 c1=IDLE1
12268 core=0 tick r=1 y=3 c0=t526 c1=t536
12269 core=0 take t526 r=1 y=0 c0=t526 c1=t536
12270 core=0 noop r=0 y=0 c0=t526 c1=t536
12271 core=1 delay t536 1 r=0 y=2 c0=t526 c1=IDLE0
12272 core=1 give_isr r=1 y=0 c0=t526 c1=IDLE0
12273 core=0 noop r=0 y=0 c0=t526 c1=IDLE0
12274 core=1 suspend t521 r=0 y=0 c0=t526 c1=IDLE0
12275 core=1 prio t533 3 r=0 y=0 c0=t526 c1=IDLE0
12276 core=0 suspend t534 r=0 y=0 c0=t526 c1=IDLE0
12277 core=0 resume t533 r=0 y=2 c0=t526 c1=t533
12278 core=0 resume t532 r=0 y=0 c0=t526 c1=t533
12279 core=1 create 6 t537 p2 r=1 y=0 c0=t526 c1=t533
12280 core=0 tick r=1 y=3 c0=t526 c1=t533
12281 core=0 tick r=1 y=3 c0=t526 c1=t533
12282 core=0 tick r=1 y=3 c0=t532 c1=t526
12283 core=0 give r=0 y=0 c0=t532 c1=t526
12284 core=1 noop r=0 y=0 c0=t532 c1=t526
12285 core=0 give r=0 y=0 c0=t532 c1=t526
12286 core=0 noop r=0 y=0 c0=t532 c1=t526
12287 core=0 create 2 t538 p1 r=1 y=0 c0=t532 c1=t526
12288 core=1 take t526 r=1 y=0 c0=t532 c1=t526
12289 core=1 delete 4 t534 r=0 y=0 c0=t532 c1=t526
12290 core=1 give r=1 y=0 c0=t532 c1=t526
12291 core=0 delete 6 t537 r=0 y=0 c0=t532 c1=t526
12292 core=0 suspend t538 r=0 y=0 c0=t532 c1=t526
12293 core=1 noop r=0 y=0 c0=t532 c1=t526
12294 core=1 noop r=0 y=0 c0=t532 c1=t526
12295 core=0 noop r=0 y=0 c0=t532 c1=t526
12296 core=1 delete 8 t532 r=0 y=1 c0=t533 c1=t526
12297 core=0 tick r=1 y=3 c0=t533 c1=t526
12298 core=0 take t533 r=1 y=0 c0=t533 c1=t526
12299 core=0 prio t536 0 r=0 y=0 c0=t533 c1=t526
12300 core=1 delete 3 t521 r=0 y=0 c0=t533 c1=t526
12301 core=0 tick r=1 y=3 c0=t533 c1=t526
12302 core=1 create 4 t539 p0 r=1 y=0 c0=t533 c1=t526
12303 core=0 resume t538 r=0 y=0 c0=t533 c1=t526
12304 core=1 prio t539 1 r=0 y=0 c0=t533 c1=t526
12305 core=0 suspend t538 r=0 y=0 c0=t533 c1=t526
12306 core=1 delete 0 t526 r=0 y=2 c0=t533 c1=t539
12307 core=0 tick r=0 y=0 c0=t533 c1=t539
12308 core=0 prio t538 1 r=0 y=0 c0=t533 c1=t539
12309 core=1 create 3 t540 p1 r=1 y=0 c0=t533 c1=t539
12310 core=0 noop r=0 y=0 c0=t533 c1=t539
12311 core=1 give_isr r=1 y=0 c0=t533 c1=t539
12312 core=1 create 0 t541 p2 r=1 y=2 c0=t533 c1=t541
12313 core=0 take t533 r=1 y=0 c0=t533 c1=t541
12314 core=1 delete 4 t539 r=0 y=0 c0=t533 c1=t541
12315 core=0 suspend t541 r=0 y=2 c0=t533 c1=t540
12316 core=0 resume t540 r=0 y=0 c0=t533 c1=t540
12317 core=1 noop r=0 y=0 c0=t533 c1=t540
12318 core=0 delay t533 4 r=0 y=1 c0=IDLE1 c1=t540
12319 core=0 noop r=0 y=0 c0=IDLE1 c1=t540
12320 core=0 give r=1 y=0 c0=IDLE1 c1=t540
12321 core=0 delete 1 t536 r=0 y=0 c0=IDLE1 c1=t540
12322 core=1 give r=0 y=0 c0=IDLE1 c1=t540
12323 core=0 tick r=1 y=1 c0=IDLE0 c1=t540
12324 core=1 noop r=0 y=0 c0=IDLE0 c1=t540
12325 core=1 give_isr r=0 y=0 c0=IDLE0 c1=t540
12326 core=0 noop r=0 y=0 c0=IDLE0 c1=t540
12327 core=1 noop r=0 y=0 c0=IDLE0 c1=t540
12328 core=1 noop r=0 y=0 c0=IDLE0 c1=t540
12329 core=0 noop r=0 y=0 c0=IDLE0 c1=t540
12330 core=1 yield r=0 y=2 c0=IDLE0 c1=t540
12331 core=0 give_isr r=0 y=0 c0=IDLE0 c1=t540
12332 core=1 resume t538 r=0 y=1 c0=t538 c1=t540
12333 core=0 tick r=1 y=3 c0=t538 c1=t540
12334 core=0 delay t538 4 r=0 y=1 c0=IDLE1 c1=t540
12335 core=1 yield r=0 y=2 c0=IDLE1 c1=t540
12336 core=0 noop r=0 y=0 c0=IDLE1 c1=t540
12337 core=1 give r=0 y=0 c0=IDLE1 c1=t540
12338 core=1 give r=0 y=0 c0=IDLE1 c1=t540
12339 core=1 noop r=0 y=0 c0=IDLE1 c1=t540
12340 core=0 noop r=0 y=0 c0=IDLE1 c1=t540
12341 core=1 noop r=0 y=0 c0=IDLE1 c1=t540
12342 core=1 yield r=0 y=2 c0=IDLE1 c1=t540
12343 core=0 noop r=0 y=0 c0=IDLE1 c1=t540
12344 core=0 noop r=0 y=0 c0=IDLE1 c1=t540
12345 core=1 noop r=0 y=0 c0=IDLE1 c1=t540
12346 core=0 resume t538 r=0 y=0 c0=IDLE1 c1=t540
12347 core=0 create 7 t542 p3 r=1 y=1 c0=t542 c1=t540
12348 core=1 delay t540 5 r=0 y=2 c0=t542 c1=IDLE0
12349 core=1 give_isr r=0 y=0 c0=t542 c1=IDLE0
12350 core=1 noop r=0 y=0 c0=t542 c1=IDLE0
12351 core=1 noop r=0 y=0 c0=t542 c1=IDLE0
12352 core=1 noop r=0 y=0 c0=t542 c1=IDLE0
12353 core=1 noop r=0 y=0 c0=t542 c1=IDLE0
12354 core=0 delete 0 t541 r=0 y=0 c0=t542 c1=IDLE0
12355 core=1 give r=0 y=0 c0=t542 c1=IDLE0
12356 core=1 give_isr r=0 y=0 c0=t542 c1=IDLE0
12357 core=0 noop r=0 y=0 c0=t542 c1=IDLE0
12358 core=0 create 1 t543 p2 r=1 y=2 c0=t542 c1=t543
12359 core=1 noop r=0 y=0 c0=t542 c1=t543
12360 core=0 take t542 r=1 y=0 c0=t542 c1=t543
12361 core=1 suspend t543 r=0 y=2 c0=t542 c1=IDLE1
12362 core=1 noop r=0 y=0 c0=t542 c1=IDLE1
12363 core=1 noop r=0 y=0 c0=t542 c1=IDLE1
12364 core=0 take t542 r=0 y=0 c0=t542 c1=IDLE1
12365 core=1 noop r=0 y=0 c0=t542 c1=IDLE1
12366 core=0 suspend t533 r=0 y=0 c0=t542 c1=IDLE1
12367 core=0 tick r=0 y=2 c0=t542 c1=IDLE0
12368 core=1 give r=1 y=0 c0=t542 c1=IDLE0
12369 core=1 noop r=0 y=0 c0=t542 c1=IDLE0
12370 core=0 noop r=0 y=0 c0=t542 c1=IDLE0
12371 core=0 tick r=0 y=2 c0=t542 c1=IDLE1
12372 core=0 noop r=0 y=0 c0=t542 c1=IDLE1
12373 core=1 noop r=0 y=0 c0=t542 c1=IDLE1
12374 core=0 prio t540 3 r=0 y=0 c0=t542 c1=IDLE1
12375 core=0 tick r=0 y=2 c0=t542 c1=IDLE0
12376 core=1 give r=0 y=0 c0=t542 c1=IDLE0
12377 core=0 noop r=0 y=0 c0=t542 c1=IDLE0
12378 core=1 create 0 t544 p1 r=1 y=2 c0=t542 c1=t544
12379 core=0 delay t542 5 r=0 y=1 c0=IDLE1 c1=t544
12380 core=0 noop r=0 y=0 c0=IDLE1 c1=t544
12381 core=0 tick r=1 y=3 c0=t538 c1=t544
12382 core=0 noop r=0 y=0 c0=t538 c1=t544
12383 core=0 yield r=0 y=1 c0=t538 c1=t544
12384 core=0 delay t538 2 r=0 y=1 c0=IDLE0 c1=t544
12385 core=1 delete 5 t533 r=0 y=0 c0=IDLE0 c1=t544
12386 core=0 tick r=1 y=1 c0=t540 c1=t544
12387 core=0 give r=0 y=0 c0=t540 c1=t544
12388 core=0 resume t538 r=0 y=0 c0=t540 c1=t544
12389 core=0 tick r=0 y=2 c0=t540 c1=t538
12390 core=0 noop r=0 y=0 c0=t540 c1=t538
12391 core=0 tick r=0 y=2 c0=t540 c1=t544
12392 core=0 noop r=0 y=0 c0=t540 c1=t544
12393 core=1 take t544 r=1 y=0 c0=t540 c1=t544
12394 core=0 resume t543 r=0 y=2 c0=t540 c1=t543
12395 core=0 give r=1 y=0 c0=t540 c1=t543
12396 core=0 delay t540 4 r=0 y=1 c0=t538 c1=t543
12397 core=1 suspend t538 r=0 y=1 c0=t544 c1=t543
12398 core=0 take t544 r=1 y=0 c0=t544 c1=t543
12399 core=1 suspend t540 r=0 y=0 c0=t544 c1=t543
12400 core=1 prio t538 2 r=0 y=0 c0=t544 c1=t543
12401 core=0 suspend t540 r=0 y=0 c0=t544 c1=t543
12402 core=0 yield r=0 y=1 c0=t544 c1=t543
12403 core=0 take t544 r=0 y=0 c0=t544 c1=t543
12404 core=0 delay t544 4 r=0 y=1 c0=IDLE1 c1=t543
12405 core=0 prio t540 2 r=0 y=0 c0=IDLE1 c1=t543
12406 core=1 noop r=0 y=0 c0=IDLE1 c1=t543
12407 core=1 take t543 r=0 y=0 c0=IDLE1 c1=t543
12408 core=0 give_isr r=1 y=0 c0=IDLE1 c1=t543
12409 core=0 create 6 t545 p1 r=1 y=1 c0=t545 c1=t543
12410 core=0 noop r=0 y=0 c0=t545 c1=t543
12411 core=1 noop r=0 y=0 c0=t545 c1=t543
12412 core=0 tick r=1 y=1 c0=t542 c1=t543
12413 core=1 take t543 r=1 y=0 c0=t542 c1=t543
12414 core=1 suspend t544 r=0 y=0 c0=t542 c1=t543
12415 core=0 take t542 r=0 y=0 c0=t542 c1=t543
12416 core=0 tick r=0 y=0 c0=t542 c1=t543
12417 core=0 delay t542 3 r=0 y=1 c0=t545 c1=t543
12418 core=0 create 8 t546 p2 r=1 y=1 c0=t546 c1=t543
12419 core=1 noop r=0 y=0 c0=t546 c1=t543
12420 core=1 delete 7 t542 r=0 y=0 c0=t546 c1=t543
12421 core=0 tick r=1 y=3 c0=t546 c1=t543
12422 core=0 tick r=1 y=3 c0=t546 c1=t543
12423 core=0 give_isr r=1 y=0 c0=t546 c1=t543
12424 core=0 take t546 r=1 y=0 c0=t546 c1=t543
12425 core=0 delay t546 4 r=0 y=1 c0=t545 c1=t543
12426 core=0 delay t545 1 r=0 y=1 c0=IDLE0 c1=t543
12427 core=0 tick r=1 y=1 c0=t545 c1=t543
12428 core=1 noop r=0 y=0 c0=t545 c1=t543
12429 core=0 delete 6 t545 r=0 y=1 c0=IDLE1 c1=t543
12430 core=1 resume t546 r=0 y=0 c0=IDLE1 c1=t543
12431 core=1 delay t543 1 r=0 y=2 c0=IDLE1 c1=IDLE0
12432 core=1 noop r=0 y=0 c0=IDLE1 c1=IDLE0
12433 core=0 tick r=1 y=3 c0=t543 c1=IDLE1
12434 core=0 give_isr r=1 y=0 c0=t543 c1=IDLE1
12435 core=0 resume t543 r=0 y=0 c0=t543 c1=IDLE1
12436 core=1 create 4 t547 p0 r=1 y=2 c0=t543 c1=IDLE0
12437 core=1 yield r=0 y=2 c0=t543 c1=t547
12438 core=0 give r=0 y=0 c0=t543 c1=t547
12439 core=0 take t543 r=1 y=0 c0=t543 c1=t547
12440 core=1 delay t547 4 r=0 y=2 c0=t543 c1=IDLE1
12441 core=0 tick r=0 y=2 c0=t543 c1=IDLE0
12442 core=0 yield r=0 y=1 c0=t543 c1=IDLE0
12443 core=0 suspend t544 r=0 y=0 c0=t543 c1=IDLE0
12444 core=0 tick r=1 y=3 c0=t546 c1=t543
12445 core=1 take t543 r=0 y=0 c0=t546 c1=t543
12446 core=0 tick r=1 y=3 c0=t546 c1=t543
12447 core=1 noop r=0 y=0 c0=t546 c1=t543
12448 core=1 create 9 t548 p3 r=1 y=2 c0=t546 c1=t548
12449 core=0 create 5 t549 p0 r=1 y=0 c0=t546 c1=t548
12450 core=1 resume t546 r=0 y=0 c0=t546 c1=t548
12451 core=1 suspend t544 r=0 y=0 c0=t546 c1=t548
12452 core=0 tick r=1 y=1 c0=t543 c1=t548
12453 core=1 prio t538 0 r=0 y=0 c0=t543 c1=t548
12454 core=0 take t543 r=0 y=0 c0=t543 c1=t548
12455 core=0 give r=1 y=0 c0=t543 c1=t548
12456 core=1 take t548 r=1 y=0 c0=t543 c1=t548
12457 core=1 noop r=0 y=0 c0=t543 c1=t548
12458 core=0 create 6 t550 p2 r=1 y=0 c0=t543 c1=t548
12459 core=0 suspend t544 r=0 y=0 c0=t543 c1=t548
12460 core=0 suspend t548 r=0 y=2 c0=t543 c1=t546
12461 core=1 give r=1 y=0 c0=t543 c1=t546
12462 core=0 noop r=0 y=0 c0=t543 c1=t546
12463 core=1 prio t546 0 r=0 y=2 c0=t543 c1=t550
12464 core=1 noop r=0 y=0 c0=t543 c1=t550
12465 core=0 delete 6 t550 r=0 y=2 c0=t543 c1=IDLE1
12466 core=1 noop r=0 y=0 c0=t543 c1=IDLE1
12467 core=1 give r=0 y=0 c0=t543 c1=IDLE1
12468 core=1 give r=0 y=0 c0=t543 c1=IDLE1
12469 core=0 prio t547 1 r=0 y=2 c0=t543 c1=t547
12470 core=0 delete 5 t549 r=0 y=0 c0=t543 c1=t547
12471 core=0 tick r=0 y=0 c0=t543 c1=t547
12472 core=0 prio t544 2 r=0 y=0 c0=t543 c1=t547
12473 core=0 resume t544 r=0 y=2 c0=t543 c1=t544
12474 core=0 give_isr r=0 y=0 c0=t543 c1=t544
12475 core=1 take t544 r=1 y=0 c0=t543 c1=t544
12476 core=0 take t543 r=0 y=0 c0=t543 c1=t544
12477 core=1 noop r=0 y=0 c0=t543 c1=t544
12478 core=1 take t544 r=0 y=0 c0=t543 c1=t544
12479 core=0 resume t548 r=0 y=2 c0=t543 c1=t548
12480 core=0 noop r=0 y=0 c0=t543 c1=t548
12481 core=1 noop r=0 y=0 c0=t543 c1=t548
12482 core=0 noop r=0 y=0 c0=t543 c1=t548
12483 core=1 noop r=0 y=0 c0=t543 c1=t548
12484 core=1 suspend t544 r=0 y=0 c0=t543 c1=t548
12485 core=0 prio t544 3 r=0 y=0 c0=t543 c1=t548
12486 core=0 give r=1 y=0 c0=t543 c1=t548
12487 core=0 tick r=0 y=0 c0=t543 c1=t548
12488 core=0 noop r=0 y=0 c0=t543 c1=t548
12489 core=1 resume t546 r=0 y=0 c0=t543 c1=t548
12490 core=1 create 7 t551 p3 r=1 y=1 c0=t551 c1=t548
12491 core=1 delete 2 t538 r=0 y=0 c0=t551 c1=t548
12492 core=1 delay t548 2 r=0 y=2 c0=t551 c1=t543
12493 core=1 delete 4 t547 r=0 y=0 c0=t551 c1=t543
12494 core=1 prio t548 1 r=0 y=0 c0=t551 c1=t543
12495 core=0 tick r=0 y=0 c0=t551 c1=t543
12496 core=1 suspend t548 r=0 y=0 c0=t551 c1=t543
12497 core=1 noop r=0 y=0 c0=t551 c1=t543
12498 core=0 give r=0 y=0 c0=t551 c1=t543
12499 core=0 give r=0 y=0 c0=t551 c1=t543
12500 core=1 take t543 r=1 y=0 c0=t551 c1=t543
12501 core=1 resume t540 r=0 y=0 c0=t551 c1=t543
12502 core=1 take t543 r=0 y=0 c0=t551 c1=t543
12503 core=0 noop r=0 y=0 c0=t551 c1=t543
12504 core=0 delay t551 4 r=0 y=1 c0=t540 c1=t543
12505 core=0 give_isr r=1 y=0 c0=t540 c1=t543
12506 core=0 create 5 t552 p3 r=1 y=2 c0=t540 c1=t552
12507 core=1 give_isr r=0 y=0 c0=t540 c1=t552
12508 core=0 noop r=0 y=0 c0=t540 c1=t552
12509 core=1 resume t551 r=0 y=0 c0=t540 c1=t552
12510 core=1 create 2 t553 p0 r=1 y=0 c0=t540 c1=t552
12511 core=1 yield r=0 y=2 c0=t540 c1=t552
12512 core=1 noop r=0 y=0 c0=t540 c1=t552
12513 core=1 delay t552 1 r=0 y=2 c0=t540 c1=t543
12514 core=0 create 4 t554 p2 r=1 y=0 c0=t540 c1=t543
12515 core=1 take t543 r=1 y=0 c0=t540 c1=t543
12516 core=1 give_isr r=1 y=0 c0=t540 c1=t543
12517 core=0 noop r=0 y=0 c0=t540 c1=t543
12518 core=0 give_isr r=0 y=0 c0=t540 c1=t543
12519 core=0 delay t540 3 r=0 y=1 c0=t554 c1=t543
12520 core=1 resume t546 r=0 y=0 c0=t554 c1=t543
12521 core=0 suspend t546 r=0 y=0 c0=t554 c1=t543
12522 core=0 suspend t540 r=0 y=0 c0=t554 c1=t543
12523 core=1 give_isr r=0 y=0 c0=t554 c1=t543
12524 core=0 delay t554 5 r=0 y=1 c0=IDLE0 c1=t543
12525 core=1 prio t553 2 r=0 y=1 c0=t553 c1=t543
12526 core=1 take t543 r=1 y=0 c0=t553 c1=t543
12527 core=1 delay t543 2 r=0 y=2 c0=t553 c1=IDLE1
12528 core=1 yield r=0 y=2 c0=t553 c1=IDLE0
12529 core=1 resume t552 r=0 y=0 c0=t553 c1=IDLE0
12530 core=1 noop r=0 y=0 c0=t553 c1=IDLE0
12531 core=1 delete 7 t551 r=0 y=0 c0=t553 c1=IDLE0
12532 core=0 delete 9 t548 r=0 y=0 c0=t553 c1=IDLE0
12533 core=0 delay t553 5 r=0 y=1 c0=IDLE1 c1=IDLE0
12534 core=1 delete 3 t540 r=0 y=0 c0=IDLE1 c1=IDLE0
12535 core=0 prio t554 2 r=0 y=0 c0=IDLE1 c1=IDLE0
12536 core=0 noop r=0 y=0 c0=IDLE1 c1=IDLE0
12537 core=0 tick r=1 y=3 c0=t552 c1=IDLE1
12538 core=1 noop r=0 y=0 c0=t552 c1=IDLE1
12539 core=1 suspend t554 r=0 y=0 c0=t552 c1=IDLE1
12540 core=0 delete 8 t546 r=0 y=0 c0=t552 c1=IDLE1
12541 core=0 create 8 t555 p0 r=1 y=2 c0=t552 c1=IDLE0
12542 core=0 give r=1 y=0 c0=t552 c1=IDLE0
12543 core=0 noop r=0 y=0 c0=t552 c1=IDLE0
12544 core=0 noop r=0 y=0 c0=t552 c1=IDLE0
12545 core=0 noop r=0 y=0 c0=t552 c1=IDLE0
12546 core=0 give_isr r=0 y=0 c0=t552 c1=IDLE0
12547 core=0 yield r=0 y=1 c0=t552 c1=IDLE0
12548 core=0 suspend t555 r=0 y=0 c0=t552 c1=IDLE0
12549 core=0 give_isr r=0 y=0 c0=t552 c1=IDLE0
12550 core=0 prio t544 1 r=0 y=0 c0=t552 c1=IDLE0
12551 core=0 resume t552 r=0 y=0 c0=t552 c1=IDLE0
12552 core=1 noop r=0 y=0 c0=t552 c1=IDLE0
12553 core=0 take t552 r=1 y=0 c0=t552 c1=IDLE0
12554 core=0 give r=1 y=0 c0=t552 c1=IDLE0
12555 core=0 give r=0 y=0 c0=t552 c1=IDLE0
12556 core=1 delete 2 t553 r=0 y=0 c0=t552 c1=IDLE0
12557 core=0 noop r=0 y=0 c0=t552 c1=IDLE0
12558 core=1 delete 0 t544 r=0 y=0 c0=t552 c1=IDLE0
12559 core=1 noop r=0 y=0 c0=t552 c1=IDLE0
12560 core=1 delete 1 t543 r=0 y=0 c0=t552 c1=IDLE0
12561 core=0 noop r=0 y=0 c0=t552 c1=IDLE0
12562 core=0 noop r=0 y=0 c0=t552 c1=IDLE0
12563 core=0 tick r=0 y=2 c0=t552 c1=IDLE1
12564 core=0 give_isr r=0 y=0 c0=t552 c1=IDLE1
12565 core=0 noop r=0 y=0 c0=t552 c1=IDLE1
12566 core=0 give_isr r=0 y=0 c0=t552 c1=IDLE1
12567 core=0 noop r=0 y=0 c0=t552 c1=IDLE1
12568 core=1 create 3 t556 p0 r=1 y=2 c0=t552 c1=IDLE0
12569 core=0 give_isr r=0 y=0 c0=t552 c1=IDLE0
12570 core=1 noop r=0 y=0 c0=t552 c1=IDLE0
12571 core=1 noop r=0 y=0 c0=t552 c1=IDLE0
12572 core=1 noop r=0 y=0 c0=t552 c1=IDLE0
12573 core=0 noop r=0 y=0 c0=t552 c1=IDLE0
12574 core=0 noop r=0 y=0 c0=t552 c1=IDLE0
12575 core=0 resume t555 r=0 y=2 c0=t552 c1=t556
12576 core=1 give_isr r=0 y=0 c0=t552 c1=t556
12577 core=1 noop r=0 y=0 c0=t552 c1=t556
12578 core=1 give r=0 y=0 c0=t552 c1=t556
12579 core=0 take t552 r=1 y=0 c0=t552 c1=t556
12580 core=0 take t552 r=0 y=0 c0=t552 c1=t556
12581 core=0 give r=1 y=0 c0=t552 c1=t556
12582 core=1 give_isr r=0 y=0 c0=t552 c1=t556
12583 core=1 take t556 r=1 y=0 c0=t552 c1=t556
12584 core=1 suspend t556 r=0 y=2 c0=t552 c1=IDLE1
12585 core=1 noop r=0 y=0 c0=t552 c1=IDLE1
12586 core=1 create 7 t557 p1 r=1 y=2 c0=t552 c1=t557
12587 core=0 tick r=0 y=0 c0=t552 c1=t557
12588 core=1 give r=1 y=0 c0=t552 c1=t557
12589 core=0 noop r=0 y=0 c0=t552 c1=t557
12590 core=1 delete 4 t554 r=0 y=0 c0=t552 c1=t557
12591 core=1 give r=0 y=0 c0=t552 c1=t557
12592 core=1 noop r=0 y=0 c0=t552 c1=t557
12593 core=0 noop r=0 y=0 c0=t552 c1=t557
12594 core=0 yield r=0 y=1 c0=t552 c1=t557
12595 core=1 prio t556 2 r=0 y=0 c0=t552 c1=t557
12596 core=0 suspend t552 r=0 y=1 c0=t555 c1=t557
12597 core=0 noop r=0 y=0 c0=t555 c1=t557
12598 core=0 create 1 t558 p2 r=1 y=1 c0=t558 c1=t557
12599 core=1 delay t557 3 r=0 y=2 c0=t558 c1=IDLE0
12600 core=0 take t558 r=1 y=0 c0=t558 c1=IDLE0
12601 core=1 yield r=0 y=2 c0=t558 c1=IDLE1
12602 core=0 delay t558 4 r=0 y=1 c0=t555 c1=IDLE1
12603 core=0 noop r=0 y=0 c0=t555 c1=IDLE1
12604 core=1 delete 3 t556 r=0 y=0 c0=t555 c1=IDLE1
12605 core=0 create 0 t559 p1 r=1 y=2 c0=t555 c1=t559
12606 core=1 suspend t552 r=0 y=0 c0=t555 c1=t559
12607 core=0 noop r=0 y=0 c0=t555 c1=t559
12608 core=0 delay t555 1 r=0 y=1 c0=IDLE0 c1=t559
12609 core=0 noop r=0 y=0 c0=IDLE0 c1=t559
12610 core=0 tick r=1 y=1 c0=IDLE1 c1=t559
12611 core=1 delay t559 3 r=0 y=2 c0=IDLE1 c1=t555
12612 core=0 give_isr r=1 y=0 c0=IDLE1 c1=t555
12613 core=1 delay t555 2 r=0 y=2 c0=IDLE1 c1=IDLE0
12614 core=1 resume t552 r=0 y=2 c0=IDLE1 c1=t552
12615 core=0 noop r=0 y=0 c0=IDLE1 c1=t552
12616 core=1 give_isr r=0 y=0 c0=IDLE1 c1=t552
12617 core=0 tick r=1 y=1 c0=IDLE0 c1=t552
12618 core=0 noop r=0 y=0 c0=IDLE0 c1=t552
12619 core=0 noop r=0 y=0 c0=IDLE0 c1=t552
12620 core=0 suspend t558 r=0 y=0 c0=IDLE0 c1=t552
12621 core=1 noop r=0 y=0 c0=IDLE0 c1=t552
12622 core=0 resume t552 r=0 y=0 c0=IDLE0 c1=t552
12623 core=1 prio t559 2 r=0 y=0 c0=IDLE0 c1=t552
12624 core=1 resume t552 r=0 y=0 c0=IDLE0 c1=t552
12625 core=0 give r=0 y=0 c0=IDLE0 c1=t552
12626 core=1 take t552 r=1 y=0 c0=IDLE0 c1=t552
12627 core=0 noop r=0 y=0 c0=IDLE0 c1=t552
12628 core=1 delay t552 2 r=0 y=2 c0=IDLE0 c1=IDLE1
12629 core=1 yield r=0 y=2 c0=IDLE0 c1=IDLE1
12630 core=0 create 2 t560 p3 r=1 y=2 c0=IDLE0 c1=t560
12631 core=1 give r=1 y=0 c0=IDLE0 c1=t560
12632 core=0 tick r=1 y=1 c0=t557 c1=t560
12633 core=1 delay t560 4 r=0 y=2 c0=t557 c1=IDLE1
12634 core=1 resume t555 r=0 y=0 c0=t557 c1=IDLE1
12635 core=0 suspend t560 r=0 y=0 c0=t557 c1=IDLE1
12636 core=1 prio t555 3 r=0 y=2 c0=t557 c1=t555
12637 core=1 noop r=0 y=0 c0=t557 c1=t555
12638 core=1 give r=0 y=0 c0=t557 c1=t555
12639 core=0 prio t552 3 r=0 y=0 c0=t557 c1=t555
12640 core=0 noop r=0 y=0 c0=t557 c1=t555
12641 core=1 create 4 t561 p0 r=1 y=0 c0=t557 c1=t555
12642 core=1 delay t555 2 r=0 y=2 c0=t557 c1=IDLE0
12643 core=0 suspend t557 r=0 y=1 c0=IDLE1 c1=IDLE0
12644 core=0 tick r=1 y=3 c0=t552 c1=t559
12645 core=1 give r=0 y=0 c0=t552 c1=t559
12646 core=1 take t559 r=1 y=0 c0=t552 c1=t559
12647 core=0 noop r=0 y=0 c0=t552 c1=t559
12648 core=0 tick r=1 y=3 c0=t555 c1=t552
12649 core=0 noop r=0 y=0 c0=t555 c1=t552
12650 core=0 tick r=1 y=3 c0=t555 c1=t552
12651 core=0 give r=1 y=0 c0=t555 c1=t552
12652 core=0 noop r=0 y=0 c0=t555 c1=t552
12653 core=1 noop r=0 y=0 c0=t555 c1=t552
12654 core=0 yield r=0 y=1 c0=t555 c1=t552
12655 core=1 give r=0 y=0 c0=t555 c1=t552
12656 core=1 prio t558 0 r=0 y=0 c0=t555 c1=t552
12657 core=0 suspend t558 r=0 y=0 c0=t555 c1=t552
12658 core=1 noop r=0 y=0 c0=t555 c1=t552
12659 core=1 noop r=0 y=0 c0=t555 c1=t552
12660 core=0 prio t559 0 r=0 y=0 c0=t555 c1=t552
12661 core=1 give_isr r=0 y=0 c0=t555 c1=t552
12662 core=0 yield r=0 y=1 c0=t555 c1=t552
12663 core=1 yield r=0 y=2 c0=t555 c1=t552
12664 core=1 resume t561 r=0 y=0 c0=t555 c1=t552
12665 core=0 delay t555 2 r=0 y=1 c0=t561 c1=t552
12666 core=1 resume t561 r=0 y=0 c0=t561 c1=t552
12667 core=0 delete 7 t557 r=0 y=0 c0=t561 c1=t552
12668 core=1 resume t552 r=0 y=0 c0=t561 c1=t552
12669 core=1 noop r=0 y=0 c0=t561 c1=t552
12670 core=1 delete 4 t561 r=0 y=1 c0=IDLE1 c1=t552
12671 core=1 take t552 r=1 y=0 c0=IDLE1 c1=t552
12672 core=1 delay t552 5 r=0 y=2 c0=IDLE1 c1=IDLE0
12673 core=1 suspend t559 r=0 y=0 c0=IDLE1 c1=IDLE0
12674 core=1 create 3 t562 p1 r=1 y=2 c0=IDLE1 c1=t562
12675 core=0 prio t558 1 r=0 y=0 c0=IDLE1 c1=t562
12676 core=0 create 9 t563 p3 r=1 y=1 c0=t563 c1=t562
12677 core=1 give_isr r=1 y=0 c0=t563 c1=t562
12678 core=0 prio t558 2 r=0 y=0 c0=t563 c1=t562
12679 core=0 take t563 r=1 y=0 c0=t563 c1=t562
12680 core=0 resume t560 r=0 y=2 c0=t563 c1=t560
12681 core=0 tick r=1 y=3 c0=t563 c1=t560
12682 core=0 tick r=1 y=3 c0=t555 c1=t563
12683 core=0 give r=1 y=0 c0=t555 c1=t563
12684 core=0 delay t555 5 r=0 y=1 c0=t560 c1=t563
12685 core=0 delay t560 3 r=0 y=1 c0=t562 c1=t563
12686 core=1 create 6 t564 p2 r=1 y=1 c0=t564 c1=t563
12687 core=0 delete 8 t555 r=0 y=0 c0=t564 c1=t563
12688 core=0 noop r=0 y=0 c0=t564 c1=t563
12689 core=0 delete 6 t564 r=0 y=1 c0=t562 c1=t563
12690 core=1 take t563 r=1 y=0 c0=t562 c1=t563
12691 core=1 suspend t562 r=0 y=1 c0=IDLE0 c1=t563
12692 core=0 suspend t560 r=0 y=0 c0=IDLE0 c1=t563
12693 core=0 resume t559 r=0 y=1 c0=IDLE1 c1=t563
12694 core=1 yield r=0 y=2 c0=IDLE1 c1=t563
12695 core=0 noop r=0 y=0 c0=IDLE1 c1=t563
12696 core=1 prio t560 0 r=0 y=0 c0=IDLE1 c1=t563
12697 core=1 noop r=0 y=0 c0=IDLE1 c1=t563
12698 core=1 take t563 r=0 y=0 c0=IDLE1 c1=t563
12699 core=0 noop r=0 y=0 c0=IDLE1 c1=t563
12700 core=0 noop r=0 y=0 c0=IDLE1 c1=t563
12701 core=1 delete 2 t560 r=0 y=0 c0=IDLE1 c1=t563
12702 core=1 delete 5 t552 r=0 y=0 c0=IDLE1 c1=t563
12703 core=1 delay t563 5 r=0 y=2 c0=IDLE1 c1=t559
12704 core=0 resume t558 r=0 y=1 c0=t558 c1=t559
12705 core=0 yield r=0 y=1 c0=t558 c1=t559
12706 core=1 prio t562 1 r=0 y=0 c0=t558 c1=t559
12707 core=1 give r=1 y=0 c0=t558 c1=t559
12708 core=1 noop r=0 y=0 c0=t558 c1=t559
12709 core=1 noop r=0 y=0 c0=t558 c1=t559
12710 core=1 create 7 t565 p1 r=1 y=2 c0=t558 c1=t565
12711 core=0 noop r=0 y=0 c0=t558 c1=t565
12712 core=1 give r=0 y=0 c0=t558 c1=t565
12713 core=1 give r=0 y=0 c0=t558 c1=t565
12714 core=0 delay t558 2 r=0 y=1 c0=IDLE0 c1=t565
12715 core=1 noop r=0 y=0 c0=IDLE0 c1=t565
12716 core=1 noop r=0 y=0 c0=IDLE0 c1=t565
12717 core=0 tick r=1 y=1 c0=IDLE1 c1=t565
12718 core=1 delay t565 4 r=0 y=2 c0=IDLE1 c1=t559
12719 core=0 noop r=0 y=0 c0=IDLE1 c1=t559
12720 core=0 create 6 t566 p1 r=1 y=1 c0=t566 c1=t559
12721 core=1 noop r=0 y=0 c0=t566 c1=t559
12722 core=0 tick r=0 y=2 c0=t566 c1=t558
12723 core=1 take t558 r=1 y=0 c0=t566 c1=t558
12724 core=0 resume t559 r=0 y=0 c0=t566 c1=t558
12725 core=0 tick r=0 y=0 c0=t566 c1=t558
12726 core=1 noop r=0 y=0 c0=t566 c1=t558
12727 core=1 give_isr r=1 y=0 c0=t566 c1=t558
12728 core=1 delay t558 4 r=0 y=2 c0=t566 c1=IDLE0
12729 core=0 noop r=0 y=0 c0=t566 c1=IDLE0
12730 core=0 take t566 r=1 y=0 c0=t566 c1=IDLE0
12731 core=1 yield r=0 y=2 c0=t566 c1=IDLE1
12732 core=0 tick r=0 y=2 c0=t566 c1=t559
12733 core=1 yield r=0 y=2 c0=t566 c1=IDLE0
12734 core=0 delete 9 t563 r=0 y=0 c0=t566 c1=IDLE0
12735 core=1 noop r=0 y=0 c0=t566 c1=IDLE0
12736 core=1 noop r=0 y=0 c0=t566 c1=IDLE0
12737 core=0 noop r=0 y=0 c0=t566 c1=IDLE0
12738 core=1 noop r=0 y=0 c0=t566 c1=IDLE0
12739 core=1 noop r=0 y=0 c0=t566 c1=IDLE0
12740 core=0 delay t566 3 r=0 y=1 c0=IDLE1 c1=IDLE0
12741 core=0 tick r=1 y=3 c0=t565 c1=t559
12742 core=1 resume t559 r=0 y=0 c0=t565 c1=t559
12743 core=0 take t565 r=0 y=0 c0=t565 c1=t559
12744 core=1 noop r=0 y=0 c0=t565 c1=t559
12745 core=1 give r=1 y=0 c0=t565 c1=t559
12746 core=1 delay t559 5 r=0 y=2 c0=t565 c1=IDLE1
12747 core=1 noop r=0 y=0 c0=t565 c1=IDLE1
12748 core=1 yield r=0 y=2 c0=t565 c1=IDLE0
12749 core=1 give_isr r=0 y=0 c0=t565 c1=IDLE0
12750 core=1 noop r=0 y=0 c0=t565 c1=IDLE0
12751 core=1 noop r=0 y=0 c0=t565 c1=IDLE0
12752 core=1 suspend t565 r=0 y=1 c0=IDLE1 c1=IDLE0
12753 core=0 yield r=0 y=1 c0=IDLE1 c1=IDLE0
12754 core=0 noop r=0 y=0 c0=IDLE1 c1=IDLE0
12755 core=1 create 8 t567 p3 r=1 y=2 c0=IDLE1 c1=t567
12756 core=1 noop r=0 y=0 c0=IDLE1 c1=t567
12757 core=0 delete 1 t558 r=0 y=0 c0=IDLE1 c1=t567
12758 core=1 delay t567 2 r=0 y=2 c0=IDLE1 c1=IDLE0
12759 core=0 give_isr r=0 y=0 c0=IDLE1 c1=IDLE0
12760 core=1 noop r=0 y=0 c0=IDLE1 c1=IDLE0
12761 core=0 create 9 t568 p0 r=1 y=2 c0=IDLE1 c1=t568
12762 core=1 give_isr r=0 y=0 c0=IDLE1 c1=t568
12763 core=0 resume t559 r=0 y=0 c0=IDLE1 c1=t568
12764 core=0 give r=0 y=0 c0=IDLE1 c1=t568
12765 core=0 noop r=0 y=0 c0=IDLE1 c1=t568
12766 core=1 noop r=0 y=0 c0=IDLE1 c1=t568
12767 core=0 noop r=0 y=0 c0=IDLE1 c1=t568
12768 core=1 yield r=0 y=2 c0=IDLE1 c1=IDLE0
12769 core=0 tick r=1 y=3 c0=t568 c1=IDLE1
12770 core=0 tick r=1 y=3 c0=t567 c1=t566
12771 core=0 delete 9 t568 r=0 y=0 c0=t567 c1=t566
12772 core=1 noop r=0 y=0 c0=t567 c1=t566
12773 core=0 resume t567 r=0 y=0 c0=t567 c1=t566
12774 core=0 resume t565 r=0 y=0 c0=t567 c1=t566
12775 core=1 noop r=0 y=0 c0=t567 c1=t566
12776 core=0 resume t566 r=0 y=0 c0=t567 c1=t566
12777 core=1 noop r=0 y=0 c0=t567 c1=t566
12778 core=1 noop r=0 y=0 c0=t567 c1=t566
12779 core=1 noop r=0 y=0 c0=t567 c1=t566
12780 core=0 take t567 r=1 y=0 c0=t567 c1=t566
12781 core=0 tick r=0 y=2 c0=t567 c1=t565
12782 core=0 take t567 r=0 y=0 c0=t567 c1=t565
12783 core=0 suspend t567 r=0 y=1 c0=t566 c1=t565
12784 core=1 noop r=0 y=0 c0=t566 c1=t565
12785 core=0 prio t566 0 r=0 y=1 c0=IDLE0 c1=t565
12786 core=0 give r=1 y=0 c0=IDLE0 c1=t565
12787 core=0 noop r=0 y=0 c0=IDLE0 c1=t565
12788 core=1 delay t565 2 r=0 y=2 c0=IDLE0 c1=IDLE1
12789 core=1 noop r=0 y=0 c0=IDLE0 c1=IDLE1
12790 core=0 noop r=0 y=0 c0=IDLE0 c1=IDLE1
12791 core=0 noop r=0 y=0 c0=IDLE0 c1=IDLE1
12792 core=0 tick r=1 y=3 c0=t566 c1=IDLE0
12793 core=0 delay t566 4 r=0 y=1 c0=IDLE1 c1=IDLE0
12794 core=0 noop r=0 y=0 c0=IDLE1 c1=IDLE0
12795 core=0 noop r=0 y=0 c0=IDLE1 c1=IDLE0
12796 core=0 noop r=0 y=0 c0=IDLE1 c1=IDLE0
12797 core=0 suspend t559 r=0 y=0 c0=IDLE1 c1=IDLE0
12798 core=0 noop r=0 y=0 c0=IDLE1 c1=IDLE0
12799 core=0 noop r=0 y=0 c0=IDLE1 c1=IDLE0
12800 core=0 noop r=0 y=0 c0=IDLE1 c1=IDLE0
12801 core=1 noop r=0 y=0 c0=IDLE1 c1=IDLE0
12802 core=1 noop r=0 y=0 c0=IDLE1 c1=IDLE0
12803 core=0 tick r=1 y=3 c0=t565 c1=IDLE1
12804 core=1 noop r=0 y=0 c0=t565 c1=IDLE1
12805 core=0 resume t566 r=0 y=0 c0=t565 c1=IDLE1
12806 core=0 noop r=0 y=0 c0=t565 c1=IDLE1
12807 core=1 give r=0 y=0 c0=t565 c1=IDLE1
12808 core=0 create 1 t569 p2 r=1 y=2 c0=t565 c1=t569
12809 core=1 resume t562 r=0 y=0 c0=t565 c1=t569
12810 core=0 delete 0 t559 r=0 y=0 c0=t565 c1=t569
12811 core=0 take t565 r=1 y=0 c0=t565 c1=t569
12812 core=0 create 5 t570 p3 r=1 y=1 c0=t570 c1=t569
12813 core=0 noop r=0 y=0 c0=t570 c1=t569
12814 core=0 delay t570 5 r=0 y=1 c0=t562 c1=t569
12815 core=1 noop r=0 y=0 c0=t562 c1=t569
12816 core=1 give_isr r=1 y=0 c0=t562 c1=t569
12817 core=1 take t569 r=1 y=0 c0=t562 c1=t569
12818 core=0 noop r=0 y=0 c0=t562 c1=t569
12819 core=0 prio t562 0 r=0 y=1 c0=t565 c1=t569
12820 core=1 give_isr r=1 y=0 c0=t565 c1=t569
12821 core=1 delay t569 2 r=0 y=2 c0=t565 c1=IDLE0
12822 core=1 noop r=0 y=0 c0=t565 c1=IDLE0
12823 core=1 give r=0 y=0 c0=t565 c1=IDLE0
12824 core=1 create 2 t571 p2 r=1 y=2 c0=t565 c1=t571
12825 core=0 yield r=0 y=1 c0=t565 c1=t571
12826 core=1 give r=0 y=0 c0=t565 c1=t571
12827 core=1 delete 2 t571 r=0 y=2 c0=t565 c1=IDLE1
12828 core=0 yield r=0 y=1 c0=t565 c1=IDLE1
12829 core=0 take t565 r=1 y=0 c0=t565 c1=IDLE1
12830 core=1 create 9 t572 p1 r=1 y=2 c0=t565 c1=t572
12831 core=1 delay t572 5 r=0 y=2 c0=t565 c1=t562
12832 core=0 tick r=0 y=2 c0=t565 c1=IDLE0
12833 core=1 noop r=0 y=0 c0=t565 c1=IDLE0
12834 core=1 yield r=0 y=2 c0=t565 c1=IDLE1
12835 core=0 give r=1 y=0 c0=t565 c1=IDLE1
12836 core=1 yield r=0 y=2 c0=t565 c1=t562
12837 core=1 suspend t569 r=0 y=0 c0=t565 c1=t562
12838 core=1 delay t562 2 r=0 y=2 c0=t565 c1=IDLE0
12839 core=1 suspend t562 r=0 y=0 c0=t565 c1=IDLE0
12840 core=1 noop r=0 y=0 c0=t565 c1=IDLE0
12841 core=1 give_isr r=0 y=0 c0=t565 c1=IDLE0
12842 core=1 create 2 t573 p2 r=1 y=2 c0=t565 c1=t573
12843 core=0 suspend t562 r=0 y=0 c0=t565 c1=t573
12844 core=1 noop r=0 y=0 c0=t565 c1=t573
12845 core=1 resume t572 r=0 y=0 c0=t565 c1=t573
12846 core=0 noop r=0 y=0 c0=t565 c1=t573
12847 core=0 suspend t570 r=0 y=0 c0=t565 c1=t573
12848 core=0 noop r=0 y=0 c0=t565 c1=t573
12849 core=1 noop r=0 y=0 c0=t565 c1=t573
12850 core=0 take t565 r=1 y=0 c0=t565 c1=t573
12851 core=1 prio t565 3 r=0 y=0 c0=t565 c1=t573
12852 core=0 noop r=0 y=0 c0=t565 c1=t573
12853 core=1 prio t565 3 r=0 y=0 c0=t565 c1=t573
12854 core=0 prio t572 0 r=0 y=0 c0=t565 c1=t573
12855 core=0 resume t566 r=0 y=0 c0=t565 c1=t573
12856 core=0 tick r=0 y=0 c0=t565 c1=t573
12857 core=1 delete 5 t570 r=0 y=0 c0=t565 c1=t573
12858 core=0 delay t565 3 r=0 y=1 c0=IDLE1 c1=t573
12859 core=1 delete 9 t572 r=0 y=0 c0=IDLE1 c1=t573
12860 core=1 noop r=0 y=0 c0=IDLE1 c1=t573
12861 core=0 tick r=1 y=1 c0=IDLE0 c1=t573
12862 core=1 take t573 r=0 y=0 c0=IDLE0 c1=t573
12863 core=0 resume t569 r=0 y=1 c0=t569 c1=t573
12864 core=0 suspend t569 r=0 y=1 c0=t566 c1=t573
12865 core=1 give r=1 y=0 c0=t566 c1=t573
12866 core=1 delay t573 1 r=0 y=2 c0=t566 c1=IDLE1
12867 core=1 yield r=0 y=2 c0=t566 c1=IDLE0
12868 core=1 resume t569 r=0 y=2 c0=t566 c1=t569
12869 core=0 tick r=1 y=3 c0=t573 c1=t569
12870 core=0 noop r=0 y=0 c0=t573 c1=t569
12871 core=1 give r=0 y=0 c0=t573 c1=t569
12872 core=0 tick r=1 y=3 c0=t565 c1=t573
12873 core=0 tick r=0 y=2 c0=t565 c1=t569
12874 core=0 take t565 r=1 y=0 c0=t565 c1=t569
12875 core=0 tick r=0 y=2 c0=t565 c1=t573
12876 core=0 yield r=0 y=1 c0=t565 c1=t573
12877 core=1 yield r=0 y=2 c0=t565 c1=t569
12878 core=1 noop r=0 y=0 c0=t565 c1=t569
12879 core=0 resume t565 r=0 y=0 c0=t565 c1=t569
12880 core=0 noop r=0 y=0 c0=t565 c1=t569
12881 core=0 noop r=0 y=0 c0=t565 c1=t569
12882 core=0 suspend t573 r=0 y=0 c0=t565 c1=t569
12883 core=1 take t569 r=0 y=0 c0=t565 c1=t569
12884 core=0 give_isr r=1 y=0 c0=t565 c1=t569
12885 core=0 delay t565 2 r=0 y=1 c0=IDLE1 c1=t569
12886 core=0 noop r=0 y=0 c0=IDLE1 c1=t569
12887 core=0 noop r=0 y=0 c0=IDLE1 c1=t569
12888 core=0 noop r=0 y=0 c0=IDLE1 c1=t569
12889 core=0 create 0 t574 p0 r=1 y=1 c0=IDLE0 c1=t569
12890 core=0 noop r=0 y=0 c0=IDLE0 c1=t569
12891 core=1 take t569 r=1 y=0 c0=IDLE0 c1=t569
12892 core=1 noop r=0 y=0 c0=IDLE0 c1=t569
12893 core=0 noop r=0 y=0 c0=IDLE0 c1=t569
12894 core=1 delay t569 2 r=0 y=2 c0=IDLE0 c1=t566
12895 core=1 suspend t565 r=0 y=0 c0=IDLE0 c1=t566
12896 core=0 give r=1 y=0 c0=IDLE0 c1=t566
12897 core=1 prio t574 2 r=0 y=1 c0=t574 c1=t566
12898 core=1 noop r=0 y=0 c0=t574 c1=t566
12899 core=1 take t566 r=1 y=0 c0=t574 c1=t566
12900 core=1 take t566 r=0 y=0 c0=t574 c1=t566
12901 core=1 resume t567 r=0 y=2 c0=t574 c1=t567
12902 core=1 delete 7 t565 r=0 y=0 c0=t574 c1=t567
12903 core=0 noop r=0 y=0 c0=t574 c1=t567
12904 core=1 noop r=0 y=0 c0=t574 c1=t567
12905 core=1 yield r=0 y=2 c0=t574 c1=t567
12906 core=1 noop r=0 y=0 c0=t574 c1=t567
12907 core=0 delay t574 4 r=0 y=1 c0=IDLE1 c1=t567
12908 core=0 suspend t562 r=0 y=0 c0=IDLE1 c1=t567
12909 core=0 noop r=0 y=0 c0=IDLE1 c1=t567
12910 core=0 prio t567 0 r=0 y=2 c0=IDLE1 c1=IDLE0
12911 core=1 prio t566 1 r=0 y=2 c0=IDLE1 c1=t566
12912 core=1 noop r=0 y=0 c0=IDLE1 c1=t566
12913 core=0 noop r=0 y=0 c0=IDLE1 c1=t566
12914 core=0 noop r=0 y=0 c0=IDLE1 c1=t566
12915 core=0 give_isr r=1 y=0 c0=IDLE1 c1=t566
12916 core=0 yield r=0 y=1 c0=t567 c1=t566
12917 core=0 create 9 t575 p0 r=1 y=0 c0=t567 c1=t566
12918 core=1 delete 8 t567 r=0 y=1 c0=IDLE0 c1=t566
12919 core=1 take t566 r=1 y=0 c0=IDLE0 c1=t566
12920 core=1 delay t566 4 r=0 y=2 c0=IDLE0 c1=IDLE1
12921 core=0 noop r=0 y=0 c0=IDLE0 c1=IDLE1
12922 core=0 give r=1 y=0 c0=IDLE0 c1=IDLE1
12923 core=0 tick r=1 y=3 c0=t575 c1=IDLE0
12924 core=0 take t575 r=1 y=0 c0=t575 c1=IDLE0
12925 core=0 noop r=0 y=0 c0=t575 c1=IDLE0
12926 core=0 delay t575 1 r=0 y=1 c0=IDLE1 c1=IDLE0
12927 core=0 noop r=0 y=0 c0=IDLE1 c1=IDLE0
12928 core=1 give r=1 y=0 c0=IDLE1 c1=IDLE0
12929 core=1 noop r=0 y=0 c0=IDLE1 c1=IDLE0
12930 core=1 noop r=0 y=0 c0=IDLE1 c1=IDLE0
12931 core=1 delete 1 t569 r=0 y=0 c0=IDLE1 c1=IDLE0
12932 core=1 prio t574 1 r=0 y=0 c0=IDLE1 c1=IDLE0
12933 core=0 noop r=0 y=0 c0=IDLE1 c1=IDLE0
12934 core=0 tick r=1 y=3 c0=t575 c1=IDLE1
12935 core=0 noop r=0 y=0 c0=t575 c1=IDLE1
12936 core=0 suspend t574 r=0 y=0 c0=t575 c1=IDLE1
12937 core=1 prio t574 0 r=0 y=0 c0=t575 c1=IDLE1
12938 core=0 prio t573 1 r=0 y=0 c0=t575 c1=IDLE1
12939 core=0 tick r=1 y=3 c0=IDLE0 c1=t575
12940 core=1 noop r=0 y=0 c0=IDLE0 c1=t575
12941 core=1 give r=0 y=0 c0=IDLE0 c1=t575
12942 core=1 yield r=0 y=2 c0=IDLE0 c1=IDLE1
12943 core=1 noop r=0 y=0 c0=IDLE0 c1=IDLE1
12944 core=0 yield r=0 y=1 c0=t575 c1=IDLE1
12945 core=0 give r=0 y=0 c0=t575 c1=IDLE1
12946 core=1 create 5 t576 p3 r=1 y=2 c0=t575 c1=t576
12947 core=0 noop r=0 y=0 c0=t575 c1=t576
12948 core=0 tick r=1 y=1 c0=t566 c1=t576
12949 core=1 take t576 r=1 y=0 c0=t566 c1=t576
12950 core=0 tick r=0 y=0 c0=t566 c1=t576
12951 core=0 give_isr r=1 y=0 c0=t566 c1=t576
12952 core=1 suspend t575 r=0 y=0 c0=t566 c1=t576
12953 core=1 resume t573 r=0 y=0 c0=t566 c1=t576
12954 core=0 tick r=1 y=1 c0=t573 c1=t576
12955 core=0 noop r=0 y=0 c0=t573 c1=t576
12956 core=1 give_isr r=0 y=0 c0=t573 c1=t576
12957 core=1 noop r=0 y=0 c0=t573 c1=t576
12958 core=1 noop r=0 y=0 c0=t573 c1=t576
12959 core=1 resume t576 r=0 y=0 c0=t573 c1=t576
12960 core=0 tick r=1 y=1 c0=t566 c1=t576
12961 core=0 delete 6 t566 r=0 y=1 c0=t573 c1=t576
12962 core=1 delay t576 2 r=0 y=2 c0=t573 c1=IDLE0
12963 core=0 noop r=0 y=0 c0=t573 c1=IDLE0
12964 core=0 noop r=0 y=0 c0=t573 c1=IDLE0
12965 core=0 noop r=0 y=0 c0=t573 c1=IDLE0
12966 core=0 take t573 r=1 y=0 c0=t573 c1=IDLE0
12967 core=1 suspend t574 r=0 y=0 c0=t573 c1=IDLE0
12968 core=0 delay t573 5 r=0 y=1 c0=IDLE1 c1=IDLE0
12969 core=1 noop r=0 y=0 c0=IDLE1 c1=IDLE0
12970 core=0 give r=1 y=0 c0=IDLE1 c1=IDLE0
12971 core=1 give r=0 y=0 c0=IDLE1 c1=IDLE0
12972 core=1 delete 3 t562 r=0 y=0 c0=IDLE1 c1=IDLE0
12973 core=0 give r=0 y=0 c0=IDLE1 c1=IDLE0
12974 core=0 noop r=0 y=0 c0=IDLE1 c1=IDLE0
12975 core=0 tick r=1 y=3 c0=IDLE1 c1=IDLE0
12976 core=0 give r=0 y=0 c0=IDLE1 c1=IDLE0
12977 core=1 noop r=0 y=0 c0=IDLE1 c1=IDLE0
12978 core=0 noop r=0 y=0 c0=IDLE1 c1=IDLE0
12979 core=0 noop r=0 y=0 c0=IDLE1 c1=IDLE0
12980 core=0 prio t573 1 r=0 y=0 c0=IDLE1 c1=IDLE0
12981 core=0 noop r=0 y=0 c0=IDLE1 c1=IDLE0
12982 core=1 noop r=0 y=0 c0=IDLE1 c1=IDLE0
12983 core=1 noop r=0 y=0 c0=IDLE1 c1=IDLE0
12984 core=0 delete 0 t574 r=0 y=0 c0=IDLE1 c1=IDLE0
12985 core=0 prio t573 0 r=0 y=0 c0=IDLE1 c1=IDLE0
12986 core=1 create 8 t577 p3 r=1 y=2 c0=IDLE1 c1=t577
12987 core=1 noop r=0 y=0 c0=IDLE1 c1=t577
12988 core=1 take t577 r=1 y=0 c0=IDLE1 c1=t577
12989 core=1 give r=1 y=0 c0=IDLE1 c1=t577
12990 core=1 noop r=0 y=0 c0=IDLE1 c1=t577
12991 core=0 create 3 t578 p1 r=1 y=1 c0=t578 c1=t577
12992 core=0 take t578 r=1 y=0 c0=t578 c1=t577
12993 core=1 suspend t578 r=0 y=1 c0=IDLE0 c1=t577
12994 core=1 yield r=0 y=2 c0=IDLE0 c1=t577
12995 core=1 noop r=0 y=0 c0=IDLE0 c1=t577
12996 core=0 noop r=0 y=0 c0=IDLE0 c1=t577
12997 core=0 give r=1 y=0 c0=IDLE0 c1=t577
12998 core=1 resume t575 r=0 y=1 c0=IDLE1 c1=t577
12999 core=1 noop r=0 y=0 c0=IDLE1 c1=t577
13000 core=1 give_isr r=0 y=0 c0=IDLE1 c1=t577
13001 core=0 prio t577 1 r=0 y=2 c0=IDLE1 c1=t577
13002 core=0 prio t573 0 r=0 y=0 c0=IDLE1 c1=t577
13003 core=0 tick r=1 y=1 c0=t576 c1=t577
13004 core=0 delay t576 5 r=0 y=1 c0=t575 c1=t577
13005 core=0 delete 5 t576 r=0 y=0 c0=t575 c1=t577
13006 core=0 create 0 t579 p0 r=1 y=0 c0=t575 c1=t577
13007 core=0 noop r=0 y=0 c0=t575 c1=t577
13008 core=1 give r=0 y=0 c0=t575 c1=t577
13009 core=0 noop r=0 y=0 c0=t575 c1=t577
13010 core=1 noop r=0 y=0 c0=t575 c1=t577
13011 core=0 create 6 t580 p2 r=1 y=1 c0=t580 c1=t577
13012 core=1 delete 8 t577 r=0 y=2 c0=t580 c1=IDLE0
13013 core=0 noop r=0 y=0 c0=t580 c1=IDLE0
13014 core=0 delete 6 t580 r=0 y=1 c0=IDLE1 c1=IDLE0
13015 core=0 yield r=0 y=1 c0=t579 c1=IDLE0
13016 core=0 noop r=0 y=0 c0=t579 c1=IDLE0
13017 core=1 noop r=0 y=0 c0=t579 c1=IDLE0
13018 core=1 noop r=0 y=0 c0=t579 c1=IDLE0
13019 core=1 noop r=0 y=0 c0=t579 c1=IDLE0
13020 core=1 noop r=0 y=0 c0=t579 c1=IDLE0
13021 core=1 noop r=0 y=0 c0=t579 c1=IDLE0
13022 core=0 resume t578 r=0 y=2 c0=t579 c1=t578
13023 core=0 noop r=0 y=0 c0=t579 c1=t578
13024 core=1 noop r=0 y=0 c0=t579 c1=t578
13025 core=1 noop r=0 y=0 c0=t579 c1=t578
13026 core=0 noop r=0 y=0 c0=t579 c1=t578
13027 core=1 delete 0 t579 r=0 y=1 c0=t575 c1=t578
13028 core=0 noop r=0 y=0 c0=t575 c1=t578
13029 core=1 delete 2 t573 r=0 y=0 c0=t575 c1=t578
13030 core=1 give_isr r=0 y=0 c0=t575 c1=t578
13031 core=0 yield r=0 y=1 c0=IDLE1 c1=t578
13032 core=0 noop r=0 y=0 c0=IDLE1 c1=t578
13033 core=1 noop r=0 y=0 c0=IDLE1 c1=t578
13034 core=1 give_isr r=0 y=0 c0=IDLE1 c1=t578
13035 core=0 noop r=0 y=0 c0=IDLE1 c1=t578
13036 core=0 tick r=1 y=1 c0=IDLE0 c1=t578
13037 core=0 noop r=0 y=0 c0=IDLE0 c1=t578
13038 core=0 create 6 t581 p0 r=1 y=1 c0=t575 c1=t578
13039 core=0 give_isr r=0 y=0 c0=t575 c1=t578
13040 core=1 give r=0 y=0 c0=t575 c1=t578
13041 core=1 suspend t581 r=0 y=0 c0=t575 c1=t578
13042 core=1 prio t575 1 r=0 y=0 c0=t575 c1=t578
13043 core=1 suspend t581 r=0 y=0 c0=t575 c1=t578
13044 core=1 noop r=0 y=0 c0=t575 c1=t578
13045 core=1 delay t578 5 r=0 y=2 c0=t575 c1=IDLE1
13046 core=0 create 0 t582 p1 r=1 y=2 c0=t575 c1=t582
13047 core=0 give r=0 y=0 c0=t575 c1=t582
13048 core=0 give r=0 y=0 c0=t575 c1=t582
13049 core=0 take t575 r=1 y=0 c0=t575 c1=t582
13050 core=0 noop r=0 y=0 c0=t575 c1=t582
13051 core=1 prio t581 0 r=0 y=0 c0=t575 c1=t582
13052 core=1 give_isr r=1 y=0 c0=t575 c1=t582
13053 core=0 create 8 t583 p3 r=1 y=2 c0=t575 c1=t583
13054 core=0 noop r=0 y=0 c0=t575 c1=t583
13055 core=0 noop r=0 y=0 c0=t575 c1=t583
13056 core=0 take t575 r=1 y=0 c0=t575 c1=t583
13057 core=0 tick r=1 y=1 c0=t582 c1=t583
13058 core=1 delay t583 5 r=0 y=2 c0=t582 c1=t575
13059 core=0 delay t582 3 r=0 y=1 c0=IDLE0 c1=t575
13060 core=0 resume t582 r=0 y=0 c0=IDLE0 c1=t575
13061 core=1 give r=1 y=0 c0=IDLE0 c1=t575
13062 core=0 noop r=0 y=0 c0=IDLE0 c1=t575
13063 core=0 resume t582 r=0 y=0 c0=IDLE0 c1=t575
13064 core=1 suspend t581 r=0 y=0 c0=IDLE0 c1=t575
13065 core=0 noop r=0 y=0 c0=IDLE0 c1=t575
13066 core=1 give r=0 y=0 c0=IDLE0 c1=t575
13067 core=1 noop r=0 y=0 c0=IDLE0 c1=t575
13068 core=0 resume t582 r=0 y=0 c0=IDLE0 c1=t575
13069 core=1 give_isr r=0 y=0 c0=IDLE0 c1=t575
13070 core=0 noop r=0 y=0 c0=IDLE0 c1=t575
13071 core=1 take t575 r=1 y=0 c0=IDLE0 c1=t575
13072 core=0 give r=1 y=0 c0=IDLE0 c1=t575
13073 core=1 noop r=0 y=0 c0=IDLE0 c1=t575
13074 core=0 noop r=0 y=0 c0=IDLE0 c1=t575
13075 core=0 delete 9 t575 r=0 y=2 c0=IDLE0 c1=IDLE1
13076 core=0 give r=0 y=0 c0=IDLE0 c1=IDLE1
13077 core=0 noop r=0 y=0 c0=IDLE0 c1=IDLE1
13078 core=1 yield r=0 y=2 c0=IDLE0 c1=IDLE1
13079 core=0 suspend t581 r=0 y=0 c0=IDLE0 c1=IDLE1
13080 core=0 give_isr r=0 y=0 c0=IDLE0 c1=IDLE1
13081 core=1 create 5 t584 p1 r=1 y=2 c0=IDLE0 c1=t584
13082 core=0 delete 6 t581 r=0 y=0 c0=IDLE0 c1=t584
13083 core=1 suspend t583 r=0 y=0 c0=IDLE0 c1=t584
13084 core=0 give r=0 y=0 c0=IDLE0 c1=t584
13085 core=1 delay t584 1 r=0 y=2 c0=IDLE0 c1=IDLE1
13086 core=0 tick r=1 y=3 c0=t584 c1=IDLE0
13087 core=0 noop r=0 y=0 c0=t584 c1=IDLE0
13088 core=0 give_isr r=0 y=0 c0=t584 c1=IDLE0
13089 core=0 noop r=0 y=0 c0=t584 c1=IDLE0
13090 core=1 noop r=0 y=0 c0=t584 c1=IDLE0
13091 core=0 give_isr r=0 y=0 c0=t584 c1=IDLE0
13092 core=0 give r=0 y=0 c0=t584 c1=IDLE0
13093 core=0 noop r=0 y=0 c0=t584 c1=IDLE0
13094 core=1 give r=0 y=0 c0=t584 c1=IDLE0
13095 core=0 suspend t584 r=0 y=1 c0=IDLE1 c1=IDLE0
13096 core=0 noop r=0 y=0 c0=IDLE1 c1=IDLE0
13097 core=0 delete 5 t584 r=0 y=0 c0=IDLE1 c1=IDLE0
13098 core=1 create 2 t585 p3 r=1 y=2 c0=IDLE1 c1=t585
13099 core=1 give r=0 y=0 c0=IDLE1 c1=t585
13100 core=1 noop r=0 y=0 c0=IDLE1 c1=t585
13101 core=1 delay t585 2 r=0 y=2 c0=IDLE1 c1=IDLE0
13102 core=0 noop r=0 y=0 c0=IDLE1 c1=IDLE0
13103 core=0 tick r=1 y=3 c0=IDLE1 c1=IDLE0
13104 core=0 create 6 t586 p2 r=1 y=2 c0=IDLE1 c1=t586
13105 core=1 create 7 t587 p2 r=1 y=1 c0=t587 c1=t586
13106 core=0 delay t587 3 r=0 y=1 c0=IDLE0 c1=t586
13107 core=1 take t586 r=1 y=0 c0=IDLE0 c1=t586
13108 core=1 noop r=0 y=0 c0=IDLE0 c1=t586
13109 core=0 give r=1 y=0 c0=IDLE0 c1=t586
13110 core=1 prio t585 2 r=0 y=0 c0=IDLE0 c1=t586
13111 core=1 noop r=0 y=0 c0=IDLE0 c1=t586
13112 core=0 suspend t585 r=0 y=0 c0=IDLE0 c1=t586
13113 core=0 noop r=0 y=0 c0=IDLE0 c1=t586
13114 core=1 give_isr r=0 y=0 c0=IDLE0 c1=t586
13115 core=0 give_isr r=0 y=0 c0=IDLE0 c1=t586
13116 core=1 give_isr r=0 y=0 c0=IDLE0 c1=t586
13117 core=1 delete 0 t582 r=0 y=0 c0=IDLE0 c1=t586
13118 core=1 delay t586 5 r=0 y=2 c0=IDLE0 c1=IDLE1
13119 core=0 noop r=0 y=0 c0=IDLE0 c1=IDLE1
13120 core=0 noop r=0 y=0 c0=IDLE0 c1=IDLE1
13121 core=0 noop r=0 y=0 c0=IDLE0 c1=IDLE1
13122 core=1 create 5 t588 p3 r=1 y=2 c0=IDLE0 c1=t588
13123 core=1 noop r=0 y=0 c0=IDLE0 c1=t588
13124 core=1 noop r=0 y=0 c0=IDLE0 c1=t588
13125 core=0 give_isr r=0 y=0 c0=IDLE0 c1=t588
13126 core=1 noop r=0 y=0 c0=IDLE0 c1=t588
13127 core=0 yield r=0 y=1 c0=IDLE1 c1=t588
13128 core=0 noop r=0 y=0 c0=IDLE1 c1=t588
13129 core=0 tick r=1 y=1 c0=IDLE0 c1=t588
13130 core=1 take t588 r=1 y=0 c0=IDLE0 c1=t588
13131 core=1 delay t588 5 r=0 y=2 c0=IDLE0 c1=IDLE1
13132 core=0 noop r=0 y=0 c0=IDLE0 c1=IDLE1
13133 core=0 delete 8 t583 r=0 y=0 c0=IDLE0 c1=IDLE1
13134 core=0 delete 6 t586 r=0 y=0 c0=IDLE0 c1=IDLE1
13135 core=1 noop r=0 y=0 c0=IDLE0 c1=IDLE1
13136 core=1 give r=1 y=0 c0=IDLE0 c1=IDLE1
13137 core=1 suspend t578 r=0 y=0 c0=IDLE0 c1=IDLE1
13138 core=1 resume t585 r=0 y=2 c0=IDLE0 c1=t585
13139 core=1 give_isr r=0 y=0 c0=IDLE0 c1=t585
13140 core=1 noop r=0 y=0 c0=IDLE0 c1=t585
13141 core=0 noop r=0 y=0 c0=IDLE0 c1=t585
13142 core=0 give r=0 y=0 c0=IDLE0 c1=t585
13143 core=0 suspend t585 r=0 y=2 c0=IDLE0 c1=IDLE1
13144 core=1 noop r=0 y=0 c0=IDLE0 c1=IDLE1
13145 core=0 tick r=1 y=3 c0=IDLE0 c1=IDLE1
13146 core=1 noop r=0 y=0 c0=IDLE0 c1=IDLE1
13147 core=1 noop r=0 y=0 c0=IDLE0 c1=IDLE1
13148 core=1 noop r=0 y=0 c0=IDLE0 c1=IDLE1
13149 core=0 tick r=1 y=3 c0=t587 c1=IDLE0
13150 core=1 noop r=0 y=0 c0=t587 c1=IDLE0
13151 core=1 give_isr r=0 y=0 c0=t587 c1=IDLE0
13152 core=1 delete 7 t587 r=0 y=1 c0=IDLE1 c1=IDLE0
13153 core=0 resume t585 r=0 y=2 c0=IDLE1 c1=t585
13154 core=0 give_isr r=0 y=0 c0=IDLE1 c1=t585
13155 core=0 prio t578 1 r=0 y=0 c0=IDLE1 c1=t585
13156 core=0 noop r=0 y=0 c0=IDLE1 c1=t585
13157 core=0 give_isr r=0 y=0 c0=IDLE1 c1=t585
13158 core=1 noop r=0 y=0 c0=IDLE1 c1=t585
13159 core=0 tick r=1 y=1 c0=IDLE0 c1=t585
13160 core=1 noop r=0 y=0 c0=IDLE0 c1=t585
13161 core=0 noop r=0 y=0 c0=IDLE0 c1=t585
13162 core=1 noop r=0 y=0 c0=IDLE0 c1=t585
13163 core=0 tick r=1 y=1 c0=IDLE1 c1=t585
13164 core=0 noop r=0 y=0 c0=IDLE1 c1=t585
13165 core=0 noop r=0 y=0 c0=IDLE1 c1=t585
13166 core=0 give r=0 y=0 c0=IDLE1 c1=t585
13167 core=0 noop r=0 y=0 c0=IDLE1 c1=t585
13168 core=0 tick r=1 y=1 c0=t588 c1=t585
13169 core=0 tick r=0 y=0 c0=t588 c1=t585
13170 core=1 give r=0 y=0 c0=t588 c1=t585
13171 core=1 create 9 t589 p2 r=1 y=0 c0=t588 c1=t585
13172 core=0 give r=0 y=0 c0=t588 c1=t585
13173 core=1 give r=0 y=0 c0=t588 c1=t585
13174 core=1 delete 2 t585 r=0 y=2 c0=t588 c1=t589
13175 core=1 give r=0 y=0 c0=t588 c1=t589
13176 core=1 noop r=0 y=0 c0=t588 c1=t589
13177 core=1 delay t589 1 r=0 y=2 c0=t588 c1=IDLE0
13178 core=0 delay t588 4 r=0 y=1 c0=IDLE1 c1=IDLE0
13179 core=0 give r=0 y=0 c0=IDLE1 c1=IDLE0
13180 core=0 noop r=0 y=0 c0=IDLE1 c1=IDLE0
13181 core=0 give r=0 y=0 c0=IDLE1 c1=IDLE0
13182 core=0 noop r=0 y=0 c0=IDLE1 c1=IDLE0
13183 core=1 noop r=0 y=0 c0=IDLE1 c1=IDLE0
13184 core=0 noop r=0 y=0 c0=IDLE1 c1=IDLE0
13185 core=1 suspend t589 r=0 y=0 c0=IDLE1 c1=IDLE0
13186 core=1 noop r=0 y=0 c0=IDLE1 c1=IDLE0
13187 core=0 tick r=1 y=3 c0=IDLE1 c1=IDLE0
13188 core=0 noop r=0 y=0 c0=IDLE1 c1=IDLE0
13189 core=0 create 2 t590 p0 r=1 y=2 c0=IDLE1 c1=t590
13190 core=1 yield r=0 y=2 c0=IDLE1 c1=IDLE0
13191 core=0 noop r=0 y=0 c0=IDLE1 c1=IDLE0
13192 core=1 noop r=0 y=0 c0=IDLE1 c1=IDLE0
13193 core=0 tick r=1 y=3 c0=t590 c1=IDLE1
13194 core=1 delete 2 t590 r=0 y=1 c0=IDLE0 c1=IDLE1
13195 core=0 noop r=0 y=0 c0=IDLE0 c1=IDLE1
13196 core=0 noop r=0 y=0 c0=IDLE0 c1=IDLE1
13197 core=1 noop r=0 y=0 c0=IDLE0 c1=IDLE1
13198 core=0 noop r=0 y=0 c0=IDLE0 c1=IDLE1
13199 core=0 give r=0 y=0 c0=IDLE0 c1=IDLE1
13200 core=1 yield r=0 y=2 c0=IDLE0 c1=IDLE1
13201 core=1 noop r=0 y=0 c0=IDLE0 c1=IDLE1
13202 core=0 noop r=0 y=0 c0=IDLE0 c1=IDLE1
13203 core=0 noop r=0 y=0 c0=IDLE0 c1=IDLE1
13204 core=0 noop r=0 y=0 c0=IDLE0 c1=IDLE1
13205 core=1 noop r=0 y=0 c0=IDLE0 c1=IDLE1
13206 core=1 noop r=0 y=0 c0=IDLE0 c1=IDLE1
13207 core=0 tick r=1 y=3 c0=IDLE0 c1=IDLE1
13208 core=0 create 6 t591 p1 r=1 y=2 c0=IDLE0 c1=t591
13209 core=0 prio t588 2 r=0 y=0 c0=IDLE0 c1=t591
13210 core=1 noop r=0 y=0 c0=IDLE0 c1=t591
13211 core=1 delay t591 2 r=0 y=2 c0=IDLE0 c1=IDLE1
13212 core=1 give r=0 y=0 c0=IDLE0 c1=IDLE1
13213 core=1 give_isr r=0 y=0 c0=IDLE0 c1=IDLE1
13214 core=1 noop r=0 y=0 c0=IDLE0 c1=IDLE1
13215 core=1 give r=0 y=0 c0=IDLE0 c1=IDLE1
13216 core=0 give_isr r=0 y=0 c0=IDLE0 c1=IDLE1
13217 core=1 give r=0 y=0 c0=IDLE0 c1=IDLE1
13218 core=1 noop r=0 y=0 c0=IDLE0 c1=IDLE1
13219 core=1 noop r=0 y=0 c0=IDLE0 c1=IDLE1
13220 core=1 noop r=0 y=0 c0=IDLE0 c1=IDLE1
13221 core=1 noop r=0 y=0 c0=IDLE0 c1=IDLE1
13222 core=1 noop r=0 y=0 c0=IDLE0 c1=IDLE1
13223 core=1 noop r=0 y=0 c0=IDLE0 c1=IDLE1
13224 core=0 resume t588 r=0 y=0 c0=IDLE0 c1=IDLE1
13225 core=1 give r=0 y=0 c0=IDLE0 c1=IDLE1
13226 core=1 give_isr r=0 y=0 c0=IDLE0 c1=IDLE1
13227 core=0 tick r=1 y=3 c0=t588 c1=IDLE0
13228 core=1 suspend t589 r=0 y=0 c0=t588 c1=IDLE0
13229 core=0 tick r=0 y=2 c0=t588 c1=t591
13230 core=1 resume t589 r=0 y=2 c0=t588 c1=t589
13231 core=1 prio t589 3 r=0 y=0 c0=t588 c1=t589
13232 core=1 noop r=0 y=0 c0=t588 c1=t589
13233 core=1 noop r=0 y=0 c0=t588 c1=t589
13234 core=1 noop r=0 y=0 c0=t588 c1=t589
13235 core=1 noop r=0 y=0 c0=t588 c1=t589
13236 core=0 prio t589 2 r=0 y=2 c0=t588 c1=t589
13237 core=1 noop r=0 y=0 c0=t588 c1=t589
13238 core=0 noop r=0 y=0 c0=t588 c1=t589
13239 core=1 noop r=0 y=0 c0=t588 c1=t589
13240 core=1 take t589 r=1 y=0 c0=t588 c1=t589
13241 core=0 give r=1 y=0 c0=t588 c1=t589
13242 core=0 create 0 t592 p3 r=1 y=2 c0=t588 c1=t592
13243 core=1 give_isr r=0 y=0 c0=t588 c1=t592
13244 core=0 delay t588 5 r=0 y=1 c0=t589 c1=t592
13245 core=1 resume t592 r=0 y=0 c0=t589 c1=t592
13246 core=1 noop r=0 y=0 c0=t589 c1=t592
13247 core=1 take t592 r=1 y=0 c0=t589 c1=t592
13248 core=0 tick r=0 y=0 c0=t589 c1=t592
13249 core=0 noop r=0 y=0 c0=t589 c1=t592
13250 core=0 delete 0 t592 r=0 y=2 c0=t589 c1=t591
13251 core=0 give_isr r=1 y=0 c0=t589 c1=t591
13252 core=1 delay t591 5 r=0 y=2 c0=t589 c1=IDLE1
13253 core=1 noop r=0 y=0 c0=t589 c1=IDLE1
13254 core=1 delete 6 t591 r=0 y=0 c0=t589 c1=IDLE1
13255 core=0 tick r=0 y=2 c0=t589 c1=IDLE0
13256 core=1 prio t578 0 r=0 y=0 c0=t589 c1=IDLE0
13257 core=0 give_isr r=0 y=0 c0=t589 c1=IDLE0
13258 core=0 tick r=0 y=2 c0=t589 c1=IDLE1
13259 core=0 noop r=0 y=0 c0=t589 c1=IDLE1
13260 core=1 prio t588 2 r=0 y=0 c0=t589 c1=IDLE1
13261 core=0 delete 5 t588 r=0 y=0 c0=t589 c1=IDLE1
13262 core=0 noop r=0 y=0 c0=t589 c1=IDLE1
13263 core=0 create 2 t593 p3 r=1 y=2 c0=t589 c1=t593
13264 core=1 delay t593 3 r=0 y=2 c0=t589 c1=IDLE0
13265 core=0 noop r=0 y=0 c0=t589 c1=IDLE0
13266 core=1 noop r=0 y=0 c0=t589 c1=IDLE0
13267 core=0 noop r=0 y=0 c0=t589 c1=IDLE0
13268 core=1 noop r=0 y=0 c0=t589 c1=IDLE0
13269 core=1 noop r=0 y=0 c0=t589 c1=IDLE0
13270 core=1 create 8 t594 p0 r=1 y=2 c0=t589 c1=IDLE1
13271 core=0 give r=0 y=0 c0=t589 c1=IDLE1
13272 core=1 yield r=0 y=2 c0=t589 c1=t594
13273 core=0 create 7 t595 p2 r=1 y=2 c0=t589 c1=t595
13274 core=0 create 5 t596 p0 r=1 y=0 c0=t589 c1=t595
13275 core=0 noop r=0 y=0 c0=t589 c1=t595
13276 core=0 delete 2 t593 r=0 y=0 c0=t589 c1=t595
13277 core=0 tick r=1 y=3 c0=t589 c1=t595
13278 core=0 create 0 t597 p0 r=1 y=0 c0=t589 c1=t595
13279 core=0 prio t597 0 r=0 y=0 c0=t589 c1=t595
13280 core=0 give_isr r=0 y=0 c0=t589 c1=t595
13281 core=0 noop r=0 y=0 c0=t589 c1=t595
13282 core=1 take t595 r=1 y=0 c0=t589 c1=t595
13283 core=0 give r=1 y=0 c0=t589 c1=t595
13284 core=1 resume t578 r=0 y=0 c0=t589 c1=t595
13285 core=0 noop r=0 y=0 c0=t589 c1=t595
13286 core=1 noop r=0 y=0 c0=t589 c1=t595
13287 core=1 resume t589 r=0 y=0 c0=t589 c1=t595
13288 core=1 noop r=0 y=0 c0=t589 c1=t595
13289 core=1 prio t578 3 r=0 y=2 c0=t589 c1=t578
13290 core=1 take t578 r=1 y=0 c0=t589 c1=t578
13291 core=0 tick r=1 y=1 c0=t595 c1=t578
13292 core=0 give_isr r=1 y=0 c0=t595 c1=t578
13293 core=0 delete 5 t596 r=0 y=0 c0=t595 c1=t578
13294 core=1 delay t578 5 r=0 y=2 c0=t595 c1=t589
13295 core=1 take t589 r=1 y=0 c0=t595 c1=t589
13296 core=0 give r=1 y=0 c0=t595 c1=t589
13297 core=1 resume t594 r=0 y=0 c0=t595 c1=t589
13298 core=1 yield r=0 y=2 c0=t595 c1=t589
13299 core=0 tick r=1 y=3 c0=t595 c1=t589
13300 core=1 delay t589 1 r=0 y=2 c0=t595 c1=IDLE0
13301 core=1 prio t595 2 r=0 y=0 c0=t595 c1=IDLE0
13302 core=0 noop r=0 y=0 c0=t595 c1=IDLE0
13303 core=1 noop r=0 y=0 c0=t595 c1=IDLE0
13304 core=0 tick r=1 y=3 c0=t589 c1=t595
13305 core=1 take t595 r=1 y=0 c0=t589 c1=t595
13306 core=0 give r=1 y=0 c0=t589 c1=t595
13307 core=1 noop r=0 y=0 c0=t589 c1=t595
13308 core=1 noop r=0 y=0 c0=t589 c1=t595
13309 core=0 noop r=0 y=0 c0=t589 c1=t595
13310 core=0 prio t597 1 r=0 y=0 c0=t589 c1=t595
13311 core=0 give_isr r=0 y=0 c0=t589 c1=t595
13312 core=1 give r=0 y=0 c0=t589 c1=t595
13313 core=1 give r=0 y=0 c0=t589 c1=t595
13314 core=1 give r=0 y=0 c0=t589 c1=t595
13315 core=1 noop r=0 y=0 c0=t589 c1=t595
13316 core=0 suspend t594 r=0 y=0 c0=t589 c1=t595
13317 core=0 delete 3 t578 r=0 y=0 c0=t589 c1=t595
13318 core=0 give_isr r=0 y=0 c0=t589 c1=t595
13319 core=0 noop r=0 y=0 c0=t589 c1=t595
13320 core=1 create 4 t598 p0 r=1 y=0 c0=t589 c1=t595
13321 core=1 prio t594 1 r=0 y=0 c0=t589 c1=t595
13322 core=0 noop r=0 y=0 c0=t589 c1=t595
13323 core=0 tick r=1 y=3 c0=t589 c1=t595
13324 core=1 resume t597 r=0 y=0 c0=t589 c1=t595
13325 core=0 tick r=1 y=3 c0=t589 c1=t595
13326 core=0 noop r=0 y=0 c0=t589 c1=t595
13327 core=1 give_isr r=0 y=0 c0=t589 c1=t595
13328 core=0 create 3 t599 p2 r=1 y=0 c0=t589 c1=t595
13329 core=1 suspend t599 r=0 y=0 c0=t589 c1=t595
13330 core=0 tick r=1 y=3 c0=t589 c1=t595
13331 core=0 delete 9 t589 r=0 y=1 c0=t597 c1=t595
13332 core=0 tick r=0 y=0 c0=t597 c1=t595
13333 core=1 suspend t599 r=0 y=0 c0=t597 c1=t595
13334 core=0 resume t598 r=0 y=0 c0=t597 c1=t595
13335 core=0 give_isr r=0 y=0 c0=t597 c1=t595
13336 core=1 noop r=0 y=0 c0=t597 c1=t595
13337 core=1 suspend t599 r=0 y=0 c0=t597 c1=t595
13338 core=1 prio t597 3 r=0 y=0 c0=t597 c1=t595
13339 core=1 take t595 r=1 y=0 c0=t597 c1=t595
13340 core=1 noop r=0 y=0 c0=t597 c1=t595
13341 core=1 take t595 r=0 y=0 c0=t597 c1=t595
13342 core=1 resume t595 r=0 y=0 c0=t597 c1=t595
13343 core=1 noop r=0 y=0 c0=t597 c1=t595
13344 core=0 noop r=0 y=0 c0=t597 c1=t595
13345 core=0 noop r=0 y=0 c0=t597 c1=t595
13346 core=0 noop r=0 y=0 c0=t597 c1=t595
13347 core=1 take t595 r=0 y=0 c0=t597 c1=t595
13348 core=1 noop r=0 y=0 c0=t597 c1=t595
13349 core=1 take t595 r=0 y=0 c0=t597 c1=t595
13350 core=0 noop r=0 y=0 c0=t597 c1=t595
13351 core=0 resume t598 r=0 y=0 c0=t597 c1=t595
13352 core=1 noop r=0 y=0 c0=t597 c1=t595
13353 core=0 delay t597 3 r=0 y=1 c0=IDLE1 c1=t595
13354 core=1 give_isr r=1 y=0 c0=IDLE1 c1=t595
13355 core=1 create 1 t600 p1 r=1 y=1 c0=t600 c1=t595
13356 core=0 tick r=0 y=0 c0=t600 c1=t595
13357 core=0 take t600 r=1 y=0 c0=t600 c1=t595
13358 core=1 give_isr r=1 y=0 c0=t600 c1=t595
13359 core=1 suspend t594 r=0 y=0 c0=t600 c1=t595
13360 core=0 tick r=0 y=0 c0=t600 c1=t595
13361 core=0 create 2 t601 p3 r=1 y=1 c0=t601 c1=t595
13362 core=1 give r=0 y=0 c0=t601 c1=t595
13363 core=1 give r=0 y=0 c0=t601 c1=t595
13364 core=0 tick r=1 y=3 c0=t597 c1=t601
13365 core=1 noop r=0 y=0 c0=t597 c1=t601
13366 core=1 delete 0 t597 r=0 y=1 c0=t595 c1=t601
13367 core=0 give r=0 y=0 c0=t595 c1=t601
13368 core=1 give_isr r=0 y=0 c0=t595 c1=t601
13369 core=1 noop r=0 y=0 c0=t595 c1=t601
13370 core=1 noop r=0 y=0 c0=t595 c1=t601
13371 core=0 suspend t601 r=0 y=2 c0=t595 c1=t600
13372 core=0 noop r=0 y=0 c0=t595 c1=t600
13373 core=1 create 5 t602 p1 r=1 y=0 c0=t595 c1=t600
13374 core=0 take t595 r=1 y=0 c0=t595 c1=t600
13375 core=0 suspend t601 r=0 y=0 c0=t595 c1=t600
13376 core=1 noop r=0 y=0 c0=t595 c1=t600
13377 core=0 suspend t598 r=0 y=0 c0=t595 c1=t600
13378 core=1 give r=1 y=0 c0=t595 c1=t600
13379 core=0 take t595 r=1 y=0 c0=t595 c1=t600
13380 core=0 noop r=0 y=0 c0=t595 c1=t600
13381 core=0 give_isr r=1 y=0 c0=t595 c1=t600
13382 core=0 delay t595 2 r=0 y=1 c0=t602 c1=t600
13383 core=1 delete 1 t600 r=0 y=2 c0=t602 c1=IDLE0
13384 core=0 take t602 r=1 y=0 c0=t602 c1=IDLE0
13385 core=1 resume t598 r=0 y=2 c0=t602 c1=IDLE1
13386 core=1 resume t602 r=0 y=0 c0=t602 c1=IDLE1
13387 core=0 tick r=0 y=2 c0=t602 c1=t598
13388 core=0 resume t599 r=0 y=2 c0=t602 c1=t599
13389 core=0 noop r=0 y=0 c0=t602 c1=t599
13390 core=0 noop r=0 y=0 c0=t602 c1=t599
13391 core=0 give_isr r=1 y=0 c0=t602 c1=t599
13392 core=1 take t599 r=1 y=0 c0=t602 c1=t599
13393 core=0 tick r=1 y=3 c0=t595 c1=t599
13394 core=0 noop r=0 y=0 c0=t595 c1=t599
13395 core=0 take t595 r=0 y=0 c0=t595 c1=t599
13396 core=1 give_isr r=1 y=0 c0=t595 c1=t599
13397 core=0 create 6 t603 p0 r=1 y=0 c0=t595 c1=t599
13398 core=0 tick r=1 y=3 c0=t595 c1=t599
13399 core=1 delete 8 t594 r=0 y=0 c0=t595 c1=t599
13400 core=1 take t599 r=1 y=0 c0=t595 c1=t599
13401 core=1 suspend t595 r=0 y=1 c0=t602 c1=t599
13402 core=0 noop r=0 y=0 c0=t602 c1=t599
13403 core=1 suspend t595 r=0 y=0 c0=t602 c1=t599
13404 core=1 give r=1 y=0 c0=t602 c1=t599
13405 core=0 noop r=0 y=0 c0=t602 c1=t599
13406 core=1 noop r=0 y=0 c0=t602 c1=t599
13407 core=1 take t599 r=1 y=0 c0=t602 c1=t599
13408 core=0 resume t602 r=0 y=0 c0=t602 c1=t599
13409 core=1 noop r=0 y=0 c0=t602 c1=t599
13410 core=1 noop r=0 y=0 c0=t602 c1=t599
13411 core=0 prio t599 1 r=0 y=2 c0=t602 c1=t599
13412 core=1 give r=1 y=0 c0=t602 c1=t599
13413 core=0 tick r=1 y=3 c0=t602 c1=t599
13414 core=1 give r=0 y=0 c0=t602 c1=t599
13415 core=1 suspend t599 r=0 y=2 c0=t602 c1=IDLE0
13416 core=0 noop r=0 y=0 c0=t602 c1=IDLE0
13417 core=0 delay t602 4 r=0 y=1 c0=IDLE1 c1=IDLE0
13418 core=0 give r=0 y=0 c0=IDLE1 c1=IDLE0
13419 core=1 delete 3 t599 r=0 y=0 c0=IDLE1 c1=IDLE0
13420 core=0 noop r=0 y=0 c0=IDLE1 c1=IDLE0
13421 core=1 suspend t598 r=0 y=0 c0=IDLE1 c1=IDLE0
13422 core=0 noop r=0 y=0 c0=IDLE1 c1=IDLE0
13423 core=1 prio t603 3 r=0 y=2 c0=IDLE1 c1=t603
13424 core=0 prio t595 2 r=0 y=0 c0=IDLE1 c1=t603
13425 core=0 noop r=0 y=0 c0=IDLE1 c1=t603
13426 core=0 noop r=0 y=0 c0=IDLE1 c1=t603
13427 core=1 noop r=0 y=0 c0=IDLE1 c1=t603
13428 core=0 prio t595 3 r=0 y=0 c0=IDLE1 c1=t603
13429 core=1 take t603 r=1 y=0 c0=IDLE1 c1=t603
13430 core=0 noop r=0 y=0 c0=IDLE1 c1=t603
13431 core=1 give_isr r=1 y=0 c0=IDLE1 c1=t603
13432 core=1 noop r=0 y=0 c0=IDLE1 c1=t603
13433 core=0 noop r=0 y=0 c0=IDLE1 c1=t603
13434 core=1 give r=0 y=0 c0=IDLE1 c1=t603
13435 core=1 delay t603 4 r=0 y=2 c0=IDLE1 c1=IDLE0
13436 core=1 noop r=0 y=0 c0=IDLE1 c1=IDLE0
13437 core=1 suspend t602 r=0 y=0 c0=IDLE1 c1=IDLE0
13438 core=0 noop r=0 y=0 c0=IDLE1 c1=IDLE0
13439 core=1 give_isr r=0 y=0 c0=IDLE1 c1=IDLE0
13440 core=0 prio t598 2 r=0 y=0 c0=IDLE1 c1=IDLE0
13441 core=1 noop r=0 y=0 c0=IDLE1 c1=IDLE0
13442 core=1 give r=0 y=0 c0=IDLE1 c1=IDLE0
13443 core=1 noop r=0 y=0 c0=IDLE1 c1=IDLE0
13444 core=0 noop r=0 y=0 c0=IDLE1 c1=IDLE0
13445 core=1 noop r=0 y=0 c0=IDLE1 c1=IDLE0
13446 core=1 noop r=0 y=0 c0=IDLE1 c1=IDLE0
13447 core=1 noop r=0 y=0 c0=IDLE1 c1=IDLE0
13448 core=1 suspend t598 r=0 y=0 c0=IDLE1 c1=IDLE0
13449 core=1 noop r=0 y=0 c0=IDLE1 c1=IDLE0
13450 core=0 prio t603 1 r=0 y=0 c0=IDLE1 c1=IDLE0
13451 core=1 prio t598 0 r=0 y=0 c0=IDLE1 c1=IDLE0
13452 core=0 suspend t603 r=0 y=0 c0=IDLE1 c1=IDLE0
13453 core=1 noop r=0 y=0 c0=IDLE1 c1=IDLE0
13454 core=1 give_isr r=0 y=0 c0=IDLE1 c1=IDLE0
13455 core=1 suspend t595 r=0 y=0 c0=IDLE1 c1=IDLE0
13456 core=1 noop r=0 y=0 c0=IDLE1 c1=IDLE0
13457 core=1 noop r=0 y=0 c0=IDLE1 c1=IDLE0
13458 core=1 noop r=0 y=0 c0=IDLE1 c1=IDLE0
13459 core=0 prio t598 2 r=0 y=0 c0=IDLE1 c1=IDLE0
13460 core=1 noop r=0 y=0 c0=IDLE1 c1=IDLE0
13461 core=1 delete 2 t601 r=0 y=0 c0=IDLE1 c1=IDLE0
13462 core=0 tick r=1 y=3 c0=IDLE1 c1=IDLE0
13463 core=1 noop r=0 y=0 c0=IDLE1 c1=IDLE0
13464 core=1 yield r=0 y=2 c0=IDLE1 c1=IDLE0
13465 core=1 prio t598 3 r=0 y=0 c0=IDLE1 c1=IDLE0
13466 core=0 noop r=0 y=0 c0=IDLE1 c1=IDLE0
13467 core=1 suspend t602 r=0 y=0 c0=IDLE1 c1=IDLE0
13468 core=0 tick r=1 y=3 c0=IDLE1 c1=IDLE0
13469 core=1 noop r=0 y=0 c0=IDLE1 c1=IDLE0
13470 core=0 tick r=1 y=3 c0=IDLE1 c1=IDLE0
13471 core=1 create 2 t604 p1 r=1 y=2 c0=IDLE1 c1=t604
13472 core=0 give r=0 y=0 c0=IDLE1 c1=t604
13473 core=0 create 0 t605 p0 r=1 y=1 c0=IDLE0 c1=t604
13474 core=1 resume t604 r=0 y=0 c0=IDLE0 c1=t604
13475 core=1 noop r=0 y=0 c0=IDLE0 c1=t604
13476 core=1 noop r=0 y=0 c0=IDLE0 c1=t604
13477 core=0 prio t598 2 r=0 y=0 c0=IDLE0 c1=t604
13478 core=0 noop r=0 y=0 c0=IDLE0 c1=t604
13479 core=1 noop r=0 y=0 c0=IDLE0 c1=t604
13480 core=1 give r=0 y=0 c0=IDLE0 c1=t604
13481 core=0 noop r=0 y=0 c0=IDLE0 c1=t604
13482 core=1 noop r=0 y=0 c0=IDLE0 c1=t604
13483 core=1 delete 4 t598 r=0 y=0 c0=IDLE0 c1=t604
13484 core=1 prio t603 1 r=0 y=0 c0=IDLE0 c1=t604
13485 core=0 noop r=0 y=0 c0=IDLE0 c1=t604
13486 core=0 delete 6 t603 r=0 y=0 c0=IDLE0 c1=t604
13487 core=1 noop r=0 y=0 c0=IDLE0 c1=t604
13488 core=1 delay t604 4 r=0 y=2 c0=IDLE0 c1=t605
13489 core=0 create 9 t606 p0 r=1 y=1 c0=IDLE1 c1=t605
13490 core=0 noop r=0 y=0 c0=IDLE1 c1=t605
13491 core=0 noop r=0 y=0 c0=IDLE1 c1=t605
13492 core=0 noop r=0 y=0 c0=IDLE1 c1=t605
13493 core=1 noop r=0 y=0 c0=IDLE1 c1=t605
13494 core=0 yield r=0 y=1 c0=t606 c1=t605
13495 core=0 create 4 t607 p1 r=1 y=2 c0=t606 c1=t607
13496 core=1 take t607 r=1 y=0 c0=t606 c1=t607
13497 core=0 give_isr r=1 y=0 c0=t606 c1=t607
13498 core=1 give r=0 y=0 c0=t606 c1=t607
13499 core=0 prio t602 1 r=0 y=0 c0=t606 c1=t607
13500 core=0 prio t595 0 r=0 y=0 c0=t606 c1=t607
13501 core=0 take t606 r=1 y=0 c0=t606 c1=t607
13502 core=1 suspend t607 r=0 y=2 c0=t606 c1=IDLE0
13503 core=1 noop r=0 y=0 c0=t606 c1=IDLE0
13504 core=0 tick r=1 y=3 c0=IDLE1 c1=t605
13505 core=1 noop r=0 y=0 c0=IDLE1 c1=t605
13506 core=1 prio t607 1 r=0 y=0 c0=IDLE1 c1=t605
13507 core=0 resume t595 r=0 y=1 c0=t606 c1=t605
13508 core=0 prio t607 1 r=0 y=0 c0=t606 c1=t605
13509 core=1 give r=1 y=0 c0=t606 c1=t605
13510 core=1 resume t606 r=0 y=0 c0=t606 c1=t605
13511 core=1 suspend t604 r=0 y=0 c0=t606 c1=t605
13512 core=0 take t606 r=1 y=0 c0=t606 c1=t605
13513 core=0 noop r=0 y=0 c0=t606 c1=t605
13514 core=1 yield r=0 y=2 c0=t606 c1=IDLE0
13515 core=0 noop r=0 y=0 c0=t606 c1=IDLE0
13516 core=0 prio t602 0 r=0 y=0 c0=t606 c1=IDLE0
13517 core=0 create 1 t608 p0 r=1 y=2 c0=t606 c1=t595
13518 core=1 create 6 t609 p2 r=1 y=2 c0=t606 c1=t609
13519 core=0 noop r=0 y=0 c0=t606 c1=t609
13520 core=0 give r=1 y=0 c0=t606 c1=t609
13521 core=1 noop r=0 y=0 c0=t606 c1=t609
13522 core=1 resume t604 r=0 y=1 c0=t604 c1=t609
13523 core=0 tick r=0 y=0 c0=t604 c1=t609
13524 core=1 give r=0 y=0 c0=t604 c1=t609
13525 core=1 suspend t609 r=0 y=2 c0=t604 c1=IDLE1
13526 core=0 noop r=0 y=0 c0=t604 c1=IDLE1
13527 core=1 prio t606 2 r=0 y=2 c0=t604 c1=t606
13528 core=0 suspend t606 r=0 y=2 c0=t604 c1=t605
13529 core=1 noop r=0 y=0 c0=t604 c1=t605
13530 core=0 noop r=0 y=0 c0=t604 c1=t605
13531 core=1 yield r=0 y=2 c0=t604 c1=t608
13532 core=1 delay t608 1 r=0 y=2 c0=t604 c1=IDLE0
13533 core=0 noop r=0 y=0 c0=t604 c1=IDLE0
13534 core=1 noop r=0 y=0 c0=t604 c1=IDLE0
13535 core=0 tick r=0 y=2 c0=t604 c1=t595
13536 core=1 give r=0 y=0 c0=t604 c1=t595
13537 core=1 delay t595 2 r=0 y=2 c0=t604 c1=IDLE1
13538 core=0 suspend t602 r=0 y=0 c0=t604 c1=IDLE1
13539 core=1 prio t602 2 r=0 y=0 c0=t604 c1=IDLE1
13540 core=0 prio t602 0 r=0 y=0 c0=t604 c1=IDLE1
13541 core=0 give_isr r=0 y=0 c0=t604 c1=IDLE1
13542 core=0 give r=0 y=0 c0=t604 c1=IDLE1
13543 core=1 prio t606 1 r=0 y=0 c0=t604 c1=IDLE1
13544 core=0 resume t608 r=0 y=0 c0=t604 c1=IDLE1
13545 core=1 noop r=0 y=0 c0=t604 c1=IDLE1
13546 core=1 noop r=0 y=0 c0=t604 c1=IDLE1
13547 core=1 resume t605 r=0 y=0 c0=t604 c1=IDLE1
13548 core=1 noop r=0 y=0 c0=t604 c1=IDLE1
13549 core=1 resume t606 r=0 y=2 c0=t604 c1=t606
13550 core=0 resume t602 r=0 y=0 c0=t604 c1=t606
13551 core=1 delay t606 2 r=0 y=2 c0=t604 c1=t605
13552 core=1 noop r=0 y=0 c0=t604 c1=t605
13553 core=1 prio t605 0 r=0 y=0 c0=t604 c1=t605
13554 core=0 give_isr r=0 y=0 c0=t604 c1=t605
13555 core=1 delete 4 t607 r=0 y=0 c0=t604 c1=t605
13556 core=0 tick r=0 y=2 c0=t604 c1=t608
13557 core=1 noop r=0 y=0 c0=t604 c1=t608
13558 core=0 suspend t609 r=0 y=0 c0=t604 c1=t608
13559 core=0 take t604 r=1 y=0 c0=t604 c1=t608
13560 core=0 delay t604 2 r=0 y=1 c0=IDLE0 c1=t608
13561 core=1 give r=1 y=0 c0=IDLE0 c1=t608
13562 core=1 take t608 r=1 y=0 c0=IDLE0 c1=t608
13563 core=0 suspend t608 r=0 y=2 c0=IDLE0 c1=IDLE1
13564 core=1 resume t609 r=0 y=2 c0=IDLE0 c1=t609
13565 core=0 prio t608 2 r=0 y=0 c0=IDLE0 c1=t609
13566 core=0 noop r=0 y=0 c0=IDLE0 c1=t609
13567 core=1 give r=1 y=0 c0=IDLE0 c1=t609
13568 core=0 noop r=0 y=0 c0=IDLE0 c1=t609
13569 core=1 noop r=0 y=0 c0=IDLE0 c1=t609
13570 core=0 tick r=1 y=1 c0=t606 c1=t609
13571 core=1 suspend t602 r=0 y=0 c0=t606 c1=t609
13572 core=1 resume t606 r=0 y=0 c0=t606 c1=t609
13573 core=0 prio t595 2 r=0 y=1 c0=t595 c1=t609
13574 core=1 noop r=0 y=0 c0=t595 c1=t609
13575 core=1 suspend t606 r=0 y=0 c0=t595 c1=t609
13576 core=0 delay t595 4 r=0 y=1 c0=t605 c1=t609
13577 core=0 noop r=0 y=0 c0=t605 c1=t609
13578 core=0 prio t608 0 r=0 y=0 c0=t605 c1=t609
13579 core=0 delay t605 1 r=0 y=1 c0=IDLE1 c1=t609
13580 core=1 delay t609 5 r=0 y=2 c0=IDLE1 c1=IDLE0
13581 core=0 give r=0 y=0 c0=IDLE1 c1=IDLE0
13582 core=1 resume t608 r=0 y=2 c0=IDLE1 c1=t608
13583 core=0 delete 6 t609 r=0 y=0 c0=IDLE1 c1=t608
13584 core=1 resume t604 r=0 y=0 c0=IDLE1 c1=t608
13585 core=1 create 4 t610 p1 r=1 y=1 c0=t610 c1=t608
13586 core=1 noop r=0 y=0 c0=t610 c1=t608
13587 core=0 tick r=1 y=3 c0=t604 c1=t610
13588 core=1 give r=0 y=0 c0=t604 c1=t610
13589 core=1 take t610 r=1 y=0 c0=t604 c1=t610
13590 core=0 create 6 t611 p3 r=1 y=2 c0=t604 c1=t611
13591 core=0 prio t595 2 r=0 y=0 c0=t604 c1=t611
13592 core=0 give_isr r=1 y=0 c0=t604 c1=t611
13593 core=0 noop r=0 y=0 c0=t604 c1=t611
13594 core=0 delete 7 t595 r=0 y=0 c0=t604 c1=t611
13595 core=0 tick r=1 y=1 c0=t610 c1=t611
13596 core=1 create 8 t612 p1 r=1 y=0 c0=t610 c1=t611
13597 core=1 resume t602 r=0 y=0 c0=t610 c1=t611
13598 core=0 yield r=0 y=1 c0=t604 c1=t611
13599 core=0 take t604 r=1 y=0 c0=t604 c1=t611
13600 core=0 prio t604 3 r=0 y=0 c0=t604 c1=t611
13601 core=0 tick r=1 y=3 c0=t604 c1=t611
13602 core=1 noop r=0 y=0 c0=t604 c1=t611
13603 core=0 give r=1 y=0 c0=t604 c1=t611
13604 core=1 delay t611 2 r=0 y=2 c0=t604 c1=t612
13605 core=0 tick r=0 y=2 c0=t604 c1=t610
13606 core=1 noop r=0 y=0 c0=t604 c1=t610
13607 core=1 prio t610 2 r=0 y=0 c0=t604 c1=t610
13608 core=1 take t610 r=1 y=0 c0=t604 c1=t610
13609 core=0 suspend t605 r=0 y=0 c0=t604 c1=t610
13610 core=0 take t604 r=0 y=0 c0=t604 c1=t610
13611 core=0 tick r=1 y=3 c0=t611 c1=t604
13612 core=1 delay t604 1 r=0 y=2 c0=t611 c1=t610
13613 core=1 give r=1 y=0 c0=t611 c1=t610
13614 core=0 tick r=1 y=3 c0=t604 c1=t611
13615 core=0 take t604 r=1 y=0 c0=t604 c1=t611
13616 core=1 suspend t611 r=0 y=2 c0=t604 c1=t610
13617 core=0 resume t611 r=0 y=2 c0=t604 c1=t611
13618 core=1 prio t604 0 r=0 y=1 c0=t610 c1=t611
13619 core=0 tick r=0 y=0 c0=t610 c1=t611
13620 core=0 suspend t608 r=0 y=0 c0=t610 c1=t611
13621 core=0 noop r=0 y=0 c0=t610 c1=t611
13622 core=0 suspend t606 r=0 y=0 c0=t610 c1=t611
13623 core=0 give r=1 y=0 c0=t610 c1=t611
13624 core=0 prio t605 2 r=0 y=0 c0=t610 c1=t611
13625 core=0 give_isr r=0 y=0 c0=t610 c1=t611
13626 core=0 give_isr r=0 y=0 c0=t610 c1=t611
13627 core=0 resume t604 r=0 y=0 c0=t610 c1=t611
13628 core=1 noop r=0 y=0 c0=t610 c1=t611
13629 core=0 delete 0 t605 r=0 y=0 c0=t610 c1=t611
13630 core=0 yield r=0 y=1 c0=t610 c1=t611
13631 core=0 tick r=0 y=0 c0=t610 c1=t611
13632 core=1 give_isr r=0 y=0 c0=t610 c1=t611
13633 core=1 resume t604 r=0 y=0 c0=t610 c1=t611
13634 core=1 delay t611 2 r=0 y=2 c0=t610 c1=t612
13635 core=0 give_isr r=0 y=0 c0=t610 c1=t612
13636 core=1 delay t612 4 r=0 y=2 c0=t610 c1=IDLE0
13637 core=1 noop r=0 y=0 c0=t610 c1=IDLE0
13638 core=0 create 7 t613 p1 r=1 y=2 c0=t610 c1=t613
13639 core=0 noop r=0 y=0 c0=t610 c1=t613
13640 core=0 tick r=0 y=0 c0=t610 c1=t613
13641 core=0 resume t612 r=0 y=0 c0=t610 c1=t613
13642 core=1 yield r=0 y=2 c0=t610 c1=t613
13643 core=1 resume t608 r=0 y=0 c0=t610 c1=t613
13644 core=0 tick r=0 y=2 c0=t610 c1=t611
13645 core=0 delete 4 t610 r=0 y=1 c0=t613 c1=t611
13646 core=0 delete 2 t604 r=0 y=0 c0=t613 c1=t611
13647 core=0 delay t613 2 r=0 y=1 c0=IDLE1 c1=t611
13648 core=0 noop r=0 y=0 c0=IDLE1 c1=t611
13649 core=1 noop r=0 y=0 c0=IDLE1 c1=t611
13650 core=1 noop r=0 y=0 c0=IDLE1 c1=t611
13651 core=0 give_isr r=0 y=0 c0=IDLE1 c1=t611
13652 core=1 noop r=0 y=0 c0=IDLE1 c1=t611
13653 core=1 delay t611 5 r=0 y=2 c0=IDLE1 c1=t602
13654 core=1 yield r=0 y=2 c0=IDLE1 c1=IDLE0
13655 core=0 prio t602 0 r=0 y=0 c0=IDLE1 c1=IDLE0
13656 core=0 noop r=0 y=0 c0=IDLE1 c1=IDLE0
13657 core=0 noop r=0 y=0 c0=IDLE1 c1=IDLE0
13658 core=0 give_isr r=0 y=0 c0=IDLE1 c1=IDLE0
13659 core=0 noop r=0 y=0 c0=IDLE1 c1=IDLE0
13660 core=0 resume t612 r=0 y=0 c0=IDLE1 c1=IDLE0
13661 core=0 noop r=0 y=0 c0=IDLE1 c1=IDLE0
13662 core=0 give r=0 y=0 c0=IDLE1 c1=IDLE0
13663 core=0 noop r=0 y=0 c0=IDLE1 c1=IDLE0
13664 core=1 give_isr r=0 y=0 c0=IDLE1 c1=IDLE0
13665 core=0 noop r=0 y=0 c0=IDLE1 c1=IDLE0
13666 core=1 give r=0 y=0 c0=IDLE1 c1=IDLE0
13667 core=0 delete 1 t608 r=0 y=0 c0=IDLE1 c1=IDLE0
13668 core=1 prio t606 1 r=0 y=0 c0=IDLE1 c1=IDLE0
13669 core=0 noop r=0 y=0 c0=IDLE1 c1=IDLE0
13670 core=0 tick r=1 y=3 c0=t602 c1=IDLE1
13671 core=0 give r=0 y=0 c0=t602 c1=IDLE1
13672 core=1 noop r=0 y=0 c0=t602 c1=IDLE1
13673 core=1 delete 8 t612 r=0 y=0 c0=t602 c1=IDLE1
13674 core=1 give r=0 y=0 c0=t602 c1=IDLE1
13675 core=0 resume t602 r=0 y=0 c0=t602 c1=IDLE1
13676 core=0 noop r=0 y=0 c0=t602 c1=IDLE1
13677 core=1 yield r=0 y=2 c0=t602 c1=IDLE0
13678 core=1 noop r=0 y=0 c0=t602 c1=IDLE0
13679 core=0 give r=0 y=0 c0=t602 c1=IDLE0
13680 core=1 give r=0 y=0 c0=t602 c1=IDLE0
13681 core=1 noop r=0 y=0 c0=t602 c1=IDLE0
13682 core=0 noop r=0 y=0 c0=t602 c1=IDLE0
13683 core=0 delete 5 t602 r=0 y=1 c0=IDLE1 c1=IDLE0
13684 core=1 give r=0 y=0 c0=IDLE1 c1=IDLE0
13685 core=0 noop r=0 y=0 c0=IDLE1 c1=IDLE0
13686 core=1 noop r=0 y=0 c0=IDLE1 c1=IDLE0
13687 core=1 give_isr r=0 y=0 c0=IDLE1 c1=IDLE0
13688 core=0 noop r=0 y=0 c0=IDLE1 c1=IDLE0
13689 core=1 give r=0 y=0 c0=IDLE1 c1=IDLE0
13690 core=1 noop r=0 y=0 c0=IDLE1 c1=IDLE0
13691 core=0 noop r=0 y=0 c0=IDLE1 c1=IDLE0
13692 core=0 resume t613 r=0 y=0 c0=IDLE1 c1=IDLE0
13693 core=0 noop r=0 y=0 c0=IDLE1 c1=IDLE0
13694 core=0 noop r=0 y=0 c0=IDLE1 c1=IDLE0
13695 core=0 give r=0 y=0 c0=IDLE1 c1=IDLE0
13696 core=0 create 5 t614 p0 r=1 y=2 c0=IDLE1 c1=t614
13697 core=0 create 0 t615 p1 r=1 y=1 c0=t615 c1=t614
13698 core=1 take t614 r=1 y=0 c0=t615 c1=t614
13699 core=1 create 8 t616 p2 r=1 y=2 c0=t615 c1=t616
13700 core=0 give r=1 y=0 c0=t615 c1=t616
13701 core=0 prio t611 0 r=0 y=0 c0=t615 c1=t616
13702 core=1 suspend t613 r=0 y=0 c0=t615 c1=t616
13703 core=1 suspend t606 r=0 y=0 c0=t615 c1=t616
13704 core=1 give r=0 y=0 c0=t615 c1=t616
13705 core=1 delay t616 2 r=0 y=2 c0=t615 c1=IDLE0
13706 core=1 noop r=0 y=0 c0=t615 c1=IDLE0
13707 core=0 tick r=0 y=2 c0=t615 c1=IDLE1
13708 core=1 noop r=0 y=0 c0=t615 c1=IDLE1
13709 core=1 noop r=0 y=0 c0=t615 c1=IDLE1
13710 core=1 give r=0 y=0 c0=t615 c1=IDLE1
13711 core=0 noop r=0 y=0 c0=t615 c1=IDLE1
13712 core=1 suspend t611 r=0 y=0 c0=t615 c1=IDLE1
13713 core=0 yield r=0 y=1 c0=t615 c1=IDLE1
13714 core=1 noop r=0 y=0 c0=t615 c1=IDLE1
13715 core=0 tick r=0 y=2 c0=t615 c1=t616
13716 core=0 create 4 t617 p1 r=1 y=0 c0=t615 c1=t616
13717 core=0 tick r=1 y=1 c0=t617 c1=t616
13718 core=1 noop r=0 y=0 c0=t617 c1=t616
13719 core=0 delay t617 4 r=0 y=1 c0=t615 c1=t616
13720 core=0 give_isr r=0 y=0 c0=t615 c1=t616
13721 core=0 prio t617 0 r=0 y=0 c0=t615 c1=t616
13722 core=1 take t616 r=1 y=0 c0=t615 c1=t616
13723 core=0 give_isr r=1 y=0 c0=t615 c1=t616
13724 core=1 prio t614 1 r=0 y=0 c0=t615 c1=t616
13725 core=0 take t615 r=1 y=0 c0=t615 c1=t616
13726 core=0 yield r=0 y=1 c0=t614 c1=t616
13727 core=0 give r=1 y=0 c0=t614 c1=t616
13728 core=1 delete 0 t615 r=0 y=0 c0=t614 c1=t616
13729 core=0 yield r=0 y=1 c0=t614 c1=t616
13730 core=1 delay t616 5 r=0 y=2 c0=t614 c1=IDLE0
13731 core=0 tick r=0 y=2 c0=t614 c1=IDLE1
13732 core=1 suspend t611 r=0 y=0 c0=t614 c1=IDLE1
13733 core=0 noop r=0 y=0 c0=t614 c1=IDLE1
13734 core=0 tick r=0 y=2 c0=t614 c1=IDLE0
13735 core=0 create 1 t618 p3 r=1 y=2 c0=t614 c1=t618
13736 core=0 tick r=0 y=0 c0=t614 c1=t618
13737 core=0 suspend t614 r=0 y=1 c0=IDLE1 c1=t618
13738 core=0 noop r=0 y=0 c0=IDLE1 c1=t618
13739 core=1 give r=0 y=0 c0=IDLE1 c1=t618
13740 core=0 noop r=0 y=0 c0=IDLE1 c1=t618
13741 core=0 tick r=1 y=1 c0=IDLE0 c1=t618
13742 core=1 noop r=0 y=0 c0=IDLE0 c1=t618
13743 core=0 noop r=0 y=0 c0=IDLE0 c1=t618
13744 core=1 prio t613 3 r=0 y=0 c0=IDLE0 c1=t618
13745 core=0 yield r=0 y=1 c0=t617 c1=t618
13746 core=1 take t618 r=1 y=0 c0=t617 c1=t618
13747 core=0 noop r=0 y=0 c0=t617 c1=t618
13748 core=1 noop r=0 y=0 c0=t617 c1=t618
13749 core=0 take t617 r=0 y=0 c0=t617 c1=t618
13750 core=1 give_isr r=1 y=0 c0=t617 c1=t618
13751 core=0 suspend t613 r=0 y=0 c0=t617 c1=t618
13752 core=0 suspend t611 r=0 y=0 c0=t617 c1=t618
13753 core=0 give_isr r=0 y=0 c0=t617 c1=t618
13754 core=0 give_isr r=0 y=0 c0=t617 c1=t618
13755 core=1 noop r=0 y=0 c0=t617 c1=t618
13756 core=1 create 2 t619 p0 r=1 y=0 c0=t617 c1=t618
13757 core=0 prio t611 2 r=0 y=0 c0=t617 c1=t618
13758 core=1 prio t616 2 r=0 y=0 c0=t617 c1=t618
13759 core=1 give r=0 y=0 c0=t617 c1=t618
13760 core=1 noop r=0 y=0 c0=t617 c1=t618
13761 core=0 noop r=0 y=0 c0=t617 c1=t618
13762 core=0 delay t617 5 r=0 y=1 c0=IDLE1 c1=t618
13763 core=0 noop r=0 y=0 c0=IDLE1 c1=t618
13764 core=1 noop r=0 y=0 c0=IDLE1 c1=t618
13765 core=0 noop r=0 y=0 c0=IDLE1 c1=t618
13766 core=1 delay t618 4 r=0 y=2 c0=IDLE1 c1=IDLE0
13767 core=0 suspend t616 r=0 y=0 c0=IDLE1 c1=IDLE0
13768 core=1 resume t619 r=0 y=0 c0=IDLE1 c1=IDLE0
13769 core=0 noop r=0 y=0 c0=IDLE1 c1=IDLE0
13770 core=1 resume t616 r=0 y=2 c0=IDLE1 c1=t616
13771 core=0 give r=0 y=0 c0=IDLE1 c1=t616
13772 core=1 noop r=0 y=0 c0=IDLE1 c1=t616
13773 core=0 resume t618 r=0 y=0 c0=IDLE1 c1=t616
13774 core=1 give r=0 y=0 c0=IDLE1 c1=t616
13775 core=1 noop r=0 y=0 c0=IDLE1 c1=t616
13776 core=1 delay t616 3 r=0 y=2 c0=IDLE1 c1=t619
13777 core=0 resume t618 r=0 y=0 c0=IDLE1 c1=t619
13778 core=1 give_isr r=0 y=0 c0=IDLE1 c1=t619
13779 core=0 give r=0 y=0 c0=IDLE1 c1=t619
13780 core=1 delete 5 t614 r=0 y=0 c0=IDLE1 c1=t619
13781 core=0 resume t618 r=0 y=0 c0=IDLE1 c1=t619
13782 core=0 noop r=0 y=0 c0=IDLE1 c1=t619
13783 core=1 prio t617 1 r=0 y=0 c0=IDLE1 c1=t619
13784 core=0 resume t616 r=0 y=0 c0=IDLE1 c1=t619
13785 core=1 yield r=0 y=2 c0=IDLE1 c1=IDLE0
13786 core=1 prio t616 0 r=0 y=0 c0=IDLE1 c1=IDLE0
13787 core=1 resume t616 r=0 y=0 c0=IDLE1 c1=IDLE0
13788 core=1 noop r=0 y=0 c0=IDLE1 c1=IDLE0
13789 core=0 noop r=0 y=0 c0=IDLE1 c1=IDLE0
13790 core=0 resume t611 r=0 y=2 c0=IDLE1 c1=t611
13791 core=0 noop r=0 y=0 c0=IDLE1 c1=t611
13792 core=0 create 5 t620 p1 r=1 y=1 c0=t620 c1=t611
13793 core=1 delay t611 4 r=0 y=2 c0=t620 c1=t619
13794 core=0 resume t616 r=0 y=0 c0=t620 c1=t619
13795 core=0 resume t619 r=0 y=0 c0=t620 c1=t619
13796 core=1 give_isr r=0 y=0 c0=t620 c1=t619
13797 core=1 noop r=0 y=0 c0=t620 c1=t619
13798 core=0 give r=0 y=0 c0=t620 c1=t619
13799 core=1 delete 1 t618 r=0 y=0 c0=t620 c1=t619
13800 core=1 delay t619 1 r=0 y=2 c0=t620 c1=IDLE0
13801 core=0 delete 5 t620 r=0 y=1 c0=IDLE1 c1=IDLE0
13802 core=1 noop r=0 y=0 c0=IDLE1 c1=IDLE0
13803 core=0 delete 8 t616 r=0 y=0 c0=IDLE1 c1=IDLE0
13804 core=1 suspend t619 r=0 y=0 c0=IDLE1 c1=IDLE0
13805 core=1 noop r=0 y=0 c0=IDLE1 c1=IDLE0
13806 core=1 noop r=0 y=0 c0=IDLE1 c1=IDLE0
13807 core=1 noop r=0 y=0 c0=IDLE1 c1=IDLE0
13808 core=1 noop r=0 y=0 c0=IDLE1 c1=IDLE0
13809 core=0 noop r=0 y=0 c0=IDLE1 c1=IDLE0
13810 core=0 noop r=0 y=0 c0=IDLE1 c1=IDLE0
13811 core=0 tick r=1 y=3 c0=IDLE1 c1=IDLE0
13812 core=1 suspend t611 r=0 y=0 c0=IDLE1 c1=IDLE0
13813 core=1 give_isr r=0 y=0 c0=IDLE1 c1=IDLE0
13814 core=0 give r=0 y=0 c0=IDLE1 c1=IDLE0
13815 core=1 give r=0 y=0 c0=IDLE1 c1=IDLE0
13816 core=1 noop r=0 y=0 c0=IDLE1 c1=IDLE0
13817 core=1 create 1 t621 p2 r=1 y=2 c0=IDLE1 c1=t621
13818 core=0 give r=0 y=0 c0=IDLE1 c1=t621
13819 core=1 delay t621 2 r=0 y=2 c0=IDLE1 c1=IDLE0
13820 core=1 give_isr r=0 y=0 c0=IDLE1 c1=IDLE0
13821 core=0 noop r=0 y=0 c0=IDLE1 c1=IDLE0
13822 core=1 noop r=0 y=0 c0=IDLE1 c1=IDLE0
13823 core=0 tick r=1 y=3 c0=IDLE1 c1=IDLE0
13824 core=1 noop r=0 y=0 c0=IDLE1 c1=IDLE0
13825 core=0 give r=0 y=0 c0=IDLE1 c1=IDLE0
13826 core=0 create 0 t622 p2 r=1 y=2 c0=IDLE1 c1=t622
13827 core=1 take t622 r=1 y=0 c0=IDLE1 c1=t622
13828 core=0 prio t622 0 r=0 y=2 c0=IDLE1 c1=IDLE0
13829 core=1 resume t611 r=0 y=2 c0=IDLE1 c1=t611
13830 core=0 suspend t613 r=0 y=0 c0=IDLE1 c1=t611
13831 core=0 yield r=0 y=1 c0=t622 c1=t611
13832 core=0 delay t622 2 r=0 y=1 c0=IDLE0 c1=t611
13833 core=0 create 5 t623 p3 r=1 y=1 c0=t623 c1=t611
13834 core=1 prio t617 1 r=0 y=0 c0=t623 c1=t611
13835 core=0 create 8 t624 p3 r=1 y=2 c0=t623 c1=t624
13836 core=0 prio t624 1 r=0 y=2 c0=t623 c1=t611
13837 core=1 take t611 r=0 y=0 c0=t623 c1=t611
13838 core=1 give r=1 y=0 c0=t623 c1=t611
13839 core=0 delete 0 t622 r=0 y=0 c0=t623 c1=t611
13840 core=0 give r=0 y=0 c0=t623 c1=t611
13841 core=1 resume t611 r=0 y=0 c0=t623 c1=t611
13842 core=1 noop r=0 y=0 c0=t623 c1=t611
13843 core=0 suspend t611 r=0 y=2 c0=t623 c1=t624
13844 core=1 suspend t613 r=0 y=0 c0=t623 c1=t624
13845 core=0 tick r=0 y=2 c0=t623 c1=t621
13846 core=0 give_isr r=0 y=0 c0=t623 c1=t621
13847 core=0 resume t617 r=0 y=0 c0=t623 c1=t621
13848 core=0 noop r=0 y=0 c0=t623 c1=t621
13849 core=1 noop r=0 y=0 c0=t623 c1=t621
13850 core=0 prio t619 0 r=0 y=0 c0=t623 c1=t621
13851 core=0 yield r=0 y=1 c0=t623 c1=t621
13852 core=0 take t623 r=1 y=0 c0=t623 c1=t621
13853 core=0 give r=1 y=0 c0=t623 c1=t621
13854 core=0 give r=0 y=0 c0=t623 c1=t621
13855 core=0 tick r=0 y=0 c0=t623 c1=t621
13856 core=0 noop r=0 y=0 c0=t623 c1=t621
13857 core=0 delay t623 5 r=0 y=1 c0=t624 c1=t621
13858 core=1 prio t624 0 r=0 y=1 c0=IDLE1 c1=t621
13859 core=1 delay t621 3 r=0 y=2 c0=IDLE1 c1=IDLE0
13860 core=1 noop r=0 y=0 c0=IDLE1 c1=IDLE0
13861 core=0 noop r=0 y=0 c0=IDLE1 c1=IDLE0
13862 core=1 noop r=0 y=0 c0=IDLE1 c1=IDLE0
13863 core=1 noop r=0 y=0 c0=IDLE1 c1=IDLE0
13864 core=1 suspend t624 r=0 y=0 c0=IDLE1 c1=IDLE0
13865 core=0 tick r=1 y=3 c0=t617 c1=IDLE1
13866 core=1 give r=0 y=0 c0=t617 c1=IDLE1
13867 core=0 prio t621 2 r=0 y=0 c0=t617 c1=IDLE1
13868 core=1 suspend t623 r=0 y=0 c0=t617 c1=IDLE1
13869 core=1 give r=0 y=0 c0=t617 c1=IDLE1
13870 core=1 delete 1 t621 r=0 y=0 c0=t617 c1=IDLE1
13871 core=0 noop r=0 y=0 c0=t617 c1=IDLE1
13872 core=1 resume t619 r=0 y=2 c0=t617 c1=IDLE0
13873 core=0 tick r=0 y=2 c0=t617 c1=t619
13874 core=1 delay t619 5 r=0 y=2 c0=t617 c1=IDLE1
13875 core=0 take t617 r=1 y=0 c0=t617 c1=IDLE1
13876 core=1 prio t606 3 r=0 y=0 c0=t617 c1=IDLE1
13877 core=0 give_isr r=1 y=0 c0=t617 c1=IDLE1
13878 core=0 tick r=0 y=2 c0=t617 c1=IDLE0
13879 core=1 noop r=0 y=0 c0=t617 c1=IDLE0
13880 core=0 noop r=0 y=0 c0=t617 c1=IDLE0
13881 core=1 give_isr r=0 y=0 c0=t617 c1=IDLE0
13882 core=0 tick r=0 y=2 c0=t617 c1=IDLE1
13883 core=1 noop r=0 y=0 c0=t617 c1=IDLE1
13884 core=1 give_isr r=0 y=0 c0=t617 c1=IDLE1
13885 core=0 take t617 r=1 y=0 c0=t617 c1=IDLE1
13886 core=0 suspend t624 r=0 y=0 c0=t617 c1=IDLE1
13887 core=1 noop r=0 y=0 c0=t617 c1=IDLE1
13888 core=1 create 3 t625 p1 r=1 y=2 c0=t617 c1=t625
13889 core=1 give r=1 y=0 c0=t617 c1=t625
13890 core=1 noop r=0 y=0 c0=t617 c1=t625
13891 core=0 noop r=0 y=0 c0=t617 c1=t625
13892 core=0 yield r=0 y=1 c0=t617 c1=t625
13893 core=0 tick r=1 y=3 c0=t617 c1=t625
13894 core=0 delay t617 3 r=0 y=1 c0=IDLE0 c1=t625
13895 core=0 create 0 t626 p1 r=1 y=1 c0=t626 c1=t625
13896 core=0 suspend t626 r=0 y=1 c0=IDLE1 c1=t625
13897 core=1 prio t613 1 r=0 y=0 c0=IDLE1 c1=t625
13898 core=0 noop r=0 y=0 c0=IDLE1 c1=t625
13899 core=1 noop r=0 y=0 c0=IDLE1 c1=t625
13900 core=0 noop r=0 y=0 c0=IDLE1 c1=t625
13901 core=1 suspend t626 r=0 y=0 c0=IDLE1 c1=t625
13902 core=0 noop r=0 y=0 c0=IDLE1 c1=t625
13903 core=1 noop r=0 y=0 c0=IDLE1 c1=t625
13904 core=1 resume t619 r=0 y=0 c0=IDLE1 c1=t625
13905 core=0 prio t619 1 r=0 y=0 c0=IDLE1 c1=t625
13906 core=0 give r=0 y=0 c0=IDLE1 c1=t625
13907 core=0 resume t625 r=0 y=0 c0=IDLE1 c1=t625
13908 core=1 delete 2 t619 r=0 y=0 c0=IDLE1 c1=t625
13909 core=0 yield r=0 y=1 c0=IDLE0 c1=t625
13910 core=0 noop r=0 y=0 c0=IDLE0 c1=t625
13911 core=0 noop r=0 y=0 c0=IDLE0 c1=t625
13912 core=0 noop r=0 y=0 c0=IDLE0 c1=t625
13913 core=1 yield r=0 y=2 c0=IDLE0 c1=t625
13914 core=1 give_isr r=0 y=0 c0=IDLE0 c1=t625
13915 core=0 noop r=0 y=0 c0=IDLE0 c1=t625
13916 core=0 noop r=0 y=0 c0=IDLE0 c1=t625
13917 core=1 give r=0 y=0 c0=IDLE0 c1=t625
13918 core=1 prio t606 1 r=0 y=0 c0=IDLE0 c1=t625
13919 core=0 noop r=0 y=0 c0=IDLE0 c1=t625
13920 core=0 yield r=0 y=1 c0=IDLE1 c1=t625
13921 core=0 prio t611 1 r=0 y=0 c0=IDLE1 c1=t625
13922 core=0 suspend t611 r=0 y=0 c0=IDLE1 c1=t625
13923 core=0 suspend t611 r=0 y=0 c0=IDLE1 c1=t625
13924 core=0 yield r=0 y=1 c0=IDLE0 c1=t625
13925 core=0 suspend t611 r=0 y=0 c0=IDLE0 c1=t625
13926 core=0 noop r=0 y=0 c0=IDLE0 c1=t625
13927 core=0 give_isr r=0 y=0 c0=IDLE0 c1=t625
13928 core=1 resume t617 r=0 y=0 c0=IDLE0 c1=t625
13929 core=1 noop r=0 y=0 c0=IDLE0 c1=t625
13930 core=0 noop r=0 y=0 c0=IDLE0 c1=t625
13931 core=0 yield r=0 y=1 c0=IDLE1 c1=t625
13932 core=1 delay t625 4 r=0 y=2 c0=IDLE1 c1=IDLE0
13933 core=0 tick r=1 y=3 c0=IDLE1 c1=IDLE0
13934 core=0 suspend t611 r=0 y=0 c0=IDLE1 c1=IDLE0
13935 core=1 suspend t611 r=0 y=0 c0=IDLE1 c1=IDLE0
13936 core=1 give r=0 y=0 c0=IDLE1 c1=IDLE0
13937 core=1 noop r=0 y=0 c0=IDLE1 c1=IDLE0
13938 core=0 noop r=0 y=0 c0=IDLE1 c1=IDLE0
13939 core=0 resume t625 r=0 y=0 c0=IDLE1 c1=IDLE0
13940 core=1 suspend t606 r=0 y=0 c0=IDLE1 c1=IDLE0
13941 core=1 give_isr r=0 y=0 c0=IDLE1 c1=IDLE0
13942 core=0 suspend t613 r=0 y=0 c0=IDLE1 c1=IDLE0
13943 core=0 create 2 t627 p0 r=1 y=2 c0=IDLE1 c1=t627
13944 core=1 resume t625 r=0 y=0 c0=IDLE1 c1=t627
13945 core=1 suspend t626 r=0 y=0 c0=IDLE1 c1=t627
13946 core=0 tick r=1 y=3 c0=IDLE0 c1=IDLE1
13947 core=0 prio t624 2 r=0 y=0 c0=IDLE0 c1=IDLE1
13948 core=1 noop r=0 y=0 c0=IDLE0 c1=IDLE1
13949 core=1 prio t624 3 r=0 y=0 c0=IDLE0 c1=IDLE1
13950 core=1 resume t627 r=0 y=0 c0=IDLE0 c1=IDLE1
13951 core=0 resume t613 r=0 y=2 c0=IDLE0 c1=t613
13952 core=1 noop r=0 y=0 c0=IDLE0 c1=t613
13953 core=0 give_isr r=0 y=0 c0=IDLE0 c1=t613
13954 core=1 take t613 r=1 y=0 c0=IDLE0 c1=t613
13955 core=0 prio t625 3 r=0 y=0 c0=IDLE0 c1=t613
13956 core=1 noop r=0 y=0 c0=IDLE0 c1=t613
13957 core=0 resume t626 r=0 y=1 c0=t626 c1=t613
13958 core=1 delete 3 t625 r=0 y=0 c0=t626 c1=t613
13959 core=0 tick r=1 y=3 c0=t617 c1=t626
13960 core=0 delay t617 4 r=0 y=1 c0=t613 c1=t626
13961 core=1 prio t627 2 r=0 y=2 c0=t613 c1=t627
13962 core=0 prio t606 1 r=0 y=0 c0=t613 c1=t627
13963 core=0 delay t613 5 r=0 y=1 c0=t626 c1=t627
13964 core=0 delete 4 t617 r=0 y=0 c0=t626 c1=t627
13965 core=0 take t626 r=0 y=0 c0=t626 c1=t627
13966 core=1 create 4 t628 p1 r=1 y=0 c0=t626 c1=t627
13967 core=0 prio t624 0 r=0 y=0 c0=t626 c1=t627
13968 core=1 delay t627 2 r=0 y=2 c0=t626 c1=t628
13969 core=0 tick r=1 y=3 c0=t626 c1=t628
13970 core=0 delay t626 1 r=0 y=1 c0=IDLE1 c1=t628
13971 core=1 resume t611 r=0 y=1 c0=t611 c1=t628
13972 core=0 tick r=1 y=3 c0=t627 c1=t626
13973 core=1 take t626 r=0 y=0 c0=t627 c1=t626
13974 core=1 take t626 r=0 y=0 c0=t627 c1=t626
13975 core=0 noop r=0 y=0 c0=t627 c1=t626
13976 core=0 create 1 t629 p1 r=1 y=0 c0=t627 c1=t626
13977 core=1 suspend t623 r=0 y=0 c0=t627 c1=t626
13978 core=0 take t627 r=0 y=0 c0=t627 c1=t626
13979 core=0 prio t624 1 r=0 y=0 c0=t627 c1=t626
13980 core=0 delay t627 3 r=0 y=1 c0=t611 c1=t626
13981 core=0 noop r=0 y=0 c0=t611 c1=t626
13982 core=0 take t611 r=0 y=0 c0=t611 c1=t626
13983 core=1 suspend t606 r=0 y=0 c0=t611 c1=t626
13984 core=0 resume t629 r=0 y=0 c0=t611 c1=t626
13985 core=0 noop r=0 y=0 c0=t611 c1=t626
13986 core=1 create 3 t630 p0 r=1 y=0 c0=t611 c1=t626
13987 core=1 delay t626 4 r=0 y=2 c0=t611 c1=t628
13988 core=1 delete 7 t613 r=0 y=0 c0=t611 c1=t628
13989 core=0 resume t606 r=0 y=0 c0=t611 c1=t628
13990 core=1 take t628 r=0 y=0 c0=t611 c1=t628
13991 core=0 delay t611 5 r=0 y=1 c0=t629 c1=t628
13992 core=1 noop r=0 y=0 c0=t629 c1=t628
13993 core=1 suspend t628 r=0 y=2 c0=t629 c1=t606
13994 core=0 delay t629 5 r=0 y=1 c0=IDLE0 c1=t606
13995 core=0 noop r=0 y=0 c0=IDLE0 c1=t606
13996 core=0 noop r=0 y=0 c0=IDLE0 c1=t606
13997 core=0 noop r=0 y=0 c0=IDLE0 c1=t606
13998 core=0 tick r=1 y=1 c0=IDLE1 c1=t606
13999 core=0 noop r=0 y=0 c0=IDLE1 c1=t606
14000 core=1 noop r=0 y=0 c0=IDLE1 c1=t606
14001 core=1 delay t606 2 r=0 y=2 c0=IDLE1 c1=t630
14002 core=1 suspend t611 r=0 y=0 c0=IDLE1 c1=t630
14003 core=0 noop r=0 y=0 c0=IDLE1 c1=t630
14004 core=1 give_isr r=1 y=0 c0=IDLE1 c1=t630
14005 core=0 noop r=0 y=0 c0=IDLE1 c1=t630
14006 core=1 take t630 r=1 y=0 c0=IDLE1 c1=t630
14007 core=1 resume t629 r=0 y=0 c0=IDLE1 c1=t630
14008 core=0 tick r=1 y=3 c0=IDLE0 c1=IDLE1
14009 core=0 suspend t611 r=0 y=0 c0=IDLE0 c1=IDLE1
14010 core=1 prio t606 3 r=0 y=0 c0=IDLE0 c1=IDLE1
14011 core=1 give r=1 y=0 c0=IDLE0 c1=IDLE1
14012 core=1 give r=0 y=0 c0=IDLE0 c1=IDLE1
14013 core=1 suspend t630 r=0 y=0 c0=IDLE0 c1=IDLE1
14014 core=0 delete 0 t626 r=0 y=0 c0=IDLE0 c1=IDLE1
14015 core=0 suspend t629 r=0 y=0 c0=IDLE0 c1=IDLE1
14016 core=1 prio t623 2 r=0 y=0 c0=IDLE0 c1=IDLE1
14017 core=0 noop r=0 y=0 c0=IDLE0 c1=IDLE1
14018 core=1 give r=0 y=0 c0=IDLE0 c1=IDLE1
14019 core=1 suspend t611 r=0 y=0 c0=IDLE0 c1=IDLE1
14020 core=0 tick r=1 y=3 c0=t606 c1=t627
14021 core=0 delete 3 t630 r=0 y=0 c0=t606 c1=t627
14022 core=1 give_isr r=0 y=0 c0=t606 c1=t627
14023 core=1 delay t627 5 r=0 y=2 c0=t606 c1=IDLE0
14024 core=0 suspend t611 r=0 y=0 c0=t606 c1=IDLE0
14025 core=1 suspend t611 r=0 y=0 c0=t606 c1=IDLE0
14026 core=0 give r=0 y=0 c0=t606 c1=IDLE0
14027 core=0 delay t606 2 r=0 y=1 c0=IDLE1 c1=IDLE0
14028 core=1 noop r=0 y=0 c0=IDLE1 c1=IDLE0
14029 core=1 suspend t624 r=0 y=0 c0=IDLE1 c1=IDLE0
14030 core=1 noop r=0 y=0 c0=IDLE1 c1=IDLE0
14031 core=0 give_isr r=0 y=0 c0=IDLE1 c1=IDLE0
14032 core=0 resume t627 r=0 y=0 c0=IDLE1 c1=IDLE0
14033 core=1 suspend t611 r=0 y=0 c0=IDLE1 c1=IDLE0
14034 core=0 noop r=0 y=0 c0=IDLE1 c1=IDLE0
14035 core=0 tick r=1 y=3 c0=IDLE1 c1=IDLE0
14036 core=0 tick r=1 y=3 c0=t606 c1=IDLE1
14037 core=1 suspend t624 r=0 y=0 c0=t606 c1=IDLE1
14038 core=0 noop r=0 y=0 c0=t606 c1=IDLE1
14039 core=0 tick r=0 y=2 c0=t606 c1=IDLE0
14040 core=0 tick r=0 y=2 c0=t606 c1=IDLE1
14041 core=1 delete 4 t628 r=0 y=0 c0=t606 c1=IDLE1
14042 core=1 give_isr r=0 y=0 c0=t606 c1=IDLE1
14043 core=1 resume t627 r=0 y=0 c0=t606 c1=IDLE1
14044 core=1 noop r=0 y=0 c0=t606 c1=IDLE1
14045 core=0 tick r=0 y=2 c0=t606 c1=t627
14046 core=0 noop r=0 y=0 c0=t606 c1=t627
14047 core=1 give r=0 y=0 c0=t606 c1=t627
14048 core=0 delay t606 5 r=0 y=1 c0=IDLE0 c1=t627
14049 core=0 prio t623 1 r=0 y=0 c0=IDLE0 c1=t627
14050 core=1 give r=0 y=0 c0=IDLE0 c1=t627
14051 core=0 tick r=1 y=1 c0=IDLE1 c1=t627
14052 core=0 give_isr r=0 y=0 c0=IDLE1 c1=t627
14053 core=0 noop r=0 y=0 c0=IDLE1 c1=t627
14054 core=1 take t627 r=1 y=0 c0=IDLE1 c1=t627
14055 core=0 give r=1 y=0 c0=IDLE1 c1=t627
14056 core=0 noop r=0 y=0 c0=IDLE1 c1=t627
14057 core=1 give r=0 y=0 c0=IDLE1 c1=t627
14058 core=1 noop r=0 y=0 c0=IDLE1 c1=t627
14059 core=1 noop r=0 y=0 c0=IDLE1 c1=t627
14060 core=1 delay t627 4 r=0 y=2 c0=IDLE1 c1=IDLE0
14061 core=0 tick r=1 y=3 c0=IDLE1 c1=IDLE0
14062 core=0 yield r=0 y=1 c0=IDLE1 c1=IDLE0
14063 core=1 noop r=0 y=0 c0=IDLE1 c1=IDLE0
14064 core=1 noop r=0 y=0 c0=IDLE1 c1=IDLE0
14065 core=1 noop r=0 y=0 c0=IDLE1 c1=IDLE0
14066 core=1 resume t606 r=0 y=0 c0=IDLE1 c1=IDLE0
14067 core=0 suspend t611 r=0 y=0 c0=IDLE1 c1=IDLE0
14068 core=0 give_isr r=0 y=0 c0=IDLE1 c1=IDLE0
14069 core=1 resume t623 r=0 y=2 c0=IDLE1 c1=t623
14070 core=1 delay t623 2 r=0 y=2 c0=IDLE1 c1=IDLE0
14071 core=1 suspend t606 r=0 y=0 c0=IDLE1 c1=IDLE0
14072 core=1 noop r=0 y=0 c0=IDLE1 c1=IDLE0
14073 core=0 tick r=1 y=3 c0=IDLE1 c1=IDLE0
14074 core=0 give_isr r=0 y=0 c0=IDLE1 c1=IDLE0
14075 core=1 noop r=0 y=0 c0=IDLE1 c1=IDLE0
14076 core=0 noop r=0 y=0 c0=IDLE1 c1=IDLE0
14077 core=1 prio t606 1 r=0 y=0 c0=IDLE1 c1=IDLE0
14078 core=0 give_isr r=0 y=0 c0=IDLE1 c1=IDLE0
14079 core=1 noop r=0 y=0 c0=IDLE1 c1=IDLE0
14080 core=0 noop r=0 y=0 c0=IDLE1 c1=IDLE0
14081 core=0 tick r=1 y=3 c0=t623 c1=IDLE1
14082 core=0 tick r=0 y=2 c0=t623 c1=t627
14083 core=0 tick r=0 y=0 c0=t623 c1=t627
14084 core=0 resume t611 r=0 y=0 c0=t623 c1=t627
14085 core=1 suspend t624 r=0 y=0 c0=t623 c1=t627
14086 core=0 tick r=1 y=1 c0=t611 c1=t627
14087 core=1 noop r=0 y=0 c0=t611 c1=t627
14088 core=0 suspend t627 r=0 y=2 c0=t611 c1=t623
14089 core=1 resume t627 r=0 y=2 c0=t611 c1=t627
14090 core=1 give_isr r=0 y=0 c0=t611 c1=t627
14091 core=1 create 3 t631 p2 r=1 y=1 c0=t631 c1=t627
14092 core=0 give_isr r=0 y=0 c0=t631 c1=t627
14093 core=1 prio t623 2 r=0 y=0 c0=t631 c1=t627
14094 core=0 delay t631 3 r=0 y=1 c0=t623 c1=t627
14095 core=1 resume t624 r=0 y=0 c0=t623 c1=t627
14096 core=0 suspend t627 r=0 y=2 c0=t623 c1=t611
14097 core=1 delete 3 t631 r=0 y=0 c0=t623 c1=t611
14098 core=0 tick r=0 y=2 c0=t623 c1=t624
14099 core=0 delete 9 t606 r=0 y=0 c0=t623 c1=t624
14100 core=1 noop r=0 y=0 c0=t623 c1=t624
14101 core=1 give r=0 y=0 c0=t623 c1=t624
14102 core=1 resume t623 r=0 y=0 c0=t623 c1=t624
14103 core=0 suspend t627 r=0 y=0 c0=t623 c1=t624
14104 core=0 take t623 r=1 y=0 c0=t623 c1=t624
14105 core=1 noop r=0 y=0 c0=t623 c1=t624
14106 core=0 yield r=0 y=1 c0=t623 c1=t624
14107 core=1 create 9 t632 p2 r=1 y=2 c0=t623 c1=t632
14108 core=1 prio t611 2 r=0 y=0 c0=t623 c1=t632
14109 core=1 suspend t611 r=0 y=0 c0=t623 c1=t632
14110 core=1 yield r=0 y=2 c0=t623 c1=t632
14111 core=0 give r=1 y=0 c0=t623 c1=t632
14112 core=0 tick r=1 y=3 c0=t623 c1=t632
14113 core=1 delay t632 5 r=0 y=2 c0=t623 c1=t624
14114 core=0 yield r=0 y=1 c0=t623 c1=t624
14115 core=0 prio t624 0 r=0 y=2 c0=t623 c1=IDLE0
14116 core=0 noop r=0 y=0 c0=t623 c1=IDLE0
14117 core=1 noop r=0 y=0 c0=t623 c1=IDLE0
14118 core=1 resume t632 r=0 y=0 c0=t623 c1=IDLE0
14119 core=1 give_isr r=0 y=0 c0=t623 c1=IDLE0
14120 core=0 create 7 t633 p3 r=1 y=2 c0=t623 c1=t633
14121 core=1 delete 2 t627 r=0 y=0 c0=t623 c1=t633
14122 core=0 delete 1 t629 r=0 y=0 c0=t623 c1=t633
14123 core=1 noop r=0 y=0 c0=t623 c1=t633
14124 core=0 create 1 t634 p0 r=1 y=0 c0=t623 c1=t633
14125 core=0 give r=0 y=0 c0=t623 c1=t633
14126 core=0 create 4 t635 p1 r=1 y=0 c0=t623 c1=t633
14127 core=1 delete 7 t633 r=0 y=2 c0=t623 c1=t635
14128 core=1 give_isr r=0 y=0 c0=t623 c1=t635
14129 core=1 resume t632 r=0 y=0 c0=t623 c1=t635
14130 core=0 prio t635 1 r=0 y=0 c0=t623 c1=t635
14131 core=0 create 0 t636 p2 r=1 y=2 c0=t623 c1=t636
14132 core=0 delay t623 2 r=0 y=1 c0=t635 c1=t636
14133 core=0 take t635 r=1 y=0 c0=t635 c1=t636
14134 core=0 delete 4 t635 r=0 y=1 c0=IDLE1 c1=t636
14135 core=1 take t636 r=0 y=0 c0=IDLE1 c1=t636
14136 core=0 prio t634 0 r=0 y=0 c0=IDLE1 c1=t636
14137 core=1 take t636 r=0 y=0 c0=IDLE1 c1=t636
14138 core=1 resume t624 r=0 y=0 c0=IDLE1 c1=t636
14139 core=1 delete 6 t611 r=0 y=0 c0=IDLE1 c1=t636
14140 core=0 give_isr r=1 y=0 c0=IDLE1 c1=t636
14141 core=0 noop r=0 y=0 c0=IDLE1 c1=t636
14142 core=1 noop r=0 y=0 c0=IDLE1 c1=t636
14143 core=1 give r=0 y=0 c0=IDLE1 c1=t636
14144 core=0 suspend t634 r=0 y=0 c0=IDLE1 c1=t636
14145 core=0 tick r=1 y=1 c0=t624 c1=t636
14146 core=0 take t624 r=1 y=0 c0=t624 c1=t636
14147 core=1 create 6 t637 p0 r=1 y=0 c0=t624 c1=t636
14148 core=0 delete 0 t636 r=0 y=2 c0=t624 c1=IDLE0
14149 core=1 noop r=0 y=0 c0=t624 c1=IDLE0
14150 core=0 prio t623 3 r=0 y=0 c0=t624 c1=IDLE0
14151 core=1 delete 8 t624 r=0 y=1 c0=IDLE1 c1=IDLE0
14152 core=1 noop r=0 y=0 c0=IDLE1 c1=IDLE0
14153 core=0 noop r=0 y=0 c0=IDLE1 c1=IDLE0
14154 core=1 prio t634 0 r=0 y=0 c0=IDLE1 c1=IDLE0
14155 core=0 noop r=0 y=0 c0=IDLE1 c1=IDLE0
14156 core=0 noop r=0 y=0 c0=IDLE1 c1=IDLE0
14157 core=1 prio t634 3 r=0 y=0 c0=IDLE1 c1=IDLE0
14158 core=1 give_isr r=1 y=0 c0=IDLE1 c1=IDLE0
14159 core=1 noop r=0 y=0 c0=IDLE1 c1=IDLE0
14160 core=0 resume t634 r=0 y=2 c0=IDLE1 c1=t634
14161 core=0 noop r=0 y=0 c0=IDLE1 c1=t634
14162 core=0 tick r=1 y=3 c0=t623 c1=t634
14163 core=0 delay t623 3 r=0 y=1 c0=t637 c1=t634
14164 core=1 noop r=0 y=0 c0=t637 c1=t634
14165 core=0 give_isr r=0 y=0 c0=t637 c1=t634
14166 core=1 give r=0 y=0 c0=t637 c1=t634
14167 core=0 give r=0 y=0 c0=t637 c1=t634
14168 core=0 delete 1 t634 r=0 y=2 c0=t637 c1=IDLE0
14169 core=0 tick r=1 y=3 c0=IDLE1 c1=t637
14170 core=0 delete 9 t632 r=0 y=0 c0=IDLE1 c1=t637
14171 core=1 prio t637 0 r=0 y=0 c0=IDLE1 c1=t637
14172 core=1 give_isr r=0 y=0 c0=IDLE1 c1=t637
14173 core=1 resume t623 r=0 y=0 c0=IDLE1 c1=t637
14174 core=0 give_isr r=0 y=0 c0=IDLE1 c1=t637
14175 core=0 noop r=0 y=0 c0=IDLE1 c1=t637
14176 core=1 noop r=0 y=0 c0=IDLE1 c1=t637
14177 core=1 create 2 t638 p3 r=1 y=1 c0=t638 c1=t637
14178 core=0 tick r=0 y=2 c0=t638 c1=IDLE0
14179 core=1 delete 2 t638 r=0 y=1 c0=IDLE1 c1=IDLE0
14180 core=0 noop r=0 y=0 c0=IDLE1 c1=IDLE0
14181 core=1 noop r=0 y=0 c0=IDLE1 c1=IDLE0
14182 core=0 create 0 t639 p0 r=1 y=2 c0=IDLE1 c1=t637
14183 core=0 yield r=0 y=1 c0=t639 c1=t637
14184 core=1 create 8 t640 p2 r=1 y=2 c0=t639 c1=t640
14185 core=0 take t639 r=1 y=0 c0=t639 c1=t640
14186 core=1 give r=1 y=0 c0=t639 c1=t640
14187 core=0 tick r=1 y=1 c0=t623 c1=t640
14188 core=0 noop r=0 y=0 c0=t623 c1=t640
14189 core=1 noop r=0 y=0 c0=t623 c1=t640
14190 core=0 noop r=0 y=0 c0=t623 c1=t640
14191 core=0 noop r=0 y=0 c0=t623 c1=t640
14192 core=0 create 1 t641 p0 r=1 y=0 c0=t623 c1=t640
14193 core=0 noop r=0 y=0 c0=t623 c1=t640
14194 core=0 tick r=0 y=0 c0=t623 c1=t640
14195 core=0 create 3 t642 p3 r=1 y=2 c0=t623 c1=t642
14196 core=0 take t623 r=1 y=0 c0=t623 c1=t642
14197 core=0 noop r=0 y=0 c0=t623 c1=t642
14198 core=0 take t623 r=0 y=0 c0=t623 c1=t642
14199 core=0 noop r=0 y=0 c0=t623 c1=t642
14200 core=0 resume t623 r=0 y=0 c0=t623 c1=t642
14201 core=0 yield r=0 y=1 c0=t623 c1=t642
14202 core=0 tick r=1 y=3 c0=t623 c1=t642
14203 core=0 give r=1 y=0 c0=t623 c1=t642
14204 core=0 take t623 r=1 y=0 c0=t623 c1=t642
14205 core=0 resume t637 r=0 y=0 c0=t623 c1=t642
14206 core=0 resume t623 r=0 y=0 c0=t623 c1=t642
14207 core=0 delete 5 t623 r=0 y=1 c0=t640 c1=t642
14208 core=0 yield r=0 y=1 c0=t640 c1=t642
14209 core=1 delete 3 t642 r=0 y=2 c0=t640 c1=IDLE0
14210 core=1 give_isr r=1 y=0 c0=t640 c1=IDLE0
14211 core=0 noop r=0 y=0 c0=t640 c1=IDLE0
14212 core=1 resume t641 r=0 y=0 c0=t640 c1=IDLE0
14213 core=1 noop r=0 y=0 c0=t640 c1=IDLE0
14214 core=1 prio t639 3 r=0 y=2 c0=t640 c1=t639
14215 core=0 noop r=0 y=0 c0=t640 c1=t639
14216 core=0 noop r=0 y=0 c0=t640 c1=t639
14217 core=0 noop r=0 y=0 c0=t640 c1=t639
14218 core=1 take t639 r=1 y=0 c0=t640 c1=t639
14219 core=0 give_isr r=1 y=0 c0=t640 c1=t639
14220 core=1 create 5 t643 p3 r=1 y=1 c0=t643 c1=t639
14221 core=1 prio t640 2 r=0 y=0 c0=t643 c1=t639
14222 core=0 delay t643 3 r=0 y=1 c0=t640 c1=t639
14223 core=1 give r=0 y=0 c0=t640 c1=t639
14224 core=0 noop r=0 y=0 c0=t640 c1=t639
14225 core=1 create 7 t644 p2 r=1 y=0 c0=t640 c1=t639
14226 core=1 resume t641 r=0 y=0 c0=t640 c1=t639
14227 core=1 prio t639 2 r=0 y=2 c0=t640 c1=t644
14228 core=0 yield r=0 y=1 c0=t639 c1=t644
14229 core=1 take t644 r=1 y=0 c0=t639 c1=t644
14230 core=1 noop r=0 y=0 c0=t639 c1=t644
14231 core=0 tick r=1 y=3 c0=t640 c1=t639
14232 core=1 noop r=0 y=0 c0=t640 c1=t639
14233 core=0 yield r=0 y=1 c0=t644 c1=t639
14234 core=0 resume t639 r=0 y=0 c0=t644 c1=t639
14235 core=0 noop r=0 y=0 c0=t644 c1=t639
14236 core=0 suspend t641 r=0 y=0 c0=t644 c1=t639
14237 core=1 give_isr r=1 y=0 c0=t644 c1=t639
14238 core=1 suspend t644 r=0 y=1 c0=t640 c1=t639
14239 core=1 delete 1 t641 r=0 y=0 c0=t640 c1=t639
14240 core=0 noop r=0 y=0 c0=t640 c1=t639
14241 core=1 resume t637 r=0 y=0 c0=t640 c1=t639
14242 core=1 take t639 r=1 y=0 c0=t640 c1=t639
14243 core=0 noop r=0 y=0 c0=t640 c1=t639
14244 core=0 delete 7 t644 r=0 y=0 c0=t640 c1=t639
14245 core=0 take t640 r=0 y=0 c0=t640 c1=t639
14246 core=0 tick r=1 y=3 c0=t640 c1=t639
14247 core=0 give r=1 y=0 c0=t640 c1=t639
14248 core=0 tick r=1 y=3 c0=t643 c1=t640
14249 core=1 give r=0 y=0 c0=t643 c1=t640
14250 core=0 noop r=0 y=0 c0=t643 c1=t640
14251 core=0 take t643 r=1 y=0 c0=t643 c1=t640
14252 core=1 noop r=0 y=0 c0=t643 c1=t640
14253 core=1 prio t639 2 r=0 y=0 c0=t643 c1=t640
14254 core=0 suspend t637 r=0 y=0 c0=t643 c1=t640
14255 core=1 delete 0 t639 r=0 y=0 c0=t643 c1=t640
14256 core=1 noop r=0 y=0 c0=t643 c1=t640
14257 core=0 noop r=0 y=0 c0=t643 c1=t640
14258 core=0 noop r=0 y=0 c0=t643 c1=t640
14259 core=1 noop r=0 y=0 c0=t643 c1=t640
14260 core=1 noop r=0 y=0 c0=t643 c1=t640
14261 core=1 noop r=0 y=0 c0=t643 c1=t640
14262 core=0 delay t643 4 r=0 y=1 c0=IDLE1 c1=t640
14263 core=1 create 0 t645 p2 r=1 y=1 c0=t645 c1=t640
14264 core=1 noop r=0 y=0 c0=t645 c1=t640
14265 core=1 suspend t640 r=0 y=2 c0=t645 c1=IDLE0
14266 core=1 noop r=0 y=0 c0=t645 c1=IDLE0
14267 core=0 noop r=0 y=0 c0=t645 c1=IDLE0
14268 core=0 yield r=0 y=1 c0=t645 c1=IDLE0
14269 core=1 give_isr r=1 y=0 c0=t645 c1=IDLE0
14270 core=0 create 1 t646 p0 r=1 y=2 c0=t645 c1=IDLE1
14271 core=0 noop r=0 y=0 c0=t645 c1=IDLE1
14272 core=0 delete 8 t640 r=0 y=0 c0=t645 c1=IDLE1
14273 core=0 give r=0 y=0 c0=t645 c1=IDLE1
14274 core=1 give_isr r=0 y=0 c0=t645 c1=IDLE1
14275 core=0 take t645 r=1 y=0 c0=t645 c1=IDLE1
14276 core=0 take t645 r=0 y=0 c0=t645 c1=IDLE1
14277 core=0 delete 5 t643 r=0 y=0 c0=t645 c1=IDLE1
14278 core=1 noop r=0 y=0 c0=t645 c1=IDLE1
14279 core=0 give r=1 y=0 c0=t645 c1=IDLE1
14280 core=1 noop r=0 y=0 c0=t645 c1=IDLE1
14281 core=0 create 2 t647 p3 r=1 y=2 c0=t645 c1=t647
14282 core=1 yield r=0 y=2 c0=t645 c1=t647
14283 core=0 give r=0 y=0 c0=t645 c1=t647
14284 core=0 delay t645 3 r=0 y=1 c0=t646 c1=t647
14285 core=0 tick r=1 y=1 c0=IDLE0 c1=t647
14286 core=0 noop r=0 y=0 c0=IDLE0 c1=t647
14287 core=1 give r=0 y=0 c0=IDLE0 c1=t647
14288 core=1 delay t647 3 r=0 y=2 c0=IDLE0 c1=IDLE1
14289 core=0 noop r=0 y=0 c0=IDLE0 c1=IDLE1
14290 core=0 give_isr r=0 y=0 c0=IDLE0 c1=IDLE1
14291 core=1 prio t646 3 r=0 y=2 c0=IDLE0 c1=t646
14292 core=0 noop r=0 y=0 c0=IDLE0 c1=t646
14293 core=0 give r=0 y=0 c0=IDLE0 c1=t646
14294 core=0 noop r=0 y=0 c0=IDLE0 c1=t646
14295 core=1 create 9 t648 p3 r=1 y=1 c0=t648 c1=t646
14296 core=0 create 4 t649 p2 r=1 y=0 c0=t648 c1=t646
14297 core=1 give r=0 y=0 c0=t648 c1=t646
14298 core=0 give_isr r=0 y=0 c0=t648 c1=t646
14299 core=0 tick r=1 y=3 c0=t648 c1=t646
14300 core=1 resume t645 r=0 y=0 c0=t648 c1=t646
14301 core=0 suspend t646 r=0 y=2 c0=t648 c1=t649
14302 core=0 noop r=0 y=0 c0=t648 c1=t649
14303 core=0 delay t648 3 r=0 y=1 c0=IDLE1 c1=t649
14304 core=1 take t649 r=1 y=0 c0=IDLE1 c1=t649
14305 core=0 noop r=0 y=0 c0=IDLE1 c1=t649
14306 core=1 delete 2 t647 r=0 y=0 c0=IDLE1 c1=t649
14307 core=1 noop r=0 y=0 c0=IDLE1 c1=t649
14308 core=1 delay t649 5 r=0 y=2 c0=IDLE1 c1=IDLE0
14309 core=1 noop r=0 y=0 c0=IDLE1 c1=IDLE0
14310 core=0 give r=1 y=0 c0=IDLE1 c1=IDLE0
14311 core=0 noop r=0 y=0 c0=IDLE1 c1=IDLE0
14312 core=0 noop r=0 y=0 c0=IDLE1 c1=IDLE0
14313 core=1 noop r=0 y=0 c0=IDLE1 c1=IDLE0
14314 core=1 resume t645 r=0 y=0 c0=IDLE1 c1=IDLE0
14315 core=1 noop r=0 y=0 c0=IDLE1 c1=IDLE0
14316 core=1 noop r=0 y=0 c0=IDLE1 c1=IDLE0
14317 core=1 give r=0 y=0 c0=IDLE1 c1=IDLE0
14318 core=1 delete 4 t649 r=0 y=0 c0=IDLE1 c1=IDLE0
14319 core=1 noop r=0 y=0 c0=IDLE1 c1=IDLE0
14320 core=0 noop r=0 y=0 c0=IDLE1 c1=IDLE0
14321 core=0 tick r=1 y=3 c0=t645 c1=IDLE1
14322 core=0 noop r=0 y=0 c0=t645 c1=IDLE1
14323 core=0 suspend t646 r=0 y=0 c0=t645 c1=IDLE1
14324 core=0 noop r=0 y=0 c0=t645 c1=IDLE1
14325 core=0 suspend t648 r=0 y=0 c0=t645 c1=IDLE1
14326 core=0 delay t645 5 r=0 y=1 c0=IDLE0 c1=IDLE1
14327 core=1 noop r=0 y=0 c0=IDLE0 c1=IDLE1
14328 core=0 tick r=1 y=3 c0=IDLE0 c1=IDLE1
14329 core=1 create 4 t650 p1 r=1 y=2 c0=IDLE0 c1=t650
14330 core=0 suspend t648 r=0 y=0 c0=IDLE0 c1=t650
14331 core=1 noop r=0 y=0 c0=IDLE0 c1=t650
14332 core=0 noop r=0 y=0 c0=IDLE0 c1=t650
14333 core=1 give r=0 y=0 c0=IDLE0 c1=t650
14334 core=0 create 7 t651 p3 r=1 y=1 c0=t651 c1=t650
14335 core=1 take t650 r=1 y=0 c0=t651 c1=t650
14336 core=0 noop r=0 y=0 c0=t651 c1=t650
14337 core=0 suspend t651 r=0 y=1 c0=IDLE1 c1=t650
14338 core=1 resume t646 r=0 y=1 c0=t646 c1=t650
14339 core=1 noop r=0 y=0 c0=t646 c1=t650
14340 core=0 tick r=0 y=0 c0=t646 c1=t650
14341 core=0 noop r=0 y=0 c0=t646 c1=t650
14342 core=0 delete 1 t646 r=0 y=1 c0=IDLE0 c1=t650
14343 core=0 give_isr r=1 y=0 c0=IDLE0 c1=t650
14344 core=1 resume t645 r=0 y=0 c0=IDLE0 c1=t650
14345 core=0 noop r=0 y=0 c0=IDLE0 c1=t650
14346 core=0 tick r=1 y=1 c0=IDLE1 c1=t650
14347 core=0 give_isr r=0 y=0 c0=IDLE1 c1=t650
14348 core=0 noop r=0 y=0 c0=IDLE1 c1=t650
14349 core=0 give_isr r=0 y=0 c0=IDLE1 c1=t650
14350 core=0 noop r=0 y=0 c0=IDLE1 c1=t650
14351 core=1 noop r=0 y=0 c0=IDLE1 c1=t650
14352 core=0 delete 6 t637 r=0 y=0 c0=IDLE1 c1=t650
14353 core=0 noop r=0 y=0 c0=IDLE1 c1=t650
14354 core=1 give r=0 y=0 c0=IDLE1 c1=t650
14355 core=1 noop r=0 y=0 c0=IDLE1 c1=t650
14356 core=0 noop r=0 y=0 c0=IDLE1 c1=t650
14357 core=1 take t650 r=1 y=0 c0=IDLE1 c1=t650
14358 core=0 tick r=1 y=1 c0=IDLE0 c1=t650
14359 core=1 suspend t651 r=0 y=0 c0=IDLE0 c1=t650
14360 core=1 prio t650 1 r=0 y=0 c0=IDLE0 c1=t650
14361 core=0 noop r=0 y=0 c0=IDLE0 c1=t650
14362 core=1 delete 9 t648 r=0 y=0 c0=IDLE0 c1=t650
14363 core=0 suspend t645 r=0 y=0 c0=IDLE0 c1=t650
14364 core=0 noop r=0 y=0 c0=IDLE0 c1=t650
14365 core=0 noop r=0 y=0 c0=IDLE0 c1=t650
14366 core=1 prio t645 0 r=0 y=0 c0=IDLE0 c1=t650
14367 core=0 noop r=0 y=0 c0=IDLE0 c1=t650
14368 core=0 create 8 t652 p3 r=1 y=1 c0=t652 c1=t650
14369 core=0 tick r=0 y=0 c0=t652 c1=t650
14370 core=1 noop r=0 y=0 c0=t652 c1=t650
14371 core=1 give_isr r=1 y=0 c0=t652 c1=t650
14372 core=1 take t650 r=1 y=0 c0=t652 c1=t650
14373 core=0 tick r=0 y=0 c0=t652 c1=t650
14374 core=0 tick r=0 y=0 c0=t652 c1=t650
14375 core=1 give r=1 y=0 c0=t652 c1=t650
14376 core=1 yield r=0 y=2 c0=t652 c1=t650
14377 core=0 delay t652 5 r=0 y=1 c0=IDLE1 c1=t650
14378 core=1 noop r=0 y=0 c0=IDLE1 c1=t650
14379 core=0 suspend t650 r=0 y=2 c0=IDLE1 c1=IDLE0
14380 core=0 noop r=0 y=0 c0=IDLE1 c1=IDLE0
14381 core=0 tick r=1 y=3 c0=IDLE1 c1=IDLE0
14382 core=1 create 1 t653 p1 r=1 y=2 c0=IDLE1 c1=t653
14383 core=1 noop r=0 y=0 c0=IDLE1 c1=t653
14384 core=0 tick r=1 y=1 c0=IDLE0 c1=t653
14385 core=0 yield r=0 y=1 c0=IDLE1 c1=t653
14386 core=0 noop r=0 y=0 c0=IDLE1 c1=t653
14387 core=0 yield r=0 y=1 c0=IDLE0 c1=t653
14388 core=0 resume t652 r=0 y=0 c0=IDLE0 c1=t653
14389 core=0 create 9 t654 p3 r=1 y=1 c0=t654 c1=t653
14390 core=0 give_isr r=0 y=0 c0=t654 c1=t653
14391 core=0 delay t654 4 r=0 y=1 c0=IDLE1 c1=t653
14392 core=0 tick r=1 y=1 c0=IDLE0 c1=t653
14393 core=0 noop r=0 y=0 c0=IDLE0 c1=t653
14394 core=0 give r=0 y=0 c0=IDLE0 c1=t653
14395 core=1 give_isr r=0 y=0 c0=IDLE0 c1=t653
14396 core=1 create 2 t655 p2 r=1 y=1 c0=t655 c1=t653
14397 core=0 delay t655 3 r=0 y=1 c0=IDLE1 c1=t653
14398 core=1 suspend t653 r=0 y=2 c0=IDLE1 c1=IDLE0
14399 core=1 noop r=0 y=0 c0=IDLE1 c1=IDLE0
14400 core=1 prio t652 0 r=0 y=0 c0=IDLE1 c1=IDLE0
14401 core=1 resume t651 r=0 y=2 c0=IDLE1 c1=t651
14402 core=0 tick r=1 y=1 c0=IDLE0 c1=t651
14403 core=1 suspend t650 r=0 y=0 c0=IDLE0 c1=t651
14404 core=1 noop r=0 y=0 c0=IDLE0 c1=t651
14405 core=1 resume t655 r=0 y=0 c0=IDLE0 c1=t651
14406 core=1 noop r=0 y=0 c0=IDLE0 c1=t651
14407 core=0 noop r=0 y=0 c0=IDLE0 c1=t651
14408 core=0 resume t645 r=0 y=1 c0=IDLE1 c1=t651
14409 core=0 suspend t653 r=0 y=0 c0=IDLE1 c1=t651
14410 core=1 give r=0 y=0 c0=IDLE1 c1=t651
14411 core=0 tick r=1 y=1 c0=t645 c1=t651
14412 core=1 suspend t655 r=0 y=0 c0=t645 c1=t651
14413 core=1 noop r=0 y=0 c0=t645 c1=t651
14414 core=0 noop r=0 y=0 c0=t645 c1=t651
14415 core=0 tick r=1 y=3 c0=t654 c1=t651
14416 core=0 noop r=0 y=0 c0=t654 c1=t651
14417 core=0 suspend t650 r=0 y=0 c0=t654 c1=t651
14418 core=1 create 5 t656 p3 r=1 y=0 c0=t654 c1=t651
14419 core=1 resume t652 r=0 y=0 c0=t654 c1=t651
14420 core=1 prio t652 0 r=0 y=0 c0=t654 c1=t651
14421 core=0 yield r=0 y=1 c0=t656 c1=t651
14422 core=0 tick r=1 y=3 c0=t654 c1=t656
14423 core=1 create 6 t657 p2 r=1 y=0 c0=t654 c1=t656
14424 core=0 prio t652 3 r=0 y=0 c0=t654 c1=t656
14425 core=0 delay t654 4 r=0 y=1 c0=t651 c1=t656
14426 core=0 resume t656 r=0 y=0 c0=t651 c1=t656
14427 core=0 noop r=0 y=0 c0=t651 c1=t656
14428 core=0 resume t655 r=0 y=0 c0=t651 c1=t656
14429 core=0 take t651 r=1 y=0 c0=t651 c1=t656
14430 core=0 delay t651 2 r=0 y=1 c0=t652 c1=t656
14431 core=0 tick r=1 y=3 c0=t652 c1=t656
14432 core=1 resume t652 r=0 y=0 c0=t652 c1=t656
14433 core=0 give r=1 y=0 c0=t652 c1=t656
14434 core=0 prio t655 3 r=0 y=0 c0=t652 c1=t656
14435 core=0 delete 4 t650 r=0 y=0 c0=t652 c1=t656
14436 core=1 resume t654 r=0 y=0 c0=t652 c1=t656
14437 core=1 resume t651 r=0 y=0 c0=t652 c1=t656
14438 core=0 take t652 r=1 y=0 c0=t652 c1=t656
14439 core=0 tick r=1 y=3 c0=t655 c1=t651
14440 core=0 tick r=1 y=3 c0=t652 c1=t656
14441 core=0 take t652 r=0 y=0 c0=t652 c1=t656
14442 core=0 give r=1 y=0 c0=t652 c1=t656
14443 core=0 delete 5 t656 r=0 y=2 c0=t652 c1=t655
14444 core=1 give r=0 y=0 c0=t652 c1=t655
14445 core=0 create 3 t658 p3 r=1 y=0 c0=t652 c1=t655
14446 core=1 suspend t657 r=0 y=0 c0=t652 c1=t655
14447 core=0 noop r=0 y=0 c0=t652 c1=t655
14448 core=1 suspend t654 r=0 y=0 c0=t652 c1=t655
14449 core=0 noop r=0 y=0 c0=t652 c1=t655
14450 core=0 give_isr r=0 y=0 c0=t652 c1=t655
14451 core=1 give_isr r=0 y=0 c0=t652 c1=t655
14452 core=0 resume t654 r=0 y=0 c0=t652 c1=t655
14453 core=1 give r=0 y=0 c0=t652 c1=t655
14454 core=1 suspend t652 r=0 y=1 c0=t651 c1=t655
14455 core=0 delay t651 5 r=0 y=1 c0=t658 c1=t655
14456 core=1 take t655 r=1 y=0 c0=t658 c1=t655
14457 core=0 prio t654 1 r=0 y=0 c0=t658 c1=t655
14458 core=1 take t655 r=0 y=0 c0=t658 c1=t655
14459 core=0 tick r=1 y=3 c0=t658 c1=t655
14460 core=1 yield r=0 y=2 c0=t658 c1=t655
14461 core=1 resume t654 r=0 y=0 c0=t658 c1=t655
14462 core=0 delay t658 2 r=0 y=1 c0=t654 c1=t655
14463 core=0 resume t655 r=0 y=0 c0=t654 c1=t655
14464 core=0 tick r=0 y=0 c0=t654 c1=t655
14465 core=0 delete 2 t655 r=0 y=2 c0=t654 c1=IDLE0
14466 core=0 give_isr r=1 y=0 c0=t654 c1=IDLE0
14467 core=0 give r=0 y=0 c0=t654 c1=IDLE0
14468 core=1 noop r=0 y=0 c0=t654 c1=IDLE0
14469 core=0 delay t654 4 r=0 y=1 c0=IDLE1 c1=IDLE0
14470 core=0 give r=0 y=0 c0=IDLE1 c1=IDLE0
14471 core=0 delete 7 t651 r=0 y=0 c0=IDLE1 c1=IDLE0
14472 core=1 give r=0 y=0 c0=IDLE1 c1=IDLE0
14473 core=0 noop r=0 y=0 c0=IDLE1 c1=IDLE0
14474 core=0 tick r=1 y=3 c0=t658 c1=t645
14475 core=0 tick r=0 y=2 c0=t658 c1=IDLE1
14476 core=0 give r=0 y=0 c0=t658 c1=IDLE1
14477 core=1 prio t654 3 r=0 y=0 c0=t658 c1=IDLE1
14478 core=1 noop r=0 y=0 c0=t658 c1=IDLE1
14479 core=0 noop r=0 y=0 c0=t658 c1=IDLE1
14480 core=1 noop r=0 y=0 c0=t658 c1=IDLE1
14481 core=0 delay t658 1 r=0 y=1 c0=IDLE0 c1=IDLE1
14482 core=0 noop r=0 y=0 c0=IDLE0 c1=IDLE1
14483 core=0 yield r=0 y=1 c0=t645 c1=IDLE1
14484 core=1 noop r=0 y=0 c0=t645 c1=IDLE1
14485 core=0 delete 0 t645 r=0 y=1 c0=IDLE0 c1=IDLE1
14486 core=0 yield r=0 y=1 c0=IDLE0 c1=IDLE1
14487 core=0 yield r=0 y=1 c0=IDLE0 c1=IDLE1
14488 core=0 noop r=0 y=0 c0=IDLE0 c1=IDLE1
14489 core=1 delete 6 t657 r=0 y=0 c0=IDLE0 c1=IDLE1
14490 core=1 noop r=0 y=0 c0=IDLE0 c1=IDLE1
14491 core=0 tick r=1 y=3 c0=t658 c1=IDLE0
14492 core=0 tick r=1 y=3 c0=t654 c1=t658
14493 core=0 noop r=0 y=0 c0=t654 c1=t658
14494 core=1 suspend t658 r=0 y=2 c0=t654 c1=IDLE1
14495 core=1 suspend t654 r=0 y=1 c0=IDLE0 c1=IDLE1
14496 core=0 noop r=0 y=0 c0=IDLE0 c1=IDLE1
14497 core=1 noop r=0 y=0 c0=IDLE0 c1=IDLE1
14498 core=0 noop r=0 y=0 c0=IDLE0 c1=IDLE1
14499 core=1 noop r=0 y=0 c0=IDLE0 c1=IDLE1
14500 core=0 noop r=0 y=0 c0=IDLE0 c1=IDLE1
14501 core=0 tick r=1 y=3 c0=IDLE0 c1=IDLE1
14502 core=0 tick r=1 y=3 c0=IDLE0 c1=IDLE1
14503 core=1 noop r=0 y=0 c0=IDLE0 c1=IDLE1
14504 core=0 tick r=1 y=3 c0=IDLE0 c1=IDLE1
14505 core=1 delete 8 t652 r=0 y=0 c0=IDLE0 c1=IDLE1
14506 core=0 delete 1 t653 r=0 y=0 c0=IDLE0 c1=IDLE1
14507 core=0 noop r=0 y=0 c0=IDLE0 c1=IDLE1
14508 core=1 noop r=0 y=0 c0=IDLE0 c1=IDLE1
14509 core=0 tick r=1 y=3 c0=IDLE0 c1=IDLE1
14510 core=1 noop r=0 y=0 c0=IDLE0 c1=IDLE1
14511 core=1 noop r=0 y=0 c0=IDLE0 c1=IDLE1
14512 core=1 give_isr r=0 y=0 c0=IDLE0 c1=IDLE1
14513 core=0 yield r=0 y=1 c0=IDLE0 c1=IDLE1
14514 core=1 create 7 t659 p0 r=1 y=2 c0=IDLE0 c1=t659
14515 core=1 noop r=0 y=0 c0=IDLE0 c1=t659
14516 core=1 delay t659 5 r=0 y=2 c0=IDLE0 c1=IDLE1
14517 core=0 tick r=1 y=3 c0=IDLE0 c1=IDLE1
14518 core=1 noop r=0 y=0 c0=IDLE0 c1=IDLE1
14519 core=0 noop r=0 y=0 c0=IDLE0 c1=IDLE1
14520 core=0 noop r=0 y=0 c0=IDLE0 c1=IDLE1
14521 core=1 noop r=0 y=0 c0=IDLE0 c1=IDLE1
14522 core=0 resume t658 r=0 y=2 c0=IDLE0 c1=t658
14523 core=0 delete 7 t659 r=0 y=0 c0=IDLE0 c1=t658
14524 core=0 tick r=1 y=1 c0=IDLE1 c1=t658
14525 core=0 noop r=0 y=0 c0=IDLE1 c1=t658
14526 core=0 tick r=1 y=1 c0=IDLE0 c1=t658
14527 core=1 prio t654 3 r=0 y=0 c0=IDLE0 c1=t658
14528 core=0 noop r=0 y=0 c0=IDLE0 c1=t658
14529 core=0 give_isr r=0 y=0 c0=IDLE0 c1=t658
14530 core=1 noop r=0 y=0 c0=IDLE0 c1=t658
14531 core=0 create 0 t660 p2 r=1 y=1 c0=t660 c1=t658
14532 core=0 tick r=0 y=0 c0=t660 c1=t658
14533 core=0 take t660 r=1 y=0 c0=t660 c1=t658
14534 core=0 give r=1 y=0 c0=t660 c1=t658
14535 core=0 give r=0 y=0 c0=t660 c1=t658
14536 core=1 delete 3 t658 r=0 y=2 c0=t660 c1=IDLE1
14537 core=0 noop r=0 y=0 c0=t660 c1=IDLE1
14538 core=1 give r=0 y=0 c0=t660 c1=IDLE1
14539 core=0 noop r=0 y=0 c0=t660 c1=IDLE1
14540 core=1 noop r=0 y=0 c0=t660 c1=IDLE1
14541 core=0 delay t660 5 r=0 y=1 c0=IDLE0 c1=IDLE1
14542 core=1 noop r=0 y=0 c0=IDLE0 c1=IDLE1
14543 core=1 noop r=0 y=0 c0=IDLE0 c1=IDLE1
14544 core=0 noop r=0 y=0 c0=IDLE0 c1=IDLE1
14545 core=1 noop r=0 y=0 c0=IDLE0 c1=IDLE1
14546 core=0 resume t660 r=0 y=0 c0=IDLE0 c1=IDLE1
14547 core=0 tick r=1 y=3 c0=IDLE0 c1=IDLE1
14548 core=1 create 4 t661 p0 r=1 y=2 c0=IDLE0 c1=t661
14549 core=1 prio t654 0 r=0 y=0 c0=IDLE0 c1=t661
14550 core=0 noop r=0 y=0 c0=IDLE0 c1=t661
14551 core=1 prio t661 2 r=0 y=0 c0=IDLE0 c1=t661
14552 core=0 give r=0 y=0 c0=IDLE0 c1=t661
14553 core=1 take t661 r=1 y=0 c0=IDLE0 c1=t661
14554 core=0 resume t654 r=0 y=1 c0=IDLE1 c1=t661
14555 core=1 noop r=0 y=0 c0=IDLE1 c1=t661
14556 core=0 noop r=0 y=0 c0=IDLE1 c1=t661
14557 core=0 noop r=0 y=0 c0=IDLE1 c1=t661
14558 core=0 noop r=0 y=0 c0=IDLE1 c1=t661
14559 core=0 tick r=1 y=1 c0=t654 c1=t661
14560 core=1 take t661 r=0 y=0 c0=t654 c1=t661
14561 core=0 noop r=0 y=0 c0=t654 c1=t661
14562 core=0 take t654 r=0 y=0 c0=t654 c1=t661
14563 core=1 suspend t660 r=0 y=0 c0=t654 c1=t661
14564 core=1 delete 4 t661 r=0 y=2 c0=t654 c1=IDLE0
14565 core=0 take t654 r=0 y=0 c0=t654 c1=IDLE0
14566 core=1 yield r=0 y=2 c0=t654 c1=IDLE1
14567 core=1 noop r=0 y=0 c0=t654 c1=IDLE1
14568 core=0 tick r=1 y=3 c0=IDLE0 c1=t654
14569 core=1 noop r=0 y=0 c0=IDLE0 c1=t654
14570 core=0 create 1 t662 p1 r=1 y=1 c0=t662 c1=t654
14571 core=1 take t654 r=0 y=0 c0=t662 c1=t654
14572 core=1 give r=1 y=0 c0=t662 c1=t654
14573 core=1 delay t654 3 r=0 y=2 c0=t662 c1=IDLE1
14574 core=0 give_isr r=0 y=0 c0=t662 c1=IDLE1
14575 core=1 noop r=0 y=0 c0=t662 c1=IDLE1
14576 core=0 resume t662 r=0 y=0 c0=t662 c1=IDLE1
14577 core=1 noop r=0 y=0 c0=t662 c1=IDLE1
14578 core=0 noop r=0 y=0 c0=t662 c1=IDLE1
14579 core=0 give r=0 y=0 c0=t662 c1=IDLE1
14580 core=0 tick r=0 y=2 c0=t662 c1=IDLE0
14581 core=0 tick r=0 y=2 c0=t662 c1=IDLE1
14582 core=1 noop r=0 y=0 c0=t662 c1=IDLE1
14583 core=0 tick r=0 y=2 c0=t662 c1=IDLE0
14584 core=0 give_isr r=0 y=0 c0=t662 c1=IDLE0
14585 core=0 noop r=0 y=0 c0=t662 c1=IDLE0
14586 core=1 noop r=0 y=0 c0=t662 c1=IDLE0
14587 core=0 give r=0 y=0 c0=t662 c1=IDLE0
14588 core=0 take t662 r=1 y=0 c0=t662 c1=IDLE0
14589 core=0 noop r=0 y=0 c0=t662 c1=IDLE0
14590 core=0 delay t662 2 r=0 y=1 c0=t654 c1=IDLE0
14591 core=0 noop r=0 y=0 c0=t654 c1=IDLE0
14592 core=0 tick r=1 y=3 c0=IDLE1 c1=t654
14593 core=1 create 8 t663 p0 r=1 y=1 c0=IDLE0 c1=t654
14594 core=1 create 4 t664 p3 r=1 y=1 c0=t664 c1=t654
14595 core=1 give r=1 y=0 c0=t664 c1=t654
14596 core=0 tick r=0 y=2 c0=t664 c1=t662
14597 core=0 create 3 t665 p0 r=1 y=0 c0=t664 c1=t662
14598 core=0 tick r=0 y=0 c0=t664 c1=t662
14599 core=1 noop r=0 y=0 c0=t664 c1=t662
14600 core=1 noop r=0 y=0 c0=t664 c1=t662
14601 core=1 noop r=0 y=0 c0=t664 c1=t662
14602 core=0 yield r=0 y=1 c0=t664 c1=t662
14603 core=1 yield r=0 y=2 c0=t664 c1=t662
14604 core=1 take t662 r=1 y=0 c0=t664 c1=t662
14605 core=1 delete 3 t665 r=0 y=0 c0=t664 c1=t662
14606 core=1 prio t663 1 r=0 y=0 c0=t664 c1=t662
14607 core=0 give r=1 y=0 c0=t664 c1=t662
14608 core=0 tick r=0 y=2 c0=t664 c1=t663
14609 core=0 tick r=0 y=2 c0=t664 c1=t662
14610 core=0 create 6 t666 p1 r=1 y=0 c0=t664 c1=t662
14611 core=0 noop r=0 y=0 c0=t664 c1=t662
14612 core=1 prio t663 2 r=0 y=2 c0=t664 c1=t663
14613 core=1 noop r=0 y=0 c0=t664 c1=t663
14614 core=1 give_isr r=0 y=0 c0=t664 c1=t663
14615 core=1 prio t662 0 r=0 y=0 c0=t664 c1=t663
14616 core=0 noop r=0 y=0 c0=t664 c1=t663
14617 core=1 noop r=0 y=0 c0=t664 c1=t663
14618 core=1 noop r=0 y=0 c0=t664 c1=t663
14619 core=1 yield r=0 y=2 c0=t664 c1=t663
14620 core=1 noop r=0 y=0 c0=t664 c1=t663
14621 core=1 suspend t660 r=0 y=0 c0=t664 c1=t663
14622 core=0 suspend t660 r=0 y=0 c0=t664 c1=t663
14623 core=1 noop r=0 y=0 c0=t664 c1=t663
14624 core=0 suspend t663 r=0 y=2 c0=t664 c1=t666
14625 core=1 resume t662 r=0 y=0 c0=t664 c1=t666
14626 core=0 delete 6 t666 r=0 y=2 c0=t664 c1=IDLE1
14627 core=0 prio t662 2 r=0 y=2 c0=t664 c1=t662
14628 core=1 delay t662 4 r=0 y=2 c0=t664 c1=IDLE0
14629 core=0 tick r=0 y=2 c0=t664 c1=t654
14630 core=1 resume t663 r=0 y=2 c0=t664 c1=t663
14631 core=0 resume t664 r=0 y=0 c0=t664 c1=t663
14632 core=0 resume t663 r=0 y=0 c0=t664 c1=t663
14633 core=0 noop r=0 y=0 c0=t664 c1=t663
14634 core=0 tick r=0 y=0 c0=t664 c1=t663
14635 core=0 give r=0 y=0 c0=t664 c1=t663
14636 core=1 take t663 r=1 y=0 c0=t664 c1=t663
14637 core=0 give r=1 y=0 c0=t664 c1=t663
14638 core=1 noop r=0 y=0 c0=t664 c1=t663
14639 core=0 yield r=0 y=1 c0=t664 c1=t663
14640 core=0 noop r=0 y=0 c0=t664 c1=t663
14641 core=1 noop r=0 y=0 c0=t664 c1=t663
14642 core=1 noop r=0 y=0 c0=t664 c1=t663
14643 core=0 give r=0 y=0 c0=t664 c1=t663
14644 core=1 noop r=0 y=0 c0=t664 c1=t663
14645 core=1 create 5 t667 p1 r=1 y=0 c0=t664 c1=t663
14646 core=0 suspend t664 r=0 y=1 c0=t667 c1=t663
14647 core=0 give r=0 y=0 c0=t667 c1=t663
14648 core=0 resume t660 r=0 y=1 c0=t660 c1=t663
14649 core=0 tick r=1 y=3 c0=t660 c1=t663
14650 core=1 resume t654 r=0 y=0 c0=t660 c1=t663
14651 core=0 delay t660 1 r=0 y=1 c0=t667 c1=t663
14652 core=1 give_isr r=0 y=0 c0=t667 c1=t663
14653 core=0 noop r=0 y=0 c0=t667 c1=t663
14654 core=0 resume t654 r=0 y=0 c0=t667 c1=t663
14655 core=0 create 3 t668 p2 r=1 y=1 c0=t668 c1=t663
14656 core=0 create 7 t669 p0 r=1 y=0 c0=t668 c1=t663
14657 core=1 prio t654 0 r=0 y=0 c0=t668 c1=t663
14658 core=0 tick r=1 y=3 c0=t662 c1=t660
14659 core=1 prio t664 1 r=0 y=0 c0=t662 c1=t660
14660 core=1 delay t660 4 r=0 y=2 c0=t662 c1=t668
14661 core=1 give r=0 y=0 c0=t662 c1=t668
14662 core=0 noop r=0 y=0 c0=t662 c1=t668
14663 core=0 delete 4 t664 r=0 y=0 c0=t662 c1=t668
14664 core=1 prio t662 1 r=0 y=1 c0=t663 c1=t668
14665 core=1 delete 9 t654 r=0 y=0 c0=t663 c1=t668
14666 core=0 tick r=1 y=3 c0=t663 c1=t668
14667 core=1 create 9 t670 p1 r=1 y=0 c0=t663 c1=t668
14668 core=1 noop r=0 y=0 c0=t663 c1=t668
14669 core=1 give_isr r=0 y=0 c0=t663 c1=t668
14670 core=0 noop r=0 y=0 c0=t663 c1=t668
14671 core=1 delete 1 t662 r=0 y=0 c0=t663 c1=t668
14672 core=0 give_isr r=0 y=0 c0=t663 c1=t668
14673 core=0 create 6 t671 p2 r=1 y=0 c0=t663 c1=t668
14674 core=1 delete 8 t663 r=0 y=1 c0=t671 c1=t668
14675 core=1 give_isr r=0 y=0 c0=t671 c1=t668
14676 core=1 delay t668 4 r=0 y=2 c0=t671 c1=t667
14677 core=0 give_isr r=0 y=0 c0=t671 c1=t667
14678 core=1 delete 5 t667 r=0 y=2 c0=t671 c1=t670
14679 core=0 delay t671 1 r=0 y=1 c0=IDLE1 c1=t670
14680 core=0 noop r=0 y=0 c0=IDLE1 c1=t670
14681 core=1 noop r=0 y=0 c0=IDLE1 c1=t670
14682 core=0 give r=0 y=0 c0=IDLE1 c1=t670
14683 core=1 suspend t668 r=0 y=0 c0=IDLE1 c1=t670
14684 core=0 tick r=1 y=1 c0=t671 c1=t670
14685 core=1 noop r=0 y=0 c0=t671 c1=t670
14686 core=0 yield r=0 y=1 c0=t671 c1=t670
14687 core=0 delay t671 2 r=0 y=1 c0=IDLE0 c1=t670
14688 core=1 suspend t671 r=0 y=0 c0=IDLE0 c1=t670
14689 core=1 yield r=0 y=2 c0=IDLE0 c1=t670
14690 core=0 delete 9 t670 r=0 y=2 c0=IDLE0 c1=t669
14691 core=0 noop r=0 y=0 c0=IDLE0 c1=t669
14692 core=1 resume t660 r=0 y=0 c0=IDLE0 c1=t669
14693 core=0 delete 7 t669 r=0 y=2 c0=IDLE0 c1=IDLE1
14694 core=0 tick r=1 y=3 c0=IDLE0 c1=IDLE1
14695 core=1 noop r=0 y=0 c0=IDLE0 c1=IDLE1
14696 core=0 noop r=0 y=0 c0=IDLE0 c1=IDLE1
14697 core=0 yield r=0 y=1 c0=IDLE0 c1=IDLE1
14698 core=0 noop r=0 y=0 c0=IDLE0 c1=IDLE1
14699 core=0 noop r=0 y=0 c0=IDLE0 c1=IDLE1
14700 core=0 noop r=0 y=0 c0=IDLE0 c1=IDLE1
14701 core=1 noop r=0 y=0 c0=IDLE0 c1=IDLE1
14702 core=1 noop r=0 y=0 c0=IDLE0 c1=IDLE1
14703 core=1 noop r=0 y=0 c0=IDLE0 c1=IDLE1
14704 core=0 resume t671 r=0 y=2 c0=IDLE0 c1=t671
14705 core=1 noop r=0 y=0 c0=IDLE0 c1=t671
14706 core=1 yield r=0 y=2 c0=IDLE0 c1=t671
14707 core=0 tick r=1 y=3 c0=t660 c1=t671
14708 core=0 give_isr r=0 y=0 c0=t660 c1=t671
14709 core=0 noop r=0 y=0 c0=t660 c1=t671
14710 core=0 tick r=1 y=3 c0=t660 c1=t671
14711 core=0 tick r=1 y=3 c0=t660 c1=t671
14712 core=0 create 8 t672 p1 r=1 y=0 c0=t660 c1=t671
14713 core=0 tick r=1 y=3 c0=t660 c1=t671
14714 core=0 resume t660 r=0 y=0 c0=t660 c1=t671
14715 core=0 delay t660 2 r=0 y=1 c0=t672 c1=t671
14716 core=1 noop r=0 y=0 c0=t672 c1=t671
14717 core=0 yield r=0 y=1 c0=t672 c1=t671
14718 core=1 suspend t668 r=0 y=0 c0=t672 c1=t671
14719 core=1 prio t660 1 r=0 y=0 c0=t672 c1=t671
14720 core=1 noop r=0 y=0 c0=t672 c1=t671
14721 core=1 take t671 r=1 y=0 c0=t672 c1=t671
14722 core=1 suspend t672 r=0 y=1 c0=IDLE1 c1=t671
14723 core=1 give_isr r=1 y=0 c0=IDLE1 c1=t671
14724 core=1 delete 3 t668 r=0 y=0 c0=IDLE1 c1=t671
14725 core=1 noop r=0 y=0 c0=IDLE1 c1=t671
14726 core=1 suspend t672 r=0 y=0 c0=IDLE1 c1=t671
14727 core=1 prio t671 3 r=0 y=0 c0=IDLE1 c1=t671
14728 core=0 noop r=0 y=0 c0=IDLE1 c1=t671
14729 core=1 noop r=0 y=0 c0=IDLE1 c1=t671
14730 core=0 create 4 t673 p0 r=1 y=1 c0=IDLE0 c1=t671
14731 core=1 noop r=0 y=0 c0=IDLE0 c1=t671
14732 core=1 yield r=0 y=2 c0=IDLE0 c1=t671
14733 core=0 tick r=1 y=1 c0=t673 c1=t671
14734 core=0 noop r=0 y=0 c0=t673 c1=t671
14735 core=1 noop r=0 y=0 c0=t673 c1=t671
14736 core=1 prio t660 2 r=0 y=0 c0=t673 c1=t671
14737 core=1 noop r=0 y=0 c0=t673 c1=t671
14738 core=0 noop r=0 y=0 c0=t673 c1=t671
14739 core=0 noop r=0 y=0 c0=t673 c1=t671
14740 core=0 yield r=0 y=1 c0=IDLE1 c1=t671
14741 core=0 give r=0 y=0 c0=IDLE1 c1=t671
14742 core=1 take t671 r=1 y=0 c0=IDLE1 c1=t671
14743 core=1 give r=1 y=0 c0=IDLE1 c1=t671
14744 core=1 take t671 r=1 y=0 c0=IDLE1 c1=t671
14745 core=1 noop r=0 y=0 c0=IDLE1 c1=t671
14746 core=0 noop r=0 y=0 c0=IDLE1 c1=t671
14747 core=0 noop r=0 y=0 c0=IDLE1 c1=t671
14748 core=1 noop r=0 y=0 c0=IDLE1 c1=t671
14749 core=1 resume t660 r=0 y=0 c0=IDLE1 c1=t671
14750 core=1 delay t671 1 r=0 y=2 c0=IDLE1 c1=IDLE0
14751 core=0 noop r=0 y=0 c0=IDLE1 c1=IDLE0
14752 core=1 create 3 t674 p2 r=1 y=2 c0=IDLE1 c1=t674
14753 core=1 give_isr r=1 y=0 c0=IDLE1 c1=t674
14754 core=0 give r=0 y=0 c0=IDLE1 c1=t674
14755 core=1 delay t674 5 r=0 y=2 c0=IDLE1 c1=t673
14756 core=1 prio t673 1 r=0 y=0 c0=IDLE1 c1=t673
14757 core=0 noop r=0 y=0 c0=IDLE1 c1=t673
14758 core=0 prio t660 0 r=0 y=0 c0=IDLE1 c1=t673
14759 core=0 resume t674 r=0 y=0 c0=IDLE1 c1=t673
14760 core=0 noop r=0 y=0 c0=IDLE1 c1=t673
14761 core=1 yield r=0 y=2 c0=IDLE1 c1=t673
14762 core=0 tick r=1 y=3 c0=t671 c1=t673
14763 core=1 resume t673 r=0 y=0 c0=t671 c1=t673
14764 core=1 delay t673 5 r=0 y=2 c0=t671 c1=IDLE0
14765 core=1 noop r=0 y=0 c0=t671 c1=IDLE0
14766 core=0 noop r=0 y=0 c0=t671 c1=IDLE0
14767 core=0 suspend t672 r=0 y=0 c0=t671 c1=IDLE0
14768 core=1 noop r=0 y=0 c0=t671 c1=IDLE0
14769 core=1 prio t672 2 r=0 y=0 c0=t671 c1=IDLE0
14770 core=1 noop r=0 y=0 c0=t671 c1=IDLE0
14771 core=0 resume t660 r=0 y=0 c0=t671 c1=IDLE0
14772 core=1 create 7 t675 p3 r=1 y=2 c0=t671 c1=t675
14773 core=0 delay t671 3 r=0 y=1 c0=t660 c1=t675
14774 core=0 tick r=1 y=1 c0=IDLE1 c1=t675
14775 core=0 tick r=1 y=1 c0=IDLE0 c1=t675
14776 core=1 noop r=0 y=0 c0=IDLE0 c1=t675
14777 core=0 noop r=0 y=0 c0=IDLE0 c1=t675
14778 core=0 tick r=1 y=3 c0=t671 c1=t675
14779 core=0 noop r=0 y=0 c0=t671 c1=t675
14780 core=1 give_isr r=0 y=0 c0=t671 c1=t675
14781 core=1 take t675 r=1 y=0 c0=t671 c1=t675
14782 core=1 give r=1 y=0 c0=t671 c1=t675
14783 core=1 noop r=0 y=0 c0=t671 c1=t675
14784 core=0 tick r=1 y=3 c0=t671 c1=t675
14785 core=1 give r=0 y=0 c0=t671 c1=t675
14786 core=1 delay t675 2 r=0 y=2 c0=t671 c1=t674
14787 core=0 noop r=0 y=0 c0=t671 c1=t674
14788 core=1 noop r=0 y=0 c0=t671 c1=t674
14789 core=0 prio t660 3 r=0 y=2 c0=t671 c1=t660
14790 core=1 take t660 r=1 y=0 c0=t671 c1=t660
14791 core=1 resume t673 r=0 y=0 c0=t671 c1=t660
14792 core=0 prio t671 3 r=0 y=0 c0=t671 c1=t660
14793 core=0 create 1 t676 p1 r=1 y=0 c0=t671 c1=t660
14794 core=0 suspend t673 r=0 y=0 c0=t671 c1=t660
14795 core=0 delete 7 t675 r=0 y=0 c0=t671 c1=t660
14796 core=1 delay t660 1 r=0 y=2 c0=t671 c1=t674
14797 core=0 resume t660 r=0 y=0 c0=t671 c1=t674
14798 core=1 delete 6 t671 r=0 y=1 c0=t676 c1=t674
14799 core=1 delete 1 t676 r=0 y=1 c0=IDLE1 c1=t674
14800 core=0 tick r=1 y=1 c0=t660 c1=t674
14801 core=0 yield r=0 y=1 c0=t660 c1=t674
14802 core=1 noop r=0 y=0 c0=t660 c1=t674
14803 core=0 resume t672 r=0 y=0 c0=t660 c1=t674
14804 core=1 delete 0 t660 r=0 y=1 c0=t672 c1=t674
14805 core=0 noop r=0 y=0 c0=t672 c1=t674
14806 core=1 noop r=0 y=0 c0=t672 c1=t674
14807 core=0 tick r=1 y=3 c0=t672 c1=t674
14808 core=0 noop r=0 y=0 c0=t672 c1=t674
14809 core=0 tick r=1 y=3 c0=t672 c1=t674
14810 core=0 noop r=0 y=0 c0=t672 c1=t674
14811 core=0 resume t672 r=0 y=0 c0=t672 c1=t674
14812 core=1 delay t674 4 r=0 y=2 c0=t672 c1=IDLE0
14813 core=1 give_isr r=1 y=0 c0=t672 c1=IDLE0
14814 core=0 tick r=0 y=2 c0=t672 c1=IDLE1
14815 core=1 noop r=0 y=0 c0=t672 c1=IDLE1
14816 core=0 tick r=0 y=2 c0=t672 c1=IDLE0
14817 core=1 noop r=0 y=0 c0=t672 c1=IDLE0
14818 core=0 give_isr r=0 y=0 c0=t672 c1=IDLE0
14819 core=0 noop r=0 y=0 c0=t672 c1=IDLE0
14820 core=0 give r=0 y=0 c0=t672 c1=IDLE0
14821 core=0 noop r=0 y=0 c0=t672 c1=IDLE0
14822 core=1 noop r=0 y=0 c0=t672 c1=IDLE0
14823 core=1 noop r=0 y=0 c0=t672 c1=IDLE0
14824 core=0 tick r=0 y=2 c0=t672 c1=IDLE1
14825 core=1 suspend t673 r=0 y=0 c0=t672 c1=IDLE1
14826 core=0 noop r=0 y=0 c0=t672 c1=IDLE1
14827 core=0 noop r=0 y=0 c0=t672 c1=IDLE1
14828 core=0 tick r=1 y=3 c0=t674 c1=t672
14829 core=1 create 2 t677 p1 r=1 y=0 c0=t674 c1=t672
14830 core=0 give_isr r=0 y=0 c0=t674 c1=t672
14831 core=0 suspend t673 r=0 y=0 c0=t674 c1=t672
14832 core=0 prio t674 1 r=0 y=1 c0=t677 c1=t672
14833 core=0 noop r=0 y=0 c0=t677 c1=t672
14834 core=0 delay t677 1 r=0 y=1 c0=t674 c1=t672
14835 core=0 delay t674 3 r=0 y=1 c0=IDLE0 c1=t672
14836 core=0 prio t672 2 r=0 y=0 c0=IDLE0 c1=t672
14837 core=1 prio t672 0 r=0 y=2 c0=IDLE0 c1=IDLE1
14838 core=0 suspend t672 r=0 y=0 c0=IDLE0 c1=IDLE1
14839 core=0 give_isr r=0 y=0 c0=IDLE0 c1=IDLE1
14840 core=0 give r=0 y=0 c0=IDLE0 c1=IDLE1
14841 core=1 noop r=0 y=0 c0=IDLE0 c1=IDLE1
14842 core=1 noop r=0 y=0 c0=IDLE0 c1=IDLE1
14843 core=1 give r=0 y=0 c0=IDLE0 c1=IDLE1
14844 core=0 noop r=0 y=0 c0=IDLE0 c1=IDLE1
14845 core=0 create 0 t678 p2 r=1 y=2 c0=IDLE0 c1=t678
14846 core=1 resume t674 r=0 y=0 c0=IDLE0 c1=t678
14847 core=1 delete 2 t677 r=0 y=0 c0=IDLE0 c1=t678
14848 core=1 noop r=0 y=0 c0=IDLE0 c1=t678
14849 core=1 resume t674 r=0 y=0 c0=IDLE0 c1=t678
14850 core=0 noop r=0 y=0 c0=IDLE0 c1=t678
14851 core=0 yield r=0 y=1 c0=IDLE1 c1=t678
14852 core=1 create 2 t679 p3 r=1 y=1 c0=t679 c1=t678
14853 core=0 delay t679 5 r=0 y=1 c0=IDLE0 c1=t678
14854 core=1 suspend t674 r=0 y=0 c0=IDLE0 c1=t678
14855 core=0 give r=0 y=0 c0=IDLE0 c1=t678
14856 core=0 noop r=0 y=0 c0=IDLE0 c1=t678
14857 core=0 create 6 t680 p0 r=1 y=1 c0=IDLE1 c1=t678
14858 core=0 delete 3 t674 r=0 y=0 c0=IDLE1 c1=t678
14859 core=1 noop r=0 y=0 c0=IDLE1 c1=t678
14860 core=1 prio t673 3 r=0 y=0 c0=IDLE1 c1=t678
14861 core=0 noop r=0 y=0 c0=IDLE1 c1=t678
14862 core=1 create 3 t681 p2 r=1 y=1 c0=t681 c1=t678
14863 core=1 take t678 r=1 y=0 c0=t681 c1=t678
14864 core=1 delay t678 3 r=0 y=2 c0=t681 c1=t680
14865 core=1 noop r=0 y=0 c0=t681 c1=t680
14866 core=1 suspend t680 r=0 y=2 c0=t681 c1=IDLE0
14867 core=0 resume t672 r=0 y=2 c0=t681 c1=IDLE1
14868 core=0 give r=1 y=0 c0=t681 c1=IDLE1
14869 core=1 yield r=0 y=2 c0=t681 c1=t672
14870 core=1 suspend t679 r=0 y=0 c0=t681 c1=t672
14871 core=0 noop r=0 y=0 c0=t681 c1=t672
14872 core=1 noop r=0 y=0 c0=t681 c1=t672
14873 core=1 delay t672 1 r=0 y=2 c0=t681 c1=IDLE0
14874 core=0 prio t678 1 r=0 y=0 c0=t681 c1=IDLE0
14875 core=1 noop r=0 y=0 c0=t681 c1=IDLE0
14876 core=1 noop r=0 y=0 c0=t681 c1=IDLE0
14877 core=0 noop r=0 y=0 c0=t681 c1=IDLE0
14878 core=1 noop r=0 y=0 c0=t681 c1=IDLE0
14879 core=1 noop r=0 y=0 c0=t681 c1=IDLE0
14880 core=1 give_isr r=0 y=0 c0=t681 c1=IDLE0
14881 core=0 take t681 r=1 y=0 c0=t681 c1=IDLE0
14882 core=1 create 7 t682 p1 r=1 y=2 c0=t681 c1=t682
14883 core=0 tick r=0 y=0 c0=t681 c1=t682
14884 core=0 take t681 r=0 y=0 c0=t681 c1=t682
14885 core=1 resume t679 r=0 y=2 c0=t681 c1=t679
14886 core=1 delay t679 2 r=0 y=2 c0=t681 c1=t682
14887 core=1 yield r=0 y=2 c0=t681 c1=t682
14888 core=0 create 5 t683 p0 r=1 y=0 c0=t681 c1=t682
14889 core=0 give r=1 y=0 c0=t681 c1=t682
14890 core=1 give_isr r=0 y=0 c0=t681 c1=t682
14891 core=1 delay t682 5 r=0 y=2 c0=t681 c1=IDLE1
14892 core=1 give r=0 y=0 c0=t681 c1=IDLE1
14893 core=1 suspend t681 r=0 y=1 c0=IDLE0 c1=IDLE1
14894 core=1 noop r=0 y=0 c0=IDLE0 c1=IDLE1
14895 core=0 tick r=1 y=3 c0=t672 c1=t683
14896 core=1 delay t683 4 r=0 y=2 c0=t672 c1=IDLE0
14897 core=0 noop r=0 y=0 c0=t672 c1=IDLE0
14898 core=1 noop r=0 y=0 c0=t672 c1=IDLE0
14899 core=0 give r=0 y=0 c0=t672 c1=IDLE0
14900 core=0 noop r=0 y=0 c0=t672 c1=IDLE0
14901 core=0 suspend t683 r=0 y=0 c0=t672 c1=IDLE0
14902 core=1 give_isr r=0 y=0 c0=t672 c1=IDLE0
14903 core=0 tick r=1 y=3 c0=t679 c1=t678
14904 core=0 prio t678 0 r=0 y=2 c0=t679 c1=IDLE1
14905 core=1 noop r=0 y=0 c0=t679 c1=IDLE1
14906 core=1 noop r=0 y=0 c0=t679 c1=IDLE1
14907 core=0 take t679 r=1 y=0 c0=t679 c1=IDLE1
14908 core=0 give r=1 y=0 c0=t679 c1=IDLE1
14909 core=0 noop r=0 y=0 c0=t679 c1=IDLE1
14910 core=0 delay t679 4 r=0 y=1 c0=t672 c1=IDLE1
14911 core=0 give r=0 y=0 c0=t672 c1=IDLE1
14912 core=0 yield r=0 y=1 c0=IDLE0 c1=IDLE1
14913 core=1 noop r=0 y=0 c0=IDLE0 c1=IDLE1
14914 core=0 tick r=1 y=3 c0=t678 c1=t672
14915 core=1 prio t679 1 r=0 y=0 c0=t678 c1=t672
14916 core=0 tick r=1 y=3 c0=IDLE0 c1=IDLE1
14917 core=0 tick r=1 y=3 c0=t682 c1=t678
14918 core=0 delay t682 2 r=0 y=1 c0=t672 c1=t678
14919 core=0 create 9 t684 p0 r=1 y=0 c0=t672 c1=t678
14920 core=0 noop r=0 y=0 c0=t672 c1=t678
14921 core=0 resume t681 r=0 y=2 c0=t672 c1=t681
14922 core=1 resume t684 r=0 y=0 c0=t672 c1=t681
14923 core=1 give r=0 y=0 c0=t672 c1=t681
14924 core=0 give_isr r=0 y=0 c0=t672 c1=t681
14925 core=1 delay t681 5 r=0 y=2 c0=t672 c1=IDLE0
14926 core=1 give_isr r=0 y=0 c0=t672 c1=IDLE0
14927 core=0 tick r=1 y=3 c0=t679 c1=IDLE1
14928 core=0 noop r=0 y=0 c0=t679 c1=IDLE1
14929 core=1 delete 4 t673 r=0 y=0 c0=t679 c1=IDLE1
14930 core=0 suspend t678 r=0 y=0 c0=t679 c1=IDLE1
14931 core=1 noop r=0 y=0 c0=t679 c1=IDLE1
14932 core=0 tick r=1 y=3 c0=t682 c1=t679
14933 core=1 give r=0 y=0 c0=t682 c1=t679
14934 core=0 prio t681 1 r=0 y=0 c0=t682 c1=t679
14935 core=0 take t682 r=1 y=0 c0=t682 c1=t679
14936 core=0 tick r=1 y=3 c0=t682 c1=t679
14937 core=1 yield r=0 y=2 c0=t682 c1=t679
14938 core=0 suspend t680 r=0 y=0 c0=t682 c1=t679
14939 core=0 delay t682 2 r=0 y=1 c0=t684 c1=t679
14940 core=0 tick r=1 y=1 c0=t672 c1=t679
14941 core=1 suspend t683 r=0 y=0 c0=t672 c1=t679
14942 core=1 delete 9 t684 r=0 y=0 c0=t672 c1=t679
14943 core=0 take t672 r=0 y=0 c0=t672 c1=t679
14944 core=1 delay t679 2 r=0 y=2 c0=t672 c1=IDLE0
14945 core=1 resume t681 r=0 y=0 c0=t672 c1=IDLE0
14946 core=0 prio t683 0 r=0 y=0 c0=t672 c1=IDLE0
14947 core=1 noop r=0 y=0 c0=t672 c1=IDLE0
14948 core=0 prio t682 1 r=0 y=0 c0=t672 c1=IDLE0
14949 core=0 give_isr r=1 y=0 c0=t672 c1=IDLE0
14950 core=1 suspend t683 r=0 y=0 c0=t672 c1=IDLE0
14951 core=1 create 4 t685 p1 r=1 y=2 c0=t672 c1=t685
14952 core=0 resume t678 r=0 y=0 c0=t672 c1=t685
14953 core=1 noop r=0 y=0 c0=t672 c1=t685
14954 core=1 noop r=0 y=0 c0=t672 c1=t685
14955 core=0 resume t679 r=0 y=0 c0=t672 c1=t685
14956 core=1 resume t685 r=0 y=0 c0=t672 c1=t685
14957 core=1 noop r=0 y=0 c0=t672 c1=t685
14958 core=1 prio t680 3 r=0 y=0 c0=t672 c1=t685
14959 core=1 prio t678 0 r=0 y=0 c0=t672 c1=t685
14960 core=0 give r=0 y=0 c0=t672 c1=t685
14961 core=0 give r=0 y=0 c0=t672 c1=t685
14962 core=1 yield r=0 y=2 c0=t672 c1=t685
14963 core=1 suspend t678 r=0 y=0 c0=t672 c1=t685
14964 core=0 tick r=1 y=3 c0=t681 c1=t682
14965 core=1 delete 4 t685 r=0 y=0 c0=t681 c1=t682
14966 core=1 resume t678 r=0 y=0 c0=t681 c1=t682
14967 core=0 give_isr r=0 y=0 c0=t681 c1=t682
14968 core=0 create 4 t686 p0 r=1 y=0 c0=t681 c1=t682
14969 core=0 give r=0 y=0 c0=t681 c1=t682
14970 core=0 tick r=1 y=3 c0=t679 c1=t681
14971 core=1 noop r=0 y=0 c0=t679 c1=t681
14972 core=0 give_isr r=0 y=0 c0=t679 c1=t681
14973 core=1 yield r=0 y=2 c0=t679 c1=t682
14974 core=1 prio t680 3 r=0 y=0 c0=t679 c1=t682
14975 core=1 noop r=0 y=0 c0=t679 c1=t682
14976 core=1 prio t681 1 r=0 y=0 c0=t679 c1=t682
14977 core=1 suspend t683 r=0 y=0 c0=t679 c1=t682
14978 core=0 take t679 r=1 y=0 c0=t679 c1=t682
14979 core=1 create 1 t687 p0 r=1 y=0 c0=t679 c1=t682
14980 core=0 resume t678 r=0 y=0 c0=t679 c1=t682
14981 core=1 take t682 r=0 y=0 c0=t679 c1=t682
14982 core=1 noop r=0 y=0 c0=t679 c1=t682
14983 core=0 yield r=0 y=1 c0=t681 c1=t682
14984 core=1 prio t687 0 r=0 y=0 c0=t681 c1=t682
14985 core=1 noop r=0 y=0 c0=t681 c1=t682
14986 core=0 take t681 r=0 y=0 c0=t681 c1=t682
14987 core=0 delete 2 t679 r=0 y=0 c0=t681 c1=t682
14988 core=0 tick r=1 y=3 c0=t681 c1=t682
14989 core=0 tick r=1 y=3 c0=t681 c1=t682
14990 core=1 prio t682 0 r=0 y=2 c0=t681 c1=IDLE1
14991 core=1 noop r=0 y=0 c0=t681 c1=IDLE1
14992 core=0 give_isr r=1 y=0 c0=t681 c1=IDLE1
14993 core=0 tick r=0 y=2 c0=t681 c1=IDLE0
14994 core=1 noop r=0 y=0 c0=t681 c1=IDLE0
14995 core=1 noop r=0 y=0 c0=t681 c1=IDLE0
14996 core=0 resume t683 r=0 y=2 c0=t681 c1=t672
14997 core=1 delay t672 5 r=0 y=2 c0=t681 c1=t678
14998 core=1 take t678 r=1 y=0 c0=t681 c1=t678
14999 core=0 give_isr r=1 y=0 c0=t681 c1=t678
15000 core=0 resume t681 r=0 y=0 c0=t681 c1=t678
15001 core=1 prio t686 1 r=0 y=2 c0=t681 c1=t686
15002 core=1 suspend t687 r=0 y=0 c0=t681 c1=t686
15003 core=1 take t686 r=1 y=0 c0=t681 c1=t686
15004 core=1 prio t678 2 r=0 y=2 c0=t681 c1=t678
15005 core=0 take t681 r=0 y=0 c0=t681 c1=t678
15006 core=0 noop r=0 y=0 c0=t681 c1=t678
15007 core=0 give_isr r=1 y=0 c0=t681 c1=t678
15008 core=0 resume t687 r=0 y=0 c0=t681 c1=t678
15009 core=0 yield r=0 y=1 c0=t686 c1=t678
15010 core=0 prio t678 3 r=0 y=0 c0=t686 c1=t678
15011 core=1 noop r=0 y=0 c0=t686 c1=t678
15012 core=1 resume t672 r=0 y=0 c0=t686 c1=t678
15013 core=0 tick r=1 y=1 c0=t681 c1=t678
15014 core=0 take t681 r=1 y=0 c0=t681 c1=t678
15015 core=0 delete 8 t672 r=0 y=0 c0=t681 c1=t678
15016 core=1 noop r=0 y=0 c0=t681 c1=t678
15017 core=0 resume t687 r=0 y=0 c0=t681 c1=t678
15018 core=0 suspend t681 r=0 y=1 c0=t686 c1=t678
15019 core=1 give_isr r=1 y=0 c0=t686 c1=t678
15020 core=0 suspend t687 r=0 y=0 c0=t686 c1=t678
15021 core=0 prio t683 0 r=0 y=0 c0=t686 c1=t678
15022 core=1 suspend t680 r=0 y=0 c0=t686 c1=t678
15023 core=0 tick r=0 y=0 c0=t686 c1=t678
15024 core=0 resume t687 r=0 y=0 c0=t686 c1=t678
15025 core=0 tick r=0 y=0 c0=t686 c1=t678
15026 core=0 tick r=0 y=0 c0=t686 c1=t678
15027 core=1 noop r=0 y=0 c0=t686 c1=t678
15028 core=1 noop r=0 y=0 c0=t686 c1=t678
15029 core=1 delay t678 1 r=0 y=2 c0=t686 c1=t682
15030 core=1 delay t682 2 r=0 y=2 c0=t686 c1=IDLE1
15031 core=0 give_isr r=0 y=0 c0=t686 c1=IDLE1
15032 core=1 noop r=0 y=0 c0=t686 c1=IDLE1
15033 core=0 noop r=0 y=0 c0=t686 c1=IDLE1
15034 core=1 noop r=0 y=0 c0=t686 c1=IDLE1
15035 core=0 tick r=0 y=2 c0=t686 c1=t678
15036 core=0 resume t678 r=0 y=0 c0=t686 c1=t678
15037 core=0 prio t680 0 r=0 y=0 c0=t686 c1=t678
15038 core=0 tick r=0 y=0 c0=t686 c1=t678
15039 core=1 noop r=0 y=0 c0=t686 c1=t678
15040 core=0 tick r=0 y=0 c0=t686 c1=t678
15041 core=0 prio t686 1 r=0 y=0 c0=t686 c1=t678
15042 core=1 create 2 t688 p2 r=1 y=1 c0=t688 c1=t678
15043 core=0 give r=0 y=0 c0=t688 c1=t678
15044 core=1 give_isr r=0 y=0 c0=t688 c1=t678
15045 core=1 suspend t678 r=0 y=2 c0=t688 c1=t686
15046 core=1 take t686 r=1 y=0 c0=t688 c1=t686
15047 core=0 tick r=0 y=0 c0=t688 c1=t686
15048 core=0 suspend t681 r=0 y=0 c0=t688 c1=t686
15049 core=0 resume t687 r=0 y=0 c0=t688 c1=t686
15050 core=0 tick r=0 y=0 c0=t688 c1=t686
15051 core=0 tick r=0 y=0 c0=t688 c1=t686
15052 core=0 suspend t683 r=0 y=0 c0=t688 c1=t686
15053 core=1 resume t683 r=0 y=0 c0=t688 c1=t686
15054 core=1 take t686 r=0 y=0 c0=t688 c1=t686
15055 core=0 prio t680 0 r=0 y=0 c0=t688 c1=t686
15056 core=0 give r=1 y=0 c0=t688 c1=t686
15057 core=0 delay t688 4 r=0 y=1 c0=IDLE0 c1=t686
15058 core=1 give r=0 y=0 c0=IDLE0 c1=t686
15059 core=0 noop r=0 y=0 c0=IDLE0 c1=t686
15060 core=0 tick r=1 y=1 c0=t687 c1=t686
15061 core=1 suspend t683 r=0 y=0 c0=t687 c1=t686
15062 core=1 noop r=0 y=0 c0=t687 c1=t686
15063 core=1 give r=0 y=0 c0=t687 c1=t686
15064 core=1 delete 4 t686 r=0 y=2 c0=t687 c1=IDLE1
15065 core=1 prio t688 3 r=0 y=0 c0=t687 c1=IDLE1
15066 core=1 give r=0 y=0 c0=t687 c1=IDLE1
15067 core=1 noop r=0 y=0 c0=t687 c1=IDLE1
15068 core=0 noop r=0 y=0 c0=t687 c1=IDLE1
15069 core=0 take t687 r=1 y=0 c0=t687 c1=IDLE1
15070 core=1 noop r=0 y=0 c0=t687 c1=IDLE1
15071 core=1 suspend t678 r=0 y=0 c0=t687 c1=IDLE1
15072 core=1 noop r=0 y=0 c0=t687 c1=IDLE1
15073 core=1 resume t687 r=0 y=0 c0=t687 c1=IDLE1
15074 core=1 give r=1 y=0 c0=t687 c1=IDLE1
15075 core=1 noop r=0 y=0 c0=t687 c1=IDLE1
15076 core=1 noop r=0 y=0 c0=t687 c1=IDLE1
15077 core=0 prio t682 0 r=0 y=0 c0=t687 c1=IDLE1
15078 core=1 give r=0 y=0 c0=t687 c1=IDLE1
15079 core=0 create 4 t689 p3 r=1 y=2 c0=t687 c1=t689
15080 core=0 tick r=1 y=1 c0=t682 c1=t689
15081 core=0 noop r=0 y=0 c0=t682 c1=t689
15082 core=0 noop r=0 y=0 c0=t682 c1=t689
15083 core=0 give_isr r=0 y=0 c0=t682 c1=t689
15084 core=0 tick r=1 y=1 c0=IDLE0 c1=t689
15085 core=0 suspend t687 r=0 y=0 c0=IDLE0 c1=t689
15086 core=1 yield r=0 y=2 c0=IDLE0 c1=t689
15087 core=0 delete 1 t687 r=0 y=0 c0=IDLE0 c1=t689
15088 core=0 give_isr r=0 y=0 c0=IDLE0 c1=t689
15089 core=0 noop r=0 y=0 c0=IDLE0 c1=t689
15090 core=0 resume t688 r=0 y=0 c0=IDLE0 c1=t689
15091 core=1 resume t681 r=0 y=1 c0=t681 c1=t689
15092 core=0 tick r=1 y=3 c0=t688 c1=t689
15093 core=0 noop r=0 y=0 c0=t688 c1=t689
15094 core=1 resume t678 r=0 y=0 c0=t688 c1=t689
15095 core=1 give r=0 y=0 c0=t688 c1=t689
15096 core=0 noop r=0 y=0 c0=t688 c1=t689
15097 core=0 resume t682 r=0 y=0 c0=t688 c1=t689
15098 core=0 noop r=0 y=0 c0=t688 c1=t689
15099 core=0 take t688 r=1 y=0 c0=t688 c1=t689
15100 core=0 resume t683 r=0 y=0 c0=t688 c1=t689
15101 core=1 delete 2 t688 r=0 y=1 c0=t678 c1=t689
15102 core=1 give r=1 y=0 c0=t678 c1=t689
15103 core=1 noop r=0 y=0 c0=t678 c1=t689
15104 core=0 give r=0 y=0 c0=t678 c1=t689
15105 core=1 give_isr r=0 y=0 c0=t678 c1=t689
15106 core=0 prio t680 1 r=0 y=0 c0=t678 c1=t689
15107 core=1 give_isr r=0 y=0 c0=t678 c1=t689
15108 core=0 tick r=1 y=3 c0=t678 c1=t689
15109 core=0 suspend t689 r=0 y=2 c0=t678 c1=t681
15110 core=0 noop r=0 y=0 c0=t678 c1=t681
15111 core=1 give_isr r=0 y=0 c0=t678 c1=t681
15112 core=0 prio t689 0 r=0 y=0 c0=t678 c1=t681
15113 core=1 noop r=0 y=0 c0=t678 c1=t681
15114 core=0 delay t678 1 r=0 y=1 c0=IDLE1 c1=t681
15115 core=1 noop r=0 y=0 c0=IDLE1 c1=t681
15116 core=0 noop r=0 y=0 c0=IDLE1 c1=t681
15117 core=1 suspend t681 r=0 y=2 c0=IDLE1 c1=t682
15118 core=0 yield r=0 y=1 c0=IDLE0 c1=t682
15119 core=0 noop r=0 y=0 c0=IDLE0 c1=t682
15120 core=1 create 2 t690 p3 r=1 y=1 c0=t690 c1=t682
15121 core=1 resume t681 r=0 y=2 c0=t690 c1=t681
15122 core=1 prio t678 1 r=0 y=0 c0=t690 c1=t681
15123 core=0 tick r=0 y=2 c0=t690 c1=t678
15124 core=0 yield r=0 y=1 c0=t690 c1=t678
15125 core=0 delete 5 t683 r=0 y=0 c0=t690 c1=t678
15126 core=1 take t678 r=1 y=0 c0=t690 c1=t678
15127 core=0 tick r=0 y=2 c0=t690 c1=t681
15128 core=0 noop r=0 y=0 c0=t690 c1=t681
15129 core=0 noop r=0 y=0 c0=t690 c1=t681
15130 core=0 noop r=0 y=0 c0=t690 c1=t681
15131 core=0 delay t690 5 r=0 y=1 c0=t678 c1=t681
15132 core=0 resume t681 r=0 y=0 c0=t678 c1=t681
15133 core=0 tick r=1 y=3 c0=t678 c1=t681
15134 core=1 noop r=0 y=0 c0=t678 c1=t681
15135 core=0 prio t680 0 r=0 y=0 c0=t678 c1=t681
15136 core=0 noop r=0 y=0 c0=t678 c1=t681
15137 core=0 give r=1 y=0 c0=t678 c1=t681
15138 core=1 noop r=0 y=0 c0=t678 c1=t681
15139 core=1 delete 7 t682 r=0 y=0 c0=t678 c1=t681
15140 core=0 tick r=1 y=3 c0=t678 c1=t681
15141 core=1 delay t681 3 r=0 y=2 c0=t678 c1=IDLE1
15142 core=0 give r=0 y=0 c0=t678 c1=IDLE1
15143 core=0 prio t690 2 r=0 y=0 c0=t678 c1=IDLE1
15144 core=0 noop r=0 y=0 c0=t678 c1=IDLE1
15145 core=1 noop r=0 y=0 c0=t678 c1=IDLE1
15146 core=1 noop r=0 y=0 c0=t678 c1=IDLE1
15147 core=0 tick r=0 y=2 c0=t678 c1=IDLE0
15148 core=0 create 7 t691 p1 r=1 y=2 c0=t678 c1=t691
15149 core=1 noop r=0 y=0 c0=t678 c1=t691
15150 core=0 give r=0 y=0 c0=t678 c1=t691
15151 core=1 noop r=0 y=0 c0=t678 c1=t691
15152 core=0 create 1 t692 p1 r=1 y=0 c0=t678 c1=t691
15153 core=0 delete 6 t680 r=0 y=0 c0=t678 c1=t691
15154 core=1 suspend t678 r=0 y=1 c0=t692 c1=t691
15155 core=1 resume t681 r=0 y=0 c0=t692 c1=t691
15156 core=0 give_isr r=0 y=0 c0=t692 c1=t691
15157 core=0 noop r=0 y=0 c0=t692 c1=t691
15158 core=1 noop r=0 y=0 c0=t692 c1=t691
15159 core=0 delay t692 1 r=0 y=1 c0=IDLE1 c1=t691
15160 core=1 noop r=0 y=0 c0=IDLE1 c1=t691
15161 core=0 noop r=0 y=0 c0=IDLE1 c1=t691
15162 core=1 give r=0 y=0 c0=IDLE1 c1=t691
15163 core=0 noop r=0 y=0 c0=IDLE1 c1=t691
15164 core=0 noop r=0 y=0 c0=IDLE1 c1=t691
15165 core=0 noop r=0 y=0 c0=IDLE1 c1=t691
15166 core=1 prio t681 2 r=0 y=0 c0=IDLE1 c1=t691
15167 core=0 noop r=0 y=0 c0=IDLE1 c1=t691
15168 core=0 give r=0 y=0 c0=IDLE1 c1=t691
15169 core=1 give_isr r=0 y=0 c0=IDLE1 c1=t691
15170 core=0 noop r=0 y=0 c0=IDLE1 c1=t691
15171 core=1 delay t691 5 r=0 y=2 c0=IDLE1 c1=IDLE0
15172 core=0 create 8 t693 p0 r=1 y=2 c0=IDLE1 c1=t693
15173 core=0 noop r=0 y=0 c0=IDLE1 c1=t693
15174 core=1 give_isr r=0 y=0 c0=IDLE1 c1=t693
15175 core=0 yield r=0 y=1 c0=IDLE0 c1=t693
15176 core=0 suspend t692 r=0 y=0 c0=IDLE0 c1=t693
15177 core=0 prio t689 0 r=0 y=0 c0=IDLE0 c1=t693
15178 core=0 noop r=0 y=0 c0=IDLE0 c1=t693
15179 core=1 noop r=0 y=0 c0=IDLE0 c1=t693
15180 core=0 create 5 t694 p2 r=1 y=1 c0=t694 c1=t693
15181 core=1 noop r=0 y=0 c0=t694 c1=t693
15182 core=0 tick r=0 y=2 c0=t694 c1=IDLE1
15183 core=1 noop r=0 y=0 c0=t694 c1=IDLE1
15184 core=0 yield r=0 y=1 c0=t694 c1=IDLE1
15185 core=1 noop r=0 y=0 c0=t694 c1=IDLE1
15186 core=1 give_isr r=0 y=0 c0=t694 c1=IDLE1
15187 core=0 tick r=1 y=3 c0=t690 c1=t681
15188 core=1 suspend t691 r=0 y=0 c0=t690 c1=t681
15189 core=0 tick r=1 y=3 c0=t694 c1=t690
15190 core=0 give r=0 y=0 c0=t694 c1=t690
15191 core=0 create 6 t695 p0 r=1 y=0 c0=t694 c1=t690
15192 core=0 delay t694 1 r=0 y=1 c0=t681 c1=t690
15193 core=0 noop r=0 y=0 c0=t681 c1=t690
15194 core=1 noop r=0 y=0 c0=t681 c1=t690
15195 core=1 delete 8 t693 r=0 y=0 c0=t681 c1=t690
15196 core=0 resume t681 r=0 y=0 c0=t681 c1=t690
15197 core=0 give_isr r=0 y=0 c0=t681 c1=t690
15198 core=0 give r=0 y=0 c0=t681 c1=t690
15199 core=1 suspend t691 r=0 y=0 c0=t681 c1=t690
15200 core=1 noop r=0 y=0 c0=t681 c1=t690
15201 core=0 noop r=0 y=0 c0=t681 c1=t690
15202 core=1 yield r=0 y=2 c0=t681 c1=t690
15203 core=1 delete 0 t678 r=0 y=0 c0=t681 c1=t690
15204 core=0 tick r=1 y=3 c0=t694 c1=t681
15205 core=0 delete 3 t681 r=0 y=2 c0=t694 c1=t690
15206 core=0 give r=0 y=0 c0=t694 c1=t690
15207 core=0 give_isr r=0 y=0 c0=t694 c1=t690
15208 core=1 give r=0 y=0 c0=t694 c1=t690
15209 core=0 noop r=0 y=0 c0=t694 c1=t690
15210 core=1 prio t691 1 r=0 y=0 c0=t694 c1=t690
15211 core=0 give_isr r=0 y=0 c0=t694 c1=t690
15212 core=0 give r=0 y=0 c0=t694 c1=t690
15213 core=0 delay t694 2 r=0 y=1 c0=IDLE0 c1=t690
15214 core=1 prio t690 2 r=0 y=0 c0=IDLE0 c1=t690
15215 core=0 tick r=1 y=1 c0=IDLE1 c1=t690
15216 core=1 delay t690 3 r=0 y=2 c0=IDLE1 c1=t695
15217 core=0 give r=0 y=0 c0=IDLE1 c1=t695
15218 core=0 noop r=0 y=0 c0=IDLE1 c1=t695
15219 core=1 give_isr r=0 y=0 c0=IDLE1 c1=t695
15220 core=1 give r=0 y=0 c0=IDLE1 c1=t695
15221 core=1 delay t695 3 r=0 y=2 c0=IDLE1 c1=IDLE0
15222 core=1 noop r=0 y=0 c0=IDLE1 c1=IDLE0
15223 core=1 suspend t690 r=0 y=0 c0=IDLE1 c1=IDLE0
15224 core=1 yield r=0 y=2 c0=IDLE1 c1=IDLE0
15225 core=1 give r=0 y=0 c0=IDLE1 c1=IDLE0
15226 core=0 resume t689 r=0 y=2 c0=IDLE1 c1=t689
15227 core=1 resume t689 r=0 y=0 c0=IDLE1 c1=t689
15228 core=1 delay t689 5 r=0 y=2 c0=IDLE1 c1=IDLE0
15229 core=0 resume t692 r=0 y=2 c0=IDLE1 c1=t692
15230 core=1 delay t692 4 r=0 y=2 c0=IDLE1 c1=IDLE0
15231 core=0 tick r=1 y=3 c0=t694 c1=IDLE1
15232 core=0 give r=0 y=0 c0=t694 c1=IDLE1
15233 core=1 noop r=0 y=0 c0=t694 c1=IDLE1
15234 core=0 take t694 r=1 y=0 c0=t694 c1=IDLE1
15235 core=0 give_isr r=1 y=0 c0=t694 c1=IDLE1
15236 core=1 give_isr r=0 y=0 c0=t694 c1=IDLE1
15237 core=1 create 3 t696 p1 r=1 y=2 c0=t694 c1=t696
15238 core=1 yield r=0 y=2 c0=t694 c1=t696
15239 core=1 prio t690 1 r=0 y=0 c0=t694 c1=t696
15240 core=1 yield r=0 y=2 c0=t694 c1=t696
15241 core=0 resume t692 r=0 y=0 c0=t694 c1=t696
15242 core=0 resume t692 r=0 y=0 c0=t694 c1=t696
15243 core=0 noop r=0 y=0 c0=t694 c1=t696
15244 core=0 take t694 r=1 y=0 c0=t694 c1=t696
15245 core=0 noop r=0 y=0 c0=t694 c1=t696
15246 core=1 give r=1 y=0 c0=t694 c1=t696
15247 core=0 yield r=0 y=1 c0=t694 c1=t696
15248 core=1 suspend t695 r=0 y=0 c0=t694 c1=t696
15249 core=0 prio t691 0 r=0 y=0 c0=t694 c1=t696
15250 core=1 delete 1 t692 r=0 y=0 c0=t694 c1=t696
15251 core=1 noop r=0 y=0 c0=t694 c1=t696
15252 core=1 yield r=0 y=2 c0=t694 c1=t696
15253 core=1 delete 7 t691 r=0 y=0 c0=t694 c1=t696
15254 core=0 delay t694 3 r=0 y=1 c0=IDLE0 c1=t696
15255 core=0 noop r=0 y=0 c0=IDLE0 c1=t696
15256 core=1 noop r=0 y=0 c0=IDLE0 c1=t696
15257 core=0 noop r=0 y=0 c0=IDLE0 c1=t696
15258 core=0 noop r=0 y=0 c0=IDLE0 c1=t696
15259 core=1 delay t696 2 r=0 y=2 c0=IDLE0 c1=IDLE1
15260 core=0 noop r=0 y=0 c0=IDLE0 c1=IDLE1
15261 core=0 tick r=1 y=3 c0=IDLE0 c1=IDLE1
15262 core=0 noop r=0 y=0 c0=IDLE0 c1=IDLE1
15263 core=1 yield r=0 y=2 c0=IDLE0 c1=IDLE1
15264 core=0 give r=0 y=0 c0=IDLE0 c1=IDLE1
15265 core=0 tick r=1 y=3 c0=t696 c1=IDLE0
15266 core=1 resume t689 r=0 y=0 c0=t696 c1=IDLE0
15267 core=0 take t696 r=1 y=0 c0=t696 c1=IDLE0
15268 core=1 noop r=0 y=0 c0=t696 c1=IDLE0
15269 core=1 noop r=0 y=0 c0=t696 c1=IDLE0
15270 core=1 create 7 t697 p2 r=1 y=2 c0=t696 c1=t697
15271 core=1 prio t696 2 r=0 y=0 c0=t696 c1=t697
15272 core=0 tick r=1 y=3 c0=t694 c1=t696
15273 core=1 noop r=0 y=0 c0=t694 c1=t696
15274 core=1 resume t689 r=0 y=0 c0=t694 c1=t696
15275 core=0 yield r=0 y=1 c0=t697 c1=t696
15276 core=1 suspend t694 r=0 y=0 c0=t697 c1=t696
15277 core=1 give r=1 y=0 c0=t697 c1=t696
15278 core=1 take t696 r=1 y=0 c0=t697 c1=t696
15279 core=1 suspend t697 r=0 y=1 c0=IDLE1 c1=t696
15280 core=0 tick r=1 y=1 c0=IDLE0 c1=t696
15281 core=1 give r=1 y=0 c0=IDLE0 c1=t696
15282 core=0 noop r=0 y=0 c0=IDLE0 c1=t696
15283 core=0 noop r=0 y=0 c0=IDLE0 c1=t696
15284 core=1 noop r=0 y=0 c0=IDLE0 c1=t696
15285 core=0 create 8 t698 p0 r=1 y=1 c0=t689 c1=t696
15286 core=0 tick r=1 y=1 c0=IDLE1 c1=t696
15287 core=0 prio t697 1 r=0 y=0 c0=IDLE1 c1=t696
15288 core=0 noop r=0 y=0 c0=IDLE1 c1=t696
15289 core=0 noop r=0 y=0 c0=IDLE1 c1=t696
15290 core=0 suspend t690 r=0 y=0 c0=IDLE1 c1=t696
15291 core=1 prio t698 0 r=0 y=0 c0=IDLE1 c1=t696
15292 core=0 tick r=1 y=1 c0=t698 c1=t696
15293 core=1 give r=0 y=0 c0=t698 c1=t696
15294 core=0 delay t698 3 r=0 y=1 c0=IDLE0 c1=t696
15295 core=1 give_isr r=0 y=0 c0=IDLE0 c1=t696
15296 core=0 noop r=0 y=0 c0=IDLE0 c1=t696
15297 core=0 yield r=0 y=1 c0=t689 c1=t696
15298 core=0 tick r=1 y=1 c0=IDLE1 c1=t696
15299 core=1 delete 7 t697 r=0 y=0 c0=IDLE1 c1=t696
15300 core=0 prio t694 3 r=0 y=0 c0=IDLE1 c1=t696
15301 core=0 noop r=0 y=0 c0=IDLE1 c1=t696
15302 core=1 noop r=0 y=0 c0=IDLE1 c1=t696
15303 core=1 noop r=0 y=0 c0=IDLE1 c1=t696
15304 core=1 suspend t690 r=0 y=0 c0=IDLE1 c1=t696
15305 core=1 give r=0 y=0 c0=IDLE1 c1=t696
15306 core=1 delete 6 t695 r=0 y=0 c0=IDLE1 c1=t696
15307 core=1 give r=0 y=0 c0=IDLE1 c1=t696
15308 core=0 noop r=0 y=0 c0=IDLE1 c1=t696
15309 core=0 resume t694 r=0 y=1 c0=t694 c1=t696
15310 core=1 delete 4 t689 r=0 y=0 c0=t694 c1=t696
15311 core=0 take t694 r=1 y=0 c0=t694 c1=t696
15312 core=0 create 9 t699 p2 r=1 y=0 c0=t694 c1=t696
15313 core=1 resume t699 r=0 y=0 c0=t694 c1=t696
15314 core=0 give_isr r=1 y=0 c0=t694 c1=t696
15315 core=1 give_isr r=0 y=0 c0=t694 c1=t696
15316 core=0 tick r=0 y=2 c0=t694 c1=t699
15317 core=1 noop r=0 y=0 c0=t694 c1=t699
15318 core=0 tick r=0 y=2 c0=t694 c1=t696
15319 core=0 resume t690 r=0 y=0 c0=t694 c1=t696
15320 core=1 noop r=0 y=0 c0=t694 c1=t696
15321 core=1 delay t696 5 r=0 y=2 c0=t694 c1=t699
15322 core=0 tick r=0 y=0 c0=t694 c1=t699
15323 core=0 noop r=0 y=0 c0=t694 c1=t699
15324 core=0 tick r=0 y=0 c0=t694 c1=t699
15325 core=0 noop r=0 y=0 c0=t694 c1=t699
15326 core=1 noop r=0 y=0 c0=t694 c1=t699
15327 core=1 noop r=0 y=0 c0=t694 c1=t699
15328 core=0 prio t690 2 r=0 y=0 c0=t694 c1=t699
15329 core=0 resume t694 r=0 y=0 c0=t694 c1=t699
15330 core=0 delay t694 2 r=0 y=1 c0=t690 c1=t699
15331 core=0 tick r=1 y=3 c0=t690 c1=t699
15332 core=1 give_isr r=0 y=0 c0=t690 c1=t699
15333 core=0 delay t690 1 r=0 y=1 c0=IDLE0 c1=t699
15334 core=1 give_isr r=0 y=0 c0=IDLE0 c1=t699
15335 core=0 tick r=1 y=3 c0=t694 c1=t690
15336 core=0 tick r=0 y=2 c0=t694 c1=t699
15337 core=0 yield r=0 y=1 c0=t694 c1=t699
15338 core=0 suspend t696 r=0 y=0 c0=t694 c1=t699
15339 core=0 delay t694 2 r=0 y=1 c0=t690 c1=t699
15340 core=0 noop r=0 y=0 c0=t690 c1=t699
15341 core=1 noop r=0 y=0 c0=t690 c1=t699
15342 core=1 prio t699 2 r=0 y=0 c0=t690 c1=t699
15343 core=1 prio t694 1 r=0 y=0 c0=t690 c1=t699
15344 core=1 resume t696 r=0 y=0 c0=t690 c1=t699
15345 core=0 yield r=0 y=1 c0=t696 c1=t699
15346 core=1 noop r=0 y=0 c0=t696 c1=t699
15347 core=0 noop r=0 y=0 c0=t696 c1=t699
15348 core=1 noop r=0 y=0 c0=t696 c1=t699
15349 core=1 delay t699 4 r=0 y=2 c0=t696 c1=t690
15350 core=0 prio t694 0 r=0 y=0 c0=t696 c1=t690
15351 core=0 resume t699 r=0 y=0 c0=t696 c1=t690
15352 core=1 noop r=0 y=0 c0=t696 c1=t690
15353 core=0 give r=0 y=0 c0=t696 c1=t690
15354 core=0 take t696 r=1 y=0 c0=t696 c1=t690
15355 core=1 noop r=0 y=0 c0=t696 c1=t690
15356 core=0 noop r=0 y=0 c0=t696 c1=t690
15357 core=0 noop r=0 y=0 c0=t696 c1=t690
15358 core=1 create 0 t700 p2 r=1 y=0 c0=t696 c1=t690
15359 core=1 noop r=0 y=0 c0=t696 c1=t690
15360 core=0 resume t696 r=0 y=0 c0=t696 c1=t690
15361 core=0 noop r=0 y=0 c0=t696 c1=t690
15362 core=0 tick r=1 y=3 c0=t700 c1=t696
15363 core=1 noop r=0 y=0 c0=t700 c1=t696
15364 core=0 tick r=1 y=3 c0=t690 c1=t700
15365 core=1 noop r=0 y=0 c0=t690 c1=t700
15366 core=0 noop r=0 y=0 c0=t690 c1=t700
15367 core=0 noop r=0 y=0 c0=t690 c1=t700
15368 core=1 prio t700 3 r=0 y=0 c0=t690 c1=t700
15369 core=1 delay t700 3 r=0 y=2 c0=t690 c1=t696
15370 core=1 prio t700 3 r=0 y=0 c0=t690 c1=t696
15371 core=1 resume t700 r=0 y=0 c0=t690 c1=t696
15372 core=1 delay t696 3 r=0 y=2 c0=t690 c1=IDLE1
15373 core=0 yield r=0 y=1 c0=t690 c1=IDLE1
15374 core=0 tick r=0 y=2 c0=t690 c1=t698
15375 core=0 resume t699 r=0 y=0 c0=t690 c1=t698
15376 core=0 delay t690 3 r=0 y=1 c0=IDLE0 c1=t698
15377 core=0 resume t696 r=0 y=0 c0=IDLE0 c1=t698
15378 core=0 resume t698 r=0 y=0 c0=IDLE0 c1=t698
15379 core=1 delete 5 t694 r=0 y=0 c0=IDLE0 c1=t698
15380 core=1 noop r=0 y=0 c0=IDLE0 c1=t698
15381 core=0 give r=1 y=0 c0=IDLE0 c1=t698
15382 core=1 resume t700 r=0 y=0 c0=IDLE0 c1=t698
15383 core=0 noop r=0 y=0 c0=IDLE0 c1=t698
15384 core=0 resume t699 r=0 y=0 c0=IDLE0 c1=t698
15385 core=1 noop r=0 y=0 c0=IDLE0 c1=t698
15386 core=1 suspend t696 r=0 y=0 c0=IDLE0 c1=t698
15387 core=1 noop r=0 y=0 c0=IDLE0 c1=t698
15388 core=1 give r=0 y=0 c0=IDLE0 c1=t698
15389 core=1 give_isr r=0 y=0 c0=IDLE0 c1=t698
15390 core=0 suspend t699 r=0 y=0 c0=IDLE0 c1=t698
15391 core=0 tick r=1 y=3 c0=IDLE1 c1=IDLE0
15392 core=1 give r=0 y=0 c0=IDLE1 c1=IDLE0
15393 core=0 create 4 t701 p3 r=1 y=2 c0=IDLE1 c1=t701
15394 core=0 tick r=1 y=3 c0=t700 c1=t701
15395 core=1 delay t701 1 r=0 y=2 c0=t700 c1=t698
15396 core=1 noop r=0 y=0 c0=t700 c1=t698
15397 core=1 noop r=0 y=0 c0=t700 c1=t698
15398 core=1 yield r=0 y=2 c0=t700 c1=IDLE0
15399 core=1 noop r=0 y=0 c0=t700 c1=IDLE0
15400 core=1 noop r=0 y=0 c0=t700 c1=IDLE0
15401 core=1 noop r=0 y=0 c0=t700 c1=IDLE0
15402 core=1 give r=0 y=0 c0=t700 c1=IDLE0
15403 core=0 delete 8 t698 r=0 y=0 c0=t700 c1=IDLE0
15404 core=0 take t700 r=1 y=0 c0=t700 c1=IDLE0
15405 core=1 noop r=0 y=0 c0=t700 c1=IDLE0
15406 core=1 noop r=0 y=0 c0=t700 c1=IDLE0
15407 core=1 yield r=0 y=2 c0=t700 c1=IDLE1
15408 core=1 noop r=0 y=0 c0=t700 c1=IDLE1
15409 core=0 prio t700 3 r=0 y=0 c0=t700 c1=IDLE1
15410 core=1 noop r=0 y=0 c0=t700 c1=IDLE1
15411 core=1 delete 0 t700 r=0 y=1 c0=IDLE0 c1=IDLE1
15412 core=0 suspend t696 r=0 y=0 c0=IDLE0 c1=IDLE1
15413 core=0 suspend t699 r=0 y=0 c0=IDLE0 c1=IDLE1
15414 core=1 resume t701 r=0 y=0 c0=IDLE0 c1=IDLE1
15415 core=1 give r=1 y=0 c0=IDLE0 c1=IDLE1
15416 core=1 yield r=0 y=2 c0=IDLE0 c1=IDLE1
15417 core=0 tick r=1 y=3 c0=t701 c1=t690
15418 core=0 give r=0 y=0 c0=t701 c1=t690
15419 core=0 resume t696 r=0 y=0 c0=t701 c1=t690
15420 core=0 tick r=0 y=2 c0=t701 c1=t696
15421 core=1 give r=0 y=0 c0=t701 c1=t696
15422 core=1 prio t701 3 r=0 y=0 c0=t701 c1=t696
15423 core=0 noop r=0 y=0 c0=t701 c1=t696
15424 core=1 noop r=0 y=0 c0=t701 c1=t696
15425 core=1 noop r=0 y=0 c0=t701 c1=t696
15426 core=0 tick r=0 y=2 c0=t701 c1=t690
15427 core=0 delete 4 t701 r=0 y=1 c0=t696 c1=t690
15428 core=0 delay t696 1 r=0 y=1 c0=IDLE0 c1=t690
15429 core=0 noop r=0 y=0 c0=IDLE0 c1=t690
15430 core=0 give r=0 y=0 c0=IDLE0 c1=t690
15431 core=1 delete 9 t699 r=0 y=0 c0=IDLE0 c1=t690
15432 core=1 give_isr r=0 y=0 c0=IDLE0 c1=t690
15433 core=1 noop r=0 y=0 c0=IDLE0 c1=t690
15434 core=0 noop r=0 y=0 c0=IDLE0 c1=t690
15435 core=1 noop r=0 y=0 c0=IDLE0 c1=t690
15436 core=1 noop r=0 y=0 c0=IDLE0 c1=t690
15437 core=0 create 1 t702 p2 r=1 y=1 c0=t702 c1=t690
15438 core=1 noop r=0 y=0 c0=t702 c1=t690
15439 core=0 give r=0 y=0 c0=t702 c1=t690
15440 core=0 take t702 r=1 y=0 c0=t702 c1=t690
15441 core=0 delay t702 5 r=0 y=1 c0=IDLE1 c1=t690
15442 core=1 resume t696 r=0 y=0 c0=IDLE1 c1=t690
15443 core=0 tick r=1 y=3 c0=t696 c1=t690
15444 core=0 noop r=0 y=0 c0=t696 c1=t690
15445 core=0 noop r=0 y=0 c0=t696 c1=t690
15446 core=1 give_isr r=1 y=0 c0=t696 c1=t690
15447 core=1 delay t690 1 r=0 y=2 c0=t696 c1=IDLE0
15448 core=0 tick r=1 y=3 c0=t690 c1=t696
15449 core=1 delay t696 3 r=0 y=2 c0=t690 c1=IDLE1
15450 core=0 noop r=0 y=0 c0=t690 c1=IDLE1
15451 core=0 tick r=0 y=2 c0=t690 c1=IDLE0
15452 core=0 resume t690 r=0 y=0 c0=t690 c1=IDLE0
15453 core=0 tick r=0 y=2 c0=t690 c1=IDLE1
15454 core=0 give_isr r=0 y=0 c0=t690 c1=IDLE1
15455 core=0 tick r=1 y=3 c0=t702 c1=t696
15456 core=0 tick r=1 y=3 c0=t690 c1=t702
15457 core=0 delay t690 1 r=0 y=1 c0=t696 c1=t702
15458 core=0 create 8 t703 p3 r=1 y=2 c0=t696 c1=t703
15459 core=0 give r=0 y=0 c0=t696 c1=t703
15460 core=1 create 7 t704 p1 r=1 y=0 c0=t696 c1=t703
15461 core=0 delay t696 5 r=0 y=1 c0=t702 c1=t703
15462 core=0 take t702 r=1 y=0 c0=t702 c1=t703
15463 core=0 give r=1 y=0 c0=t702 c1=t703
15464 core=0 noop r=0 y=0 c0=t702 c1=t703
15465 core=0 tick r=1 y=1 c0=t690 c1=t703
15466 core=0 give r=0 y=0 c0=t690 c1=t703
15467 core=0 tick r=1 y=1 c0=t702 c1=t703
15468 core=0 give r=0 y=0 c0=t702 c1=t703
15469 core=0 give r=0 y=0 c0=t702 c1=t703
15470 core=0 resume t702 r=0 y=0 c0=t702 c1=t703
15471 core=1 noop r=0 y=0 c0=t702 c1=t703
15472 core=0 resume t703 r=0 y=0 c0=t702 c1=t703
15473 core=1 give r=0 y=0 c0=t702 c1=t703
15474 core=1 noop r=0 y=0 c0=t702 c1=t703
15475 core=0 resume t696 r=0 y=0 c0=t702 c1=t703
15476 core=0 delay t702 2 r=0 y=1 c0=t690 c1=t703
15477 core=0 resume t703 r=0 y=0 c0=t690 c1=t703
15478 core=0 delay t690 1 r=0 y=1 c0=t704 c1=t703
15479 core=1 noop r=0 y=0 c0=t704 c1=t703
15480 core=0 take t704 r=1 y=0 c0=t704 c1=t703
15481 core=0 resume t703 r=0 y=0 c0=t704 c1=t703
15482 core=0 give r=1 y=0 c0=t704 c1=t703
15483 core=1 noop r=0 y=0 c0=t704 c1=t703
15484 core=0 prio t704 3 r=0 y=0 c0=t704 c1=t703
15485 core=0 tick r=1 y=3 c0=t704 c1=t703
15486 core=0 create 5 t705 p1 r=1 y=0 c0=t704 c1=t703
15487 core=0 tick r=1 y=3 c0=t704 c1=t703
15488 core=0 tick r=1 y=3 c0=t704 c1=t703
15489 core=0 create 4 t706 p2 r=1 y=0 c0=t704 c1=t703
15490 core=0 prio t706 3 r=0 y=0 c0=t704 c1=t703
15491 core=0 suspend t696 r=0 y=0 c0=t704 c1=t703
15492 core=0 tick r=1 y=3 c0=t706 c1=t704
15493 core=1 give r=0 y=0 c0=t706 c1=t704
15494 core=1 resume t704 r=0 y=0 c0=t706 c1=t704
15495 core=1 take t704 r=1 y=0 c0=t706 c1=t704
15496 core=1 noop r=0 y=0 c0=t706 c1=t704
15497 core=1 delay t704 2 r=0 y=2 c0=t706 c1=t703
15498 core=0 delay t706 4 r=0 y=1 c0=t690 c1=t703
15499 core=0 yield r=0 y=1 c0=t702 c1=t703
15500 core=1 yield r=0 y=2 c0=t702 c1=t703
15501 core=0 take t702 r=0 y=0 c0=t702 c1=t703
15502 core=0 give r=1 y=0 c0=t702 c1=t703
15503 core=0 noop r=0 y=0 c0=t702 c1=t703
15504 core=1 noop r=0 y=0 c0=t702 c1=t703
15505 core=0 delay t702 4 r=0 y=1 c0=t690 c1=t703
15506 core=0 suspend t705 r=0 y=0 c0=t690 c1=t703
15507 core=1 delay t703 4 r=0 y=2 c0=t690 c1=IDLE0
15508 core=1 suspend t704 r=0 y=0 c0=t690 c1=IDLE0
15509 core=0 delay t690 1 r=0 y=1 c0=IDLE1 c1=IDLE0
15510 core=0 noop r=0 y=0 c0=IDLE1 c1=IDLE0
15511 core=0 resume t706 r=0 y=0 c0=IDLE1 c1=IDLE0
15512 core=0 tick r=1 y=3 c0=t690 c1=IDLE1
15513 core=0 give r=0 y=0 c0=t690 c1=IDLE1
15514 core=1 prio t704 1 r=0 y=0 c0=t690 c1=IDLE1
15515 core=1 noop r=0 y=0 c0=t690 c1=IDLE1
15516 core=0 tick r=0 y=2 c0=t690 c1=IDLE0
15517 core=0 tick r=0 y=2 c0=t690 c1=IDLE1
15518 core=1 give_isr r=0 y=0 c0=t690 c1=IDLE1
15519 core=0 suspend t690 r=0 y=1 c0=IDLE0 c1=IDLE1
15520 core=0 noop r=0 y=0 c0=IDLE0 c1=IDLE1
15521 core=0 suspend t690 r=0 y=0 c0=IDLE0 c1=IDLE1
15522 core=0 give_isr r=0 y=0 c0=IDLE0 c1=IDLE1
15523 core=1 yield r=0 y=2 c0=IDLE0 c1=IDLE1
15524 core=0 give_isr r=0 y=0 c0=IDLE0 c1=IDLE1
15525 core=0 give_isr r=0 y=0 c0=IDLE0 c1=IDLE1
15526 core=1 noop r=0 y=0 c0=IDLE0 c1=IDLE1
15527 core=0 resume t696 r=0 y=2 c0=IDLE0 c1=t696
15528 core=0 create 0 t707 p2 r=1 y=1 c0=t707 c1=t696
15529 core=1 yield r=0 y=2 c0=t707 c1=t696
15530 core=0 tick r=1 y=3 c0=t706 c1=t703
15531 core=0 take t706 r=1 y=0 c0=t706 c1=t703
15532 core=1 give r=1 y=0 c0=t706 c1=t703
15533 core=1 create 9 t708 p2 r=1 y=0 c0=t706 c1=t703
15534 core=1 create 6 t709 p0 r=1 y=0 c0=t706 c1=t703
15535 core=0 tick r=1 y=3 c0=t706 c1=t703
15536 core=1 give r=0 y=0 c0=t706 c1=t703
15537 core=1 take t703 r=1 y=0 c0=t706 c1=t703
15538 core=1 give r=1 y=0 c0=t706 c1=t703
15539 core=0 delay t706 1 r=0 y=1 c0=t702 c1=t703
15540 core=0 resume t705 r=0 y=0 c0=t702 c1=t703
15541 core=0 suspend t709 r=0 y=0 c0=t702 c1=t703
15542 core=0 suspend t708 r=0 y=0 c0=t702 c1=t703
15543 core=1 suspend t706 r=0 y=0 c0=t702 c1=t703
15544 core=0 delay t702 5 r=0 y=1 c0=t707 c1=t703
15545 core=0 take t707 r=1 y=0 c0=t707 c1=t703
15546 core=0 tick r=1 y=1 c0=t696 c1=t703
15547 core=0 resume t709 r=0 y=0 c0=t696 c1=t703
15548 core=0 give r=1 y=0 c0=t696 c1=t703
15549 core=1 take t703 r=1 y=0 c0=t696 c1=t703
15550 core=1 noop r=0 y=0 c0=t696 c1=t703
15551 core=1 suspend t707 r=0 y=0 c0=t696 c1=t703
15552 core=0 suspend t696 r=0 y=1 c0=t705 c1=t703
15553 core=0 resume t706 r=0 y=1 c0=t706 c1=t703
15554 core=1 prio t696 3 r=0 y=0 c0=t706 c1=t703
15555 core=0 tick r=1 y=3 c0=t706 c1=t703
15556 core=0 give_isr r=1 y=0 c0=t706 c1=t703
15557 core=1 delay t703 2 r=0 y=2 c0=t706 c1=t705
15558 core=1 give r=0 y=0 c0=t706 c1=t705
15559 core=1 resume t690 r=0 y=2 c0=t706 c1=t690
15560 core=1 resume t704 r=0 y=0 c0=t706 c1=t690
15561 core=1 resume t703 r=0 y=0 c0=t706 c1=t690
15562 core=1 take t690 r=1 y=0 c0=t706 c1=t690
15563 core=1 prio t690 0 r=0 y=2 c0=t706 c1=t705
15564 core=0 resume t706 r=0 y=0 c0=t706 c1=t705
15565 core=0 delete 0 t707 r=0 y=0 c0=t706 c1=t705
15566 core=1 delay t705 2 r=0 y=2 c0=t706 c1=t704
15567 core=0 suspend t702 r=0 y=0 c0=t706 c1=t704
15568 core=1 suspend t709 r=0 y=0 c0=t706 c1=t704
15569 core=0 tick r=0 y=0 c0=t706 c1=t704
15570 core=0 yield r=0 y=1 c0=t706 c1=t704
15571 core=1 take t704 r=0 y=0 c0=t706 c1=t704
15572 core=0 tick r=1 y=3 c0=t703 c1=t706
15573 core=0 resume t702 r=0 y=0 c0=t703 c1=t706
15574 core=1 delay t706 3 r=0 y=2 c0=t703 c1=t702
15575 core=0 suspend t704 r=0 y=0 c0=t703 c1=t702
15576 core=0 resume t708 r=0 y=0 c0=t703 c1=t702
15577 core=1 resume t708 r=0 y=0 c0=t703 c1=t702
15578 core=1 delay t702 4 r=0 y=2 c0=t703 c1=t708
15579 core=0 give_isr r=1 y=0 c0=t703 c1=t708
15580 core=1 prio t709 1 r=0 y=0 c0=t703 c1=t708
15581 core=0 give r=0 y=0 c0=t703 c1=t708
15582 core=1 prio t706 0 r=0 y=0 c0=t703 c1=t708
15583 core=1 prio t702 1 r=0 y=0 c0=t703 c1=t708
15584 core=1 create 0 t710 p1 r=1 y=0 c0=t703 c1=t708
15585 core=1 noop r=0 y=0 c0=t703 c1=t708
15586 core=0 tick r=0 y=0 c0=t703 c1=t708
15587 core=0 tick r=0 y=0 c0=t703 c1=t708
15588 core=0 give r=0 y=0 c0=t703 c1=t708
15589 core=1 take t708 r=1 y=0 c0=t703 c1=t708
15590 core=1 delete 0 t710 r=0 y=0 c0=t703 c1=t708
15591 core=0 resume t702 r=0 y=0 c0=t703 c1=t708
15592 core=1 suspend t708 r=0 y=2 c0=t703 c1=t705
15593 core=0 prio t705 1 r=0 y=0 c0=t703 c1=t705
15594 core=1 noop r=0 y=0 c0=t703 c1=t705
15595 core=0 give r=1 y=0 c0=t703 c1=t705
15596 core=0 tick r=0 y=0 c0=t703 c1=t705
15597 core=0 noop r=0 y=0 c0=t703 c1=t705
15598 core=1 delay t705 2 r=0 y=2 c0=t703 c1=IDLE1
15599 core=1 prio t704 2 r=0 y=0 c0=t703 c1=IDLE1
15600 core=1 resume t708 r=0 y=2 c0=t703 c1=t708
15601 core=0 suspend t703 r=0 y=1 c0=IDLE0 c1=t708
15602 core=1 resume t696 r=0 y=1 c0=t696 c1=t708
15603 core=0 delay t696 5 r=0 y=1 c0=t690 c1=t708
15604 core=0 prio t706 2 r=0 y=1 c0=t706 c1=t708
15605 core=0 tick r=1 y=3 c0=t706 c1=t708
15606 core=0 yield r=0 y=1 c0=t706 c1=t708
15607 core=0 delay t706 2 r=0 y=1 c0=t702 c1=t708
15608 core=1 prio t702 2 r=0 y=0 c0=t702 c1=t708
15609 core=1 suspend t703 r=0 y=0 c0=t702 c1=t708
15610 core=1 suspend t702 r=0 y=1 c0=IDLE1 c1=t708
15611 core=0 delete 5 t705 r=0 y=0 c0=IDLE1 c1=t708
15612 core=1 resume t706 r=0 y=0 c0=IDLE1 c1=t708
15613 core=1 suspend t708 r=0 y=2 c0=IDLE1 c1=IDLE0
15614 core=1 noop r=0 y=0 c0=IDLE1 c1=IDLE0
15615 core=0 noop r=0 y=0 c0=IDLE1 c1=IDLE0
15616 core=0 tick r=1 y=3 c0=t690 c1=IDLE1
15617 core=0 resume t690 r=0 y=0 c0=t690 c1=IDLE1
15618 core=0 suspend t706 r=0 y=0 c0=t690 c1=IDLE1
15619 core=1 delete 8 t703 r=0 y=0 c0=t690 c1=IDLE1
15620 core=1 give r=0 y=0 c0=t690 c1=IDLE1
15621 core=1 noop r=0 y=0 c0=t690 c1=IDLE1
15622 core=1 suspend t708 r=0 y=0 c0=t690 c1=IDLE1
15623 core=0 noop r=0 y=0 c0=t690 c1=IDLE1
15624 core=0 suspend t690 r=0 y=1 c0=IDLE0 c1=IDLE1
15625 core=1 give r=0 y=0 c0=IDLE0 c1=IDLE1
15626 core=1 noop r=0 y=0 c0=IDLE0 c1=IDLE1
15627 core=1 noop r=0 y=0 c0=IDLE0 c1=IDLE1
15628 core=0 tick r=1 y=3 c0=IDLE0 c1=IDLE1
15629 core=0 create 0 t711 p3 r=1 y=2 c0=IDLE0 c1=t711
15630 core=0 prio t709 3 r=0 y=0 c0=IDLE0 c1=t711
15631 core=1 yield r=0 y=2 c0=IDLE0 c1=t711
15632 core=0 suspend t696 r=0 y=0 c0=IDLE0 c1=t711
15633 core=1 delay t711 5 r=0 y=2 c0=IDLE0 c1=IDLE1
15634 core=0 tick r=1 y=3 c0=IDLE0 c1=IDLE1
15635 core=1 give r=0 y=0 c0=IDLE0 c1=IDLE1
15636 core=0 give r=0 y=0 c0=IDLE0 c1=IDLE1
15637 core=1 give r=0 y=0 c0=IDLE0 c1=IDLE1
15638 core=0 noop r=0 y=0 c0=IDLE0 c1=IDLE1
15639 core=0 noop r=0 y=0 c0=IDLE0 c1=IDLE1
15640 core=0 noop r=0 y=0 c0=IDLE0 c1=IDLE1
15641 core=1 prio t690 1 r=0 y=0 c0=IDLE0 c1=IDLE1
15642 core=1 give_isr r=0 y=0 c0=IDLE0 c1=IDLE1
15643 core=0 noop r=0 y=0 c0=IDLE0 c1=IDLE1
15644 core=0 prio t696 1 r=0 y=0 c0=IDLE0 c1=IDLE1
15645 core=0 tick r=1 y=3 c0=IDLE0 c1=IDLE1
15646 core=1 give r=0 y=0 c0=IDLE0 c1=IDLE1
15647 core=1 noop r=0 y=0 c0=IDLE0 c1=IDLE1
15648 core=0 tick r=1 y=3 c0=IDLE0 c1=IDLE1
15649 core=0 resume t709 r=0 y=2 c0=IDLE0 c1=t709
15650 core=0 give r=0 y=0 c0=IDLE0 c1=t709
15651 core=0 create 8 t712 p1 r=1 y=1 c0=t712 c1=t709
15652 core=1 prio t704 3 r=0 y=0 c0=t712 c1=t709
15653 core=1 delay t709 5 r=0 y=2 c0=t712 c1=IDLE1
15654 core=1 noop r=0 y=0 c0=t712 c1=IDLE1
15655 core=1 noop r=0 y=0 c0=t712 c1=IDLE1
15656 core=0 tick r=0 y=2 c0=t712 c1=IDLE0
15657 core=0 give_isr r=0 y=0 c0=t712 c1=IDLE0
15658 core=1 prio t711 3 r=0 y=0 c0=t712 c1=IDLE0
15659 core=0 resume t696 r=0 y=2 c0=t712 c1=t696
15660 core=0 give r=0 y=0 c0=t712 c1=t696
15661 core=1 create 5 t713 p2 r=1 y=2 c0=t712 c1=t713
15662 core=1 resume t713 r=0 y=0 c0=t712 c1=t713
15663 core=0 give r=0 y=0 c0=t712 c1=t713
15664 core=0 tick r=1 y=1 c0=t711 c1=t713
15665 core=0 resume t702 r=0 y=0 c0=t711 c1=t713
15666 core=0 noop r=0 y=0 c0=t711 c1=t713
15667 core=1 noop r=0 y=0 c0=t711 c1=t713
15668 core=1 suspend t704 r=0 y=0 c0=t711 c1=t713
15669 core=1 prio t702 2 r=0 y=0 c0=t711 c1=t713
15670 core=0 take t711 r=1 y=0 c0=t711 c1=t713
15671 core=0 delay t711 4 r=0 y=1 c0=t702 c1=t713
15672 core=1 give_isr r=1 y=0 c0=t702 c1=t713
15673 core=1 yield r=0 y=2 c0=t702 c1=t713
15674 core=0 noop r=0 y=0 c0=t702 c1=t713
15675 core=1 resume t713 r=0 y=0 c0=t702 c1=t713
15676 core=1 resume t712 r=0 y=0 c0=t702 c1=t713
15677 core=1 resume t696 r=0 y=0 c0=t702 c1=t713
15678 core=0 resume t706 r=0 y=0 c0=t702 c1=t713
15679 core=0 tick r=1 y=3 c0=t706 c1=t702
15680 core=1 delay t702 4 r=0 y=2 c0=t706 c1=t713
15681 core=0 suspend t706 r=0 y=1 c0=t696 c1=t713
15682 core=1 prio t713 2 r=0 y=0 c0=t696 c1=t713
15683 core=1 yield r=0 y=2 c0=t696 c1=t713
15684 core=1 prio t711 0 r=0 y=0 c0=t696 c1=t713
15685 core=0 delete 4 t706 r=0 y=0 c0=t696 c1=t713
15686 core=0 give r=0 y=0 c0=t696 c1=t713
15687 core=0 prio t709 2 r=0 y=0 c0=t696 c1=t713
15688 core=0 delay t696 2 r=0 y=1 c0=t712 c1=t713
15689 core=0 delay t712 5 r=0 y=1 c0=IDLE1 c1=t713
15690 core=0 noop r=0 y=0 c0=IDLE1 c1=t713
15691 core=1 resume t704 r=0 y=1 c0=t704 c1=t713
15692 core=0 delay t704 5 r=0 y=1 c0=IDLE0 c1=t713
15693 core=0 yield r=0 y=1 c0=IDLE1 c1=t713
15694 core=0 tick r=1 y=1 c0=IDLE0 c1=t713
15695 core=1 resume t696 r=0 y=0 c0=IDLE0 c1=t713
15696 core=0 tick r=1 y=3 c0=t709 c1=t713
15697 core=0 suspend t704 r=0 y=0 c0=t709 c1=t713
15698 core=1 yield r=0 y=2 c0=t709 c1=t713
15699 core=0 tick r=1 y=3 c0=t709 c1=t713
15700 core=0 give r=0 y=0 c0=t709 c1=t713
15701 core=0 resume t711 r=0 y=0 c0=t709 c1=t713
15702 core=1 delay t713 4 r=0 y=2 c0=t709 c1=t696
15703 core=1 give r=0 y=0 c0=t709 c1=t696
15704 core=0 noop r=0 y=0 c0=t709 c1=t696
15705 core=0 prio t709 0 r=0 y=1 c0=IDLE1 c1=t696
15706 core=1 delay t696 5 r=0 y=2 c0=IDLE1 c1=IDLE0
15707 core=1 prio t713 3 r=0 y=0 c0=IDLE1 c1=IDLE0
15708 core=0 yield r=0 y=1 c0=t711 c1=IDLE0
15709 core=1 give r=0 y=0 c0=t711 c1=IDLE0
15710 core=1 noop r=0 y=0 c0=t711 c1=IDLE0
15711 core=0 prio t709 0 r=0 y=0 c0=t711 c1=IDLE0
15712 core=0 tick r=1 y=3 c0=t702 c1=t709
15713 core=1 resume t690 r=0 y=2 c0=t702 c1=t690
15714 core=0 noop r=0 y=0 c0=t702 c1=t690
15715 core=0 tick r=0 y=2 c0=t702 c1=t712
15716 core=0 tick r=0 y=2 c0=t702 c1=t690
15717 core=0 delete 8 t712 r=0 y=0 c0=t702 c1=t690
15718 core=0 prio t713 1 r=0 y=0 c0=t702 c1=t690
15719 core=0 delete 1 t702 r=0 y=1 c0=IDLE1 c1=t690
15720 core=0 noop r=0 y=0 c0=IDLE1 c1=t690
15721 core=1 suspend t713 r=0 y=0 c0=IDLE1 c1=t690
15722 core=1 prio t696 1 r=0 y=0 c0=IDLE1 c1=t690
15723 core=1 noop r=0 y=0 c0=IDLE1 c1=t690
15724 core=1 delete 3 t696 r=0 y=0 c0=IDLE1 c1=t690
15725 core=0 resume t690 r=0 y=0 c0=IDLE1 c1=t690
15726 core=1 noop r=0 y=0 c0=IDLE1 c1=t690
15727 core=0 noop r=0 y=0 c0=IDLE1 c1=t690
15728 core=1 give r=0 y=0 c0=IDLE1 c1=t690
15729 core=0 prio t711 2 r=0 y=1 c0=t711 c1=t690
15730 core=1 take t690 r=1 y=0 c0=t711 c1=t690
15731 core=1 suspend t690 r=0 y=2 c0=t711 c1=IDLE0
15732 core=1 suspend t709 r=0 y=0 c0=t711 c1=IDLE0
15733 core=1 give r=1 y=0 c0=t711 c1=IDLE0
15734 core=1 delete 6 t709 r=0 y=0 c0=t711 c1=IDLE0
15735 core=1 noop r=0 y=0 c0=t711 c1=IDLE0
15736 core=0 suspend t713 r=0 y=0 c0=t711 c1=IDLE0
15737 core=0 take t711 r=1 y=0 c0=t711 c1=IDLE0
15738 core=0 suspend t704 r=0 y=0 c0=t711 c1=IDLE0
15739 core=0 noop r=0 y=0 c0=t711 c1=IDLE0
15740 core=0 give_isr r=1 y=0 c0=t711 c1=IDLE0
15741 core=0 delay t711 3 r=0 y=1 c0=IDLE1 c1=IDLE0
15742 core=0 create 3 t714 p3 r=1 y=2 c0=IDLE1 c1=t714
15743 core=1 delay t714 4 r=0 y=2 c0=IDLE1 c1=IDLE0
15744 core=1 prio t704 0 r=0 y=0 c0=IDLE1 c1=IDLE0
15745 core=0 noop r=0 y=0 c0=IDLE1 c1=IDLE0
15746 core=1 noop r=0 y=0 c0=IDLE1 c1=IDLE0
15747 core=1 noop r=0 y=0 c0=IDLE1 c1=IDLE0
15748 core=1 noop r=0 y=0 c0=IDLE1 c1=IDLE0
15749 core=0 prio t713 2 r=0 y=0 c0=IDLE1 c1=IDLE0
15750 core=0 create 6 t715 p2 r=1 y=2 c0=IDLE1 c1=t715
15751 core=1 give r=0 y=0 c0=IDLE1 c1=t715
15752 core=1 suspend t714 r=0 y=0 c0=IDLE1 c1=t715
15753 core=1 noop r=0 y=0 c0=IDLE1 c1=t715
15754 core=0 noop r=0 y=0 c0=IDLE1 c1=t715
15755 core=0 suspend t690 r=0 y=0 c0=IDLE1 c1=t715
15756 core=1 noop r=0 y=0 c0=IDLE1 c1=t715
15757 core=1 prio t714 0 r=0 y=0 c0=IDLE1 c1=t715
15758 core=1 prio t711 2 r=0 y=0 c0=IDLE1 c1=t715
15759 core=0 tick r=1 y=1 c0=IDLE0 c1=t715
15760 core=0 delete 3 t714 r=0 y=0 c0=IDLE0 c1=t715
15761 core=0 suspend t713 r=0 y=0 c0=IDLE0 c1=t715
15762 core=1 noop r=0 y=0 c0=IDLE0 c1=t715
15763 core=1 create 8 t716 p1 r=1 y=1 c0=t716 c1=t715
15764 core=0 noop r=0 y=0 c0=t716 c1=t715
15765 core=0 prio t690 3 r=0 y=0 c0=t716 c1=t715
15766 core=0 delay t716 5 r=0 y=1 c0=IDLE1 c1=t715
15767 core=1 resume t711 r=0 y=0 c0=IDLE1 c1=t715
15768 core=0 resume t711 r=0 y=0 c0=IDLE1 c1=t715
15769 core=1 delay t715 5 r=0 y=2 c0=IDLE1 c1=IDLE0
15770 core=0 tick r=1 y=3 c0=IDLE1 c1=IDLE0
15771 core=0 tick r=1 y=3 c0=t711 c1=IDLE1
15772 core=0 prio t708 2 r=0 y=0 c0=t711 c1=IDLE1
15773 core=0 tick r=0 y=2 c0=t711 c1=IDLE0
15774 core=1 delete 2 t690 r=0 y=0 c0=t711 c1=IDLE0
15775 core=0 give_isr r=0 y=0 c0=t711 c1=IDLE0
15776 core=0 delay t711 4 r=0 y=1 c0=IDLE1 c1=IDLE0
15777 core=0 noop r=0 y=0 c0=IDLE1 c1=IDLE0
15778 core=0 create 3 t717 p2 r=1 y=2 c0=IDLE1 c1=t717
15779 core=1 take t717 r=1 y=0 c0=IDLE1 c1=t717
15780 core=0 noop r=0 y=0 c0=IDLE1 c1=t717
15781 core=0 yield r=0 y=1 c0=IDLE0 c1=t717
15782 core=0 tick r=1 y=1 c0=IDLE1 c1=t717
15783 core=1 resume t713 r=0 y=1 c0=t713 c1=t717
15784 core=1 take t717 r=0 y=0 c0=t713 c1=t717
15785 core=0 noop r=0 y=0 c0=t713 c1=t717
15786 core=0 noop r=0 y=0 c0=t713 c1=t717
15787 core=1 resume t704 r=0 y=0 c0=t713 c1=t717
15788 core=0 prio t704 2 r=0 y=0 c0=t713 c1=t717
15789 core=1 resume t713 r=0 y=0 c0=t713 c1=t717
15790 core=0 noop r=0 y=0 c0=t713 c1=t717
15791 core=0 delay t713 4 r=0 y=1 c0=t704 c1=t717
15792 core=1 delete 5 t713 r=0 y=0 c0=t704 c1=t717
15793 core=0 give_isr r=1 y=0 c0=t704 c1=t717
15794 core=1 noop r=0 y=0 c0=t704 c1=t717
15795 core=0 suspend t717 r=0 y=2 c0=t704 c1=IDLE0
15796 core=0 give r=0 y=0 c0=t704 c1=IDLE0
15797 core=0 noop r=0 y=0 c0=t704 c1=IDLE0
15798 core=0 tick r=1 y=3 c0=t715 c1=t704
15799 core=0 noop r=0 y=0 c0=t715 c1=t704
15800 core=0 noop r=0 y=0 c0=t715 c1=t704
15801 core=1 take t704 r=1 y=0 c0=t715 c1=t704
15802 core=0 prio t716 3 r=0 y=2 c0=t715 c1=t716
15803 core=0 give r=1 y=0 c0=t715 c1=t716
15804 core=1 give r=0 y=0 c0=t715 c1=t716
15805 core=1 yield r=0 y=2 c0=t715 c1=t716
15806 core=1 prio t715 2 r=0 y=0 c0=t715 c1=t716
15807 core=0 noop r=0 y=0 c0=t715 c1=t716
15808 core=1 create 1 t718 p1 r=1 y=0 c0=t715 c1=t716
15809 core=0 give r=0 y=0 c0=t715 c1=t716
15810 core=0 suspend t711 r=0 y=0 c0=t715 c1=t716
15811 core=1 delete 7 t704 r=0 y=0 c0=t715 c1=t716
15812 core=0 delete 6 t715 r=0 y=1 c0=t718 c1=t716
15813 core=1 noop r=0 y=0 c0=t718 c1=t716
15814 core=1 prio t718 0 r=0 y=1 c0=IDLE1 c1=t716
15815 core=0 noop r=0 y=0 c0=IDLE1 c1=t716
15816 core=1 give r=0 y=0 c0=IDLE1 c1=t716
15817 core=0 give_isr r=0 y=0 c0=IDLE1 c1=t716
15818 core=1 noop r=0 y=0 c0=IDLE1 c1=t716
15819 core=0 yield r=0 y=1 c0=IDLE0 c1=t716
15820 core=0 give r=0 y=0 c0=IDLE0 c1=t716
15821 core=1 take t716 r=1 y=0 c0=IDLE0 c1=t716
15822 core=0 suspend t708 r=0 y=0 c0=IDLE0 c1=t716
15823 core=0 give_isr r=1 y=0 c0=IDLE0 c1=t716
15824 core=0 noop r=0 y=0 c0=IDLE0 c1=t716
15825 core=0 noop r=0 y=0 c0=IDLE0 c1=t716
15826 core=1 give_isr r=0 y=0 c0=IDLE0 c1=t716
15827 core=1 prio t718 1 r=0 y=1 c0=t718 c1=t716
15828 core=1 give_isr r=0 y=0 c0=t718 c1=t716
15829 core=1 noop r=0 y=0 c0=t718 c1=t716
15830 core=1 resume t717 r=0 y=1 c0=t717 c1=t716
15831 core=0 create 6 t719 p1 r=1 y=0 c0=t717 c1=t716
15832 core=0 give r=0 y=0 c0=t717 c1=t716
15833 core=0 create 4 t720 p2 r=1 y=0 c0=t717 c1=t716
15834 core=0 tick r=1 y=1 c0=t720 c1=t716
15835 core=0 resume t711 r=0 y=0 c0=t720 c1=t716
15836 core=0 resume t719 r=0 y=0 c0=t720 c1=t716
15837 core=0 take t720 r=1 y=0 c0=t720 c1=t716
15838 core=0 noop r=0 y=0 c0=t720 c1=t716
15839 core=0 suspend t711 r=0 y=0 c0=t720 c1=t716
15840 core=0 give_isr r=1 y=0 c0=t720 c1=t716
15841 core=0 tick r=1 y=1 c0=t717 c1=t716
15842 core=1 noop r=0 y=0 c0=t717 c1=t716
15843 core=1 give_isr r=0 y=0 c0=t717 c1=t716
15844 core=0 create 2 t721 p1 r=1 y=0 c0=t717 c1=t716
15845 core=0 suspend t717 r=0 y=1 c0=t720 c1=t716
15846 core=1 resume t718 r=0 y=0 c0=t720 c1=t716
15847 core=0 tick r=0 y=0 c0=t720 c1=t716
15848 core=0 tick r=0 y=0 c0=t720 c1=t716
15849 core=1 resume t711 r=0 y=0 c0=t720 c1=t716
15850 core=0 take t720 r=1 y=0 c0=t720 c1=t716
15851 core=1 delete 3 t717 r=0 y=0 c0=t720 c1=t716
15852 core=0 tick r=1 y=1 c0=t711 c1=t716
15853 core=0 take t711 r=0 y=0 c0=t711 c1=t716
15854 core=0 tick r=1 y=1 c0=t720 c1=t716
15855 core=1 yield r=0 y=2 c0=t720 c1=t716
15856 core=1 prio t719 0 r=0 y=0 c0=t720 c1=t716
15857 core=1 noop r=0 y=0 c0=t720 c1=t716
15858 core=0 delay t720 2 r=0 y=1 c0=t711 c1=t716
15859 core=0 create 7 t722 p3 r=1 y=1 c0=t722 c1=t716
15860 core=0 take t722 r=0 y=0 c0=t722 c1=t716
15861 core=1 give r=1 y=0 c0=t722 c1=t716
15862 core=0 noop r=0 y=0 c0=t722 c1=t716
15863 core=1 resume t719 r=0 y=0 c0=t722 c1=t716
15864 core=0 suspend t722 r=0 y=1 c0=t711 c1=t716
15865 core=0 delete 9 t708 r=0 y=0 c0=t711 c1=t716
15866 core=1 prio t719 1 r=0 y=0 c0=t711 c1=t716
15867 core=0 noop r=0 y=0 c0=t711 c1=t716
15868 core=0 resume t711 r=0 y=0 c0=t711 c1=t716
15869 core=1 suspend t720 r=0 y=0 c0=t711 c1=t716
15870 core=0 give r=0 y=0 c0=t711 c1=t716
15871 core=1 delay t716 3 r=0 y=2 c0=t711 c1=t718
15872 core=0 prio t716 0 r=0 y=0 c0=t711 c1=t718
15873 core=0 noop r=0 y=0 c0=t711 c1=t718
15874 core=0 yield r=0 y=1 c0=t711 c1=t718
15875 core=0 tick r=0 y=2 c0=t711 c1=t721
15876 core=0 tick r=0 y=2 c0=t711 c1=t719
15877 core=0 suspend t716 r=0 y=0 c0=t711 c1=t719
15878 core=1 delay t719 4 r=0 y=2 c0=t711 c1=t718
15879 core=0 take t711 r=1 y=0 c0=t711 c1=t718
15880 core=1 give r=1 y=0 c0=t711 c1=t718
15881 core=1 noop r=0 y=0 c0=t711 c1=t718
15882 core=1 prio t722 2 r=0 y=0 c0=t711 c1=t718
15883 core=0 tick r=0 y=2 c0=t711 c1=t721
15884 core=0 tick r=0 y=2 c0=t711 c1=t718
15885 core=0 tick r=0 y=2 c0=t711 c1=t721
15886 core=1 noop r=0 y=0 c0=t711 c1=t721
15887 core=0 noop r=0 y=0 c0=t711 c1=t721
15888 core=1 yield r=0 y=2 c0=t711 c1=t718
15889 core=0 resume t722 r=0 y=2 c0=t711 c1=t722
15890 core=0 delay t711 3 r=0 y=1 c0=t721 c1=t722
15891 core=0 delete 0 t711 r=0 y=0 c0=t721 c1=t722
15892 core=0 delay t721 3 r=0 y=1 c0=t718 c1=t722
15893 core=0 delay t718 1 r=0 y=1 c0=IDLE1 c1=t722
15894 core=1 yield r=0 y=2 c0=IDLE1 c1=t722
15895 core=1 noop r=0 y=0 c0=IDLE1 c1=t722
15896 core=0 tick r=1 y=1 c0=t719 c1=t722
15897 core=0 tick r=1 y=1 c0=t718 c1=t722
15898 core=1 prio t722 1 r=0 y=2 c0=t718 c1=t719
15899 core=1 suspend t718 r=0 y=1 c0=t722 c1=t719
15900 core=1 delete 7 t722 r=0 y=1 c0=IDLE0 c1=t719
15901 core=0 noop r=0 y=0 c0=IDLE0 c1=t719
15902 core=0 noop r=0 y=0 c0=IDLE0 c1=t719
15903 core=1 give_isr r=0 y=0 c0=IDLE0 c1=t719
15904 core=1 take t719 r=1 y=0 c0=IDLE0 c1=t719
15905 core=1 give r=1 y=0 c0=IDLE0 c1=t719
15906 core=1 take t719 r=1 y=0 c0=IDLE0 c1=t719
15907 core=1 delay t719 3 r=0 y=2 c0=IDLE0 c1=IDLE1
15908 core=1 noop r=0 y=0 c0=IDLE0 c1=IDLE1
15909 core=0 suspend t718 r=0 y=0 c0=IDLE0 c1=IDLE1
15910 core=1 give_isr r=1 y=0 c0=IDLE0 c1=IDLE1
15911 core=0 tick r=1 y=3 c0=t721 c1=IDLE0
15912 core=1 prio t716 0 r=0 y=0 c0=t721 c1=IDLE0
15913 core=0 suspend t721 r=0 y=1 c0=IDLE1 c1=IDLE0
15914 core=0 prio t718 2 r=0 y=0 c0=IDLE1 c1=IDLE0
15915 core=1 prio t721 1 r=0 y=0 c0=IDLE1 c1=IDLE0
15916 core=1 yield r=0 y=2 c0=IDLE1 c1=IDLE0
15917 core=0 give_isr r=0 y=0 c0=IDLE1 c1=IDLE0
15918 core=0 give r=0 y=0 c0=IDLE1 c1=IDLE0
15919 core=0 noop r=0 y=0 c0=IDLE1 c1=IDLE0
15920 core=1 delete 4 t720 r=0 y=0 c0=IDLE1 c1=IDLE0
15921 core=0 give r=0 y=0 c0=IDLE1 c1=IDLE0
15922 core=0 noop r=0 y=0 c0=IDLE1 c1=IDLE0
15923 core=1 noop r=0 y=0 c0=IDLE1 c1=IDLE0
15924 core=0 noop r=0 y=0 c0=IDLE1 c1=IDLE0
15925 core=0 noop r=0 y=0 c0=IDLE1 c1=IDLE0
15926 core=1 give r=0 y=0 c0=IDLE1 c1=IDLE0
15927 core=0 noop r=0 y=0 c0=IDLE1 c1=IDLE0
15928 core=0 give r=0 y=0 c0=IDLE1 c1=IDLE0
15929 core=0 give r=0 y=0 c0=IDLE1 c1=IDLE0
15930 core=0 prio t721 0 r=0 y=0 c0=IDLE1 c1=IDLE0
15931 core=1 resume t718 r=0 y=2 c0=IDLE1 c1=t718
15932 core=0 noop r=0 y=0 c0=IDLE1 c1=t718
15933 core=1 noop r=0 y=0 c0=IDLE1 c1=t718
15934 core=1 noop r=0 y=0 c0=IDLE1 c1=t718
15935 core=0 noop r=0 y=0 c0=IDLE1 c1=t718
15936 core=1 delay t718 3 r=0 y=2 c0=IDLE1 c1=IDLE0
15937 core=1 give_isr r=0 y=0 c0=IDLE1 c1=IDLE0
15938 core=0 noop r=0 y=0 c0=IDLE1 c1=IDLE0
15939 core=1 noop r=0 y=0 c0=IDLE1 c1=IDLE0
15940 core=1 suspend t718 r=0 y=0 c0=IDLE1 c1=IDLE0
15941 core=1 suspend t718 r=0 y=0 c0=IDLE1 c1=IDLE0
15942 core=1 noop r=0 y=0 c0=IDLE1 c1=IDLE0
15943 core=0 suspend t718 r=0 y=0 c0=IDLE1 c1=IDLE0
15944 core=0 noop r=0 y=0 c0=IDLE1 c1=IDLE0
15945 core=1 prio t718 1 r=0 y=0 c0=IDLE1 c1=IDLE0
15946 core=1 suspend t718 r=0 y=0 c0=IDLE1 c1=IDLE0
15947 core=0 noop r=0 y=0 c0=IDLE1 c1=IDLE0
15948 core=0 noop r=0 y=0 c0=IDLE1 c1=IDLE0
15949 core=0 noop r=0 y=0 c0=IDLE1 c1=IDLE0
15950 core=0 noop r=0 y=0 c0=IDLE1 c1=IDLE0
15951 core=0 noop r=0 y=0 c0=IDLE1 c1=IDLE0
15952 core=1 noop r=0 y=0 c0=IDLE1 c1=IDLE0
15953 core=1 give_isr r=0 y=0 c0=IDLE1 c1=IDLE0
15954 core=1 noop r=0 y=0 c0=IDLE1 c1=IDLE0
15955 core=1 noop r=0 y=0 c0=IDLE1 c1=IDLE0
15956 core=1 prio t718 1 r=0 y=0 c0=IDLE1 c1=IDLE0
15957 core=1 yield r=0 y=2 c0=IDLE1 c1=IDLE0
15958 core=1 noop r=0 y=0 c0=IDLE1 c1=IDLE0
15959 core=0 tick r=1 y=3 c0=IDLE1 c1=IDLE0
15960 core=1 noop r=0 y=0 c0=IDLE1 c1=IDLE0
15961 core=1 noop r=0 y=0 c0=IDLE1 c1=IDLE0
15962 core=1 yield r=0 y=2 c0=IDLE1 c1=IDLE0
15963 core=0 yield r=0 y=1 c0=IDLE1 c1=IDLE0
15964 core=0 noop r=0 y=0 c0=IDLE1 c1=IDLE0
15965 core=0 noop r=0 y=0 c0=IDLE1 c1=IDLE0
15966 core=0 delete 8 t716 r=0 y=0 c0=IDLE1 c1=IDLE0
15967 core=0 give_isr r=0 y=0 c0=IDLE1 c1=IDLE0
15968 core=0 noop r=0 y=0 c0=IDLE1 c1=IDLE0
15969 core=0 noop r=0 y=0 c0=IDLE1 c1=IDLE0
15970 core=0 resume t718 r=0 y=2 c0=IDLE1 c1=t718
15971 core=0 noop r=0 y=0 c0=IDLE1 c1=t718
15972 core=0 give r=0 y=0 c0=IDLE1 c1=t718
15973 core=1 give_isr r=0 y=0 c0=IDLE1 c1=t718
15974 core=0 tick r=1 y=3 c0=t719 c1=t718
15975 core=0 noop r=0 y=0 c0=t719 c1=t718
15976 core=0 noop r=0 y=0 c0=t719 c1=t718
15977 core=0 tick r=1 y=3 c0=t719 c1=t718
15978 core=1 noop r=0 y=0 c0=t719 c1=t718
15979 core=0 noop r=0 y=0 c0=t719 c1=t718
15980 core=1 delay t718 1 r=0 y=2 c0=t719 c1=IDLE0
15981 core=0 resume t721 r=0 y=2 c0=t719 c1=IDLE1
15982 core=1 noop r=0 y=0 c0=t719 c1=IDLE1
15983 core=0 give_isr r=0 y=0 c0=t719 c1=IDLE1
15984 core=0 noop r=0 y=0 c0=t719 c1=IDLE1
15985 core=1 noop r=0 y=0 c0=t719 c1=IDLE1
15986 core=1 create 3 t723 p0 r=1 y=2 c0=t719 c1=t721
15987 core=1 delay t721 2 r=0 y=2 c0=t719 c1=IDLE0
15988 core=1 noop r=0 y=0 c0=t719 c1=IDLE0
15989 core=0 delay t719 1 r=0 y=1 c0=t723 c1=IDLE0
15990 core=1 noop r=0 y=0 c0=t723 c1=IDLE0
15991 core=1 noop r=0 y=0 c0=t723 c1=IDLE0
15992 core=1 noop r=0 y=0 c0=t723 c1=IDLE0
15993 core=0 yield r=0 y=1 c0=IDLE1 c1=IDLE0
15994 core=1 create 4 t724 p2 r=1 y=2 c0=IDLE1 c1=t724
15995 core=1 give_isr r=0 y=0 c0=IDLE1 c1=t724
15996 core=0 tick r=1 y=1 c0=t718 c1=t724
15997 core=0 give r=0 y=0 c0=t718 c1=t724
15998 core=0 noop r=0 y=0 c0=t718 c1=t724
15999 core=0 delete 2 t721 r=0 y=0 c0=t718 c1=t724
16000 core=1 noop r=0 y=0 c0=t718 c1=t724
16001 core=0 tick r=1 y=1 c0=t719 c1=t724
16002 core=1 delay t724 4 r=0 y=2 c0=t719 c1=t718
16003 core=0 tick r=1 y=3 c0=t719 c1=t718
16004 core=0 give_isr r=0 y=0 c0=t719 c1=t718
16005 core=0 resume t723 r=0 y=0 c0=t719 c1=t718
16006 core=0 delay t719 2 r=0 y=1 c0=t723 c1=t718
16007 core=0 create 0 t725 p0 r=1 y=0 c0=t723 c1=t718
16008 core=0 noop r=0 y=0 c0=t723 c1=t718
16009 core=1 noop r=0 y=0 c0=t723 c1=t718
16010 core=0 take t723 r=1 y=0 c0=t723 c1=t718
16011 core=0 delete 4 t724 r=0 y=0 c0=t723 c1=t718
16012 core=0 tick r=1 y=1 c0=IDLE0 c1=t718
16013 core=0 noop r=0 y=0 c0=IDLE0 c1=t718
16014 core=1 give_isr r=1 y=0 c0=IDLE0 c1=t718
16015 core=1 delay t718 4 r=0 y=2 c0=IDLE0 c1=IDLE1
16016 core=0 noop r=0 y=0 c0=IDLE0 c1=IDLE1
16017 core=0 tick r=1 y=3 c0=t719 c1=t725
16018 core=0 create 2 t726 p3 r=1 y=2 c0=t719 c1=t726
16019 core=1 prio t718 1 r=0 y=0 c0=t719 c1=t726
16020 core=1 resume t718 r=0 y=0 c0=t719 c1=t726
16021 core=0 tick r=0 y=0 c0=t719 c1=t726
16022 core=0 noop r=0 y=0 c0=t719 c1=t726
16023 core=1 take t726 r=1 y=0 c0=t719 c1=t726
16024 core=1 give r=1 y=0 c0=t719 c1=t726
16025 core=0 noop r=0 y=0 c0=t719 c1=t726
16026 core=0 delay t719 2 r=0 y=1 c0=t723 c1=t726
16027 core=1 give r=0 y=0 c0=t723 c1=t726
16028 core=1 delete 6 t719 r=0 y=0 c0=t723 c1=t726
16029 core=1 noop r=0 y=0 c0=t723 c1=t726
16030 core=0 noop r=0 y=0 c0=t723 c1=t726
16031 core=1 noop r=0 y=0 c0=t723 c1=t726
16032 core=1 noop r=0 y=0 c0=t723 c1=t726
16033 core=0 tick r=1 y=1 c0=IDLE0 c1=t726
16034 core=1 create 6 t727 p2 r=1 y=1 c0=t727 c1=t726
16035 core=0 delay t727 5 r=0 y=1 c0=IDLE1 c1=t726
16036 core=0 noop r=0 y=0 c0=IDLE1 c1=t726
16037 core=1 delay t726 3 r=0 y=2 c0=IDLE1 c1=t725
16038 core=0 resume t727 r=0 y=0 c0=IDLE1 c1=t725
16039 core=0 noop r=0 y=0 c0=IDLE1 c1=t725
16040 core=1 delay t725 4 r=0 y=2 c0=IDLE1 c1=t723
16041 core=1 noop r=0 y=0 c0=IDLE1 c1=t723
16042 core=0 noop r=0 y=0 c0=IDLE1 c1=t723
16043 core=1 give r=0 y=0 c0=IDLE1 c1=t723
16044 core=0 noop r=0 y=0 c0=IDLE1 c1=t723
16045 core=1 create 9 t728 p3 r=1 y=1 c0=t728 c1=t723
16046 core=1 suspend t726 r=0 y=0 c0=t728 c1=t723
16047 core=1 delay t723 1 r=0 y=2 c0=t728 c1=IDLE0
16048 core=0 suspend t725 r=0 y=0 c0=t728 c1=IDLE0
16049 core=1 noop r=0 y=0 c0=t728 c1=IDLE0
16050 core=1 give_isr r=0 y=0 c0=t728 c1=IDLE0
16051 core=0 tick r=0 y=2 c0=t728 c1=t718
16052 core=0 take t728 r=1 y=0 c0=t728 c1=t718
16053 core=0 resume t723 r=0 y=0 c0=t728 c1=t718
16054 core=0 give r=1 y=0 c0=t728 c1=t718
16055 core=1 give_isr r=0 y=0 c0=t728 c1=t718
16056 core=1 resume t723 r=0 y=0 c0=t728 c1=t718
16057 core=0 give r=0 y=0 c0=t728 c1=t718
16058 core=1 noop r=0 y=0 c0=t728 c1=t718
16059 core=0 noop r=0 y=0 c0=t728 c1=t718
16060 core=0 resume t726 r=0 y=2 c0=t728 c1=t726
16061 core=0 delay t728 2 r=0 y=1 c0=t718 c1=t726
16062 core=0 suspend t728 r=0 y=0 c0=t718 c1=t726
16063 core=1 delay t726 1 r=0 y=2 c0=t718 c1=IDLE1
16064 core=0 noop r=0 y=0 c0=t718 c1=IDLE1
16065 core=1 noop r=0 y=0 c0=t718 c1=IDLE1
16066 core=1 suspend t727 r=0 y=0 c0=t718 c1=IDLE1
16067 core=1 noop r=0 y=0 c0=t718 c1=IDLE1
16068 core=0 give_isr r=0 y=0 c0=t718 c1=IDLE1
16069 core=0 noop r=0 y=0 c0=t718 c1=IDLE1
16070 core=0 take t718 r=1 y=0 c0=t718 c1=IDLE1
16071 core=1 delete 2 t726 r=0 y=0 c0=t718 c1=IDLE1
16072 core=1 noop r=0 y=0 c0=t718 c1=IDLE1
16073 core=0 resume t727 r=0 y=2 c0=t718 c1=t727
16074 core=0 delete 0 t725 r=0 y=0 c0=t718 c1=t727
16075 core=0 noop r=0 y=0 c0=t718 c1=t727
16076 core=0 tick r=0 y=0 c0=t718 c1=t727
16077 core=0 delay t718 4 r=0 y=1 c0=t723 c1=t727
16078 core=0 noop r=0 y=0 c0=t723 c1=t727
16079 core=1 give r=1 y=0 c0=t723 c1=t727
16080 core=0 noop r=0 y=0 c0=t723 c1=t727
16081 core=0 give r=0 y=0 c0=t723 c1=t727
16082 core=1 prio t727 2 r=0 y=0 c0=t723 c1=t727
16083 core=0 give_isr r=0 y=0 c0=t723 c1=t727
16084 core=1 noop r=0 y=0 c0=t723 c1=t727
16085 core=0 tick r=1 y=1 c0=IDLE0 c1=t727
16086 core=1 noop r=0 y=0 c0=IDLE0 c1=t727
16087 core=0 noop r=0 y=0 c0=IDLE0 c1=t727
16088 core=1 give_isr r=0 y=0 c0=IDLE0 c1=t727
16089 core=0 noop r=0 y=0 c0=IDLE0 c1=t727
16090 core=0 create 7 t729 p2 r=1 y=1 c0=t729 c1=t727
16091 core=0 resume t728 r=0 y=2 c0=t729 c1=t728
16092 core=0 delay t729 1 r=0 y=1 c0=t727 c1=t728
16093 core=1 take t728 r=1 y=0 c0=t727 c1=t728
16094 core=1 take t728 r=0 y=0 c0=t727 c1=t728
16095 core=0 noop r=0 y=0 c0=t727 c1=t728
16096 core=0 create 4 t730 p2 r=1 y=0 c0=t727 c1=t728
16097 core=1 noop r=0 y=0 c0=t727 c1=t728
16098 core=1 delay t728 4 r=0 y=2 c0=t727 c1=t730
16099 core=0 take t727 r=0 y=0 c0=t727 c1=t730
16100 core=0 noop r=0 y=0 c0=t727 c1=t730
16101 core=1 give_isr r=1 y=0 c0=t727 c1=t730
16102 core=0 noop r=0 y=0 c0=t727 c1=t730
16103 core=0 yield r=0 y=1 c0=t727 c1=t730
16104 core=1 noop r=0 y=0 c0=t727 c1=t730
16105 core=1 take t730 r=1 y=0 c0=t727 c1=t730
16106 core=1 suspend t718 r=0 y=0 c0=t727 c1=t730
16107 core=0 tick r=1 y=3 c0=t729 c1=t727
16108 core=1 prio t729 3 r=0 y=0 c0=t729 c1=t727
16109 core=0 create 0 t731 p1 r=1 y=0 c0=t729 c1=t727
16110 core=0 prio t723 3 r=0 y=2 c0=t729 c1=t723
16111 core=1 noop r=0 y=0 c0=t729 c1=t723
16112 core=1 prio t727 3 r=0 y=0 c0=t729 c1=t723
16113 core=0 delay t729 2 r=0 y=1 c0=t727 c1=t723
16114 core=0 resume t730 r=0 y=0 c0=t727 c1=t723
16115 core=0 noop r=0 y=0 c0=t727 c1=t723
16116 core=0 tick r=1 y=3 c0=t727 c1=t723
16117 core=1 noop r=0 y=0 c0=t727 c1=t723
16118 core=0 suspend t727 r=0 y=1 c0=t730 c1=t723
16119 core=1 noop r=0 y=0 c0=t730 c1=t723
16120 core=1 give r=1 y=0 c0=t730 c1=t723
16121 core=0 tick r=1 y=3 c0=t729 c1=t723
16122 core=1 noop r=0 y=0 c0=t729 c1=t723
16123 core=0 prio t728 2 r=0 y=0 c0=t729 c1=t723
16124 core=0 tick r=1 y=3 c0=t729 c1=t723
16125 core=1 noop r=0 y=0 c0=t729 c1=t723
16126 core=0 take t729 r=1 y=0 c0=t729 c1=t723
16127 core=1 give_isr r=1 y=0 c0=t729 c1=t723
16128 core=1 delete 3 t723 r=0 y=2 c0=t729 c1=t730
16129 core=1 noop r=0 y=0 c0=t729 c1=t730
16130 core=0 noop r=0 y=0 c0=t729 c1=t730
16131 core=0 tick r=0 y=2 c0=t729 c1=t728
16132 core=1 noop r=0 y=0 c0=t729 c1=t728
16133 core=0 noop r=0 y=0 c0=t729 c1=t728
16134 core=1 take t728 r=1 y=0 c0=t729 c1=t728
16135 core=0 tick r=0 y=2 c0=t729 c1=t730
16136 core=1 noop r=0 y=0 c0=t729 c1=t730
16137 core=0 tick r=0 y=2 c0=t729 c1=t728
16138 core=0 noop r=0 y=0 c0=t729 c1=t728
16139 core=0 take t729 r=0 y=0 c0=t729 c1=t728
16140 core=1 noop r=0 y=0 c0=t729 c1=t728
16141 core=1 prio t731 1 r=0 y=0 c0=t729 c1=t728
16142 core=0 noop r=0 y=0 c0=t729 c1=t728
16143 core=0 take t729 r=0 y=0 c0=t729 c1=t728
16144 core=0 give r=1 y=0 c0=t729 c1=t728
16145 core=1 resume t727 r=0 y=2 c0=t729 c1=t727
16146 core=1 noop r=0 y=0 c0=t729 c1=t727
16147 core=0 tick r=1 y=3 c0=t729 c1=t727
16148 core=0 give_isr r=0 y=0 c0=t729 c1=t727
16149 core=0 tick r=1 y=3 c0=t729 c1=t727
16150 core=0 take t729 r=1 y=0 c0=t729 c1=t727
16151 core=0 delay t729 4 r=0 y=1 c0=t730 c1=t727
16152 core=0 take t730 r=0 y=0 c0=t730 c1=t727
16153 core=0 give_isr r=1 y=0 c0=t730 c1=t727
16154 core=0 tick r=1 y=1 c0=t728 c1=t727
16155 core=0 prio t730 1 r=0 y=0 c0=t728 c1=t727
16156 core=0 give r=0 y=0 c0=t728 c1=t727
16157 core=0 resume t729 r=0 y=0 c0=t728 c1=t727
16158 core=0 yield r=0 y=1 c0=t728 c1=t727
16159 core=1 noop r=0 y=0 c0=t728 c1=t727
16160 core=0 noop r=0 y=0 c0=t728 c1=t727
16161 core=1 give_isr r=0 y=0 c0=t728 c1=t727
16162 core=0 tick r=0 y=0 c0=t728 c1=t727
16163 core=0 create 3 t732 p2 r=1 y=0 c0=t728 c1=t727
16164 core=0 tick r=1 y=1 c0=t732 c1=t727
16165 core=0 take t732 r=1 y=0 c0=t732 c1=t727
16166 core=0 give r=1 y=0 c0=t732 c1=t727
16167 core=0 delete 3 t732 r=0 y=1 c0=t728 c1=t727
16168 core=0 give r=0 y=0 c0=t728 c1=t727
16169 core=1 noop r=0 y=0 c0=t728 c1=t727
16170 core=1 suspend t718 r=0 y=0 c0=t728 c1=t727
16171 core=0 give_isr r=0 y=0 c0=t728 c1=t727
16172 core=0 delay t728 5 r=0 y=1 c0=t731 c1=t727
16173 core=1 suspend t718 r=0 y=0 c0=t731 c1=t727
16174 core=0 resume t728 r=0 y=0 c0=t731 c1=t727
16175 core=0 prio t727 0 r=0 y=2 c0=t731 c1=t730
16176 core=1 resume t730 r=0 y=0 c0=t731 c1=t730
16177 core=1 prio t729 3 r=0 y=0 c0=t731 c1=t730
16178 core=1 delay t730 1 r=0 y=2 c0=t731 c1=IDLE1
16179 core=0 give r=0 y=0 c0=t731 c1=IDLE1
16180 core=1 suspend t731 r=0 y=1 c0=IDLE0 c1=IDLE1
16181 core=1 noop r=0 y=0 c0=IDLE0 c1=IDLE1
16182 core=0 noop r=0 y=0 c0=IDLE0 c1=IDLE1
16183 core=0 delete 7 t729 r=0 y=0 c0=IDLE0 c1=IDLE1
16184 core=0 noop r=0 y=0 c0=IDLE0 c1=IDLE1
16185 core=1 noop r=0 y=0 c0=IDLE0 c1=IDLE1
16186 core=0 create 3 t733 p2 r=1 y=2 c0=IDLE0 c1=t733
16187 core=0 create 5 t734 p3 r=1 y=1 c0=t734 c1=t733
16188 core=0 give r=0 y=0 c0=t734 c1=t733
16189 core=1 noop r=0 y=0 c0=t734 c1=t733
16190 core=1 give r=0 y=0 c0=t734 c1=t733
16191 core=0 delay t734 3 r=0 y=1 c0=t727 c1=t733
16192 core=1 noop r=0 y=0 c0=t727 c1=t733
16193 core=0 suspend t728 r=0 y=0 c0=t727 c1=t733
16194 core=0 noop r=0 y=0 c0=t727 c1=t733
16195 core=1 delete 0 t731 r=0 y=0 c0=t727 c1=t733
16196 core=0 noop r=0 y=0 c0=t727 c1=t733
16197 core=0 noop r=0 y=0 c0=t727 c1=t733
16198 core=0 tick r=1 y=1 c0=t730 c1=t733
16199 core=0 yield r=0 y=1 c0=t730 c1=t733
16200 core=1 give r=0 y=0 c0=t730 c1=t733
16201 core=0 give r=0 y=0 c0=t730 c1=t733
16202 core=1 resume t730 r=0 y=0 c0=t730 c1=t733
16203 core=0 noop r=0 y=0 c0=t730 c1=t733
16204 core=0 tick r=0 y=0 c0=t730 c1=t733
16205 core=1 suspend t728 r=0 y=0 c0=t730 c1=t733
16206 core=0 create 2 t735 p2 r=1 y=1 c0=t735 c1=t733
16207 core=1 give_isr r=0 y=0 c0=t735 c1=t733
16208 core=0 delay t735 3 r=0 y=1 c0=t730 c1=t733
16209 core=0 tick r=1 y=1 c0=t734 c1=t733
16210 core=0 noop r=0 y=0 c0=t734 c1=t733
16211 core=1 delay t733 3 r=0 y=2 c0=t734 c1=t730
16212 core=1 resume t728 r=0 y=2 c0=t734 c1=t728
16213 core=0 delay t734 1 r=0 y=1 c0=t730 c1=t728
16214 core=0 noop r=0 y=0 c0=t730 c1=t728
16215 core=0 noop r=0 y=0 c0=t730 c1=t728
16216 core=1 resume t733 r=0 y=0 c0=t730 c1=t728
16217 core=1 take t728 r=1 y=0 c0=t730 c1=t728
16218 core=0 resume t735 r=0 y=0 c0=t730 c1=t728
16219 core=0 create 0 t736 p2 r=1 y=1 c0=t736 c1=t728
16220 core=1 resume t730 r=0 y=0 c0=t736 c1=t728
16221 core=1 give_isr r=1 y=0 c0=t736 c1=t728
16222 core=1 give r=0 y=0 c0=t736 c1=t728
16223 core=0 tick r=1 y=3 c0=t734 c1=t736
16224 core=1 suspend t736 r=0 y=2 c0=t734 c1=t728
16225 core=0 prio t733 2 r=0 y=0 c0=t734 c1=t728
16226 core=1 noop r=0 y=0 c0=t734 c1=t728
16227 core=0 resume t718 r=0 y=0 c0=t734 c1=t728
16228 core=1 noop r=0 y=0 c0=t734 c1=t728
16229 core=0 delete 2 t735 r=0 y=0 c0=t734 c1=t728
16230 core=0 resume t728 r=0 y=0 c0=t734 c1=t728
16231 core=0 yield r=0 y=1 c0=t734 c1=t728
16232 core=0 yield r=0 y=1 c0=t734 c1=t728
16233 core=1 take t728 r=1 y=0 c0=t734 c1=t728
16234 core=1 noop r=0 y=0 c0=t734 c1=t728
16235 core=0 give r=1 y=0 c0=t734 c1=t728
16236 core=0 resume t718 r=0 y=0 c0=t734 c1=t728
16237 core=0 noop r=0 y=0 c0=t734 c1=t728
16238 core=1 prio t728 0 r=0 y=2 c0=t734 c1=t730
16239 core=1 noop r=0 y=0 c0=t734 c1=t730
16240 core=0 delay t734 5 r=0 y=1 c0=t718 c1=t730
16241 core=1 give_isr r=0 y=0 c0=t718 c1=t730
16242 core=1 delay t730 4 r=0 y=2 c0=t718 c1=IDLE1
16243 core=1 create 8 t737 p2 r=1 y=2 c0=t718 c1=t737
16244 core=0 delete 9 t728 r=0 y=0 c0=t718 c1=t737
16245 core=0 resume t733 r=0 y=0 c0=t718 c1=t737
16246 core=0 create 9 t738 p0 r=1 y=0 c0=t718 c1=t737
16247 core=0 yield r=0 y=1 c0=t718 c1=t737
16248 core=0 delay t718 2 r=0 y=1 c0=IDLE0 c1=t737
16249 core=0 give r=0 y=0 c0=IDLE0 c1=t737
16250 core=0 give r=0 y=0 c0=IDLE0 c1=t737
16251 core=1 yield r=0 y=2 c0=IDLE0 c1=t737
16252 core=0 noop r=0 y=0 c0=IDLE0 c1=t737
16253 core=1 noop r=0 y=0 c0=IDLE0 c1=t737
16254 core=0 give_isr r=0 y=0 c0=IDLE0 c1=t737
16255 core=0 prio t738 0 r=0 y=0 c0=IDLE0 c1=t737
16256 core=1 take t737 r=1 y=0 c0=IDLE0 c1=t737
16257 core=0 resume t734 r=0 y=0 c0=IDLE0 c1=t737
16258 core=1 resume t730 r=0 y=0 c0=IDLE0 c1=t737
16259 core=1 resume t736 r=0 y=1 c0=t736 c1=t737
16260 core=0 noop r=0 y=0 c0=t736 c1=t737
16261 core=0 take t736 r=0 y=0 c0=t736 c1=t737
16262 core=0 resume t738 r=0 y=0 c0=t736 c1=t737
16263 core=1 resume t734 r=0 y=0 c0=t736 c1=t737
16264 core=0 tick r=1 y=3 c0=t736 c1=t737
16265 core=1 delay t737 2 r=0 y=2 c0=t736 c1=t727
16266 core=0 tick r=1 y=3 c0=t733 c1=t736
16267 core=1 give r=1 y=0 c0=t733 c1=t736
16268 core=0 resume t730 r=0 y=0 c0=t733 c1=t736
16269 core=0 suspend t727 r=0 y=0 c0=t733 c1=t736
16270 core=1 delay t736 2 r=0 y=2 c0=t733 c1=t718
16271 core=1 delay t718 5 r=0 y=2 c0=t733 c1=IDLE1
16272 core=0 prio t727 3 r=0 y=0 c0=t733 c1=IDLE1
16273 core=0 give r=0 y=0 c0=t733 c1=IDLE1
16274 core=1 prio t718 3 r=0 y=0 c0=t733 c1=IDLE1
16275 core=1 prio t730 2 r=0 y=0 c0=t733 c1=IDLE1
16276 core=1 suspend t730 r=0 y=0 c0=t733 c1=IDLE1
16277 core=0 tick r=1 y=3 c0=t737 c1=t733
16278 core=1 noop r=0 y=0 c0=t737 c1=t733
16279 core=0 prio t734 3 r=0 y=0 c0=t737 c1=t733
16280 core=1 give r=0 y=0 c0=t737 c1=t733
16281 core=0 prio t734 3 r=0 y=0 c0=t737 c1=t733
16282 core=0 resume t718 r=0 y=0 c0=t737 c1=t733
16283 core=0 take t737 r=1 y=0 c0=t737 c1=t733
16284 core=0 tick r=1 y=3 c0=t736 c1=t737
16285 core=0 tick r=1 y=3 c0=t734 c1=t733
16286 core=0 tick r=0 y=2 c0=t734 c1=t736
16287 core=0 suspend t733 r=0 y=0 c0=t734 c1=t736
16288 core=1 delete 8 t737 r=0 y=0 c0=t734 c1=t736
16289 core=0 noop r=0 y=0 c0=t734 c1=t736
16290 core=1 give r=1 y=0 c0=t734 c1=t736
16291 core=0 prio t730 3 r=0 y=0 c0=t734 c1=t736
16292 core=0 tick r=1 y=3 c0=t718 c1=t734
16293 core=0 noop r=0 y=0 c0=t718 c1=t734
16294 core=0 tick r=1 y=3 c0=t718 c1=t734
16295 core=1 suspend t736 r=0 y=0 c0=t718 c1=t734
16296 core=0 prio t730 0 r=0 y=0 c0=t718 c1=t734
16297 core=0 take t718 r=1 y=0 c0=t718 c1=t734
16298 core=0 noop r=0 y=0 c0=t718 c1=t734
16299 core=1 resume t730 r=0 y=0 c0=t718 c1=t734
16300 core=0 suspend t738 r=0 y=0 c0=t718 c1=t734
16301 core=0 delete 0 t736 r=0 y=0 c0=t718 c1=t734
16302 core=0 resume t738 r=0 y=0 c0=t718 c1=t734
16303 core=0 noop r=0 y=0 c0=t718 c1=t734
16304 core=0 delay t718 1 r=0 y=1 c0=IDLE0 c1=t734
16305 core=1 resume t738 r=0 y=0 c0=IDLE0 c1=t734
16306 core=1 yield r=0 y=2 c0=IDLE0 c1=t734
16307 core=0 suspend t738 r=0 y=0 c0=IDLE0 c1=t734
16308 core=0 noop r=0 y=0 c0=IDLE0 c1=t734
16309 core=0 tick r=1 y=3 c0=t718 c1=t734
16310 core=1 delay t734 3 r=0 y=2 c0=t718 c1=IDLE1
16311 core=1 noop r=0 y=0 c0=t718 c1=IDLE1
16312 core=0 give r=1 y=0 c0=t718 c1=IDLE1
16313 core=1 give r=0 y=0 c0=t718 c1=IDLE1
16314 core=0 give_isr r=0 y=0 c0=t718 c1=IDLE1
16315 core=0 prio t730 3 r=0 y=2 c0=t718 c1=t730
16316 core=1 delay t730 3 r=0 y=2 c0=t718 c1=IDLE0
16317 core=0 yield r=0 y=1 c0=t718 c1=IDLE0
16318 core=1 noop r=0 y=0 c0=t718 c1=IDLE0
16319 core=0 prio t734 2 r=0 y=0 c0=t718 c1=IDLE0
16320 core=0 delay t718 1 r=0 y=1 c0=IDLE1 c1=IDLE0
16321 core=1 noop r=0 y=0 c0=IDLE1 c1=IDLE0
16322 core=1 noop r=0 y=0 c0=IDLE1 c1=IDLE0
16323 core=0 noop r=0 y=0 c0=IDLE1 c1=IDLE0
16324 core=0 give_isr r=0 y=0 c0=IDLE1 c1=IDLE0
16325 core=0 noop r=0 y=0 c0=IDLE1 c1=IDLE0
16326 core=1 noop r=0 y=0 c0=IDLE1 c1=IDLE0
16327 core=0 yield r=0 y=1 c0=IDLE1 c1=IDLE0
16328 core=1 noop r=0 y=0 c0=IDLE1 c1=IDLE0
16329 core=0 yield r=0 y=1 c0=IDLE1 c1=IDLE0
16330 core=1 noop r=0 y=0 c0=IDLE1 c1=IDLE0
16331 core=1 give_isr r=0 y=0 c0=IDLE1 c1=IDLE0
16332 core=1 prio t733 1 r=0 y=0 c0=IDLE1 c1=IDLE0
16333 core=1 noop r=0 y=0 c0=IDLE1 c1=IDLE0
16334 core=0 suspend t727 r=0 y=0 c0=IDLE1 c1=IDLE0
16335 core=0 tick r=1 y=3 c0=t718 c1=IDLE1
16336 core=1 noop r=0 y=0 c0=t718 c1=IDLE1
16337 core=0 take t718 r=1 y=0 c0=t718 c1=IDLE1
16338 core=1 noop r=0 y=0 c0=t718 c1=IDLE1
16339 core=0 prio t718 0 r=0 y=1 c0=IDLE0 c1=IDLE1
16340 core=1 noop r=0 y=0 c0=IDLE0 c1=IDLE1
16341 core=0 noop r=0 y=0 c0=IDLE0 c1=IDLE1
16342 core=1 give_isr r=1 y=0 c0=IDLE0 c1=IDLE1
16343 core=0 noop r=0 y=0 c0=IDLE0 c1=IDLE1
16344 core=1 noop r=0 y=0 c0=IDLE0 c1=IDLE1
16345 core=1 noop r=0 y=0 c0=IDLE0 c1=IDLE1
16346 core=1 noop r=0 y=0 c0=IDLE0 c1=IDLE1
16347 core=0 suspend t730 r=0 y=0 c0=IDLE0 c1=IDLE1
16348 core=1 noop r=0 y=0 c0=IDLE0 c1=IDLE1
16349 core=0 give r=0 y=0 c0=IDLE0 c1=IDLE1
16350 core=0 prio t738 1 r=0 y=0 c0=IDLE0 c1=IDLE1
16351 core=0 tick r=1 y=3 c0=t718 c1=IDLE0
16352 core=0 noop r=0 y=0 c0=t718 c1=IDLE0
16353 core=1 suspend t738 r=0 y=0 c0=t718 c1=IDLE0
16354 core=0 give r=0 y=0 c0=t718 c1=IDLE0
16355 core=1 prio t727 0 r=0 y=0 c0=t718 c1=IDLE0
16356 core=0 take t718 r=1 y=0 c0=t718 c1=IDLE0
16357 core=0 resume t734 r=0 y=0 c0=t718 c1=IDLE0
16358 core=1 noop r=0 y=0 c0=t718 c1=IDLE0
16359 core=0 tick r=1 y=3 c0=t734 c1=IDLE1
16360 core=1 give_isr r=1 y=0 c0=t734 c1=IDLE1
16361 core=1 noop r=0 y=0 c0=t734 c1=IDLE1
16362 core=0 give r=0 y=0 c0=t734 c1=IDLE1
16363 core=0 prio t718 0 r=0 y=0 c0=t734 c1=IDLE1
16364 core=1 noop r=0 y=0 c0=t734 c1=IDLE1
16365 core=1 prio t734 0 r=0 y=1 c0=t718 c1=IDLE1
16366 core=1 noop r=0 y=0 c0=t718 c1=IDLE1
16367 core=0 prio t734 0 r=0 y=0 c0=t718 c1=IDLE1
16368 core=0 resume t730 r=0 y=2 c0=t718 c1=t730
16369 core=0 resume t733 r=0 y=1 c0=t733 c1=t730
16370 core=0 delay t733 3 r=0 y=1 c0=IDLE0 c1=t730
16371 core=0 tick r=1 y=1 c0=t734 c1=t730
16372 core=1 noop r=0 y=0 c0=t734 c1=t730
16373 core=1 resume t727 r=0 y=0 c0=t734 c1=t730
16374 core=0 resume t727 r=0 y=0 c0=t734 c1=t730
16375 core=0 give_isr r=0 y=0 c0=t734 c1=t730
16376 core=1 prio t738 3 r=0 y=0 c0=t734 c1=t730
16377 core=1 resume t727 r=0 y=0 c0=t734 c1=t730
16378 core=1 delete 9 t738 r=0 y=0 c0=t734 c1=t730
16379 core=1 suspend t727 r=0 y=0 c0=t734 c1=t730
16380 core=1 delay t730 3 r=0 y=2 c0=t734 c1=IDLE1
16381 core=0 prio t727 0 r=0 y=0 c0=t734 c1=IDLE1
16382 core=1 resume t727 r=0 y=2 c0=t734 c1=t718
16383 core=1 give r=0 y=0 c0=t734 c1=t718
16384 core=1 noop r=0 y=0 c0=t734 c1=t718
16385 core=0 noop r=0 y=0 c0=t734 c1=t718
16386 core=1 noop r=0 y=0 c0=t734 c1=t718
16387 core=0 give r=0 y=0 c0=t734 c1=t718
16388 core=0 tick r=1 y=3 c0=IDLE0 c1=t727
16389 core=1 resume t734 r=0 y=0 c0=IDLE0 c1=t727
16390 core=0 prio t730 2 r=0 y=0 c0=IDLE0 c1=t727
16391 core=0 noop r=0 y=0 c0=IDLE0 c1=t727
16392 core=0 give r=0 y=0 c0=IDLE0 c1=t727
16393 core=0 noop r=0 y=0 c0=IDLE0 c1=t727
16394 core=0 create 2 t739 p1 r=1 y=1 c0=t739 c1=t727
16395 core=1 noop r=0 y=0 c0=t739 c1=t727
16396 core=1 delete 4 t730 r=0 y=0 c0=t739 c1=t727
16397 core=1 take t727 r=1 y=0 c0=t739 c1=t727
16398 core=0 tick r=1 y=3 c0=t733 c1=t739
16399 core=1 resume t718 r=0 y=0 c0=t733 c1=t739
16400 core=1 yield r=0 y=2 c0=t733 c1=t739
16401 core=1 noop r=0 y=0 c0=t733 c1=t739
16402 core=0 noop r=0 y=0 c0=t733 c1=t739
16403 core=0 prio t718 3 r=0 y=2 c0=t733 c1=t718
16404 core=0 resume t739 r=0 y=0 c0=t733 c1=t718
16405 core=1 give_isr r=1 y=0 c0=t733 c1=t718
16406 core=0 give_isr r=0 y=0 c0=t733 c1=t718
16407 core=0 noop r=0 y=0 c0=t733 c1=t718
16408 core=1 noop r=0 y=0 c0=t733 c1=t718
16409 core=0 yield r=0 y=1 c0=t739 c1=t718
16410 core=0 prio t718 0 r=0 y=2 c0=t739 c1=t733
16411 core=1 noop r=0 y=0 c0=t739 c1=t733
16412 core=0 delay t739 5 r=0 y=1 c0=IDLE1 c1=t733
16413 core=1 create 7 t740 p1 r=1 y=1 c0=t740 c1=t733
16414 core=0 noop r=0 y=0 c0=t740 c1=t733
16415 core=0 tick r=1 y=3 c0=t740 c1=t733
16416 core=0 create 8 t741 p3 r=1 y=2 c0=t740 c1=t741
16417 core=1 noop r=0 y=0 c0=t740 c1=t741
16418 core=0 tick r=1 y=1 c0=t733 c1=t741
16419 core=0 resume t727 r=0 y=0 c0=t733 c1=t741
16420 core=1 noop r=0 y=0 c0=t733 c1=t741
16421 core=1 delete 6 t727 r=0 y=0 c0=t733 c1=t741
16422 core=1 noop r=0 y=0 c0=t733 c1=t741
16423 core=1 noop r=0 y=0 c0=t733 c1=t741
16424 core=1 take t741 r=1 y=0 c0=t733 c1=t741
16425 core=0 noop r=0 y=0 c0=t733 c1=t741
16426 core=1 noop r=0 y=0 c0=t733 c1=t741
16427 core=0 noop r=0 y=0 c0=t733 c1=t741
16428 core=0 prio t718 1 r=0 y=0 c0=t733 c1=t741
16429 core=1 delay t741 4 r=0 y=2 c0=t733 c1=t740
16430 core=0 create 6 t742 p2 r=1 y=2 c0=t733 c1=t742
16431 core=1 noop r=0 y=0 c0=t733 c1=t742
16432 core=0 delete 2 t739 r=0 y=0 c0=t733 c1=t742
16433 core=0 delay t733 5 r=0 y=1 c0=t718 c1=t742
16434 core=1 resume t718 r=0 y=0 c0=t718 c1=t742
16435 core=1 suspend t733 r=0 y=0 c0=t718 c1=t742
16436 core=0 take t718 r=0 y=0 c0=t718 c1=t742
16437 core=1 delay t742 2 r=0 y=2 c0=t718 c1=t740
16438 core=0 give r=1 y=0 c0=t718 c1=t740
16439 core=0 tick r=1 y=3 c0=t718 c1=t740
16440 core=0 give_isr r=0 y=0 c0=t718 c1=t740
16441 core=0 give_isr r=0 y=0 c0=t718 c1=t740
16442 core=1 create 9 t743 p3 r=1 y=2 c0=t718 c1=t743
16443 core=0 noop r=0 y=0 c0=t718 c1=t743
16444 core=0 tick r=1 y=1 c0=t742 c1=t743
16445 core=0 noop r=0 y=0 c0=t742 c1=t743
16446 core=0 suspend t718 r=0 y=0 c0=t742 c1=t743
16447 core=0 take t742 r=1 y=0 c0=t742 c1=t743
16448 core=1 delete 6 t742 r=0 y=1 c0=t740 c1=t743
16449 core=1 delay t743 5 r=0 y=2 c0=t740 c1=t734
16450 core=1 yield r=0 y=2 c0=t740 c1=IDLE0
16451 core=1 noop r=0 y=0 c0=t740 c1=IDLE0
16452 core=1 give r=1 y=0 c0=t740 c1=IDLE0
16453 core=0 take t740 r=1 y=0 c0=t740 c1=IDLE0
16454 core=1 resume t743 r=0 y=0 c0=t740 c1=IDLE0
16455 core=1 suspend t733 r=0 y=0 c0=t740 c1=IDLE0
16456 core=0 suspend t740 r=0 y=1 c0=IDLE1 c1=IDLE0
16457 core=1 give r=1 y=0 c0=IDLE1 c1=IDLE0
16458 core=1 give r=0 y=0 c0=IDLE1 c1=IDLE0
16459 core=1 noop r=0 y=0 c0=IDLE1 c1=IDLE0
16460 core=1 yield r=0 y=2 c0=IDLE1 c1=t734
16461 core=0 give r=0 y=0 c0=IDLE1 c1=t734
16462 core=0 noop r=0 y=0 c0=IDLE1 c1=t734
16463 core=1 noop r=0 y=0 c0=IDLE1 c1=t734
16464 core=0 resume t734 r=0 y=0 c0=IDLE1 c1=t734
16465 core=1 noop r=0 y=0 c0=IDLE1 c1=t734
16466 core=1 delete 3 t733 r=0 y=0 c0=IDLE1 c1=t734
16467 core=1 give_isr r=0 y=0 c0=IDLE1 c1=t734
16468 core=0 tick r=1 y=3 c0=IDLE0 c1=IDLE1
16469 core=1 noop r=0 y=0 c0=IDLE0 c1=IDLE1
16470 core=0 prio t734 1 r=0 y=2 c0=IDLE0 c1=t734
16471 core=0 tick r=1 y=1 c0=t741 c1=t734
16472 core=1 noop r=0 y=0 c0=t741 c1=t734
16473 core=1 resume t740 r=0 y=0 c0=t741 c1=t734
16474 core=1 give r=0 y=0 c0=t741 c1=t734
16475 core=0 prio t740 3 r=0 y=2 c0=t741 c1=t740
16476 core=0 give r=0 y=0 c0=t741 c1=t740
16477 core=1 give r=0 y=0 c0=t741 c1=t740
16478 core=1 prio t718 3 r=0 y=0 c0=t741 c1=t740
16479 core=1 give r=0 y=0 c0=t741 c1=t740
16480 core=0 noop r=0 y=0 c0=t741 c1=t740
16481 core=1 noop r=0 y=0 c0=t741 c1=t740
16482 core=0 noop r=0 y=0 c0=t741 c1=t740
16483 core=0 suspend t734 r=0 y=0 c0=t741 c1=t740
16484 core=0 tick r=1 y=3 c0=t741 c1=t740
16485 core=0 noop r=0 y=0 c0=t741 c1=t740
16486 core=0 give r=0 y=0 c0=t741 c1=t740
16487 core=1 give r=0 y=0 c0=t741 c1=t740
16488 core=1 suspend t741 r=0 y=1 c0=IDLE1 c1=t740
16489 core=0 resume t740 r=0 y=0 c0=IDLE1 c1=t740
16490 core=0 tick r=1 y=1 c0=IDLE0 c1=t740
16491 core=0 tick r=1 y=3 c0=t743 c1=t740
16492 core=0 resume t718 r=0 y=0 c0=t743 c1=t740
16493 core=0 create 2 t744 p2 r=1 y=0 c0=t743 c1=t740
16494 core=0 resume t740 r=0 y=0 c0=t743 c1=t740
16495 core=0 give r=0 y=0 c0=t743 c1=t740
16496 core=0 give_isr r=0 y=0 c0=t743 c1=t740
16497 core=0 resume t740 r=0 y=0 c0=t743 c1=t740
16498 core=0 tick r=1 y=3 c0=t718 c1=t743
16499 core=1 noop r=0 y=0 c0=t718 c1=t743
16500 core=0 take t718 r=1 y=0 c0=t718 c1=t743
16501 core=1 take t743 r=0 y=0 c0=t718 c1=t743
16502 core=1 take t743 r=0 y=0 c0=t718 c1=t743
16503 core=1 noop r=0 y=0 c0=t718 c1=t743
16504 core=0 take t718 r=0 y=0 c0=t718 c1=t743
16505 core=0 delay t718 4 r=0 y=1 c0=t740 c1=t743
16506 core=1 yield r=0 y=2 c0=t740 c1=t743
16507 core=0 noop r=0 y=0 c0=t740 c1=t743
16508 core=0 yield r=0 y=1 c0=t740 c1=t743
16509 core=0 resume t744 r=0 y=0 c0=t740 c1=t743
16510 core=0 tick r=1 y=3 c0=t740 c1=t743
16511 core=0 tick r=1 y=3 c0=t740 c1=t743
16512 core=0 prio t743 0 r=0 y=2 c0=t740 c1=t744
16513 core=0 prio t744 1 r=0 y=2 c0=t740 c1=t744
16514 core=0 noop r=0 y=0 c0=t740 c1=t744
16515 core=0 tick r=0 y=0 c0=t740 c1=t744
16516 core=1 prio t741 1 r=0 y=0 c0=t740 c1=t744
16517 core=1 delete 8 t741 r=0 y=0 c0=t740 c1=t744
16518 core=1 take t744 r=0 y=0 c0=t740 c1=t744
16519 core=0 give r=1 y=0 c0=t740 c1=t744
16520 core=0 take t740 r=1 y=0 c0=t740 c1=t744
16521 core=0 tick r=1 y=3 c0=t718 c1=t740
16522 core=0 noop r=0 y=0 c0=t718 c1=t740
16523 core=0 suspend t734 r=0 y=0 c0=t718 c1=t740
16524 core=0 suspend t734 r=0 y=0 c0=t718 c1=t740
16525 core=0 suspend t734 r=0 y=0 c0=t718 c1=t740
16526 core=1 noop r=0 y=0 c0=t718 c1=t740
16527 core=0 take t718 r=0 y=0 c0=t718 c1=t740
16528 core=0 create 3 t745 p3 r=1 y=0 c0=t718 c1=t740
16529 core=1 delay t740 4 r=0 y=2 c0=t718 c1=t745
16530 core=0 noop r=0 y=0 c0=t718 c1=t745
16531 core=0 noop r=0 y=0 c0=t718 c1=t745
16532 core=1 resume t743 r=0 y=0 c0=t718 c1=t745
16533 core=0 yield r=0 y=1 c0=t718 c1=t745
16534 core=1 prio t718 1 r=0 y=1 c0=t744 c1=t745
16535 core=0 noop r=0 y=0 c0=t744 c1=t745
16536 core=0 tick r=1 y=1 c0=t718 c1=t745
16537 core=0 noop r=0 y=0 c0=t718 c1=t745
16538 core=0 delay t718 2 r=0 y=1 c0=t744 c1=t745
16539 core=1 suspend t734 r=0 y=0 c0=t744 c1=t745
16540 core=1 resume t718 r=0 y=0 c0=t744 c1=t745
16541 core=0 noop r=0 y=0 c0=t744 c1=t745
16542 core=1 give r=1 y=0 c0=t744 c1=t745
16543 core=1 give r=0 y=0 c0=t744 c1=t745
16544 core=0 tick r=0 y=0 c0=t744 c1=t745
16545 core=0 delay t744 3 r=0 y=1 c0=IDLE1 c1=t745
16546 core=1 resume t718 r=0 y=0 c0=IDLE1 c1=t745
16547 core=0 noop r=0 y=0 c0=IDLE1 c1=t745
16548 core=1 prio t743 1 r=0 y=1 c0=t743 c1=t745
16549 core=0 tick r=1 y=1 c0=t718 c1=t745
16550 core=0 noop r=0 y=0 c0=t718 c1=t745
16551 core=0 tick r=1 y=3 c0=t740 c1=t745
16552 core=1 take t745 r=1 y=0 c0=t740 c1=t745
16553 core=1 give r=1 y=0 c0=t740 c1=t745
16554 core=1 give_isr r=0 y=0 c0=t740 c1=t745
16555 core=0 delete 9 t743 r=0 y=0 c0=t740 c1=t745
16556 core=0 tick r=1 y=3 c0=t740 c1=t745
16557 core=1 give r=0 y=0 c0=t740 c1=t745
16558 core=0 give r=0 y=0 c0=t740 c1=t745
16559 core=1 give r=0 y=0 c0=t740 c1=t745
16560 core=0 noop r=0 y=0 c0=t740 c1=t745
16561 core=0 give_isr r=0 y=0 c0=t740 c1=t745
16562 core=1 give_isr r=0 y=0 c0=t740 c1=t745
16563 core=1 suspend t745 r=0 y=2 c0=t740 c1=t718
16564 core=1 give_isr r=0 y=0 c0=t740 c1=t718
16565 core=0 give_isr r=0 y=0 c0=t740 c1=t718
16566 core=0 yield r=0 y=1 c0=t740 c1=t718
16567 core=1 create 4 t746 p1 r=1 y=0 c0=t740 c1=t718
16568 core=1 take t718 r=1 y=0 c0=t740 c1=t718
16569 core=1 create 0 t747 p1 r=1 y=0 c0=t740 c1=t718
16570 core=1 noop r=0 y=0 c0=t740 c1=t718
16571 core=0 delay t740 3 r=0 y=1 c0=t744 c1=t718
16572 core=0 delete 2 t744 r=0 y=1 c0=t746 c1=t718
16573 core=0 resume t734 r=0 y=0 c0=t746 c1=t718
16574 core=0 noop r=0 y=0 c0=t746 c1=t718
16575 core=1 resume t718 r=0 y=0 c0=t746 c1=t718
16576 core=0 delay t746 2 r=0 y=1 c0=t747 c1=t718
16577 core=1 noop r=0 y=0 c0=t747 c1=t718
16578 core=0 tick r=1 y=3 c0=t734 c1=t747
16579 core=1 resume t745 r=0 y=2 c0=t734 c1=t745
16580 core=0 tick r=1 y=1 c0=t718 c1=t745
16581 core=1 noop r=0 y=0 c0=t718 c1=t745
16582 core=0 resume t745 r=0 y=0 c0=t718 c1=t745
16583 core=0 resume t718 r=0 y=0 c0=t718 c1=t745
16584 core=0 give_isr r=1 y=0 c0=t718 c1=t745
16585 core=0 noop r=0 y=0 c0=t718 c1=t745
16586 core=1 delay t745 1 r=0 y=2 c0=t718 c1=t747
16587 core=0 delete 4 t746 r=0 y=0 c0=t718 c1=t747
16588 core=0 give r=0 y=0 c0=t718 c1=t747
16589 core=0 tick r=1 y=3 c0=t740 c1=t745
16590 core=0 create 8 t748 p3 r=1 y=0 c0=t740 c1=t745
16591 core=1 give r=0 y=0 c0=t740 c1=t745
16592 core=0 tick r=1 y=3 c0=t748 c1=t740
16593 core=0 tick r=1 y=3 c0=t745 c1=t748
16594 core=1 delete 1 t718 r=0 y=0 c0=t745 c1=t748
16595 core=1 delay t748 1 r=0 y=2 c0=t745 c1=t740
16596 core=1 noop r=0 y=0 c0=t745 c1=t740
16597 core=0 prio t745 1 r=0 y=1 c0=t734 c1=t740
16598 core=1 give r=0 y=0 c0=t734 c1=t740
16599 core=1 take t740 r=1 y=0 c0=t734 c1=t740
16600 core=0 yield r=0 y=1 c0=t747 c1=t740
16601 core=1 resume t740 r=0 y=0 c0=t747 c1=t740
16602 core=0 prio t745 2 r=0 y=1 c0=t745 c1=t740
16603 core=0 take t745 r=0 y=0 c0=t745 c1=t740
16604 core=1 resume t745 r=0 y=0 c0=t745 c1=t740
16605 core=1 delay t740 2 r=0 y=2 c0=t745 c1=t734
16606 core=0 suspend t740 r=0 y=0 c0=t745 c1=t734
16607 core=0 tick r=0 y=2 c0=t745 c1=t748
16608 core=0 delete 5 t734 r=0 y=0 c0=t745 c1=t748
16609 core=1 prio t747 2 r=0 y=0 c0=t745 c1=t748
16610 core=1 delete 0 t747 r=0 y=0 c0=t745 c1=t748
16611 core=1 resume t740 r=0 y=1 c0=t740 c1=t748
16612 core=0 tick r=1 y=3 c0=t740 c1=t748
16613 core=0 tick r=1 y=3 c0=t740 c1=t748
16614 core=0 give r=1 y=0 c0=t740 c1=t748
16615 core=0 noop r=0 y=0 c0=t740 c1=t748
16616 core=0 tick r=1 y=3 c0=t740 c1=t748
16617 core=1 give r=0 y=0 c0=t740 c1=t748
16618 core=1 noop r=0 y=0 c0=t740 c1=t748
16619 core=0 noop r=0 y=0 c0=t740 c1=t748
16620 core=1 take t748 r=1 y=0 c0=t740 c1=t748
16621 core=0 tick r=1 y=3 c0=t740 c1=t748
16622 core=1 noop r=0 y=0 c0=t740 c1=t748
16623 core=0 noop r=0 y=0 c0=t740 c1=t748
16624 core=0 resume t745 r=0 y=0 c0=t740 c1=t748
16625 core=0 create 1 t749 p2 r=1 y=0 c0=t740 c1=t748
16626 core=0 noop r=0 y=0 c0=t740 c1=t748
16627 core=1 noop r=0 y=0 c0=t740 c1=t748
16628 core=0 yield r=0 y=1 c0=t740 c1=t748
16629 core=1 give_isr r=1 y=0 c0=t740 c1=t748
16630 core=0 noop r=0 y=0 c0=t740 c1=t748
16631 core=0 take t740 r=1 y=0 c0=t740 c1=t748
16632 core=0 delete 8 t748 r=0 y=2 c0=t740 c1=t745
16633 core=0 noop r=0 y=0 c0=t740 c1=t745
16634 core=1 create 5 t750 p3 r=1 y=2 c0=t740 c1=t750
16635 core=0 noop r=0 y=0 c0=t740 c1=t750
16636 core=0 noop r=0 y=0 c0=t740 c1=t750
16637 core=0 give r=1 y=0 c0=t740 c1=t750
16638 core=1 resume t749 r=0 y=0 c0=t740 c1=t750
16639 core=1 noop r=0 y=0 c0=t740 c1=t750
16640 core=0 resume t749 r=0 y=0 c0=t740 c1=t750
16641 core=0 give r=0 y=0 c0=t740 c1=t750
16642 core=0 noop r=0 y=0 c0=t740 c1=t750
16643 core=0 give r=0 y=0 c0=t740 c1=t750
16644 core=0 create 6 t751 p0 r=1 y=0 c0=t740 c1=t750
16645 core=1 prio t749 1 r=0 y=0 c0=t740 c1=t750
16646 core=1 noop r=0 y=0 c0=t740 c1=t750
16647 core=0 delay t740 3 r=0 y=1 c0=t745 c1=t750
16648 core=1 prio t745 0 r=0 y=1 c0=t749 c1=t750
16649 core=1 take t750 r=1 y=0 c0=t749 c1=t750
16650 core=0 take t749 r=0 y=0 c0=t749 c1=t750
16651 core=1 noop r=0 y=0 c0=t749 c1=t750
16652 core=1 yield r=0 y=2 c0=t749 c1=t750
16653 core=1 noop r=0 y=0 c0=t749 c1=t750
16654 core=0 delete 5 t750 r=0 y=2 c0=t749 c1=IDLE0
16655 core=0 delay t749 4 r=0 y=1 c0=IDLE1 c1=IDLE0
16656 core=1 give r=1 y=0 c0=IDLE1 c1=IDLE0
16657 core=0 noop r=0 y=0 c0=IDLE1 c1=IDLE0
16658 core=0 noop r=0 y=0 c0=IDLE1 c1=IDLE0
16659 core=0 noop r=0 y=0 c0=IDLE1 c1=IDLE0
16660 core=1 prio t749 2 r=0 y=0 c0=IDLE1 c1=IDLE0
16661 core=1 yield r=0 y=2 c0=IDLE1 c1=t751
16662 core=0 tick r=1 y=3 c0=t745 c1=IDLE0
16663 core=0 tick r=1 y=3 c0=IDLE1 c1=t751
16664 core=0 noop r=0 y=0 c0=IDLE1 c1=t751
16665 core=1 give r=0 y=0 c0=IDLE1 c1=t751
16666 core=0 noop r=0 y=0 c0=IDLE1 c1=t751
16667 core=0 noop r=0 y=0 c0=IDLE1 c1=t751
16668 core=0 delete 1 t749 r=0 y=0 c0=IDLE1 c1=t751
16669 core=0 create 8 t752 p2 r=1 y=1 c0=t752 c1=t751
16670 core=0 noop r=0 y=0 c0=t752 c1=t751
16671 core=0 suspend t740 r=0 y=0 c0=t752 c1=t751
16672 core=0 noop r=0 y=0 c0=t752 c1=t751
16673 core=0 give r=0 y=0 c0=t752 c1=t751
16674 core=0 noop r=0 y=0 c0=t752 c1=t751
16675 core=1 take t751 r=1 y=0 c0=t752 c1=t751
16676 core=0 create 4 t753 p1 r=1 y=2 c0=t752 c1=t753
16677 core=1 take t753 r=0 y=0 c0=t752 c1=t753
16678 core=1 give r=1 y=0 c0=t752 c1=t753
16679 core=1 noop r=0 y=0 c0=t752 c1=t753
16680 core=1 yield r=0 y=2 c0=t752 c1=t753
16681 core=1 noop r=0 y=0 c0=t752 c1=t753
16682 core=0 give_isr r=0 y=0 c0=t752 c1=t753
16683 core=1 suspend t751 r=0 y=0 c0=t752 c1=t753
16684 core=0 tick r=0 y=0 c0=t752 c1=t753
16685 core=0 suspend t751 r=0 y=0 c0=t752 c1=t753
16686 core=0 yield r=0 y=1 c0=t752 c1=t753
16687 core=0 noop r=0 y=0 c0=t752 c1=t753
16688 core=1 suspend t751 r=0 y=0 c0=t752 c1=t753
16689 core=1 noop r=0 y=0 c0=t752 c1=t753
16690 core=0 noop r=0 y=0 c0=t752 c1=t753
16691 core=1 noop r=0 y=0 c0=t752 c1=t753
16692 core=1 give_isr r=0 y=0 c0=t752 c1=t753
16693 core=0 take t752 r=1 y=0 c0=t752 c1=t753
16694 core=0 noop r=0 y=0 c0=t752 c1=t753
16695 core=1 create 9 t754 p0 r=1 y=0 c0=t752 c1=t753
16696 core=0 delete 6 t751 r=0 y=0 c0=t752 c1=t753
16697 core=0 tick r=0 y=0 c0=t752 c1=t753
16698 core=0 delay t752 4 r=0 y=1 c0=t745 c1=t753
16699 core=0 yield r=0 y=1 c0=IDLE0 c1=t753
16700 core=0 give r=1 y=0 c0=IDLE0 c1=t753
16701 core=1 yield r=0 y=2 c0=IDLE0 c1=t753
16702 core=0 noop r=0 y=0 c0=IDLE0 c1=t753
16703 core=0 yield r=0 y=1 c0=IDLE1 c1=t753
16704 core=1 noop r=0 y=0 c0=IDLE1 c1=t753
16705 core=0 resume t752 r=0 y=0 c0=IDLE1 c1=t753
16706 core=1 noop r=0 y=0 c0=IDLE1 c1=t753
16707 core=1 delay t753 3 r=0 y=2 c0=IDLE1 c1=t754
16708 core=0 noop r=0 y=0 c0=IDLE1 c1=t754
16709 core=1 noop r=0 y=0 c0=IDLE1 c1=t754
16710 core=1 take t754 r=1 y=0 c0=IDLE1 c1=t754
16711 core=0 delete 7 t740 r=0 y=0 c0=IDLE1 c1=t754
16712 core=0 tick r=1 y=3 c0=t745 c1=IDLE0
16713 core=1 noop r=0 y=0 c0=t745 c1=IDLE0
16714 core=1 noop r=0 y=0 c0=t745 c1=IDLE0
16715 core=1 prio t745 3 r=0 y=0 c0=t745 c1=IDLE0
16716 core=0 give_isr r=1 y=0 c0=t745 c1=IDLE0
16717 core=1 create 0 t755 p0 r=1 y=2 c0=t745 c1=IDLE1
16718 core=0 tick r=0 y=2 c0=t745 c1=t754
16719 core=0 give_isr r=0 y=0 c0=t745 c1=t754
16720 core=0 noop r=0 y=0 c0=t745 c1=t754
16721 core=0 tick r=0 y=2 c0=t745 c1=t753
16722 core=0 give r=0 y=0 c0=t745 c1=t753
16723 core=0 noop r=0 y=0 c0=t745 c1=t753
16724 core=1 noop r=0 y=0 c0=t745 c1=t753
16725 core=0 delay t745 2 r=0 y=1 c0=t755 c1=t753
16726 core=0 delete 4 t753 r=0 y=2 c0=t755 c1=IDLE0
16727 core=0 noop r=0 y=0 c0=t755 c1=IDLE0
16728 core=1 noop r=0 y=0 c0=t755 c1=IDLE0
16729 core=0 give_isr r=0 y=0 c0=t755 c1=IDLE0
16730 core=1 prio t755 0 r=0 y=0 c0=t755 c1=IDLE0
16731 core=1 noop r=0 y=0 c0=t755 c1=IDLE0
16732 core=0 create 6 t756 p2 r=1 y=2 c0=t755 c1=t756
16733 core=1 give_isr r=0 y=0 c0=t755 c1=t756
16734 core=0 prio t745 3 r=0 y=0 c0=t755 c1=t756
16735 core=0 delay t755 1 r=0 y=1 c0=IDLE1 c1=t756
16736 core=1 suspend t754 r=0 y=0 c0=IDLE1 c1=t756
16737 core=0 noop r=0 y=0 c0=IDLE1 c1=t756
16738 core=0 noop r=0 y=0 c0=IDLE1 c1=t756
16739 core=0 tick r=1 y=3 c0=t752 c1=t756
16740 core=1 noop r=0 y=0 c0=t752 c1=t756
16741 core=1 noop r=0 y=0 c0=t752 c1=t756
16742 core=1 delete 6 t756 r=0 y=2 c0=t752 c1=IDLE0
16743 core=0 yield r=0 y=1 c0=t752 c1=IDLE0
16744 core=0 give_isr r=0 y=0 c0=t752 c1=IDLE0
16745 core=1 give_isr r=0 y=0 c0=t752 c1=IDLE0
16746 core=0 suspend t755 r=0 y=0 c0=t752 c1=IDLE0
16747 core=0 delay t752 5 r=0 y=1 c0=IDLE1 c1=IDLE0
16748 core=0 noop r=0 y=0 c0=IDLE1 c1=IDLE0
16749 core=1 noop r=0 y=0 c0=IDLE1 c1=IDLE0
16750 core=0 noop r=0 y=0 c0=IDLE1 c1=IDLE0
16751 core=1 create 7 t757 p1 r=1 y=2 c0=IDLE1 c1=t757
16752 core=0 tick r=1 y=1 c0=t745 c1=t757
16753 core=1 delete 3 t745 r=0 y=1 c0=IDLE0 c1=t757
16754 core=1 give_isr r=0 y=0 c0=IDLE0 c1=t757
16755 core=1 noop r=0 y=0 c0=IDLE0 c1=t757
16756 core=1 noop r=0 y=0 c0=IDLE0 c1=t757
16757 core=1 noop r=0 y=0 c0=IDLE0 c1=t757
16758 core=1 yield r=0 y=2 c0=IDLE0 c1=t757
16759 core=1 create 2 t758 p3 r=1 y=1 c0=t758 c1=t757
16760 core=0 yield r=0 y=1 c0=t758 c1=t757
16761 core=1 create 1 t759 p3 r=1 y=2 c0=t758 c1=t759
16762 core=0 delete 0 t755 r=0 y=0 c0=t758 c1=t759
16763 core=0 take t758 r=1 y=0 c0=t758 c1=t759
16764 core=1 take t759 r=0 y=0 c0=t758 c1=t759
16765 core=1 take t759 r=0 y=0 c0=t758 c1=t759
16766 core=1 take t759 r=0 y=0 c0=t758 c1=t759
16767 core=1 resume t757 r=0 y=0 c0=t758 c1=t759
16768 core=1 resume t759 r=0 y=0 c0=t758 c1=t759
16769 core=1 delay t759 2 r=0 y=2 c0=t758 c1=t757
16770 core=1 give r=1 y=0 c0=t758 c1=t757
16771 core=0 yield r=0 y=1 c0=t758 c1=t757
16772 core=0 noop r=0 y=0 c0=t758 c1=t757
16773 core=0 resume t758 r=0 y=0 c0=t758 c1=t757
16774 core=0 give_isr r=0 y=0 c0=t758 c1=t757
16775 core=0 noop r=0 y=0 c0=t758 c1=t757
16776 core=0 yield r=0 y=1 c0=t758 c1=t757
16777 core=1 suspend t759 r=0 y=0 c0=t758 c1=t757
16778 core=1 give r=0 y=0 c0=t758 c1=t757
16779 core=0 give_isr r=0 y=0 c0=t758 c1=t757
16780 core=1 give r=0 y=0 c0=t758 c1=t757
16781 core=1 suspend t752 r=0 y=0 c0=t758 c1=t757
16782 core=0 prio t758 2 r=0 y=1 c0=t758 c1=t757
16783 core=1 noop r=0 y=0 c0=t758 c1=t757
16784 core=1 suspend t754 r=0 y=0 c0=t758 c1=t757
16785 core=1 noop r=0 y=0 c0=t758 c1=t757
16786 core=1 noop r=0 y=0 c0=t758 c1=t757
16787 core=1 yield r=0 y=2 c0=t758 c1=t757
16788 core=0 noop r=0 y=0 c0=t758 c1=t757
16789 core=0 noop r=0 y=0 c0=t758 c1=t757
16790 core=1 delay t757 5 r=0 y=2 c0=t758 c1=IDLE1
16791 core=0 delay t758 2 r=0 y=1 c0=IDLE0 c1=IDLE1
16792 core=0 noop r=0 y=0 c0=IDLE0 c1=IDLE1
16793 core=0 tick r=1 y=3 c0=IDLE0 c1=IDLE1
16794 core=1 noop r=0 y=0 c0=IDLE0 c1=IDLE1
16795 core=1 suspend t759 r=0 y=0 c0=IDLE0 c1=IDLE1
16796 core=1 noop r=0 y=0 c0=IDLE0 c1=IDLE1
16797 core=0 noop r=0 y=0 c0=IDLE0 c1=IDLE1
16798 core=0 noop r=0 y=0 c0=IDLE0 c1=IDLE1
16799 core=0 tick r=1 y=3 c0=t758 c1=IDLE0
16800 core=0 prio t752 0 r=0 y=0 c0=t758 c1=IDLE0
16801 core=1 yield r=0 y=2 c0=t758 c1=IDLE1
16802 core=1 give_isr r=0 y=0 c0=t758 c1=IDLE1
16803 core=1 noop r=0 y=0 c0=t758 c1=IDLE1
16804 core=1 give_isr r=0 y=0 c0=t758 c1=IDLE1
16805 core=1 delete 1 t759 r=0 y=0 c0=t758 c1=IDLE1
16806 core=0 give_isr r=0 y=0 c0=t758 c1=IDLE1
16807 core=0 yield r=0 y=1 c0=t758 c1=IDLE1
16808 core=1 noop r=0 y=0 c0=t758 c1=IDLE1
16809 core=0 delay t758 3 r=0 y=1 c0=IDLE0 c1=IDLE1
16810 core=1 noop r=0 y=0 c0=IDLE0 c1=IDLE1
16811 core=1 noop r=0 y=0 c0=IDLE0 c1=IDLE1
16812 core=1 create 4 t760 p1 r=1 y=2 c0=IDLE0 c1=t760
16813 core=1 suspend t758 r=0 y=0 c0=IDLE0 c1=t760
16814 core=0 prio t757 1 r=0 y=0 c0=IDLE0 c1=t760
16815 core=1 noop r=0 y=0 c0=IDLE0 c1=t760
16816 core=1 prio t760 2 r=0 y=0 c0=IDLE0 c1=t760
16817 core=0 tick r=1 y=1 c0=IDLE1 c1=t760
16818 core=0 yield r=0 y=1 c0=IDLE0 c1=t760
16819 core=1 suspend t757 r=0 y=0 c0=IDLE0 c1=t760
16820 core=1 noop r=0 y=0 c0=IDLE0 c1=t760
16821 core=1 delay t760 4 r=0 y=2 c0=IDLE0 c1=IDLE1
16822 core=1 give r=0 y=0 c0=IDLE0 c1=IDLE1
16823 core=1 give r=0 y=0 c0=IDLE0 c1=IDLE1
16824 core=1 noop r=0 y=0 c0=IDLE0 c1=IDLE1
16825 core=0 create 6 t761 p3 r=1 y=2 c0=IDLE0 c1=t761
16826 core=1 give_isr r=0 y=0 c0=IDLE0 c1=t761
16827 core=0 yield r=0 y=1 c0=IDLE1 c1=t761
16828 core=0 noop r=0 y=0 c0=IDLE1 c1=t761
16829 core=1 give r=0 y=0 c0=IDLE1 c1=t761
16830 core=0 suspend t757 r=0 y=0 c0=IDLE1 c1=t761
16831 core=0 prio t758 2 r=0 y=0 c0=IDLE1 c1=t761
16832 core=0 give r=0 y=0 c0=IDLE1 c1=t761
16833 core=0 create 3 t762 p0 r=1 y=1 c0=IDLE0 c1=t761
16834 core=0 tick r=1 y=1 c0=t762 c1=t761
16835 core=1 create 1 t763 p3 r=1 y=1 c0=t763 c1=t761
16836 core=0 resume t761 r=0 y=0 c0=t763 c1=t761
16837 core=0 suspend t763 r=0 y=1 c0=IDLE1 c1=t761
16838 core=1 noop r=0 y=0 c0=IDLE1 c1=t761
16839 core=0 noop r=0 y=0 c0=IDLE1 c1=t761
16840 core=1 suspend t752 r=0 y=0 c0=IDLE1 c1=t761
16841 core=1 give r=0 y=0 c0=IDLE1 c1=t761
16842 core=1 give r=0 y=0 c0=IDLE1 c1=t761
16843 core=0 give r=0 y=0 c0=IDLE1 c1=t761
16844 core=0 suspend t760 r=0 y=0 c0=IDLE1 c1=t761
16845 core=0 noop r=0 y=0 c0=IDLE1 c1=t761
16846 core=1 noop r=0 y=0 c0=IDLE1 c1=t761
16847 core=0 noop r=0 y=0 c0=IDLE1 c1=t761
16848 core=0 noop r=0 y=0 c0=IDLE1 c1=t761
16849 core=1 delay t761 3 r=0 y=2 c0=IDLE1 c1=IDLE0
16850 core=1 noop r=0 y=0 c0=IDLE1 c1=IDLE0
16851 core=0 noop r=0 y=0 c0=IDLE1 c1=IDLE0
16852 core=0 delete 6 t761 r=0 y=0 c0=IDLE1 c1=IDLE0
16853 core=0 delete 3 t762 r=0 y=0 c0=IDLE1 c1=IDLE0
16854 core=0 give_isr r=0 y=0 c0=IDLE1 c1=IDLE0
16855 core=0 yield r=0 y=1 c0=IDLE1 c1=IDLE0
16856 core=0 noop r=0 y=0 c0=IDLE1 c1=IDLE0
16857 core=0 noop r=0 y=0 c0=IDLE1 c1=IDLE0
16858 core=1 noop r=0 y=0 c0=IDLE1 c1=IDLE0
16859 core=1 suspend t757 r=0 y=0 c0=IDLE1 c1=IDLE0
16860 core=0 noop r=0 y=0 c0=IDLE1 c1=IDLE0
16861 core=0 noop r=0 y=0 c0=IDLE1 c1=IDLE0
16862 core=0 noop r=0 y=0 c0=IDLE1 c1=IDLE0
16863 core=0 give r=0 y=0 c0=IDLE1 c1=IDLE0
16864 core=1 noop r=0 y=0 c0=IDLE1 c1=IDLE0
16865 core=0 noop r=0 y=0 c0=IDLE1 c1=IDLE0
16866 core=1 noop r=0 y=0 c0=IDLE1 c1=IDLE0
16867 core=0 create 3 t764 p2 r=1 y=2 c0=IDLE1 c1=t764
16868 core=0 noop r=0 y=0 c0=IDLE1 c1=t764
16869 core=0 resume t760 r=0 y=1 c0=t760 c1=t764
16870 core=1 create 5 t765 p1 r=1 y=0 c0=t760 c1=t764
16871 core=0 resume t757 r=0 y=0 c0=t760 c1=t764
16872 core=1 noop r=0 y=0 c0=t760 c1=t764
16873 core=0 resume t757 r=0 y=0 c0=t760 c1=t764
16874 core=0 delay t760 4 r=0 y=1 c0=t765 c1=t764
16875 core=0 tick r=1 y=1 c0=t757 c1=t764
16876 core=0 suspend t764 r=0 y=2 c0=t757 c1=t765
16877 core=1 suspend t758 r=0 y=0 c0=t757 c1=t765
16878 core=1 prio t754 0 r=0 y=0 c0=t757 c1=t765
16879 core=0 create 6 t766 p3 r=1 y=2 c0=t757 c1=t766
16880 core=1 noop r=0 y=0 c0=t757 c1=t766
16881 core=1 noop r=0 y=0 c0=t757 c1=t766
16882 core=0 give r=0 y=0 c0=t757 c1=t766
16883 core=1 suspend t758 r=0 y=0 c0=t757 c1=t766
16884 core=0 give r=0 y=0 c0=t757 c1=t766
16885 core=1 noop r=0 y=0 c0=t757 c1=t766
16886 core=0 take t757 r=1 y=0 c0=t757 c1=t766
16887 core=0 delay t757 1 r=0 y=1 c0=t765 c1=t766
16888 core=1 prio t764 2 r=0 y=0 c0=t765 c1=t766
16889 core=1 noop r=0 y=0 c0=t765 c1=t766
16890 core=0 give_isr r=1 y=0 c0=t765 c1=t766
16891 core=0 prio t764 3 r=0 y=0 c0=t765 c1=t766
16892 core=0 noop r=0 y=0 c0=t765 c1=t766
16893 core=1 suspend t764 r=0 y=0 c0=t765 c1=t766
16894 core=0 delay t765 1 r=0 y=1 c0=IDLE0 c1=t766
16895 core=0 noop r=0 y=0 c0=IDLE0 c1=t766
16896 core=0 noop r=0 y=0 c0=IDLE0 c1=t766
16897 core=1 delay t766 4 r=0 y=2 c0=IDLE0 c1=IDLE1
16898 core=1 prio t760 3 r=0 y=0 c0=IDLE0 c1=IDLE1
16899 core=1 give r=0 y=0 c0=IDLE0 c1=IDLE1
16900 core=1 noop r=0 y=0 c0=IDLE0 c1=IDLE1
16901 core=1 noop r=0 y=0 c0=IDLE0 c1=IDLE1
16902 core=0 noop r=0 y=0 c0=IDLE0 c1=IDLE1
16903 core=1 prio t766 3 r=0 y=0 c0=IDLE0 c1=IDLE1
16904 core=1 prio t760 3 r=0 y=0 c0=IDLE0 c1=IDLE1
16905 core=0 resume t765 r=0 y=0 c0=IDLE0 c1=IDLE1
16906 core=1 noop r=0 y=0 c0=IDLE0 c1=IDLE1
16907 core=0 noop r=0 y=0 c0=IDLE0 c1=IDLE1
16908 core=1 give_isr r=0 y=0 c0=IDLE0 c1=IDLE1
16909 core=0 give r=0 y=0 c0=IDLE0 c1=IDLE1
16910 core=1 give r=0 y=0 c0=IDLE0 c1=IDLE1
16911 core=1 noop r=0 y=0 c0=IDLE0 c1=IDLE1
16912 core=1 noop r=0 y=0 c0=IDLE0 c1=IDLE1
16913 core=1 give_isr r=0 y=0 c0=IDLE0 c1=IDLE1
16914 core=0 resume t752 r=0 y=2 c0=IDLE0 c1=t752
16915 core=0 noop r=0 y=0 c0=IDLE0 c1=t752
16916 core=0 suspend t764 r=0 y=0 c0=IDLE0 c1=t752
16917 core=0 suspend t760 r=0 y=0 c0=IDLE0 c1=t752
16918 core=1 resume t752 r=0 y=0 c0=IDLE0 c1=t752
16919 core=1 resume t760 r=0 y=1 c0=t760 c1=t752
16920 core=0 tick r=0 y=2 c0=t760 c1=t757
16921 core=1 delay t757 4 r=0 y=2 c0=t760 c1=t765
16922 core=1 delay t765 3 r=0 y=2 c0=t760 c1=IDLE1
16923 core=1 noop r=0 y=0 c0=t760 c1=IDLE1
16924 core=1 delete 3 t764 r=0 y=0 c0=t760 c1=IDLE1
16925 core=0 tick r=0 y=2 c0=t760 c1=IDLE0
16926 core=0 delete 8 t752 r=0 y=0 c0=t760 c1=IDLE0
16927 core=1 noop r=0 y=0 c0=t760 c1=IDLE0
16928 core=1 give r=0 y=0 c0=t760 c1=IDLE0
16929 core=0 delete 2 t758 r=0 y=0 c0=t760 c1=IDLE0
16930 core=0 suspend t765 r=0 y=0 c0=t760 c1=IDLE0
16931 core=0 noop r=0 y=0 c0=t760 c1=IDLE0
16932 core=0 resume t763 r=0 y=2 c0=t760 c1=t763
16933 core=1 noop r=0 y=0 c0=t760 c1=t763
16934 core=1 noop r=0 y=0 c0=t760 c1=t763
16935 core=0 give_isr r=0 y=0 c0=t760 c1=t763
16936 core=0 noop r=0 y=0 c0=t760 c1=t763
16937 core=1 suspend t766 r=0 y=0 c0=t760 c1=t763
16938 core=0 take t760 r=1 y=0 c0=t760 c1=t763
16939 core=1 give_isr r=1 y=0 c0=t760 c1=t763
16940 core=0 tick r=1 y=3 c0=t760 c1=t763
16941 core=0 tick r=1 y=3 c0=t760 c1=t763
16942 core=0 create 3 t767 p0 r=1 y=0 c0=t760 c1=t763
16943 core=0 yield r=0 y=1 c0=t760 c1=t763
16944 core=1 prio t767 2 r=0 y=0 c0=t760 c1=t763
16945 core=1 give r=0 y=0 c0=t760 c1=t763
16946 core=1 prio t757 0 r=0 y=0 c0=t760 c1=t763
16947 core=0 give r=0 y=0 c0=t760 c1=t763
16948 core=1 prio t767 3 r=0 y=0 c0=t760 c1=t763
16949 core=1 yield r=0 y=2 c0=t760 c1=t767
16950 core=0 give_isr r=0 y=0 c0=t760 c1=t767
16951 core=1 take t767 r=1 y=0 c0=t760 c1=t767
16952 core=1 suspend t765 r=0 y=0 c0=t760 c1=t767
16953 core=0 delay t760 4 r=0 y=1 c0=t763 c1=t767
16954 core=1 delete 5 t765 r=0 y=0 c0=t763 c1=t767
16955 core=0 delay t763 2 r=0 y=1 c0=IDLE1 c1=t767
16956 core=0 tick r=1 y=1 c0=IDLE0 c1=t767
16957 core=0 noop r=0 y=0 c0=IDLE0 c1=t767
16958 core=0 create 0 t768 p2 r=1 y=1 c0=t768 c1=t767
16959 core=1 delay t767 2 r=0 y=2 c0=t768 c1=t757
16960 core=1 yield r=0 y=2 c0=t768 c1=IDLE1
16961 core=0 give r=1 y=0 c0=t768 c1=IDLE1
16962 core=0 tick r=0 y=2 c0=t768 c1=t763
16963 core=1 delay t763 5 r=0 y=2 c0=t768 c1=IDLE0
16964 core=1 noop r=0 y=0 c0=t768 c1=IDLE0
16965 core=0 resume t767 r=0 y=0 c0=t768 c1=IDLE0
16966 core=0 suspend t760 r=0 y=0 c0=t768 c1=IDLE0
16967 core=1 give r=0 y=0 c0=t768 c1=IDLE0
16968 core=1 give_isr r=0 y=0 c0=t768 c1=IDLE0
16969 core=1 delete 6 t766 r=0 y=0 c0=t768 c1=IDLE0
16970 core=1 resume t754 r=0 y=2 c0=t768 c1=t757
16971 core=0 give_isr r=0 y=0 c0=t768 c1=t757
16972 core=1 delay t757 5 r=0 y=2 c0=t768 c1=IDLE1
16973 core=1 noop r=0 y=0 c0=t768 c1=IDLE1
16974 core=0 tick r=0 y=2 c0=t768 c1=t767
16975 core=1 take t767 r=1 y=0 c0=t768 c1=t767
16976 core=0 give r=1 y=0 c0=t768 c1=t767
16977 core=1 delete 0 t768 r=0 y=1 c0=t754 c1=t767
16978 core=0 noop r=0 y=0 c0=t754 c1=t767
16979 core=1 prio t754 1 r=0 y=0 c0=t754 c1=t767
16980 core=0 noop r=0 y=0 c0=t754 c1=t767
16981 core=1 suspend t760 r=0 y=0 c0=t754 c1=t767
16982 core=0 give r=0 y=0 c0=t754 c1=t767
16983 core=0 noop r=0 y=0 c0=t754 c1=t767
16984 core=0 tick r=0 y=0 c0=t754 c1=t767
16985 core=1 delay t767 3 r=0 y=2 c0=t754 c1=IDLE0
16986 core=1 noop r=0 y=0 c0=t754 c1=IDLE0
16987 core=1 noop r=0 y=0 c0=t754 c1=IDLE0
16988 core=1 delete 3 t767 r=0 y=0 c0=t754 c1=IDLE0
16989 core=1 noop r=0 y=0 c0=t754 c1=IDLE0
16990 core=1 noop r=0 y=0 c0=t754 c1=IDLE0
16991 core=0 suspend t757 r=0 y=0 c0=t754 c1=IDLE0
16992 core=1 yield r=0 y=2 c0=t754 c1=IDLE1
16993 core=1 give r=0 y=0 c0=t754 c1=IDLE1
16994 core=0 noop r=0 y=0 c0=t754 c1=IDLE1
16995 core=1 noop r=0 y=0 c0=t754 c1=IDLE1
16996 core=0 tick r=0 y=2 c0=t754 c1=IDLE0
16997 core=0 noop r=0 y=0 c0=t754 c1=IDLE0
16998 core=0 take t754 r=1 y=0 c0=t754 c1=IDLE0
16999 core=0 tick r=0 y=2 c0=t754 c1=IDLE1
17000 core=0 yield r=0 y=1 c0=t754 c1=IDLE1
17001 core=1 create 0 t769 p2 r=1 y=2 c0=t754 c1=t769
17002 core=0 tick r=1 y=1 c0=t763 c1=t769
17003 core=1 take t769 r=0 y=0 c0=t763 c1=t769
17004 core=0 give r=1 y=0 c0=t763 c1=t769
17005 core=1 take t769 r=1 y=0 c0=t763 c1=t769
17006 core=0 noop r=0 y=0 c0=t763 c1=t769
17007 core=1 give_isr r=1 y=0 c0=t763 c1=t769
17008 core=0 noop r=0 y=0 c0=t763 c1=t769
17009 core=0 give r=0 y=0 c0=t763 c1=t769
17010 core=1 noop r=0 y=0 c0=t763 c1=t769
17011 core=1 take t769 r=1 y=0 c0=t763 c1=t769
17012 core=1 resume t754 r=0 y=0 c0=t763 c1=t769
17013 core=1 noop r=0 y=0 c0=t763 c1=t769
17014 core=1 give r=1 y=0 c0=t763 c1=t769
17015 core=1 suspend t763 r=0 y=1 c0=t754 c1=t769
17016 core=1 take t769 r=1 y=0 c0=t754 c1=t769
17017 core=1 yield r=0 y=2 c0=t754 c1=t769
17018 core=1 noop r=0 y=0 c0=t754 c1=t769
17019 core=0 noop r=0 y=0 c0=t754 c1=t769
17020 core=1 resume t760 r=0 y=1 c0=t760 c1=t769
17021 core=1 suspend t763 r=0 y=0 c0=t760 c1=t769
17022 core=0 noop r=0 y=0 c0=t760 c1=t769
17023 core=0 suspend t763 r=0 y=0 c0=t760 c1=t769
17024 core=1 noop r=0 y=0 c0=t760 c1=t769
17025 core=1 delete 1 t763 r=0 y=0 c0=t760 c1=t769
17026 core=0 prio t769 1 r=0 y=2 c0=t760 c1=t754
17027 core=0 noop r=0 y=0 c0=t760 c1=t754
17028 core=1 noop r=0 y=0 c0=t760 c1=t754
17029 core=0 noop r=0 y=0 c0=t760 c1=t754
17030 core=1 take t754 r=0 y=0 c0=t760 c1=t754
17031 core=0 tick r=0 y=2 c0=t760 c1=t769
17032 core=0 noop r=0 y=0 c0=t760 c1=t769
17033 core=0 noop r=0 y=0 c0=t760 c1=t769
17034 core=0 create 1 t770 p0 r=1 y=0 c0=t760 c1=t769
17035 core=1 create 5 t771 p3 r=1 y=2 c0=t760 c1=t771
17036 core=0 give_isr r=1 y=0 c0=t760 c1=t771
17037 core=0 noop r=0 y=0 c0=t760 c1=t771
17038 core=0 noop r=0 y=0 c0=t760 c1=t771
17039 core=1 yield r=0 y=2 c0=t760 c1=t771
17040 core=0 tick r=1 y=3 c0=t760 c1=t771
17041 core=1 delete 9 t754 r=0 y=0 c0=t760 c1=t771
17042 core=0 take t760 r=1 y=0 c0=t760 c1=t771
17043 core=0 resume t757 r=0 y=0 c0=t760 c1=t771
17044 core=0 noop r=0 y=0 c0=t760 c1=t771
17045 core=1 noop r=0 y=0 c0=t760 c1=t771
17046 core=0 create 9 t772 p1 r=1 y=0 c0=t760 c1=t771
17047 core=1 resume t770 r=0 y=0 c0=t760 c1=t771
17048 core=0 noop r=0 y=0 c0=t760 c1=t771
17049 core=0 noop r=0 y=0 c0=t760 c1=t771
17050 core=0 delete 7 t757 r=0 y=0 c0=t760 c1=t771
17051 core=1 suspend t772 r=0 y=0 c0=t760 c1=t771
17052 core=0 create 2 t773 p2 r=1 y=0 c0=t760 c1=t771
17053 core=1 delete 1 t770 r=0 y=0 c0=t760 c1=t771
17054 core=1 delay t771 5 r=0 y=2 c0=t760 c1=t773
17055 core=0 tick r=0 y=0 c0=t760 c1=t773
17056 core=1 noop r=0 y=0 c0=t760 c1=t773
17057 core=1 delay t773 2 r=0 y=2 c0=t760 c1=t769
17058 core=0 prio t772 3 r=0 y=0 c0=t760 c1=t769
17059 core=1 noop r=0 y=0 c0=t760 c1=t769
17060 core=0 tick r=0 y=0 c0=t760 c1=t769
17061 core=0 tick r=0 y=2 c0=t760 c1=t773
17062 core=1 noop r=0 y=0 c0=t760 c1=t773
17063 core=0 noop r=0 y=0 c0=t760 c1=t773
17064 core=0 noop r=0 y=0 c0=t760 c1=t773
17065 core=1 delay t773 4 r=0 y=2 c0=t760 c1=t769
17066 core=0 give_isr r=1 y=0 c0=t760 c1=t769
17067 core=0 suspend t760 r=0 y=1 c0=IDLE0 c1=t769
17068 core=1 yield r=0 y=2 c0=IDLE0 c1=t769
17069 core=0 tick r=1 y=1 c0=IDLE1 c1=t769
17070 core=0 delete 5 t771 r=0 y=0 c0=IDLE1 c1=t769
17071 core=0 yield r=0 y=1 c0=IDLE0 c1=t769
17072 core=1 noop r=0 y=0 c0=IDLE0 c1=t769
17073 core=1 resume t769 r=0 y=0 c0=IDLE0 c1=t769
17074 core=0 tick r=1 y=1 c0=IDLE1 c1=t769
17075 core=1 prio t772 1 r=0 y=0 c0=IDLE1 c1=t769
17076 core=0 yield r=0 y=1 c0=IDLE0 c1=t769
17077 core=1 noop r=0 y=0 c0=IDLE0 c1=t769
17078 core=1 prio t773 1 r=0 y=0 c0=IDLE0 c1=t769
17079 core=0 noop r=0 y=0 c0=IDLE0 c1=t769
17080 core=0 noop r=0 y=0 c0=IDLE0 c1=t769
17081 core=1 give_isr r=0 y=0 c0=IDLE0 c1=t769
17082 core=1 take t769 r=1 y=0 c0=IDLE0 c1=t769
17083 core=1 give_isr r=1 y=0 c0=IDLE0 c1=t769
17084 core=1 noop r=0 y=0 c0=IDLE0 c1=t769
17085 core=0 noop r=0 y=0 c0=IDLE0 c1=t769
17086 core=1 give r=0 y=0 c0=IDLE0 c1=t769
17087 core=1 delay t769 2 r=0 y=2 c0=IDLE0 c1=IDLE1
17088 core=0 noop r=0 y=0 c0=IDLE0 c1=IDLE1
17089 core=1 suspend t769 r=0 y=0 c0=IDLE0 c1=IDLE1
17090 core=1 prio t769 0 r=0 y=0 c0=IDLE0 c1=IDLE1
17091 core=0 resume t769 r=0 y=2 c0=IDLE0 c1=t769
17092 core=0 noop r=0 y=0 c0=IDLE0 c1=t769
17093 core=0 create 7 t774 p3 r=1 y=1 c0=t774 c1=t769
17094 core=0 prio t772 3 r=0 y=0 c0=t774 c1=t769
17095 core=0 give r=0 y=0 c0=t774 c1=t769
17096 core=0 noop r=0 y=0 c0=t774 c1=t769
17097 core=1 resume t773 r=0 y=0 c0=t774 c1=t769
17098 core=1 noop r=0 y=0 c0=t774 c1=t769
17099 core=0 noop r=0 y=0 c0=t774 c1=t769
17100 core=1 delay t769 2 r=0 y=2 c0=t774 c1=IDLE1
17101 core=1 noop r=0 y=0 c0=t774 c1=IDLE1
17102 core=0 take t774 r=1 y=0 c0=t774 c1=IDLE1
17103 core=0 take t774 r=0 y=0 c0=t774 c1=IDLE1
17104 core=1 create 5 t775 p1 r=1 y=2 c0=t774 c1=t775
17105 core=0 noop r=0 y=0 c0=t774 c1=t775
17106 core=0 suspend t775 r=0 y=2 c0=t774 c1=IDLE0
17107 core=1 prio t775 0 r=0 y=0 c0=t774 c1=IDLE0
17108 core=1 noop r=0 y=0 c0=t774 c1=IDLE0
17109 core=1 noop r=0 y=0 c0=t774 c1=IDLE0
17110 core=1 prio t769 1 r=0 y=0 c0=t774 c1=IDLE0
17111 core=1 noop r=0 y=0 c0=t774 c1=IDLE0
17112 core=0 delay t774 5 r=0 y=1 c0=IDLE1 c1=IDLE0
17113 core=0 noop r=0 y=0 c0=IDLE1 c1=IDLE0
17114 core=0 yield r=0 y=1 c0=IDLE1 c1=IDLE0
17115 core=0 tick r=1 y=3 c0=IDLE1 c1=IDLE0
17116 core=1 noop r=0 y=0 c0=IDLE1 c1=IDLE0
17117 core=0 suspend t760 r=0 y=0 c0=IDLE1 c1=IDLE0
17118 core=1 create 8 t776 p3 r=1 y=2 c0=IDLE1 c1=t776
17119 core=1 take t776 r=0 y=0 c0=IDLE1 c1=t776
17120 core=0 noop r=0 y=0 c0=IDLE1 c1=t776
17121 core=0 tick r=1 y=1 c0=t773 c1=t776
17122 core=1 prio t772 3 r=0 y=0 c0=t773 c1=t776
17123 core=0 take t773 r=0 y=0 c0=t773 c1=t776
17124 core=0 suspend t772 r=0 y=0 c0=t773 c1=t776
17125 core=0 yield r=0 y=1 c0=t769 c1=t776
17126 core=1 delete 5 t775 r=0 y=0 c0=t769 c1=t776
17127 core=0 prio t772 0 r=0 y=0 c0=t769 c1=t776
17128 core=0 tick r=1 y=1 c0=t773 c1=t776
17129 core=1 give_isr r=1 y=0 c0=t773 c1=t776
17130 core=1 resume t773 r=0 y=0 c0=t773 c1=t776
17131 core=0 yield r=0 y=1 c0=t769 c1=t776
17132 core=0 tick r=1 y=1 c0=t773 c1=t776
17133 core=1 give_isr r=0 y=0 c0=t773 c1=t776
17134 core=0 delay t773 3 r=0 y=1 c0=t769 c1=t776
17135 core=0 noop r=0 y=0 c0=t769 c1=t776
17136 core=0 tick r=1 y=3 c0=t774 c1=t776
17137 core=0 give r=0 y=0 c0=t774 c1=t776
17138 core=1 take t776 r=1 y=0 c0=t774 c1=t776
17139 core=0 tick r=1 y=3 c0=t774 c1=t776
17140 core=0 tick r=1 y=3 c0=t774 c1=t776
17141 core=0 delete 8 t776 r=0 y=2 c0=t774 c1=t769
17142 core=1 noop r=0 y=0 c0=t774 c1=t769
17143 core=0 give_isr r=1 y=0 c0=t774 c1=t769
17144 core=0 tick r=0 y=2 c0=t774 c1=t773
17145 core=0 noop r=0 y=0 c0=t774 c1=t773
17146 core=0 give_isr r=0 y=0 c0=t774 c1=t773
17147 core=1 delay t773 4 r=0 y=2 c0=t774 c1=t769
17148 core=0 yield r=0 y=1 c0=t774 c1=t769
17149 core=0 give_isr r=0 y=0 c0=t774 c1=t769
17150 core=0 yield r=0 y=1 c0=t774 c1=t769
17151 core=0 create 6 t777 p2 r=1 y=2 c0=t774 c1=t777
17152 core=0 resume t769 r=0 y=0 c0=t774 c1=t777
17153 core=1 yield r=0 y=2 c0=t774 c1=t777
17154 core=1 give_isr r=0 y=0 c0=t774 c1=t777
17155 core=0 tick r=0 y=0 c0=t774 c1=t777
17156 core=1 prio t777 1 r=0 y=2 c0=t774 c1=t769
17157 core=0 noop r=0 y=0 c0=t774 c1=t769
17158 core=0 delay t774 5 r=0 y=1 c0=t777 c1=t769
17159 core=1 delay t769 4 r=0 y=2 c0=t777 c1=IDLE0
17160 core=0 delay t777 1 r=0 y=1 c0=IDLE1 c1=IDLE0
17161 core=1 noop r=0 y=0 c0=IDLE1 c1=IDLE0
17162 core=1 noop r=0 y=0 c0=IDLE1 c1=IDLE0
17163 core=0 tick r=1 y=3 c0=t777 c1=IDLE1
17164 core=0 tick r=0 y=2 c0=t777 c1=IDLE0
17165 core=0 give r=0 y=0 c0=t777 c1=IDLE0
17166 core=0 tick r=1 y=3 c0=t773 c1=t777
17167 core=0 delete 2 t773 r=0 y=1 c0=IDLE1 c1=t777
17168 core=1 create 8 t778 p0 r=1 y=1 c0=IDLE0 c1=t777
17169 core=1 noop r=0 y=0 c0=IDLE0 c1=t777
17170 core=0 suspend t769 r=0 y=0 c0=IDLE0 c1=t777
17171 core=1 create 1 t779 p0 r=1 y=1 c0=t778 c1=t777
17172 core=0 resume t778 r=0 y=0 c0=t778 c1=t777
17173 core=0 give r=0 y=0 c0=t778 c1=t777
17174 core=1 resume t774 r=0 y=0 c0=t778 c1=t777
17175 core=1 delay t777 2 r=0 y=2 c0=t778 c1=IDLE1
17176 core=1 noop r=0 y=0 c0=t778 c1=IDLE1
17177 core=1 suspend t777 r=0 y=0 c0=t778 c1=IDLE1
17178 core=0 tick r=1 y=3 c0=t779 c1=IDLE0
17179 core=0 suspend t774 r=0 y=0 c0=t779 c1=IDLE0
17180 core=1 noop r=0 y=0 c0=t779 c1=IDLE0
17181 core=1 resume t779 r=0 y=0 c0=t779 c1=IDLE0
17182 core=0 delay t779 3 r=0 y=1 c0=t778 c1=IDLE0
17183 core=0 take t778 r=1 y=0 c0=t778 c1=IDLE0
17184 core=0 tick r=1 y=3 c0=IDLE1 c1=t778
17185 core=0 create 3 t780 p1 r=1 y=1 c0=t780 c1=t778
17186 core=0 delete 1 t779 r=0 y=0 c0=t780 c1=t778
17187 core=1 delay t778 4 r=0 y=2 c0=t780 c1=IDLE0
17188 core=1 noop r=0 y=0 c0=t780 c1=IDLE0
17189 core=0 resume t760 r=0 y=2 c0=t780 c1=t760
17190 core=0 tick r=0 y=0 c0=t780 c1=t760
17191 core=0 noop r=0 y=0 c0=t780 c1=t760
17192 core=1 delete 3 t780 r=0 y=1 c0=IDLE1 c1=t760
17193 core=1 noop r=0 y=0 c0=IDLE1 c1=t760
17194 core=1 create 5 t781 p1 r=1 y=1 c0=t781 c1=t760
17195 core=0 tick r=0 y=0 c0=t781 c1=t760
17196 core=0 create 1 t782 p0 r=1 y=0 c0=t781 c1=t760
17197 core=1 suspend t782 r=0 y=0 c0=t781 c1=t760
17198 core=1 give_isr r=1 y=0 c0=t781 c1=t760
17199 core=0 give_isr r=0 y=0 c0=t781 c1=t760
17200 core=1 noop r=0 y=0 c0=t781 c1=t760
17201 core=0 delay t781 4 r=0 y=1 c0=IDLE0 c1=t760
17202 core=1 take t760 r=1 y=0 c0=IDLE0 c1=t760
17203 core=1 noop r=0 y=0 c0=IDLE0 c1=t760
17204 core=0 tick r=1 y=1 c0=IDLE1 c1=t760
17205 core=1 take t760 r=0 y=0 c0=IDLE1 c1=t760
17206 core=0 delete 4 t760 r=0 y=2 c0=IDLE1 c1=IDLE0
17207 core=1 yield r=0 y=2 c0=IDLE1 c1=IDLE0
17208 core=0 tick r=1 y=3 c0=t778 c1=IDLE1
17209 core=0 tick r=1 y=3 c0=IDLE0 c1=t778
17210 core=1 give r=1 y=0 c0=IDLE0 c1=t778
17211 core=0 noop r=0 y=0 c0=IDLE0 c1=t778
17212 core=1 noop r=0 y=0 c0=IDLE0 c1=t778
17213 core=0 tick r=1 y=3 c0=t781 c1=IDLE1
17214 core=1 noop r=0 y=0 c0=t781 c1=IDLE1
17215 core=0 delay t781 4 r=0 y=1 c0=IDLE0 c1=IDLE1
17216 core=1 resume t782 r=0 y=2 c0=IDLE0 c1=t778
17217 core=1 delay t778 4 r=0 y=2 c0=IDLE0 c1=t782
17218 core=0 tick r=1 y=3 c0=IDLE1 c1=IDLE0
17219 core=1 noop r=0 y=0 c0=IDLE1 c1=IDLE0
17220 core=0 noop r=0 y=0 c0=IDLE1 c1=IDLE0
17221 core=1 suspend t782 r=0 y=0 c0=IDLE1 c1=IDLE0
17222 core=0 noop r=0 y=0 c0=IDLE1 c1=IDLE0
17223 core=0 noop r=0 y=0 c0=IDLE1 c1=IDLE0
17224 core=1 resume t772 r=0 y=2 c0=IDLE1 c1=t772
17225 core=0 tick r=1 y=3 c0=IDLE0 c1=IDLE1
17226 core=1 noop r=0 y=0 c0=IDLE0 c1=IDLE1
17227 core=0 noop r=0 y=0 c0=IDLE0 c1=IDLE1
17228 core=1 resume t781 r=0 y=0 c0=IDLE0 c1=IDLE1
17229 core=1 noop r=0 y=0 c0=IDLE0 c1=IDLE1
17230 core=0 give r=0 y=0 c0=IDLE0 c1=IDLE1
17231 core=1 noop r=0 y=0 c0=IDLE0 c1=IDLE1
17232 core=1 noop r=0 y=0 c0=IDLE0 c1=IDLE1
17233 core=0 noop r=0 y=0 c0=IDLE0 c1=IDLE1
17234 core=1 resume t781 r=0 y=0 c0=IDLE0 c1=IDLE1
17235 core=1 noop r=0 y=0 c0=IDLE0 c1=IDLE1
17236 core=1 noop r=0 y=0 c0=IDLE0 c1=IDLE1
17237 core=0 give r=0 y=0 c0=IDLE0 c1=IDLE1
17238 core=1 noop r=0 y=0 c0=IDLE0 c1=IDLE1
17239 core=0 resume t778 r=0 y=0 c0=IDLE0 c1=IDLE1
17240 core=0 noop r=0 y=0 c0=IDLE0 c1=IDLE1
17241 core=0 suspend t782 r=0 y=0 c0=IDLE0 c1=IDLE1
17242 core=0 noop r=0 y=0 c0=IDLE0 c1=IDLE1
17243 core=0 tick r=1 y=3 c0=t772 c1=IDLE0
17244 core=0 tick r=1 y=3 c0=t781 c1=IDLE1
17245 core=0 delay t781 1 r=0 y=1 c0=t778 c1=IDLE1
17246 core=1 resume t778 r=0 y=0 c0=t778 c1=IDLE1
17247 core=1 yield r=0 y=2 c0=t778 c1=t772
17248 core=0 suspend t769 r=0 y=0 c0=t778 c1=t772
17249 core=0 give_isr r=0 y=0 c0=t778 c1=t772
17250 core=0 delete 9 t772 r=0 y=2 c0=t778 c1=IDLE0
17251 core=0 tick r=1 y=3 c0=t781 c1=IDLE1
17252 core=1 noop r=0 y=0 c0=t781 c1=IDLE1
17253 core=0 create 9 t783 p1 r=1 y=2 c0=t781 c1=t783
17254 core=0 noop r=0 y=0 c0=t781 c1=t783
17255 core=1 delete 5 t781 r=0 y=1 c0=t778 c1=t783
17256 core=0 prio t774 1 r=0 y=0 c0=t778 c1=t783
17257 core=0 prio t777 0 r=0 y=0 c0=t778 c1=t783
17258 core=1 take t783 r=1 y=0 c0=t778 c1=t783
17259 core=0 give_isr r=1 y=0 c0=t778 c1=t783
17260 core=1 give r=0 y=0 c0=t778 c1=t783
17261 core=1 give_isr r=0 y=0 c0=t778 c1=t783
17262 core=1 give_isr r=0 y=0 c0=t778 c1=t783
17263 core=1 delay t783 4 r=0 y=2 c0=t778 c1=IDLE0
17264 core=1 resume t778 r=0 y=0 c0=t778 c1=IDLE0
17265 core=0 yield r=0 y=1 c0=IDLE1 c1=IDLE0
17266 core=0 tick r=1 y=3 c0=t778 c1=IDLE1
17267 core=0 resume t778 r=0 y=0 c0=t778 c1=IDLE1
17268 core=0 yield r=0 y=1 c0=IDLE0 c1=IDLE1
17269 core=1 noop r=0 y=0 c0=IDLE0 c1=IDLE1
17270 core=0 tick r=1 y=3 c0=t778 c1=IDLE0
17271 core=0 give r=0 y=0 c0=t778 c1=IDLE0
17272 core=1 delete 8 t778 r=0 y=1 c0=IDLE1 c1=IDLE0
17273 core=0 noop r=0 y=0 c0=IDLE1 c1=IDLE0
17274 core=0 give r=0 y=0 c0=IDLE1 c1=IDLE0
17275 core=0 suspend t782 r=0 y=0 c0=IDLE1 c1=IDLE0
17276 core=0 create 4 t784 p0 r=1 y=2 c0=IDLE1 c1=t784
17277 core=0 give r=0 y=0 c0=IDLE1 c1=t784
17278 core=1 prio t774 0 r=0 y=0 c0=IDLE1 c1=t784
17279 core=0 tick r=1 y=3 c0=IDLE0 c1=IDLE1
17280 core=1 noop r=0 y=0 c0=IDLE0 c1=IDLE1
17281 core=1 give_isr r=0 y=0 c0=IDLE0 c1=IDLE1
17282 core=0 delete 9 t783 r=0 y=0 c0=IDLE0 c1=IDLE1
17283 core=1 prio t769 0 r=0 y=0 c0=IDLE0 c1=IDLE1
17284 core=1 noop r=0 y=0 c0=IDLE0 c1=IDLE1
17285 core=0 create 8 t785 p0 r=1 y=2 c0=IDLE0 c1=t784
17286 core=0 noop r=0 y=0 c0=IDLE0 c1=t784
17287 core=1 give r=0 y=0 c0=IDLE0 c1=t784
17288 core=1 create 5 t786 p2 r=1 y=1 c0=t786 c1=t784
17289 core=1 delay t784 4 r=0 y=2 c0=t786 c1=t785
17290 core=0 noop r=0 y=0 c0=t786 c1=t785
17291 core=0 take t786 r=1 y=0 c0=t786 c1=t785
17292 core=1 suspend t784 r=0 y=0 c0=t786 c1=t785
17293 core=0 give_isr r=1 y=0 c0=t786 c1=t785
17294 core=0 resume t786 r=0 y=0 c0=t786 c1=t785
17295 core=0 take t786 r=1 y=0 c0=t786 c1=t785
17296 core=1 give r=1 y=0 c0=t786 c1=t785
17297 core=1 prio t785 3 r=0 y=0 c0=t786 c1=t785
17298 core=0 give r=0 y=0 c0=t786 c1=t785
17299 core=0 tick r=0 y=0 c0=t786 c1=t785
17300 core=0 resume t786 r=0 y=0 c0=t786 c1=t785
17301 core=1 delay t785 3 r=0 y=2 c0=t786 c1=IDLE1
17302 core=0 noop r=0 y=0 c0=t786 c1=IDLE1
17303 core=0 give_isr r=0 y=0 c0=t786 c1=IDLE1
17304 core=0 suspend t786 r=0 y=1 c0=IDLE0 c1=IDLE1
17305 core=1 suspend t774 r=0 y=0 c0=IDLE0 c1=IDLE1
17306 core=1 give_isr r=0 y=0 c0=IDLE0 c1=IDLE1
17307 core=1 prio t782 3 r=0 y=0 c0=IDLE0 c1=IDLE1
17308 core=0 noop r=0 y=0 c0=IDLE0 c1=IDLE1
17309 core=0 tick r=1 y=3 c0=IDLE0 c1=IDLE1
17310 core=0 give r=0 y=0 c0=IDLE0 c1=IDLE1
17311 core=1 noop r=0 y=0 c0=IDLE0 c1=IDLE1
17312 core=0 tick r=1 y=3 c0=IDLE0 c1=IDLE1
17313 core=0 noop r=0 y=0 c0=IDLE0 c1=IDLE1
17314 core=0 noop r=0 y=0 c0=IDLE0 c1=IDLE1
17315 core=1 give_isr r=0 y=0 c0=IDLE0 c1=IDLE1
17316 core=1 give r=0 y=0 c0=IDLE0 c1=IDLE1
17317 core=0 give r=0 y=0 c0=IDLE0 c1=IDLE1
17318 core=1 suspend t784 r=0 y=0 c0=IDLE0 c1=IDLE1
17319 core=0 noop r=0 y=0 c0=IDLE0 c1=IDLE1
17320 core=1 noop r=0 y=0 c0=IDLE0 c1=IDLE1
17321 core=1 noop r=0 y=0 c0=IDLE0 c1=IDLE1
17322 core=0 noop r=0 y=0 c0=IDLE0 c1=IDLE1
17323 core=0 noop r=0 y=0 c0=IDLE0 c1=IDLE1
17324 core=1 resume t786 r=0 y=2 c0=IDLE0 c1=t786
17325 core=0 give r=0 y=0 c0=IDLE0 c1=t786
17326 core=0 noop r=0 y=0 c0=IDLE0 c1=t786
17327 core=1 noop r=0 y=0 c0=IDLE0 c1=t786
17328 core=1 delay t786 2 r=0 y=2 c0=IDLE0 c1=IDLE1
17329 core=0 tick r=1 y=3 c0=t785 c1=IDLE0
17330 core=0 give r=0 y=0 c0=t785 c1=IDLE0
17331 core=0 delay t785 5 r=0 y=1 c0=IDLE1 c1=IDLE0
17332 core=1 noop r=0 y=0 c0=IDLE1 c1=IDLE0
17333 core=1 suspend t769 r=0 y=0 c0=IDLE1 c1=IDLE0
17334 core=0 yield r=0 y=1 c0=IDLE1 c1=IDLE0
17335 core=0 noop r=0 y=0 c0=IDLE1 c1=IDLE0
17336 core=1 noop r=0 y=0 c0=IDLE1 c1=IDLE0
17337 core=0 give_isr r=0 y=0 c0=IDLE1 c1=IDLE0
17338 core=0 give_isr r=0 y=0 c0=IDLE1 c1=IDLE0
17339 core=0 delete 8 t785 r=0 y=0 c0=IDLE1 c1=IDLE0
17340 core=0 give r=0 y=0 c0=IDLE1 c1=IDLE0
17341 core=1 noop r=0 y=0 c0=IDLE1 c1=IDLE0
17342 core=0 suspend t782 r=0 y=0 c0=IDLE1 c1=IDLE0
17343 core=0 noop r=0 y=0 c0=IDLE1 c1=IDLE0
17344 core=1 noop r=0 y=0 c0=IDLE1 c1=IDLE0
17345 core=0 noop r=0 y=0 c0=IDLE1 c1=IDLE0
17346 core=0 delete 1 t782 r=0 y=0 c0=IDLE1 c1=IDLE0
17347 core=0 yield r=0 y=1 c0=IDLE1 c1=IDLE0
17348 core=1 resume t774 r=0 y=2 c0=IDLE1 c1=t774
17349 core=0 noop r=0 y=0 c0=IDLE1 c1=t774
17350 core=0 noop r=0 y=0 c0=IDLE1 c1=t774
17351 core=1 delay t774 4 r=0 y=2 c0=IDLE1 c1=IDLE0
17352 core=0 noop r=0 y=0 c0=IDLE1 c1=IDLE0
17353 core=0 give r=0 y=0 c0=IDLE1 c1=IDLE0
17354 core=1 noop r=0 y=0 c0=IDLE1 c1=IDLE0
17355 core=0 tick r=1 y=3 c0=t786 c1=IDLE1
17356 core=0 take t786 r=1 y=0 c0=t786 c1=IDLE1
17357 core=1 give r=1 y=0 c0=t786 c1=IDLE1
17358 core=1 give_isr r=0 y=0 c0=t786 c1=IDLE1
17359 core=0 yield r=0 y=1 c0=t786 c1=IDLE1
17360 core=0 give r=0 y=0 c0=t786 c1=IDLE1
17361 core=0 take t786 r=1 y=0 c0=t786 c1=IDLE1
17362 core=0 noop r=0 y=0 c0=t786 c1=IDLE1
17363 core=0 noop r=0 y=0 c0=t786 c1=IDLE1
17364 core=1 noop r=0 y=0 c0=t786 c1=IDLE1
17365 core=0 prio t784 0 r=0 y=0 c0=t786 c1=IDLE1
17366 core=0 prio t786 3 r=0 y=0 c0=t786 c1=IDLE1
17367 core=0 suspend t777 r=0 y=0 c0=t786 c1=IDLE1
17368 core=1 noop r=0 y=0 c0=t786 c1=IDLE1
17369 core=0 tick r=0 y=2 c0=t786 c1=IDLE0
17370 core=0 noop r=0 y=0 c0=t786 c1=IDLE0
17371 core=0 tick r=0 y=2 c0=t786 c1=IDLE1
17372 core=0 noop r=0 y=0 c0=t786 c1=IDLE1
17373 core=1 noop r=0 y=0 c0=t786 c1=IDLE1
17374 core=1 delete 6 t777 r=0 y=0 c0=t786 c1=IDLE1
17375 core=1 prio t769 2 r=0 y=0 c0=t786 c1=IDLE1
17376 core=1 suspend t786 r=0 y=1 c0=IDLE0 c1=IDLE1
17377 core=0 tick r=1 y=3 c0=t774 c1=IDLE0
17378 core=0 yield r=0 y=1 c0=IDLE1 c1=IDLE0
17379 core=0 noop r=0 y=0 c0=IDLE1 c1=IDLE0
17380 core=1 noop r=0 y=0 c0=IDLE1 c1=IDLE0
17381 core=1 suspend t774 r=0 y=0 c0=IDLE1 c1=IDLE0
17382 core=1 create 9 t787 p1 r=1 y=2 c0=IDLE1 c1=t787
17383 core=0 resume t787 r=0 y=0 c0=IDLE1 c1=t787
17384 core=1 noop r=0 y=0 c0=IDLE1 c1=t787
17385 core=1 suspend t784 r=0 y=0 c0=IDLE1 c1=t787
17386 core=0 tick r=1 y=1 c0=IDLE0 c1=t787
17387 core=1 noop r=0 y=0 c0=IDLE0 c1=t787
17388 core=1 delay t787 2 r=0 y=2 c0=IDLE0 c1=IDLE1
17389 core=1 noop r=0 y=0 c0=IDLE0 c1=IDLE1
17390 core=0 noop r=0 y=0 c0=IDLE0 c1=IDLE1
17391 core=0 noop r=0 y=0 c0=IDLE0 c1=IDLE1
17392 core=0 create 3 t788 p3 r=1 y=2 c0=IDLE0 c1=t788
17393 core=1 take t788 r=0 y=0 c0=IDLE0 c1=t788
17394 core=0 create 1 t789 p1 r=1 y=1 c0=t789 c1=t788
17395 core=0 tick r=0 y=0 c0=t789 c1=t788
17396 core=0 noop r=0 y=0 c0=t789 c1=t788
17397 core=1 noop r=0 y=0 c0=t789 c1=t788
17398 core=0 tick r=1 y=1 c0=t787 c1=t788
17399 core=0 tick r=1 y=1 c0=t789 c1=t788
17400 core=0 delay t789 2 r=0 y=1 c0=t787 c1=t788
17401 core=0 noop r=0 y=0 c0=t787 c1=t788
17402 core=0 suspend t787 r=0 y=1 c0=IDLE1 c1=t788
17403 core=1 noop r=0 y=0 c0=IDLE1 c1=t788
17404 core=0 noop r=0 y=0 c0=IDLE1 c1=t788
17405 core=1 delete 1 t789 r=0 y=0 c0=IDLE1 c1=t788
17406 core=0 tick r=1 y=1 c0=IDLE0 c1=t788
17407 core=1 noop r=0 y=0 c0=IDLE0 c1=t788
17408 core=1 take t788 r=0 y=0 c0=IDLE0 c1=t788
17409 core=0 yield r=0 y=1 c0=IDLE1 c1=t788
17410 core=0 noop r=0 y=0 c0=IDLE1 c1=t788
17411 core=0 noop r=0 y=0 c0=IDLE1 c1=t788
17412 core=1 yield r=0 y=2 c0=IDLE1 c1=t788
17413 core=0 noop r=0 y=0 c0=IDLE1 c1=t788
17414 core=0 noop r=0 y=0 c0=IDLE1 c1=t788
17415 core=1 resume t774 r=0 y=1 c0=IDLE0 c1=t788
17416 core=0 noop r=0 y=0 c0=IDLE0 c1=t788
17417 core=0 noop r=0 y=0 c0=IDLE0 c1=t788
17418 core=0 noop r=0 y=0 c0=IDLE0 c1=t788
17419 core=0 give r=1 y=0 c0=IDLE0 c1=t788
17420 core=1 delay t788 1 r=0 y=2 c0=IDLE0 c1=t774
17421 core=1 prio t787 2 r=0 y=0 c0=IDLE0 c1=t774
17422 core=1 suspend t774 r=0 y=2 c0=IDLE0 c1=IDLE1
17423 core=1 noop r=0 y=0 c0=IDLE0 c1=IDLE1
17424 core=0 tick r=1 y=3 c0=t788 c1=IDLE0
17425 core=0 tick r=0 y=2 c0=t788 c1=IDLE1
17426 core=0 delay t788 2 r=0 y=1 c0=IDLE0 c1=IDLE1
17427 core=0 delete 4 t784 r=0 y=0 c0=IDLE0 c1=IDLE1
17428 core=0 noop r=0 y=0 c0=IDLE0 c1=IDLE1
17429 core=0 tick r=1 y=3 c0=IDLE0 c1=IDLE1
17430 core=1 give r=0 y=0 c0=IDLE0 c1=IDLE1
17431 core=1 yield r=0 y=2 c0=IDLE0 c1=IDLE1
17432 core=0 give r=0 y=0 c0=IDLE0 c1=IDLE1
17433 core=1 noop r=0 y=0 c0=IDLE0 c1=IDLE1
17434 core=1 prio t769 1 r=0 y=0 c0=IDLE0 c1=IDLE1
17435 core=1 noop r=0 y=0 c0=IDLE0 c1=IDLE1
17436 core=0 prio t786 1 r=0 y=0 c0=IDLE0 c1=IDLE1
17437 core=1 noop r=0 y=0 c0=IDLE0 c1=IDLE1
17438 core=0 tick r=1 y=3 c0=t788 c1=IDLE0
17439 core=0 noop r=0 y=0 c0=t788 c1=IDLE0
17440 core=0 prio t774 3 r=0 y=0 c0=t788 c1=IDLE0
17441 core=1 noop r=0 y=0 c0=t788 c1=IDLE0
17442 core=0 tick r=0 y=2 c0=t788 c1=IDLE1
17443 core=0 delay t788 3 r=0 y=1 c0=IDLE0 c1=IDLE1
17444 core=0 noop r=0 y=0 c0=IDLE0 c1=IDLE1
17445 core=1 create 6 t790 p1 r=1 y=2 c0=IDLE0 c1=t790
17446 core=1 delay t790 5 r=0 y=2 c0=IDLE0 c1=IDLE1
17447 core=0 give_isr r=0 y=0 c0=IDLE0 c1=IDLE1
17448 core=1 noop r=0 y=0 c0=IDLE0 c1=IDLE1
17449 core=0 suspend t786 r=0 y=0 c0=IDLE0 c1=IDLE1
17450 core=1 give r=0 y=0 c0=IDLE0 c1=IDLE1
17451 core=0 give r=0 y=0 c0=IDLE0 c1=IDLE1
17452 core=0 tick r=1 y=3 c0=IDLE0 c1=IDLE1
17453 core=1 noop r=0 y=0 c0=IDLE0 c1=IDLE1
17454 core=0 noop r=0 y=0 c0=IDLE0 c1=IDLE1
17455 core=1 noop r=0 y=0 c0=IDLE0 c1=IDLE1
17456 core=0 noop r=0 y=0 c0=IDLE0 c1=IDLE1
17457 core=0 suspend t787 r=0 y=0 c0=IDLE0 c1=IDLE1
17458 core=0 noop r=0 y=0 c0=IDLE0 c1=IDLE1
17459 core=1 give_isr r=0 y=0 c0=IDLE0 c1=IDLE1
17460 core=1 noop r=0 y=0 c0=IDLE0 c1=IDLE1
17461 core=0 noop r=0 y=0 c0=IDLE0 c1=IDLE1
17462 core=0 noop r=0 y=0 c0=IDLE0 c1=IDLE1
17463 core=1 noop r=0 y=0 c0=IDLE0 c1=IDLE1
17464 core=0 yield r=0 y=1 c0=IDLE0 c1=IDLE1
17465 core=1 resume t787 r=0 y=2 c0=IDLE0 c1=t787
17466 core=1 noop r=0 y=0 c0=IDLE0 c1=t787
17467 core=0 noop r=0 y=0 c0=IDLE0 c1=t787
17468 core=0 prio t790 3 r=0 y=0 c0=IDLE0 c1=t787
17469 core=0 give r=0 y=0 c0=IDLE0 c1=t787
17470 core=1 noop r=0 y=0 c0=IDLE0 c1=t787
17471 core=1 take t787 r=1 y=0 c0=IDLE0 c1=t787
17472 core=0 noop r=0 y=0 c0=IDLE0 c1=t787
17473 core=1 noop r=0 y=0 c0=IDLE0 c1=t787
17474 core=0 prio t790 0 r=0 y=0 c0=IDLE0 c1=t787
17475 core=0 tick r=1 y=1 c0=IDLE1 c1=t787
17476 core=1 take t787 r=0 y=0 c0=IDLE1 c1=t787
17477 core=0 noop r=0 y=0 c0=IDLE1 c1=t787
17478 core=1 noop r=0 y=0 c0=IDLE1 c1=t787
17479 core=1 delete 5 t786 r=0 y=0 c0=IDLE1 c1=t787
17480 core=0 noop r=0 y=0 c0=IDLE1 c1=t787
17481 core=0 noop r=0 y=0 c0=IDLE1 c1=t787
17482 core=1 take t787 r=0 y=0 c0=IDLE1 c1=t787
17483 core=1 prio t769 3 r=0 y=0 c0=IDLE1 c1=t787
17484 core=1 noop r=0 y=0 c0=IDLE1 c1=t787
17485 core=1 delete 0 t769 r=0 y=0 c0=IDLE1 c1=t787
17486 core=1 noop r=0 y=0 c0=IDLE1 c1=t787
17487 core=1 suspend t790 r=0 y=0 c0=IDLE1 c1=t787
17488 core=0 give_isr r=1 y=0 c0=IDLE1 c1=t787
17489 core=0 noop r=0 y=0 c0=IDLE1 c1=t787
17490 core=1 give r=0 y=0 c0=IDLE1 c1=t787
17491 core=0 give r=0 y=0 c0=IDLE1 c1=t787
17492 core=1 give r=0 y=0 c0=IDLE1 c1=t787
17493 core=0 delete 3 t788 r=0 y=0 c0=IDLE1 c1=t787
17494 core=1 noop r=0 y=0 c0=IDLE1 c1=t787
17495 core=1 delay t787 1 r=0 y=2 c0=IDLE1 c1=IDLE0
17496 core=0 noop r=0 y=0 c0=IDLE1 c1=IDLE0
17497 core=0 noop r=0 y=0 c0=IDLE1 c1=IDLE0
17498 core=1 noop r=0 y=0 c0=IDLE1 c1=IDLE0
17499 core=1 yield r=0 y=2 c0=IDLE1 c1=IDLE0
17500 core=1 give_isr r=0 y=0 c0=IDLE1 c1=IDLE0
17501 core=1 delete 9 t787 r=0 y=0 c0=IDLE1 c1=IDLE0
17502 core=1 suspend t790 r=0 y=0 c0=IDLE1 c1=IDLE0
17503 core=1 noop r=0 y=0 c0=IDLE1 c1=IDLE0
17504 core=1 noop r=0 y=0 c0=IDLE1 c1=IDLE0
17505 core=1 noop r=0 y=0 c0=IDLE1 c1=IDLE0
17506 core=0 noop r=0 y=0 c0=IDLE1 c1=IDLE0
17507 core=0 give r=0 y=0 c0=IDLE1 c1=IDLE0
17508 core=0 noop r=0 y=0 c0=IDLE1 c1=IDLE0
17509 core=0 noop r=0 y=0 c0=IDLE1 c1=IDLE0
17510 core=1 noop r=0 y=0 c0=IDLE1 c1=IDLE0
17511 core=0 noop r=0 y=0 c0=IDLE1 c1=IDLE0
17512 core=1 noop r=0 y=0 c0=IDLE1 c1=IDLE0
17513 core=0 tick r=1 y=3 c0=IDLE1 c1=IDLE0
17514 core=0 noop r=0 y=0 c0=IDLE1 c1=IDLE0
17515 core=0 suspend t790 r=0 y=0 c0=IDLE1 c1=IDLE0
17516 core=1 resume t790 r=0 y=2 c0=IDLE1 c1=t790
17517 core=0 tick r=1 y=3 c0=IDLE0 c1=IDLE1
17518 core=0 noop r=0 y=0 c0=IDLE0 c1=IDLE1
17519 core=1 noop r=0 y=0 c0=IDLE0 c1=IDLE1
17520 core=0 tick r=1 y=3 c0=t790 c1=IDLE0
17521 core=1 give r=0 y=0 c0=t790 c1=IDLE0
17522 core=1 noop r=0 y=0 c0=t790 c1=IDLE0
17523 core=0 suspend t774 r=0 y=0 c0=t790 c1=IDLE0
17524 core=1 noop r=0 y=0 c0=t790 c1=IDLE0
17525 core=0 take t790 r=1 y=0 c0=t790 c1=IDLE0
17526 core=0 yield r=0 y=1 c0=IDLE1 c1=IDLE0
17527 core=0 yield r=0 y=1 c0=t790 c1=IDLE0
17528 core=0 tick r=1 y=3 c0=IDLE1 c1=t790
17529 core=1 noop r=0 y=0 c0=IDLE1 c1=t790
17530 core=1 prio t774 3 r=0 y=0 c0=IDLE1 c1=t790
17531 core=0 suspend t774 r=0 y=0 c0=IDLE1 c1=t790
17532 core=1 delete 7 t774 r=0 y=0 c0=IDLE1 c1=t790
17533 core=0 tick r=1 y=3 c0=IDLE0 c1=IDLE1
17534 core=1 noop r=0 y=0 c0=IDLE0 c1=IDLE1
17535 core=1 noop r=0 y=0 c0=IDLE0 c1=IDLE1
17536 core=0 noop r=0 y=0 c0=IDLE0 c1=IDLE1
17537 core=0 tick r=1 y=3 c0=t790 c1=IDLE0
17538 core=1 noop r=0 y=0 c0=t790 c1=IDLE0
17539 core=0 create 7 t791 p0 r=1 y=2 c0=t790 c1=IDLE1
17540 core=0 delay t790 2 r=0 y=1 c0=t791 c1=IDLE1
17541 core=1 prio t790 0 r=0 y=0 c0=t791 c1=IDLE1
17542 core=0 noop r=0 y=0 c0=t791 c1=IDLE1
17543 core=1 noop r=0 y=0 c0=t791 c1=IDLE1
17544 core=1 noop r=0 y=0 c0=t791 c1=IDLE1
17545 core=1 yield r=0 y=2 c0=t791 c1=IDLE0
17546 core=0 noop r=0 y=0 c0=t791 c1=IDLE0
17547 core=1 give_isr r=1 y=0 c0=t791 c1=IDLE0
17548 core=1 noop r=0 y=0 c0=t791 c1=IDLE0
17549 core=0 take t791 r=1 y=0 c0=t791 c1=IDLE0
17550 core=0 noop r=0 y=0 c0=t791 c1=IDLE0
17551 core=1 give r=1 y=0 c0=t791 c1=IDLE0
17552 core=1 yield r=0 y=2 c0=t791 c1=IDLE1
17553 core=1 noop r=0 y=0 c0=t791 c1=IDLE1
17554 core=1 noop r=0 y=0 c0=t791 c1=IDLE1
17555 core=0 yield r=0 y=1 c0=IDLE0 c1=IDLE1
17556 core=1 yield r=0 y=2 c0=IDLE0 c1=t791
17557 core=0 resume t790 r=0 y=0 c0=IDLE0 c1=t791
17558 core=1 yield r=0 y=2 c0=IDLE0 c1=IDLE1
17559 core=1 create 0 t792 p2 r=1 y=2 c0=IDLE0 c1=t792
17560 core=1 take t792 r=1 y=0 c0=IDLE0 c1=t792
17561 core=1 take t792 r=0 y=0 c0=IDLE0 c1=t792
17562 core=0 noop r=0 y=0 c0=IDLE0 c1=t792
17563 core=0 prio t790 3 r=0 y=0 c0=IDLE0 c1=t792
17564 core=1 noop r=0 y=0 c0=IDLE0 c1=t792
17565 core=0 noop r=0 y=0 c0=IDLE0 c1=t792
17566 core=1 suspend t790 r=0 y=0 c0=IDLE0 c1=t792
17567 core=1 give r=1 y=0 c0=IDLE0 c1=t792
17568 core=1 take t792 r=1 y=0 c0=IDLE0 c1=t792
17569 core=0 tick r=1 y=1 c0=t791 c1=t792
17570 core=0 noop r=0 y=0 c0=t791 c1=t792
17571 core=0 delay t791 4 r=0 y=1 c0=IDLE1 c1=t792
17572 core=1 noop r=0 y=0 c0=IDLE1 c1=t792
17573 core=1 take t792 r=0 y=0 c0=IDLE1 c1=t792
17574 core=0 give_isr r=1 y=0 c0=IDLE1 c1=t792
17575 core=0 suspend t790 r=0 y=0 c0=IDLE1 c1=t792
17576 core=0 tick r=1 y=1 c0=IDLE0 c1=t792
17577 core=1 give r=0 y=0 c0=IDLE0 c1=t792
17578 core=0 noop r=0 y=0 c0=IDLE0 c1=t792
17579 core=0 suspend t792 r=0 y=2 c0=IDLE0 c1=IDLE1
17580 core=1 noop r=0 y=0 c0=IDLE0 c1=IDLE1
17581 core=1 noop r=0 y=0 c0=IDLE0 c1=IDLE1
17582 core=1 give_isr r=0 y=0 c0=IDLE0 c1=IDLE1
17583 core=1 noop r=0 y=0 c0=IDLE0 c1=IDLE1
17584 core=1 noop r=0 y=0 c0=IDLE0 c1=IDLE1
17585 core=0 noop r=0 y=0 c0=IDLE0 c1=IDLE1
17586 core=1 noop r=0 y=0 c0=IDLE0 c1=IDLE1
17587 core=0 noop r=0 y=0 c0=IDLE0 c1=IDLE1
17588 core=1 noop r=0 y=0 c0=IDLE0 c1=IDLE1
17589 core=0 tick r=1 y=3 c0=IDLE0 c1=IDLE1
17590 core=0 noop r=0 y=0 c0=IDLE0 c1=IDLE1
17591 core=1 give r=0 y=0 c0=IDLE0 c1=IDLE1
17592 core=1 noop r=0 y=0 c0=IDLE0 c1=IDLE1
17593 core=1 give_isr r=0 y=0 c0=IDLE0 c1=IDLE1
17594 core=0 noop r=0 y=0 c0=IDLE0 c1=IDLE1
17595 core=1 noop r=0 y=0 c0=IDLE0 c1=IDLE1
17596 core=0 noop r=0 y=0 c0=IDLE0 c1=IDLE1
17597 core=1 noop r=0 y=0 c0=IDLE0 c1=IDLE1
17598 core=1 create 1 t793 p0 r=1 y=2 c0=IDLE0 c1=t793
17599 core=1 noop r=0 y=0 c0=IDLE0 c1=t793
17600 core=1 take t793 r=1 y=0 c0=IDLE0 c1=t793
17601 core=1 give_isr r=1 y=0 c0=IDLE0 c1=t793
17602 core=0 noop r=0 y=0 c0=IDLE0 c1=t793
17603 core=1 take t793 r=1 y=0 c0=IDLE0 c1=t793
17604 core=0 tick r=1 y=3 c0=IDLE1 c1=IDLE0
17605 core=0 give_isr r=1 y=0 c0=IDLE1 c1=IDLE0
17606 core=0 give_isr r=0 y=0 c0=IDLE1 c1=IDLE0
17607 core=0 noop r=0 y=0 c0=IDLE1 c1=IDLE0
17608 core=1 noop r=0 y=0 c0=IDLE1 c1=IDLE0
17609 core=0 noop r=0 y=0 c0=IDLE1 c1=IDLE0
17610 core=1 noop r=0 y=0 c0=IDLE1 c1=IDLE0
17611 core=0 noop r=0 y=0 c0=IDLE1 c1=IDLE0
17612 core=1 noop r=0 y=0 c0=IDLE1 c1=IDLE0
17613 core=0 noop r=0 y=0 c0=IDLE1 c1=IDLE0
17614 core=0 noop r=0 y=0 c0=IDLE1 c1=IDLE0
17615 core=1 noop r=0 y=0 c0=IDLE1 c1=IDLE0
17616 core=0 tick r=1 y=3 c0=t793 c1=t791
17617 core=1 noop r=0 y=0 c0=t793 c1=t791
17618 core=1 delay t791 4 r=0 y=2 c0=t793 c1=IDLE1
17619 core=0 prio t790 2 r=0 y=0 c0=t793 c1=IDLE1
17620 core=0 noop r=0 y=0 c0=t793 c1=IDLE1
17621 core=1 create 8 t794 p2 r=1 y=2 c0=t793 c1=t794
17622 core=0 prio t790 1 r=0 y=0 c0=t793 c1=t794
17623 core=0 yield r=0 y=1 c0=IDLE0 c1=t794
17624 core=1 yield r=0 y=2 c0=IDLE0 c1=t794
17625 core=1 noop r=0 y=0 c0=IDLE0 c1=t794
17626 core=0 tick r=1 y=1 c0=IDLE1 c1=t794
17627 core=1 yield r=0 y=2 c0=IDLE1 c1=t794
17628 core=0 noop r=0 y=0 c0=IDLE1 c1=t794
17629 core=1 take t794 r=1 y=0 c0=IDLE1 c1=t794
17630 core=1 give_isr r=1 y=0 c0=IDLE1 c1=t794
17631 core=1 delay t794 4 r=0 y=2 c0=IDLE1 c1=t793
17632 core=1 give r=0 y=0 c0=IDLE1 c1=t793
17633 core=0 noop r=0 y=0 c0=IDLE1 c1=t793
17634 core=0 give_isr r=0 y=0 c0=IDLE1 c1=t793
17635 core=0 noop r=0 y=0 c0=IDLE1 c1=t793
17636 core=0 prio t792 0 r=0 y=0 c0=IDLE1 c1=t793
17637 core=1 give_isr r=0 y=0 c0=IDLE1 c1=t793
17638 core=1 give_isr r=0 y=0 c0=IDLE1 c1=t793
17639 core=0 suspend t790 r=0 y=0 c0=IDLE1 c1=t793
17640 core=0 suspend t793 r=0 y=2 c0=IDLE1 c1=IDLE0
17641 core=0 tick r=1 y=3 c0=IDLE1 c1=IDLE0
17642 core=0 resume t790 r=0 y=2 c0=IDLE1 c1=t790
17643 core=1 noop r=0 y=0 c0=IDLE1 c1=t790
17644 core=1 noop r=0 y=0 c0=IDLE1 c1=t790
17645 core=0 resume t790 r=0 y=0 c0=IDLE1 c1=t790
17646 core=1 take t790 r=1 y=0 c0=IDLE1 c1=t790
17647 core=0 noop r=0 y=0 c0=IDLE1 c1=t790
17648 core=1 give_isr r=1 y=0 c0=IDLE1 c1=t790
17649 core=0 noop r=0 y=0 c0=IDLE1 c1=t790
17650 core=0 noop r=0 y=0 c0=IDLE1 c1=t790
17651 core=1 noop r=0 y=0 c0=IDLE1 c1=t790
17652 core=1 give r=0 y=0 c0=IDLE1 c1=t790
17653 core=0 tick r=1 y=1 c0=IDLE0 c1=t790
17654 core=0 create 4 t795 p0 r=1 y=1 c0=IDLE1 c1=t790
17655 core=1 create 9 t796 p3 r=1 y=1 c0=t796 c1=t790
17656 core=0 take t796 r=1 y=0 c0=t796 c1=t790
17657 core=1 prio t793 3 r=0 y=0 c0=t796 c1=t790
17658 core=0 tick r=0 y=0 c0=t796 c1=t790
17659 core=0 tick r=0 y=2 c0=t796 c1=t794
17660 core=0 delete 7 t791 r=0 y=0 c0=t796 c1=t794
17661 core=0 noop r=0 y=0 c0=t796 c1=t794
17662 core=0 create 2 t797 p2 r=1 y=0 c0=t796 c1=t794
17663 core=0 delay t796 2 r=0 y=1 c0=t797 c1=t794
17664 core=1 suspend t793 r=0 y=0 c0=t797 c1=t794
17665 core=0 noop r=0 y=0 c0=t797 c1=t794
17666 core=0 delay t797 1 r=0 y=1 c0=t790 c1=t794
17667 core=1 delete 0 t792 r=0 y=0 c0=t790 c1=t794
17668 core=0 noop r=0 y=0 c0=t790 c1=t794
17669 core=1 resume t793 r=0 y=1 c0=t793 c1=t794
17670 core=1 delay t794 5 r=0 y=2 c0=t793 c1=t790
17671 core=0 take t793 r=0 y=0 c0=t793 c1=t790
17672 core=0 give r=1 y=0 c0=t793 c1=t790
17673 core=1 prio t796 1 r=0 y=0 c0=t793 c1=t790
17674 core=0 create 3 t798 p2 r=1 y=2 c0=t793 c1=t798
17675 core=0 take t793 r=1 y=0 c0=t793 c1=t798
17676 core=0 give_isr r=1 y=0 c0=t793 c1=t798
17677 core=1 delay t798 4 r=0 y=2 c0=t793 c1=t790
17678 core=0 tick r=0 y=2 c0=t793 c1=t797
17679 core=1 delay t797 1 r=0 y=2 c0=t793 c1=t790
17680 core=0 suspend t796 r=0 y=0 c0=t793 c1=t790
17681 core=1 resume t798 r=0 y=0 c0=t793 c1=t790
17682 core=1 noop r=0 y=0 c0=t793 c1=t790
17683 core=0 delay t793 2 r=0 y=1 c0=t795 c1=t790
17684 core=1 noop r=0 y=0 c0=t795 c1=t790
17685 core=1 noop r=0 y=0 c0=t795 c1=t790
17686 core=0 give r=0 y=0 c0=t795 c1=t790
17687 core=1 take t790 r=1 y=0 c0=t795 c1=t790
17688 core=1 delay t790 1 r=0 y=2 c0=t795 c1=IDLE0
17689 core=1 delete 3 t798 r=0 y=0 c0=t795 c1=IDLE0
17690 core=0 noop r=0 y=0 c0=t795 c1=IDLE0
17691 core=1 noop r=0 y=0 c0=t795 c1=IDLE0
17692 core=1 suspend t797 r=0 y=0 c0=t795 c1=IDLE0
17693 core=0 delay t795 4 r=0 y=1 c0=IDLE1 c1=IDLE0
17694 core=0 give_isr r=1 y=0 c0=IDLE1 c1=IDLE0
17695 core=0 tick r=1 y=3 c0=t790 c1=IDLE1
17696 core=1 create 3 t799 p3 r=1 y=2 c0=t790 c1=t799
17697 core=0 prio t797 2 r=0 y=0 c0=t790 c1=t799
17698 core=0 tick r=1 y=3 c0=t793 c1=t799
17699 core=0 delay t793 2 r=0 y=1 c0=t790 c1=t799
17700 core=0 delay t790 2 r=0 y=1 c0=IDLE0 c1=t799
17701 core=0 noop r=0 y=0 c0=IDLE0 c1=t799
17702 core=0 give_isr r=0 y=0 c0=IDLE0 c1=t799
17703 core=0 noop r=0 y=0 c0=IDLE0 c1=t799
17704 core=0 noop r=0 y=0 c0=IDLE0 c1=t799
17705 core=1 noop r=0 y=0 c0=IDLE0 c1=t799
17706 core=0 noop r=0 y=0 c0=IDLE0 c1=t799
17707 core=0 tick r=1 y=1 c0=IDLE1 c1=t799
17708 core=0 give_isr r=0 y=0 c0=IDLE1 c1=t799
17709 core=0 noop r=0 y=0 c0=IDLE1 c1=t799
17710 core=1 delete 4 t795 r=0 y=0 c0=IDLE1 c1=t799
17711 core=0 noop r=0 y=0 c0=IDLE1 c1=t799
17712 core=1 suspend t799 r=0 y=2 c0=IDLE1 c1=IDLE0
17713 core=1 noop r=0 y=0 c0=IDLE1 c1=IDLE0
17714 core=0 prio t794 2 r=0 y=0 c0=IDLE1 c1=IDLE0
17715 core=0 create 7 t800 p0 r=1 y=2 c0=IDLE1 c1=t800
17716 core=0 prio t793 1 r=0 y=0 c0=IDLE1 c1=t800
17717 core=0 tick r=1 y=3 c0=t794 c1=t793
17718 core=1 noop r=0 y=0 c0=t794 c1=t793
17719 core=0 suspend t794 r=0 y=1 c0=t790 c1=t793
17720 core=1 delay t793 1 r=0 y=2 c0=t790 c1=IDLE0
17721 core=1 resume t790 r=0 y=0 c0=t790 c1=IDLE0
17722 core=0 tick r=1 y=3 c0=t793 c1=t790
17723 core=0 take t793 r=1 y=0 c0=t793 c1=t790
17724 core=1 delete 1 t793 r=0 y=1 c0=IDLE1 c1=t790
17725 core=0 give_isr r=1 y=0 c0=IDLE1 c1=t790
17726 core=0 suspend t796 r=0 y=0 c0=IDLE1 c1=t790
17727 core=1 resume t796 r=0 y=1 c0=t796 c1=t790
17728 core=1 resume t799 r=0 y=2 c0=t796 c1=t799
17729 core=1 resume t800 r=0 y=0 c0=t796 c1=t799
17730 core=1 noop r=0 y=0 c0=t796 c1=t799
17731 core=1 give r=0 y=0 c0=t796 c1=t799
17732 core=0 noop r=0 y=0 c0=t796 c1=t799
17733 core=1 noop r=0 y=0 c0=t796 c1=t799
17734 core=1 noop r=0 y=0 c0=t796 c1=t799
17735 core=0 delay t796 3 r=0 y=1 c0=t790 c1=t799
17736 core=1 delay t799 1 r=0 y=2 c0=t790 c1=t800
17737 core=1 give r=0 y=0 c0=t790 c1=t800
17738 core=1 take t800 r=1 y=0 c0=t790 c1=t800
17739 core=0 tick r=0 y=2 c0=t790 c1=t799
17740 core=0 noop r=0 y=0 c0=t790 c1=t799
17741 core=0 noop r=0 y=0 c0=t790 c1=t799
17742 core=1 suspend t800 r=0 y=0 c0=t790 c1=t799
17743 core=0 delay t790 4 r=0 y=1 c0=IDLE0 c1=t799
17744 core=0 noop r=0 y=0 c0=IDLE0 c1=t799
17745 core=1 noop r=0 y=0 c0=IDLE0 c1=t799
17746 core=0 give r=1 y=0 c0=IDLE0 c1=t799
17747 core=1 delay t799 5 r=0 y=2 c0=IDLE0 c1=IDLE1
17748 core=0 give_isr r=0 y=0 c0=IDLE0 c1=IDLE1
17749 core=0 create 5 t801 p2 r=1 y=2 c0=IDLE0 c1=t801
17750 core=1 noop r=0 y=0 c0=IDLE0 c1=t801
17751 core=0 prio t796 0 r=0 y=0 c0=IDLE0 c1=t801
17752 core=0 tick r=1 y=1 c0=IDLE1 c1=t801
17753 core=0 give_isr r=0 y=0 c0=IDLE1 c1=t801
17754 core=1 take t801 r=1 y=0 c0=IDLE1 c1=t801
17755 core=0 noop r=0 y=0 c0=IDLE1 c1=t801
17756 core=0 noop r=0 y=0 c0=IDLE1 c1=t801
17757 core=0 delete 6 t790 r=0 y=0 c0=IDLE1 c1=t801
17758 core=0 noop r=0 y=0 c0=IDLE1 c1=t801
17759 core=0 noop r=0 y=0 c0=IDLE1 c1=t801
17760 core=0 noop r=0 y=0 c0=IDLE1 c1=t801
17761 core=0 noop r=0 y=0 c0=IDLE1 c1=t801
17762 core=1 take t801 r=0 y=0 c0=IDLE1 c1=t801
17763 core=1 delay t801 2 r=0 y=2 c0=IDLE1 c1=IDLE0
17764 core=0 give r=1 y=0 c0=IDLE1 c1=IDLE0
17765 core=0 prio t794 2 r=0 y=0 c0=IDLE1 c1=IDLE0
17766 core=1 give r=0 y=0 c0=IDLE1 c1=IDLE0
17767 core=1 prio t799 0 r=0 y=0 c0=IDLE1 c1=IDLE0
17768 core=1 noop r=0 y=0 c0=IDLE1 c1=IDLE0
17769 core=1 prio t797 1 r=0 y=0 c0=IDLE1 c1=IDLE0
17770 core=1 noop r=0 y=0 c0=IDLE1 c1=IDLE0
17771 core=0 delete 8 t794 r=0 y=0 c0=IDLE1 c1=IDLE0
17772 core=1 yield r=0 y=2 c0=IDLE1 c1=IDLE0
17773 core=1 noop r=0 y=0 c0=IDLE1 c1=IDLE0
17774 core=1 noop r=0 y=0 c0=IDLE1 c1=IDLE0
17775 core=1 create 8 t802 p1 r=1 y=2 c0=IDLE1 c1=t802
17776 core=1 give r=0 y=0 c0=IDLE1 c1=t802
17777 core=1 create 1 t803 p2 r=1 y=1 c0=t803 c1=t802
17778 core=0 noop r=0 y=0 c0=t803 c1=t802
17779 core=1 resume t803 r=0 y=0 c0=t803 c1=t802
17780 core=1 take t802 r=1 y=0 c0=t803 c1=t802
17781 core=0 prio t801 0 r=0 y=0 c0=t803 c1=t802
17782 core=1 give_isr r=1 y=0 c0=t803 c1=t802
17783 core=1 noop r=0 y=0 c0=t803 c1=t802
17784 core=1 resume t796 r=0 y=0 c0=t803 c1=t802
17785 core=1 give_isr r=0 y=0 c0=t803 c1=t802
17786 core=0 noop r=0 y=0 c0=t803 c1=t802
17787 core=1 noop r=0 y=0 c0=t803 c1=t802
17788 core=1 give_isr r=0 y=0 c0=t803 c1=t802
17789 core=1 delay t802 3 r=0 y=2 c0=t803 c1=IDLE0
17790 core=1 noop r=0 y=0 c0=t803 c1=IDLE0
17791 core=1 noop r=0 y=0 c0=t803 c1=IDLE0
17792 core=1 noop r=0 y=0 c0=t803 c1=IDLE0
17793 core=1 prio t797 3 r=0 y=0 c0=t803 c1=IDLE0
17794 core=0 give_isr r=0 y=0 c0=t803 c1=IDLE0
17795 core=0 noop r=0 y=0 c0=t803 c1=IDLE0
17796 core=1 resume t802 r=0 y=0 c0=t803 c1=IDLE0
17797 core=1 delete 9 t796 r=0 y=0 c0=t803 c1=IDLE0
17798 core=0 tick r=0 y=2 c0=t803 c1=IDLE1
17799 core=0 noop r=0 y=0 c0=t803 c1=IDLE1
17800 core=1 noop r=0 y=0 c0=t803 c1=IDLE1
17801 core=0 take t803 r=1 y=0 c0=t803 c1=IDLE1
17802 core=0 prio t799 1 r=0 y=0 c0=t803 c1=IDLE1
17803 core=0 give r=1 y=0 c0=t803 c1=IDLE1
17804 core=1 give r=0 y=0 c0=t803 c1=IDLE1
17805 core=1 delete 1 t803 r=0 y=1 c0=IDLE0 c1=IDLE1
17806 core=0 give_isr r=0 y=0 c0=IDLE0 c1=IDLE1
17807 core=1 delete 7 t800 r=0 y=0 c0=IDLE0 c1=IDLE1
17808 core=0 give_isr r=0 y=0 c0=IDLE0 c1=IDLE1
17809 core=0 prio t797 3 r=0 y=0 c0=IDLE0 c1=IDLE1
17810 core=0 noop r=0 y=0 c0=IDLE0 c1=IDLE1
17811 core=0 tick r=1 y=3 c0=t801 c1=IDLE0
17812 core=0 delay t801 3 r=0 y=1 c0=IDLE1 c1=IDLE0
17813 core=0 noop r=0 y=0 c0=IDLE1 c1=IDLE0
17814 core=0 tick r=1 y=3 c0=t802 c1=IDLE1
17815 core=0 give_isr r=0 y=0 c0=t802 c1=IDLE1
17816 core=1 noop r=0 y=0 c0=t802 c1=IDLE1
17817 core=1 yield r=0 y=2 c0=t802 c1=IDLE0
17818 core=1 create 0 t804 p0 r=1 y=2 c0=t802 c1=IDLE1
17819 core=0 noop r=0 y=0 c0=t802 c1=IDLE1
17820 core=0 create 6 t805 p1 r=1 y=2 c0=t802 c1=t805
17821 core=1 noop r=0 y=0 c0=t802 c1=t805
17822 core=0 resume t799 r=0 y=0 c0=t802 c1=t805
17823 core=1 noop r=0 y=0 c0=t802 c1=t805
17824 core=1 take t805 r=1 y=0 c0=t802 c1=t805
17825 core=1 noop r=0 y=0 c0=t802 c1=t805
17826 core=0 give_isr r=1 y=0 c0=t802 c1=t805
17827 core=0 give_isr r=0 y=0 c0=t802 c1=t805
17828 core=1 yield r=0 y=2 c0=t802 c1=t805
17829 core=1 resume t804 r=0 y=0 c0=t802 c1=t805
17830 core=1 prio t799 0 r=0 y=0 c0=t802 c1=t805
17831 core=0 suspend t799 r=0 y=0 c0=t802 c1=t805
17832 core=0 resume t805 r=0 y=0 c0=t802 c1=t805
17833 core=0 delay t802 5 r=0 y=1 c0=t804 c1=t805
17834 core=1 prio t797 1 r=0 y=0 c0=t804 c1=t805
17835 core=1 give r=0 y=0 c0=t804 c1=t805
17836 core=0 noop r=0 y=0 c0=t804 c1=t805
17837 core=1 prio t797 1 r=0 y=0 c0=t804 c1=t805
17838 core=0 noop r=0 y=0 c0=t804 c1=t805
17839 core=0 delete 3 t799 r=0 y=0 c0=t804 c1=t805
17840 core=1 resume t797 r=0 y=1 c0=t797 c1=t805
17841 core=0 noop r=0 y=0 c0=t797 c1=t805
17842 core=0 take t797 r=1 y=0 c0=t797 c1=t805
17843 core=0 tick r=1 y=3 c0=t797 c1=t805
17844 core=0 noop r=0 y=0 c0=t797 c1=t805
17845 core=1 give r=1 y=0 c0=t797 c1=t805
17846 core=0 tick r=1 y=3 c0=t797 c1=t805
17847 core=0 give_isr r=0 y=0 c0=t797 c1=t805
17848 core=0 give_isr r=0 y=0 c0=t797 c1=t805
17849 core=1 noop r=0 y=0 c0=t797 c1=t805
17850 core=0 prio t805 2 r=0 y=0 c0=t797 c1=t805
17851 core=1 give r=0 y=0 c0=t797 c1=t805
17852 core=1 give_isr r=0 y=0 c0=t797 c1=t805
17853 core=0 delay t797 2 r=0 y=1 c0=IDLE0 c1=t805
17854 core=1 noop r=0 y=0 c0=IDLE0 c1=t805
17855 core=0 noop r=0 y=0 c0=IDLE0 c1=t805
17856 core=1 delete 5 t801 r=0 y=0 c0=IDLE0 c1=t805
17857 core=1 give_isr r=0 y=0 c0=IDLE0 c1=t805
17858 core=0 noop r=0 y=0 c0=IDLE0 c1=t805
17859 core=0 create 9 t806 p3 r=1 y=1 c0=t806 c1=t805
17860 core=0 give r=0 y=0 c0=t806 c1=t805
17861 core=0 give_isr r=0 y=0 c0=t806 c1=t805
17862 core=0 noop r=0 y=0 c0=t806 c1=t805
17863 core=1 suspend t804 r=0 y=0 c0=t806 c1=t805
17864 core=0 tick r=0 y=0 c0=t806 c1=t805
17865 core=1 resume t797 r=0 y=0 c0=t806 c1=t805
17866 core=0 take t806 r=1 y=0 c0=t806 c1=t805
17867 core=1 noop r=0 y=0 c0=t806 c1=t805
17868 core=1 noop r=0 y=0 c0=t806 c1=t805
17869 core=1 give_isr r=1 y=0 c0=t806 c1=t805
17870 core=0 tick r=0 y=0 c0=t806 c1=t805
17871 core=0 noop r=0 y=0 c0=t806 c1=t805
17872 core=1 noop r=0 y=0 c0=t806 c1=t805
17873 core=1 take t805 r=1 y=0 c0=t806 c1=t805
17874 core=0 noop r=0 y=0 c0=t806 c1=t805
17875 core=0 prio t805 0 r=0 y=2 c0=t806 c1=t797
17876 core=0 resume t797 r=0 y=0 c0=t806 c1=t797
17877 core=1 give r=1 y=0 c0=t806 c1=t797
17878 core=1 yield r=0 y=2 c0=t806 c1=t797
17879 core=0 noop r=0 y=0 c0=t806 c1=t797
17880 core=1 noop r=0 y=0 c0=t806 c1=t797
17881 core=0 suspend t797 r=0 y=2 c0=t806 c1=IDLE1
17882 core=0 suspend t804 r=0 y=0 c0=t806 c1=IDLE1
17883 core=1 noop r=0 y=0 c0=t806 c1=IDLE1
17884 core=0 noop r=0 y=0 c0=t806 c1=IDLE1
17885 core=1 noop r=0 y=0 c0=t806 c1=IDLE1
17886 core=0 give r=0 y=0 c0=t806 c1=IDLE1
17887 core=0 take t806 r=1 y=0 c0=t806 c1=IDLE1
17888 core=1 give r=1 y=0 c0=t806 c1=IDLE1
17889 core=1 noop r=0 y=0 c0=t806 c1=IDLE1
17890 core=1 noop r=0 y=0 c0=t806 c1=IDLE1
17891 core=0 noop r=0 y=0 c0=t806 c1=IDLE1
17892 core=0 delay t806 2 r=0 y=1 c0=IDLE0 c1=IDLE1
17893 core=0 noop r=0 y=0 c0=IDLE0 c1=IDLE1
17894 core=0 resume t797 r=0 y=2 c0=IDLE0 c1=t797
17895 core=1 prio t805 1 r=0 y=1 c0=t805 c1=t797
17896 core=1 resume t805 r=0 y=0 c0=t805 c1=t797
17897 core=0 create 7 t807 p3 r=1 y=2 c0=t805 c1=t807
17898 core=0 take t805 r=1 y=0 c0=t805 c1=t807
17899 core=0 noop r=0 y=0 c0=t805 c1=t807
17900 core=0 give r=1 y=0 c0=t805 c1=t807
17901 core=0 give_isr r=0 y=0 c0=t805 c1=t807
17902 core=1 give_isr r=0 y=0 c0=t805 c1=t807
17903 core=0 suspend t802 r=0 y=0 c0=t805 c1=t807
17904 core=0 delay t805 3 r=0 y=1 c0=t797 c1=t807
17905 core=1 noop r=0 y=0 c0=t797 c1=t807
17906 core=1 give_isr r=0 y=0 c0=t797 c1=t807
17907 core=0 take t797 r=1 y=0 c0=t797 c1=t807
17908 core=0 delete 6 t805 r=0 y=0 c0=t797 c1=t807
17909 core=0 delay t797 1 r=0 y=1 c0=IDLE1 c1=t807
17910 core=1 give r=1 y=0 c0=IDLE1 c1=t807
17911 core=1 noop r=0 y=0 c0=IDLE1 c1=t807
17912 core=1 noop r=0 y=0 c0=IDLE1 c1=t807
17913 core=0 yield r=0 y=1 c0=IDLE0 c1=t807
17914 core=1 resume t806 r=0 y=0 c0=IDLE0 c1=t807
17915 core=1 give r=0 y=0 c0=IDLE0 c1=t807
17916 core=1 resume t807 r=0 y=0 c0=IDLE0 c1=t807
17917 core=0 tick r=1 y=1 c0=t797 c1=t807
17918 core=1 take t807 r=1 y=0 c0=t797 c1=t807
17919 core=0 delay t797 2 r=0 y=1 c0=IDLE1 c1=t807
17920 core=0 noop r=0 y=0 c0=IDLE1 c1=t807
17921 core=0 noop r=0 y=0 c0=IDLE1 c1=t807
17922 core=1 noop r=0 y=0 c0=IDLE1 c1=t807
17923 core=1 create 4 t808 p2 r=1 y=1 c0=t808 c1=t807
17924 core=0 resume t808 r=0 y=0 c0=t808 c1=t807
17925 core=1 resume t808 r=0 y=0 c0=t808 c1=t807
17926 core=0 delay t808 3 r=0 y=1 c0=IDLE0 c1=t807
17927 core=0 noop r=0 y=0 c0=IDLE0 c1=t807
17928 core=0 prio t808 3 r=0 y=0 c0=IDLE0 c1=t807
17929 core=1 suspend t806 r=0 y=0 c0=IDLE0 c1=t807
17930 core=0 noop r=0 y=0 c0=IDLE0 c1=t807
17931 core=0 tick r=1 y=1 c0=IDLE1 c1=t807
17932 core=0 give r=1 y=0 c0=IDLE1 c1=t807
17933 core=1 noop r=0 y=0 c0=IDLE1 c1=t807
17934 core=1 give_isr r=0 y=0 c0=IDLE1 c1=t807
17935 core=0 noop r=0 y=0 c0=IDLE1 c1=t807
17936 core=1 resume t807 r=0 y=0 c0=IDLE1 c1=t807
17937 core=0 prio t804 1 r=0 y=0 c0=IDLE1 c1=t807
17938 core=1 delay t807 5 r=0 y=2 c0=IDLE1 c1=IDLE0
17939 core=1 noop r=0 y=0 c0=IDLE1 c1=IDLE0
17940 core=1 noop r=0 y=0 c0=IDLE1 c1=IDLE0
17941 core=0 tick r=1 y=3 c0=t797 c1=IDLE1
17942 core=0 noop r=0 y=0 c0=t797 c1=IDLE1
17943 core=1 noop r=0 y=0 c0=t797 c1=IDLE1
17944 core=0 suspend t808 r=0 y=0 c0=t797 c1=IDLE1
17945 core=1 delete 8 t802 r=0 y=0 c0=t797 c1=IDLE1
17946 core=1 give r=0 y=0 c0=t797 c1=IDLE1
17947 core=1 noop r=0 y=0 c0=t797 c1=IDLE1
17948 core=0 give r=0 y=0 c0=t797 c1=IDLE1
17949 core=0 noop r=0 y=0 c0=t797 c1=IDLE1
17950 core=1 noop r=0 y=0 c0=t797 c1=IDLE1
17951 core=1 resume t797 r=0 y=0 c0=t797 c1=IDLE1
17952 core=1 prio t804 1 r=0 y=0 c0=t797 c1=IDLE1
17953 core=0 noop r=0 y=0 c0=t797 c1=IDLE1
17954 core=1 noop r=0 y=0 c0=t797 c1=IDLE1
17955 core=1 delete 4 t808 r=0 y=0 c0=t797 c1=IDLE1
17956 core=1 noop r=0 y=0 c0=t797 c1=IDLE1
17957 core=1 resume t807 r=0 y=0 c0=t797 c1=IDLE1
17958 core=1 noop r=0 y=0 c0=t797 c1=IDLE1
17959 core=1 noop r=0 y=0 c0=t797 c1=IDLE1
17960 core=1 resume t797 r=0 y=0 c0=t797 c1=IDLE1
17961 core=0 noop r=0 y=0 c0=t797 c1=IDLE1
17962 core=0 resume t806 r=0 y=2 c0=t797 c1=t806
17963 core=0 noop r=0 y=0 c0=t797 c1=t806
17964 core=0 noop r=0 y=0 c0=t797 c1=t806
17965 core=1 give_isr r=0 y=0 c0=t797 c1=t806
17966 core=1 give_isr r=0 y=0 c0=t797 c1=t806
17967 core=1 give r=0 y=0 c0=t797 c1=t806
17968 core=0 prio t797 0 r=0 y=1 c0=IDLE0 c1=t806
17969 core=1 take t806 r=1 y=0 c0=IDLE0 c1=t806
17970 core=0 noop r=0 y=0 c0=IDLE0 c1=t806
17971 core=0 create 6 t809 p3 r=1 y=1 c0=t809 c1=t806
17972 core=0 take t809 r=0 y=0 c0=t809 c1=t806
17973 core=1 noop r=0 y=0 c0=t809 c1=t806
17974 core=1 noop r=0 y=0 c0=t809 c1=t806
17975 core=1 delay t806 5 r=0 y=2 c0=t809 c1=IDLE1
17976 core=0 noop r=0 y=0 c0=t809 c1=IDLE1
17977 core=1 resume t807 r=0 y=0 c0=t809 c1=IDLE1
17978 core=1 noop r=0 y=0 c0=t809 c1=IDLE1
17979 core=1 prio t807 1 r=0 y=0 c0=t809 c1=IDLE1
17980 core=0 give_isr r=1 y=0 c0=t809 c1=IDLE1
17981 core=0 tick r=0 y=2 c0=t809 c1=t797
17982 core=0 noop r=0 y=0 c0=t809 c1=t797
17983 core=0 take t809 r=1 y=0 c0=t809 c1=t797
17984 core=0 delete 0 t804 r=0 y=0 c0=t809 c1=t797
17985 core=0 tick r=0 y=2 c0=t809 c1=IDLE0
17986 core=0 create 8 t810 p1 r=1 y=2 c0=t809 c1=t810
17987 core=1 prio t806 3 r=0 y=0 c0=t809 c1=t810
17988 core=0 create 3 t811 p0 r=1 y=0 c0=t809 c1=t810
17989 core=0 resume t807 r=0 y=0 c0=t809 c1=t810
17990 core=1 prio t806 1 r=0 y=0 c0=t809 c1=t810
17991 core=1 delete 7 t807 r=0 y=0 c0=t809 c1=t810
17992 core=1 delay t810 2 r=0 y=2 c0=t809 c1=IDLE1
17993 core=1 noop r=0 y=0 c0=t809 c1=IDLE1
17994 core=1 noop r=0 y=0 c0=t809 c1=IDLE1
17995 core=0 resume t811 r=0 y=0 c0=t809 c1=IDLE1
17996 core=0 create 7 t812 p1 r=1 y=2 c0=t809 c1=t812
17997 core=1 create 0 t813 p0 r=1 y=0 c0=t809 c1=t812
17998 core=0 prio t813 0 r=0 y=0 c0=t809 c1=t812
17999 core=0 tick r=0 y=0 c0=t809 c1=t812
18000 core=1 create 5 t814 p3 r=1 y=2 c0=t809 c1=t814
18001 core=1 take t814 r=0 y=0 c0=t809 c1=t814
18002 core=0 give_isr r=1 y=0 c0=t809 c1=t814
18003 core=0 take t809 r=1 y=0 c0=t809 c1=t814
18004 core=0 tick r=1 y=3 c0=t809 c1=t814
18005 core=0 delay t809 3 r=0 y=1 c0=t812 c1=t814
18006 core=1 give_isr r=1 y=0 c0=t812 c1=t814
18007 core=0 prio t813 2 r=0 y=1 c0=t813 c1=t814
18008 core=1 delete 6 t809 r=0 y=0 c0=t813 c1=t814
18009 core=1 suspend t810 r=0 y=0 c0=t813 c1=t814
18010 core=1 noop r=0 y=0 c0=t813 c1=t814
18011 core=1 give_isr r=0 y=0 c0=t813 c1=t814
18012 core=0 delete 2 t797 r=0 y=0 c0=t813 c1=t814
18013 core=1 delete 0 t813 r=0 y=1 c0=t812 c1=t814
18014 core=0 take t812 r=1 y=0 c0=t812 c1=t814
18015 core=1 give r=1 y=0 c0=t812 c1=t814
18016 core=0 noop r=0 y=0 c0=t812 c1=t814
18017 core=1 delete 7 t812 r=0 y=1 c0=IDLE0 c1=t814
18018 core=1 noop r=0 y=0 c0=IDLE0 c1=t814
18019 core=0 create 7 t815 p3 r=1 y=1 c0=t815 c1=t814
18020 core=1 resume t810 r=0 y=0 c0=t815 c1=t814
18021 core=1 take t814 r=1 y=0 c0=t815 c1=t814
18022 core=0 prio t810 2 r=0 y=0 c0=t815 c1=t814
18023 core=0 delay t815 4 r=0 y=1 c0=t810 c1=t814
18024 core=1 delay t814 4 r=0 y=2 c0=t810 c1=t811
18025 core=1 resume t811 r=0 y=0 c0=t810 c1=t811
18026 core=1 noop r=0 y=0 c0=t810 c1=t811
18027 core=0 give r=1 y=0 c0=t810 c1=t811
18028 core=1 noop r=0 y=0 c0=t810 c1=t811
18029 core=0 noop r=0 y=0 c0=t810 c1=t811
18030 core=1 resume t810 r=0 y=0 c0=t810 c1=t811
18031 core=0 tick r=0 y=2 c0=t810 c1=t806
18032 core=0 noop r=0 y=0 c0=t810 c1=t806
18033 core=0 delay t810 4 r=0 y=1 c0=IDLE1 c1=t806
18034 core=1 suspend t810 r=0 y=0 c0=IDLE1 c1=t806
18035 core=0 prio t815 3 r=0 y=0 c0=IDLE1 c1=t806
18036 core=1 yield r=0 y=2 c0=IDLE1 c1=t806
18037 core=1 noop r=0 y=0 c0=IDLE1 c1=t806
18038 core=1 prio t810 1 r=0 y=0 c0=IDLE1 c1=t806
18039 core=0 noop r=0 y=0 c0=IDLE1 c1=t806
18040 core=1 suspend t815 r=0 y=0 c0=IDLE1 c1=t806
18041 core=1 take t806 r=1 y=0 c0=IDLE1 c1=t806
18042 core=0 noop r=0 y=0 c0=IDLE1 c1=t806
18043 core=0 noop r=0 y=0 c0=IDLE1 c1=t806
18044 core=1 delay t806 4 r=0 y=2 c0=IDLE1 c1=IDLE0
18045 core=1 give r=1 y=0 c0=IDLE1 c1=IDLE0
18046 core=0 noop r=0 y=0 c0=IDLE1 c1=IDLE0
18047 core=0 noop r=0 y=0 c0=IDLE1 c1=IDLE0
18048 core=0 noop r=0 y=0 c0=IDLE1 c1=IDLE0
18049 core=1 noop r=0 y=0 c0=IDLE1 c1=IDLE0
18050 core=1 noop r=0 y=0 c0=IDLE1 c1=IDLE0
18051 core=1 give_isr r=0 y=0 c0=IDLE1 c1=IDLE0
18052 core=1 noop r=0 y=0 c0=IDLE1 c1=IDLE0
18053 core=0 noop r=0 y=0 c0=IDLE1 c1=IDLE0
18054 core=0 noop r=0 y=0 c0=IDLE1 c1=IDLE0
18055 core=1 give r=0 y=0 c0=IDLE1 c1=IDLE0
18056 core=0 noop r=0 y=0 c0=IDLE1 c1=IDLE0
18057 core=0 noop r=0 y=0 c0=IDLE1 c1=IDLE0
18058 core=1 suspend t806 r=0 y=0 c0=IDLE1 c1=IDLE0
18059 core=0 noop r=0 y=0 c0=IDLE1 c1=IDLE0
18060 core=1 noop r=0 y=0 c0=IDLE1 c1=IDLE0
18061 core=0 prio t806 1 r=0 y=0 c0=IDLE1 c1=IDLE0
18062 core=1 noop r=0 y=0 c0=IDLE1 c1=IDLE0
18063 core=0 create 6 t816 p3 r=1 y=2 c0=IDLE1 c1=t816
18064 core=0 noop r=0 y=0 c0=IDLE1 c1=t816
18065 core=1 take t816 r=1 y=0 c0=IDLE1 c1=t816
18066 core=0 delete 8 t810 r=0 y=0 c0=IDLE1 c1=t816
18067 core=0 noop r=0 y=0 c0=IDLE1 c1=t816
18068 core=1 suspend t806 r=0 y=0 c0=IDLE1 c1=t816
18069 core=1 take t816 r=0 y=0 c0=IDLE1 c1=t816
18070 core=1 noop r=0 y=0 c0=IDLE1 c1=t816
18071 core=1 delay t816 2 r=0 y=2 c0=IDLE1 c1=t811
18072 core=1 take t811 r=0 y=0 c0=IDLE1 c1=t811
18073 core=0 yield r=0 y=1 c0=IDLE0 c1=t811
18074 core=1 give_isr r=1 y=0 c0=IDLE0 c1=t811
18075 core=1 delay t811 4 r=0 y=2 c0=IDLE0 c1=IDLE1
18076 core=1 noop r=0 y=0 c0=IDLE0 c1=IDLE1
18077 core=1 noop r=0 y=0 c0=IDLE0 c1=IDLE1
18078 core=0 noop r=0 y=0 c0=IDLE0 c1=IDLE1
18079 core=0 tick r=1 y=3 c0=IDLE0 c1=IDLE1
18080 core=0 tick r=1 y=3 c0=t816 c1=IDLE0
18081 core=0 resume t816 r=0 y=0 c0=t816 c1=IDLE0
18082 core=0 delete 5 t814 r=0 y=0 c0=t816 c1=IDLE0
18083 core=0 delay t816 5 r=0 y=1 c0=IDLE1 c1=IDLE0
18084 core=0 prio t816 3 r=0 y=0 c0=IDLE1 c1=IDLE0
18085 core=0 prio t806 1 r=0 y=0 c0=IDLE1 c1=IDLE0
18086 core=1 noop r=0 y=0 c0=IDLE1 c1=IDLE0
18087 core=1 give r=0 y=0 c0=IDLE1 c1=IDLE0
18088 core=0 create 5 t817 p3 r=1 y=2 c0=IDLE1 c1=t817
18089 core=0 yield r=0 y=1 c0=IDLE0 c1=t817
18090 core=0 suspend t806 r=0 y=0 c0=IDLE0 c1=t817
18091 core=0 tick r=1 y=1 c0=IDLE1 c1=t817
18092 core=0 give r=0 y=0 c0=IDLE1 c1=t817
18093 core=0 suspend t806 r=0 y=0 c0=IDLE1 c1=t817
18094 core=0 noop r=0 y=0 c0=IDLE1 c1=t817
18095 core=1 noop r=0 y=0 c0=IDLE1 c1=t817
18096 core=0 noop r=0 y=0 c0=IDLE1 c1=t817
18097 core=1 delay t817 1 r=0 y=2 c0=IDLE1 c1=IDLE0
18098 core=0 prio t816 0 r=0 y=0 c0=IDLE1 c1=IDLE0
18099 core=0 tick r=1 y=3 c0=t817 c1=t811
18100 core=1 prio t815 0 r=0 y=0 c0=t817 c1=t811
18101 core=0 prio t816 1 r=0 y=0 c0=t817 c1=t811
18102 core=0 delay t817 2 r=0 y=1 c0=IDLE1 c1=t811
18103 core=1 delay t811 4 r=0 y=2 c0=IDLE1 c1=IDLE0
18104 core=1 noop r=0 y=0 c0=IDLE1 c1=IDLE0
18105 core=0 suspend t806 r=0 y=0 c0=IDLE1 c1=IDLE0
18106 core=0 give_isr r=0 y=0 c0=IDLE1 c1=IDLE0
18107 core=0 noop r=0 y=0 c0=IDLE1 c1=IDLE0
18108 core=1 noop r=0 y=0 c0=IDLE1 c1=IDLE0
18109 core=0 noop r=0 y=0 c0=IDLE1 c1=IDLE0
18110 core=0 noop r=0 y=0 c0=IDLE1 c1=IDLE0
18111 core=0 noop r=0 y=0 c0=IDLE1 c1=IDLE0
18112 core=1 noop r=0 y=0 c0=IDLE1 c1=IDLE0
18113 core=0 noop r=0 y=0 c0=IDLE1 c1=IDLE0
18114 core=0 give r=0 y=0 c0=IDLE1 c1=IDLE0
18115 core=0 noop r=0 y=0 c0=IDLE1 c1=IDLE0
18116 core=1 noop r=0 y=0 c0=IDLE1 c1=IDLE0
18117 core=0 noop r=0 y=0 c0=IDLE1 c1=IDLE0
18118 core=1 noop r=0 y=0 c0=IDLE1 c1=IDLE0
18119 core=1 noop r=0 y=0 c0=IDLE1 c1=IDLE0
18120 core=1 noop r=0 y=0 c0=IDLE1 c1=IDLE0
18121 core=0 tick r=1 y=3 c0=IDLE1 c1=IDLE0
18122 core=1 delete 7 t815 r=0 y=0 c0=IDLE1 c1=IDLE0
18123 core=0 noop r=0 y=0 c0=IDLE1 c1=IDLE0
18124 core=1 noop r=0 y=0 c0=IDLE1 c1=IDLE0
18125 core=1 noop r=0 y=0 c0=IDLE1 c1=IDLE0
18126 core=0 create 2 t818 p0 r=1 y=2 c0=IDLE1 c1=t818
18127 core=0 give_isr r=0 y=0 c0=IDLE1 c1=t818
18128 core=1 noop r=0 y=0 c0=IDLE1 c1=t818
18129 core=1 noop r=0 y=0 c0=IDLE1 c1=t818
18130 core=1 give_isr r=0 y=0 c0=IDLE1 c1=t818
18131 core=0 prio t811 2 r=0 y=0 c0=IDLE1 c1=t818
18132 core=0 create 8 t819 p3 r=1 y=1 c0=t819 c1=t818
18133 core=0 tick r=1 y=3 c0=t817 c1=t819
18134 core=1 noop r=0 y=0 c0=t817 c1=t819
18135 core=0 give_isr r=0 y=0 c0=t817 c1=t819
18136 core=0 noop r=0 y=0 c0=t817 c1=t819
18137 core=1 noop r=0 y=0 c0=t817 c1=t819
18138 core=0 give r=0 y=0 c0=t817 c1=t819
18139 core=1 noop r=0 y=0 c0=t817 c1=t819
18140 core=1 noop r=0 y=0 c0=t817 c1=t819
18141 core=1 noop r=0 y=0 c0=t817 c1=t819
18142 core=1 delay t819 2 r=0 y=2 c0=t817 c1=IDLE0
18143 core=1 resume t811 r=0 y=0 c0=t817 c1=IDLE0
18144 core=1 give_isr r=0 y=0 c0=t817 c1=IDLE0
18145 core=0 create 0 t820 p2 r=1 y=2 c0=t817 c1=t820
18146 core=0 tick r=0 y=0 c0=t817 c1=t820
18147 core=1 noop r=0 y=0 c0=t817 c1=t820
18148 core=1 yield r=0 y=2 c0=t817 c1=t820
18149 core=0 resume t820 r=0 y=0 c0=t817 c1=t820
18150 core=1 suspend t806 r=0 y=0 c0=t817 c1=t820
18151 core=0 tick r=1 y=3 c0=t819 c1=t817
18152 core=1 prio t811 2 r=0 y=0 c0=t819 c1=t817
18153 core=1 take t817 r=1 y=0 c0=t819 c1=t817
18154 core=0 give r=1 y=0 c0=t819 c1=t817
18155 core=1 yield r=0 y=2 c0=t819 c1=t817
18156 core=0 delete 5 t817 r=0 y=2 c0=t819 c1=t811
18157 core=0 yield r=0 y=1 c0=t819 c1=t811
18158 core=0 take t819 r=1 y=0 c0=t819 c1=t811
18159 core=1 create 1 t821 p3 r=1 y=2 c0=t819 c1=t821
18160 core=0 delay t819 5 r=0 y=1 c0=t820 c1=t821
18161 core=1 noop r=0 y=0 c0=t820 c1=t821
18162 core=0 give_isr r=1 y=0 c0=t820 c1=t821
18163 core=0 resume t811 r=0 y=0 c0=t820 c1=t821
18164 core=0 tick r=1 y=1 c0=t811 c1=t821
18165 core=0 take t811 r=1 y=0 c0=t811 c1=t821
18166 core=1 yield r=0 y=2 c0=t811 c1=t821
18167 core=0 tick r=1 y=1 c0=t820 c1=t821
18168 core=0 noop r=0 y=0 c0=t820 c1=t821
18169 core=1 prio t818 2 r=0 y=0 c0=t820 c1=t821
18170 core=0 prio t818 2 r=0 y=0 c0=t820 c1=t821
18171 core=0 take t820 r=0 y=0 c0=t820 c1=t821
18172 core=1 give r=1 y=0 c0=t820 c1=t821
18173 core=0 noop r=0 y=0 c0=t820 c1=t821
18174 core=0 resume t819 r=0 y=0 c0=t820 c1=t821
18175 core=1 noop r=0 y=0 c0=t820 c1=t821
18176 core=1 give_isr r=0 y=0 c0=t820 c1=t821
18177 core=0 prio t821 3 r=0 y=0 c0=t820 c1=t821
18178 core=0 tick r=1 y=1 c0=t811 c1=t821
18179 core=0 noop r=0 y=0 c0=t811 c1=t821
18180 core=1 give_isr r=0 y=0 c0=t811 c1=t821
18181 core=1 delay t821 5 r=0 y=2 c0=t811 c1=t818
18182 core=1 suspend t821 r=0 y=0 c0=t811 c1=t818
18183 core=1 suspend t811 r=0 y=1 c0=t820 c1=t818
18184 core=1 noop r=0 y=0 c0=t820 c1=t818
18185 core=1 delay t818 5 r=0 y=2 c0=t820 c1=t816
18186 core=1 give r=0 y=0 c0=t820 c1=t816
18187 core=0 delete 3 t811 r=0 y=0 c0=t820 c1=t816
18188 core=0 noop r=0 y=0 c0=t820 c1=t816
18189 core=1 give r=0 y=0 c0=t820 c1=t816
18190 core=0 noop r=0 y=0 c0=t820 c1=t816
18191 core=0 tick r=0 y=0 c0=t820 c1=t816
18192 core=0 tick r=0 y=2 c0=t820 c1=t819
18193 core=1 noop r=0 y=0 c0=t820 c1=t819
18194 core=1 take t819 r=1 y=0 c0=t820 c1=t819
18195 core=0 give_isr r=1 y=0 c0=t820 c1=t819
18196 core=0 give_isr r=0 y=0 c0=t820 c1=t819
18197 core=0 suspend t820 r=0 y=1 c0=t816 c1=t819
18198 core=1 noop r=0 y=0 c0=t816 c1=t819
18199 core=0 tick r=0 y=0 c0=t816 c1=t819
18200 core=1 noop r=0 y=0 c0=t816 c1=t819
18201 core=1 give_isr r=0 y=0 c0=t816 c1=t819
18202 core=0 noop r=0 y=0 c0=t816 c1=t819
18203 core=0 noop r=0 y=0 c0=t816 c1=t819
18204 core=0 delay t816 2 r=0 y=1 c0=IDLE1 c1=t819
18205 core=1 give r=0 y=0 c0=IDLE1 c1=t819
18206 core=1 take t819 r=1 y=0 c0=IDLE1 c1=t819
18207 core=0 suspend t820 r=0 y=0 c0=IDLE1 c1=t819
18208 core=1 take t819 r=0 y=0 c0=IDLE1 c1=t819
18209 core=0 prio t806 3 r=0 y=0 c0=IDLE1 c1=t819
18210 core=0 noop r=0 y=0 c0=IDLE1 c1=t819
18211 core=0 tick r=1 y=1 c0=IDLE0 c1=t819
18212 core=1 resume t818 r=0 y=0 c0=IDLE0 c1=t819
18213 core=0 delete 6 t816 r=0 y=0 c0=IDLE0 c1=t819
18214 core=1 suspend t820 r=0 y=0 c0=IDLE0 c1=t819
18215 core=0 tick r=1 y=1 c0=t818 c1=t819
18216 core=1 yield r=0 y=2 c0=t818 c1=t819
18217 core=1 resume t820 r=0 y=0 c0=t818 c1=t819
18218 core=1 noop r=0 y=0 c0=t818 c1=t819
18219 core=1 create 5 t822 p3 r=1 y=1 c0=t822 c1=t819
18220 core=0 noop r=0 y=0 c0=t822 c1=t819
18221 core=0 delay t822 4 r=0 y=1 c0=t820 c1=t819
18222 core=1 suspend t818 r=0 y=0 c0=t820 c1=t819
18223 core=0 delay t820 1 r=0 y=1 c0=IDLE1 c1=t819
18224 core=0 tick r=1 y=1 c0=t820 c1=t819
18225 core=1 delay t819 2 r=0 y=2 c0=t820 c1=IDLE0
18226 core=1 give r=1 y=0 c0=t820 c1=IDLE0
18227 core=1 noop r=0 y=0 c0=t820 c1=IDLE0
18228 core=0 noop r=0 y=0 c0=t820 c1=IDLE0
18229 core=0 prio t820 0 r=0 y=1 c0=IDLE1 c1=IDLE0
18230 core=1 give_isr r=0 y=0 c0=IDLE1 c1=IDLE0
18231 core=1 give_isr r=0 y=0 c0=IDLE1 c1=IDLE0
18232 core=1 prio t820 2 r=0 y=2 c0=IDLE1 c1=t820
18233 core=0 delete 1 t821 r=0 y=0 c0=IDLE1 c1=t820
18234 core=0 prio t820 0 r=0 y=2 c0=IDLE1 c1=IDLE0
18235 core=1 create 6 t823 p1 r=1 y=2 c0=IDLE1 c1=t823
18236 core=1 noop r=0 y=0 c0=IDLE1 c1=t823
18237 core=0 noop r=0 y=0 c0=IDLE1 c1=t823
18238 core=1 yield r=0 y=2 c0=IDLE1 c1=t823
18239 core=0 suspend t820 r=0 y=0 c0=IDLE1 c1=t823
18240 core=1 noop r=0 y=0 c0=IDLE1 c1=t823
18241 core=0 noop r=0 y=0 c0=IDLE1 c1=t823
18242 core=1 noop r=0 y=0 c0=IDLE1 c1=t823
18243 core=1 yield r=0 y=2 c0=IDLE1 c1=t823
18244 core=1 give_isr r=0 y=0 c0=IDLE1 c1=t823
18245 core=0 delete 2 t818 r=0 y=0 c0=IDLE1 c1=t823
18246 core=0 noop r=0 y=0 c0=IDLE1 c1=t823
18247 core=0 noop r=0 y=0 c0=IDLE1 c1=t823
18248 core=1 give r=0 y=0 c0=IDLE1 c1=t823
18249 core=1 yield r=0 y=2 c0=IDLE1 c1=t823
18250 core=1 noop r=0 y=0 c0=IDLE1 c1=t823
18251 core=1 noop r=0 y=0 c0=IDLE1 c1=t823
18252 core=0 noop r=0 y=0 c0=IDLE1 c1=t823
18253 core=1 resume t822 r=0 y=0 c0=IDLE1 c1=t823
18254 core=0 noop r=0 y=0 c0=IDLE1 c1=t823
18255 core=0 tick r=1 y=1 c0=IDLE0 c1=t823
18256 core=0 noop r=0 y=0 c0=IDLE0 c1=t823
18257 core=0 create 4 t824 p2 r=1 y=1 c0=t824 c1=t823
18258 core=0 delete 6 t823 r=0 y=2 c0=t824 c1=IDLE1
18259 core=1 noop r=0 y=0 c0=t824 c1=IDLE1
18260 core=0 take t824 r=1 y=0 c0=t824 c1=IDLE1
18261 core=1 noop r=0 y=0 c0=t824 c1=IDLE1
18262 core=1 noop r=0 y=0 c0=t824 c1=IDLE1
18263 core=0 noop r=0 y=0 c0=t824 c1=IDLE1
18264 core=0 noop r=0 y=0 c0=t824 c1=IDLE1
18265 core=1 give r=1 y=0 c0=t824 c1=IDLE1
18266 core=0 noop r=0 y=0 c0=t824 c1=IDLE1
18267 core=0 tick r=0 y=2 c0=t824 c1=t819
18268 core=1 prio t819 3 r=0 y=0 c0=t824 c1=t819
18269 core=0 delay t824 1 r=0 y=1 c0=IDLE0 c1=t819
18270 core=0 noop r=0 y=0 c0=IDLE0 c1=t819
18271 core=1 give_isr r=0 y=0 c0=IDLE0 c1=t819
18272 core=0 tick r=1 y=3 c0=t822 c1=t819
18273 core=0 noop r=0 y=0 c0=t822 c1=t819
18274 core=0 take t822 r=1 y=0 c0=t822 c1=t819
18275 core=0 resume t824 r=0 y=0 c0=t822 c1=t819
18276 core=1 give_isr r=1 y=0 c0=t822 c1=t819
18277 core=0 give_isr r=0 y=0 c0=t822 c1=t819
18278 core=1 give_isr r=0 y=0 c0=t822 c1=t819
18279 core=0 delay t822 3 r=0 y=1 c0=t824 c1=t819
18280 core=1 noop r=0 y=0 c0=t824 c1=t819
18281 core=1 noop r=0 y=0 c0=t824 c1=t819
18282 core=0 tick r=0 y=0 c0=t824 c1=t819
18283 core=0 delay t824 5 r=0 y=1 c0=IDLE1 c1=t819
18284 core=1 create 1 t825 p2 r=1 y=1 c0=t825 c1=t819
18285 core=0 give r=0 y=0 c0=t825 c1=t819
18286 core=0 prio t806 1 r=0 y=0 c0=t825 c1=t819
18287 core=0 suspend t819 r=0 y=2 c0=t825 c1=IDLE0
18288 core=0 resume t819 r=0 y=2 c0=t825 c1=t819
18289 core=1 noop r=0 y=0 c0=t825 c1=t819
18290 core=1 delete 8 t819 r=0 y=2 c0=t825 c1=IDLE1
18291 core=0 suspend t820 r=0 y=0 c0=t825 c1=IDLE1
18292 core=1 noop r=0 y=0 c0=t825 c1=IDLE1
18293 core=0 delete 1 t825 r=0 y=1 c0=IDLE0 c1=IDLE1
18294 core=0 tick r=1 y=3 c0=IDLE0 c1=IDLE1
18295 core=0 noop r=0 y=0 c0=IDLE0 c1=IDLE1
18296 core=1 noop r=0 y=0 c0=IDLE0 c1=IDLE1
18297 core=0 tick r=1 y=3 c0=t822 c1=IDLE0
18298 core=1 noop r=0 y=0 c0=t822 c1=IDLE0
18299 core=0 noop r=0 y=0 c0=t822 c1=IDLE0
18300 core=0 resume t822 r=0 y=0 c0=t822 c1=IDLE0
18301 core=0 resume t806 r=0 y=2 c0=t822 c1=t806
18302 core=0 take t822 r=1 y=0 c0=t822 c1=t806
18303 core=0 tick r=0 y=0 c0=t822 c1=t806
18304 core=1 give r=1 y=0 c0=t822 c1=t806
18305 core=0 noop r=0 y=0 c0=t822 c1=t806
18306 core=1 noop r=0 y=0 c0=t822 c1=t806
18307 core=0 create 3 t826 p0 r=1 y=0 c0=t822 c1=t806
18308 core=0 tick r=0 y=0 c0=t822 c1=t806
18309 core=1 suspend t822 r=0 y=1 c0=IDLE1 c1=t806
18310 core=0 tick r=1 y=1 c0=t824 c1=t806
18311 core=0 delete 5 t822 r=0 y=0 c0=t824 c1=t806
18312 core=1 noop r=0 y=0 c0=t824 c1=t806
18313 core=0 delay t824 3 r=0 y=1 c0=IDLE0 c1=t806
18314 core=0 noop r=0 y=0 c0=IDLE0 c1=t806
18315 core=1 noop r=0 y=0 c0=IDLE0 c1=t806
18316 core=0 tick r=1 y=1 c0=t826 c1=t806
18317 core=1 noop r=0 y=0 c0=t826 c1=t806
18318 core=0 yield r=0 y=1 c0=IDLE1 c1=t806
18319 core=0 noop r=0 y=0 c0=IDLE1 c1=t806
18320 core=0 noop r=0 y=0 c0=IDLE1 c1=t806
18321 core=0 noop r=0 y=0 c0=IDLE1 c1=t806
18322 core=0 noop r=0 y=0 c0=IDLE1 c1=t806
18323 core=1 delete 4 t824 r=0 y=0 c0=IDLE1 c1=t806
18324 core=0 tick r=1 y=1 c0=IDLE0 c1=t806
18325 core=1 delay t806 5 r=0 y=2 c0=IDLE0 c1=t826
18326 core=1 create 4 t827 p0 r=1 y=1 c0=IDLE1 c1=t826
18327 core=0 noop r=0 y=0 c0=IDLE1 c1=t826
18328 core=1 noop r=0 y=0 c0=IDLE1 c1=t826
18329 core=0 noop r=0 y=0 c0=IDLE1 c1=t826
18330 core=0 noop r=0 y=0 c0=IDLE1 c1=t826
18331 core=1 prio t806 2 r=0 y=0 c0=IDLE1 c1=t826
18332 core=0 tick r=1 y=3 c0=t827 c1=IDLE0
18333 core=1 noop r=0 y=0 c0=t827 c1=IDLE0
18334 core=0 noop r=0 y=0 c0=t827 c1=IDLE0
18335 core=1 give r=0 y=0 c0=t827 c1=IDLE0
18336 core=0 noop r=0 y=0 c0=t827 c1=IDLE0
18337 core=1 noop r=0 y=0 c0=t827 c1=IDLE0
18338 core=0 noop r=0 y=0 c0=t827 c1=IDLE0
18339 core=0 tick r=1 y=3 c0=IDLE1 c1=t826
18340 core=0 noop r=0 y=0 c0=IDLE1 c1=t826
18341 core=0 tick r=1 y=3 c0=t827 c1=IDLE0
18342 core=1 give r=0 y=0 c0=t827 c1=IDLE0
18343 core=1 noop r=0 y=0 c0=t827 c1=IDLE0
18344 core=0 give_isr r=0 y=0 c0=t827 c1=IDLE0
18345 core=1 noop r=0 y=0 c0=t827 c1=IDLE0
18346 core=1 delete 0 t820 r=0 y=0 c0=t827 c1=IDLE0
18347 core=1 give r=0 y=0 c0=t827 c1=IDLE0
18348 core=0 noop r=0 y=0 c0=t827 c1=IDLE0
18349 core=0 delay t827 1 r=0 y=1 c0=IDLE1 c1=IDLE0
18350 core=1 noop r=0 y=0 c0=IDLE1 c1=IDLE0
18351 core=0 noop r=0 y=0 c0=IDLE1 c1=IDLE0
18352 core=0 tick r=1 y=3 c0=t826 c1=t827
18353 core=1 yield r=0 y=2 c0=t826 c1=IDLE1
18354 core=0 tick r=1 y=3 c0=t806 c1=IDLE0
18355 core=1 give r=0 y=0 c0=t806 c1=IDLE0
18356 core=1 noop r=0 y=0 c0=t806 c1=IDLE0
18357 core=0 tick r=0 y=2 c0=t806 c1=t827
18358 core=1 noop r=0 y=0 c0=t806 c1=t827
18359 core=0 give_isr r=0 y=0 c0=t806 c1=t827
18360 core=1 noop r=0 y=0 c0=t806 c1=t827
18361 core=1 take t827 r=1 y=0 c0=t806 c1=t827
18362 core=1 yield r=0 y=2 c0=t806 c1=t826
18363 core=1 take t826 r=0 y=0 c0=t806 c1=t826
18364 core=1 take t826 r=0 y=0 c0=t806 c1=t826
18365 core=1 resume t826 r=0 y=0 c0=t806 c1=t826
18366 core=1 prio t806 1 r=0 y=1 c0=t806 c1=t826
18367 core=0 delay t806 3 r=0 y=1 c0=IDLE1 c1=t826
18368 core=0 give_isr r=1 y=0 c0=IDLE1 c1=t826
18369 core=0 resume t827 r=0 y=0 c0=IDLE1 c1=t826
18370 core=1 noop r=0 y=0 c0=IDLE1 c1=t826
18371 core=1 yield r=0 y=2 c0=IDLE1 c1=IDLE0
18372 core=1 noop r=0 y=0 c0=IDLE1 c1=IDLE0
18373 core=1 give r=0 y=0 c0=IDLE1 c1=IDLE0
18374 core=0 noop r=0 y=0 c0=IDLE1 c1=IDLE0
18375 core=1 give r=0 y=0 c0=IDLE1 c1=IDLE0
18376 core=0 noop r=0 y=0 c0=IDLE1 c1=IDLE0
18377 core=1 noop r=0 y=0 c0=IDLE1 c1=IDLE0
18378 core=0 give r=0 y=0 c0=IDLE1 c1=IDLE0
18379 core=0 noop r=0 y=0 c0=IDLE1 c1=IDLE0
18380 core=0 give r=0 y=0 c0=IDLE1 c1=IDLE0
18381 core=0 give r=0 y=0 c0=IDLE1 c1=IDLE0
18382 core=0 noop r=0 y=0 c0=IDLE1 c1=IDLE0
18383 core=0 tick r=1 y=3 c0=t827 c1=t826
18384 core=0 tick r=1 y=3 c0=IDLE1 c1=IDLE0
18385 core=0 give_isr r=0 y=0 c0=IDLE1 c1=IDLE0
18386 core=0 resume t806 r=0 y=0 c0=IDLE1 c1=IDLE0
18387 core=1 give r=0 y=0 c0=IDLE1 c1=IDLE0
18388 core=0 suspend t827 r=0 y=0 c0=IDLE1 c1=IDLE0
18389 core=0 tick r=1 y=3 c0=t806 c1=t826
18390 core=0 take t806 r=1 y=0 c0=t806 c1=t826
18391 core=1 delay t826 3 r=0 y=2 c0=t806 c1=IDLE1
18392 core=0 noop r=0 y=0 c0=t806 c1=IDLE1
18393 core=1 give r=1 y=0 c0=t806 c1=IDLE1
18394 core=1 suspend t827 r=0 y=0 c0=t806 c1=IDLE1
18395 core=0 give_isr r=0 y=0 c0=t806 c1=IDLE1
18396 core=0 resume t806 r=0 y=0 c0=t806 c1=IDLE1
18397 core=1 noop r=0 y=0 c0=t806 c1=IDLE1
18398 core=1 give r=0 y=0 c0=t806 c1=IDLE1
18399 core=1 suspend t827 r=0 y=0 c0=t806 c1=IDLE1
18400 core=0 noop r=0 y=0 c0=t806 c1=IDLE1
18401 core=1 noop r=0 y=0 c0=t806 c1=IDLE1
18402 core=0 noop r=0 y=0 c0=t806 c1=IDLE1
18403 core=0 tick r=0 y=2 c0=t806 c1=IDLE0
18404 core=0 delay t806 3 r=0 y=1 c0=IDLE1 c1=IDLE0
18405 core=1 noop r=0 y=0 c0=IDLE1 c1=IDLE0
18406 core=0 tick r=1 y=3 c0=IDLE1 c1=IDLE0
18407 core=0 give_isr r=0 y=0 c0=IDLE1 c1=IDLE0
18408 core=0 noop r=0 y=0 c0=IDLE1 c1=IDLE0
18409 core=1 give r=0 y=0 c0=IDLE1 c1=IDLE0
18410 core=0 yield r=0 y=1 c0=IDLE1 c1=IDLE0
18411 core=1 noop r=0 y=0 c0=IDLE1 c1=IDLE0
18412 core=1 noop r=0 y=0 c0=IDLE1 c1=IDLE0
18413 core=0 give_isr r=0 y=0 c0=IDLE1 c1=IDLE0
18414 core=1 give_isr r=0 y=0 c0=IDLE1 c1=IDLE0
18415 core=0 create 8 t828 p1 r=1 y=2 c0=IDLE1 c1=t828
18416 core=1 noop r=0 y=0 c0=IDLE1 c1=t828
18417 core=0 give_isr r=0 y=0 c0=IDLE1 c1=t828
18418 core=0 noop r=0 y=0 c0=IDLE1 c1=t828
18419 core=0 tick r=1 y=1 c0=IDLE0 c1=t828
18420 core=0 noop r=0 y=0 c0=IDLE0 c1=t828
18421 core=0 delete 8 t828 r=0 y=2 c0=IDLE0 c1=t826
18422 core=0 noop r=0 y=0 c0=IDLE0 c1=t826
18423 core=1 delay t826 3 r=0 y=2 c0=IDLE0 c1=IDLE1
18424 core=0 noop r=0 y=0 c0=IDLE0 c1=IDLE1
18425 core=1 yield r=0 y=2 c0=IDLE0 c1=IDLE1
18426 core=0 noop r=0 y=0 c0=IDLE0 c1=IDLE1
18427 core=1 suspend t826 r=0 y=0 c0=IDLE0 c1=IDLE1
18428 core=0 create 5 t829 p2 r=1 y=2 c0=IDLE0 c1=t829
18429 core=1 delay t829 1 r=0 y=2 c0=IDLE0 c1=IDLE1
18430 core=0 noop r=0 y=0 c0=IDLE0 c1=IDLE1
18431 core=1 noop r=0 y=0 c0=IDLE0 c1=IDLE1
18432 core=0 delete 3 t826 r=0 y=0 c0=IDLE0 c1=IDLE1
18433 core=1 noop r=0 y=0 c0=IDLE0 c1=IDLE1
18434 core=0 noop r=0 y=0 c0=IDLE0 c1=IDLE1
18435 core=0 suspend t829 r=0 y=0 c0=IDLE0 c1=IDLE1
18436 core=1 resume t829 r=0 y=2 c0=IDLE0 c1=t829
18437 core=0 tick r=1 y=1 c0=t806 c1=t829
18438 core=0 tick r=0 y=0 c0=t806 c1=t829
18439 core=1 suspend t829 r=0 y=2 c0=t806 c1=IDLE1
18440 core=0 tick r=0 y=2 c0=t806 c1=IDLE0
18441 core=0 give r=0 y=0 c0=t806 c1=IDLE0
18442 core=0 tick r=0 y=2 c0=t806 c1=IDLE1
18443 core=0 delete 9 t806 r=0 y=1 c0=IDLE0 c1=IDLE1
18444 core=1 noop r=0 y=0 c0=IDLE0 c1=IDLE1
18445 core=0 noop r=0 y=0 c0=IDLE0 c1=IDLE1
18446 core=1 suspend t827 r=0 y=0 c0=IDLE0 c1=IDLE1
18447 core=1 give r=0 y=0 c0=IDLE0 c1=IDLE1
18448 core=1 yield r=0 y=2 c0=IDLE0 c1=IDLE1
18449 core=0 noop r=0 y=0 c0=IDLE0 c1=IDLE1
18450 core=1 create 0 t830 p1 r=1 y=2 c0=IDLE0 c1=t830
18451 core=1 noop r=0 y=0 c0=IDLE0 c1=t830
18452 core=0 give_isr r=0 y=0 c0=IDLE0 c1=t830
18453 core=1 noop r=0 y=0 c0=IDLE0 c1=t830
18454 core=0 noop r=0 y=0 c0=IDLE0 c1=t830
18455 core=1 prio t829 0 r=0 y=0 c0=IDLE0 c1=t830
18456 core=0 noop r=0 y=0 c0=IDLE0 c1=t830
18457 core=0 noop r=0 y=0 c0=IDLE0 c1=t830
18458 core=0 give_isr r=0 y=0 c0=IDLE0 c1=t830
18459 core=1 give r=0 y=0 c0=IDLE0 c1=t830
18460 core=1 delay t830 1 r=0 y=2 c0=IDLE0 c1=IDLE1
18461 core=0 tick r=1 y=3 c0=t830 c1=IDLE0
18462 core=1 noop r=0 y=0 c0=t830 c1=IDLE0
18463 core=0 tick r=0 y=2 c0=t830 c1=IDLE1
18464 core=0 noop r=0 y=0 c0=t830 c1=IDLE1
18465 core=1 noop r=0 y=0 c0=t830 c1=IDLE1
18466 core=1 noop r=0 y=0 c0=t830 c1=IDLE1
18467 core=0 prio t827 1 r=0 y=0 c0=t830 c1=IDLE1
18468 core=1 yield r=0 y=2 c0=t830 c1=IDLE0
18469 core=1 noop r=0 y=0 c0=t830 c1=IDLE0
18470 core=0 tick r=0 y=2 c0=t830 c1=IDLE1
18471 core=0 tick r=0 y=2 c0=t830 c1=IDLE0
18472 core=0 prio t830 2 r=0 y=0 c0=t830 c1=IDLE0
18473 core=1 give r=0 y=0 c0=t830 c1=IDLE0
18474 core=0 noop r=0 y=0 c0=t830 c1=IDLE0
18475 core=1 noop r=0 y=0 c0=t830 c1=IDLE0
18476 core=1 noop r=0 y=0 c0=t830 c1=IDLE0
18477 core=0 noop r=0 y=0 c0=t830 c1=IDLE0
18478 core=0 noop r=0 y=0 c0=t830 c1=IDLE0
18479 core=1 give r=0 y=0 c0=t830 c1=IDLE0
18480 core=0 tick r=0 y=2 c0=t830 c1=IDLE1
18481 core=0 prio t830 1 r=0 y=1 c0=t830 c1=IDLE1
18482 core=0 tick r=0 y=2 c0=t830 c1=IDLE0
18483 core=1 noop r=0 y=0 c0=t830 c1=IDLE0
18484 core=1 yield r=0 y=2 c0=t830 c1=IDLE1
18485 core=0 give r=0 y=0 c0=t830 c1=IDLE1
18486 core=0 take t830 r=1 y=0 c0=t830 c1=IDLE1
18487 core=0 prio t829 1 r=0 y=0 c0=t830 c1=IDLE1
18488 core=0 noop r=0 y=0 c0=t830 c1=IDLE1
18489 core=0 resume t830 r=0 y=0 c0=t830 c1=IDLE1
18490 core=0 yield r=0 y=1 c0=t830 c1=IDLE1
18491 core=0 noop r=0 y=0 c0=t830 c1=IDLE1
18492 core=1 give_isr r=1 y=0 c0=t830 c1=IDLE1
18493 core=0 create 2 t831 p0 r=1 y=2 c0=t830 c1=IDLE0
18494 core=0 give r=0 y=0 c0=t830 c1=IDLE0
18495 core=1 noop r=0 y=0 c0=t830 c1=IDLE0
18496 core=0 noop r=0 y=0 c0=t830 c1=IDLE0
18497 core=0 tick r=0 y=2 c0=t830 c1=t831
18498 core=0 delete 2 t831 r=0 y=2 c0=t830 c1=IDLE1
18499 core=1 noop r=0 y=0 c0=t830 c1=IDLE1
18500 core=0 yield r=0 y=1 c0=t830 c1=IDLE1
18501 core=0 noop r=0 y=0 c0=t830 c1=IDLE1
18502 core=1 resume t829 r=0 y=2 c0=t830 c1=t829
18503 core=0 noop r=0 y=0 c0=t830 c1=t829
18504 core=1 delay t829 2 r=0 y=2 c0=t830 c1=IDLE0
18505 core=1 noop r=0 y=0 c0=t830 c1=IDLE0
18506 core=1 suspend t829 r=0 y=0 c0=t830 c1=IDLE0
18507 core=0 tick r=0 y=2 c0=t830 c1=IDLE1
18508 core=1 noop r=0 y=0 c0=t830 c1=IDLE1
18509 core=0 noop r=0 y=0 c0=t830 c1=IDLE1
18510 core=1 noop r=0 y=0 c0=t830 c1=IDLE1
18511 core=1 delete 0 t830 r=0 y=1 c0=IDLE0 c1=IDLE1
18512 core=1 noop r=0 y=0 c0=IDLE0 c1=IDLE1
18513 core=1 noop r=0 y=0 c0=IDLE0 c1=IDLE1
18514 core=1 give r=0 y=0 c0=IDLE0 c1=IDLE1
18515 core=1 noop r=0 y=0 c0=IDLE0 c1=IDLE1
18516 core=1 noop r=0 y=0 c0=IDLE0 c1=IDLE1
18517 core=1 noop r=0 y=0 c0=IDLE0 c1=IDLE1
18518 core=1 noop r=0 y=0 c0=IDLE0 c1=IDLE1
18519 core=1 give r=0 y=0 c0=IDLE0 c1=IDLE1
18520 core=1 create 9 t832 p1 r=1 y=2 c0=IDLE0 c1=t832
18521 core=1 noop r=0 y=0 c0=IDLE0 c1=t832
18522 core=0 noop r=0 y=0 c0=IDLE0 c1=t832
18523 core=1 noop r=0 y=0 c0=IDLE0 c1=t832
18524 core=0 give r=0 y=0 c0=IDLE0 c1=t832
18525 core=0 noop r=0 y=0 c0=IDLE0 c1=t832
18526 core=0 noop r=0 y=0 c0=IDLE0 c1=t832
18527 core=0 noop r=0 y=0 c0=IDLE0 c1=t832
18528 core=1 noop r=0 y=0 c0=IDLE0 c1=t832
18529 core=1 take t832 r=1 y=0 c0=IDLE0 c1=t832
18530 core=0 noop r=0 y=0 c0=IDLE0 c1=t832
18531 core=0 tick r=1 y=1 c0=IDLE1 c1=t832
18532 core=0 tick r=1 y=1 c0=IDLE0 c1=t832
18533 core=1 noop r=0 y=0 c0=IDLE0 c1=t832
18534 core=1 delay t832 5 r=0 y=2 c0=IDLE0 c1=IDLE1
18535 core=0 noop r=0 y=0 c0=IDLE0 c1=IDLE1
18536 core=1 noop r=0 y=0 c0=IDLE0 c1=IDLE1
18537 core=0 noop r=0 y=0 c0=IDLE0 c1=IDLE1
18538 core=0 noop r=0 y=0 c0=IDLE0 c1=IDLE1
18539 core=0 noop r=0 y=0 c0=IDLE0 c1=IDLE1
18540 core=0 create 8 t833 p0 r=1 y=2 c0=IDLE0 c1=t833
18541 core=1 delay t833 3 r=0 y=2 c0=IDLE0 c1=IDLE1
18542 core=1 prio t829 2 r=0 y=0 c0=IDLE0 c1=IDLE1
18543 core=0 tick r=1 y=3 c0=IDLE0 c1=IDLE1
18544 core=1 noop r=0 y=0 c0=IDLE0 c1=IDLE1
18545 core=1 noop r=0 y=0 c0=IDLE0 c1=IDLE1
18546 core=1 give r=1 y=0 c0=IDLE0 c1=IDLE1
18547 core=0 prio t827 0 r=0 y=0 c0=IDLE0 c1=IDLE1
18548 core=0 noop r=0 y=0 c0=IDLE0 c1=IDLE1
18549 core=0 tick r=1 y=3 c0=IDLE0 c1=IDLE1
18550 core=1 give r=0 y=0 c0=IDLE0 c1=IDLE1
18551 core=1 noop r=0 y=0 c0=IDLE0 c1=IDLE1
18552 core=0 noop r=0 y=0 c0=IDLE0 c1=IDLE1
18553 core=0 noop r=0 y=0 c0=IDLE0 c1=IDLE1
18554 core=1 noop r=0 y=0 c0=IDLE0 c1=IDLE1
18555 core=0 give_isr r=0 y=0 c0=IDLE0 c1=IDLE1
18556 core=0 prio t829 3 r=0 y=0 c0=IDLE0 c1=IDLE1
18557 core=0 give_isr r=0 y=0 c0=IDLE0 c1=IDLE1
18558 core=1 give_isr r=0 y=0 c0=IDLE0 c1=IDLE1
18559 core=1 yield r=0 y=2 c0=IDLE0 c1=IDLE1
18560 core=0 noop r=0 y=0 c0=IDLE0 c1=IDLE1
18561 core=1 noop r=0 y=0 c0=IDLE0 c1=IDLE1
18562 core=1 give_isr r=0 y=0 c0=IDLE0 c1=IDLE1
18563 core=0 give_isr r=0 y=0 c0=IDLE0 c1=IDLE1
18564 core=0 resume t833 r=0 y=0 c0=IDLE0 c1=IDLE1
18565 core=1 give_isr r=0 y=0 c0=IDLE0 c1=IDLE1
18566 core=0 noop r=0 y=0 c0=IDLE0 c1=IDLE1
18567 core=0 resume t833 r=0 y=0 c0=IDLE0 c1=IDLE1
18568 core=0 delete 4 t827 r=0 y=0 c0=IDLE0 c1=IDLE1
18569 core=1 noop r=0 y=0 c0=IDLE0 c1=IDLE1
18570 core=1 give_isr r=0 y=0 c0=IDLE0 c1=IDLE1
18571 core=0 noop r=0 y=0 c0=IDLE0 c1=IDLE1
18572 core=0 tick r=1 y=3 c0=t833 c1=IDLE0
18573 core=0 take t833 r=1 y=0 c0=t833 c1=IDLE0
18574 core=1 noop r=0 y=0 c0=t833 c1=IDLE0
18575 core=0 noop r=0 y=0 c0=t833 c1=IDLE0
18576 core=1 noop r=0 y=0 c0=t833 c1=IDLE0
18577 core=0 take t833 r=0 y=0 c0=t833 c1=IDLE0
18578 core=1 noop r=0 y=0 c0=t833 c1=IDLE0
18579 core=1 resume t832 r=0 y=0 c0=t833 c1=IDLE0
18580 core=0 create 4 t834 p2 r=1 y=2 c0=t833 c1=t834
18581 core=1 noop r=0 y=0 c0=t833 c1=t834
18582 core=0 tick r=1 y=1 c0=IDLE1 c1=t834
18583 core=1 give r=1 y=0 c0=IDLE1 c1=t834
18584 core=1 prio t833 0 r=0 y=0 c0=IDLE1 c1=t834
18585 core=1 noop r=0 y=0 c0=IDLE1 c1=t834
18586 core=0 tick r=1 y=1 c0=t832 c1=t834
18587 core=0 yield r=0 y=1 c0=t832 c1=t834
18588 core=0 tick r=0 y=0 c0=t832 c1=t834
18589 core=0 give r=0 y=0 c0=t832 c1=t834
18590 core=1 noop r=0 y=0 c0=t832 c1=t834
18591 core=0 give_isr r=0 y=0 c0=t832 c1=t834
18592 core=0 tick r=0 y=0 c0=t832 c1=t834
18593 core=1 give r=0 y=0 c0=t832 c1=t834
18594 core=0 delay t832 5 r=0 y=1 c0=IDLE0 c1=t834
18595 core=1 give r=0 y=0 c0=IDLE0 c1=t834
18596 core=0 noop r=0 y=0 c0=IDLE0 c1=t834
18597 core=1 noop r=0 y=0 c0=IDLE0 c1=t834
18598 core=1 delay t834 5 r=0 y=2 c0=IDLE0 c1=t833
18599 core=0 noop r=0 y=0 c0=IDLE0 c1=t833
18600 core=1 yield r=0 y=2 c0=IDLE0 c1=IDLE1
18601 core=0 give r=0 y=0 c0=IDLE0 c1=IDLE1
18602 core=1 prio t832 0 r=0 y=0 c0=IDLE0 c1=IDLE1
18603 core=0 noop r=0 y=0 c0=IDLE0 c1=IDLE1
18604 core=0 noop r=0 y=0 c0=IDLE0 c1=IDLE1
18605 core=0 create 6 t835 p0 r=1 y=2 c0=IDLE0 c1=t833
18606 core=0 tick r=1 y=3 c0=t835 c1=IDLE1
18607 core=0 tick r=1 y=3 c0=IDLE0 c1=t833
18608 core=1 take t833 r=1 y=0 c0=IDLE0 c1=t833
18609 core=1 give r=1 y=0 c0=IDLE0 c1=t833
18610 core=1 delete 4 t834 r=0 y=0 c0=IDLE0 c1=t833
18611 core=0 tick r=1 y=3 c0=t835 c1=IDLE1
18612 core=0 take t835 r=1 y=0 c0=t835 c1=IDLE1
18613 core=0 tick r=1 y=3 c0=IDLE0 c1=t833
18614 core=1 delay t833 5 r=0 y=2 c0=IDLE0 c1=t835
18615 core=0 noop r=0 y=0 c0=IDLE0 c1=t835
18616 core=1 take t835 r=0 y=0 c0=IDLE0 c1=t835
18617 core=1 noop r=0 y=0 c0=IDLE0 c1=t835
18618 core=1 create 2 t836 p2 r=1 y=1 c0=t836 c1=t835
18619 core=1 take t835 r=0 y=0 c0=t836 c1=t835
18620 core=1 suspend t836 r=0 y=1 c0=IDLE1 c1=t835
18621 core=1 create 4 t837 p2 r=1 y=1 c0=t837 c1=t835
18622 core=1 noop r=0 y=0 c0=t837 c1=t835
18623 core=0 resume t833 r=0 y=0 c0=t837 c1=t835
18624 core=1 resume t829 r=0 y=2 c0=t837 c1=t829
18625 core=0 tick r=0 y=0 c0=t837 c1=t829
18626 core=1 suspend t832 r=0 y=0 c0=t837 c1=t829
18627 core=1 delete 9 t832 r=0 y=0 c0=t837 c1=t829
18628 core=0 give_isr r=1 y=0 c0=t837 c1=t829
18629 core=0 noop r=0 y=0 c0=t837 c1=t829
18630 core=1 take t829 r=1 y=0 c0=t837 c1=t829
18631 core=1 delay t829 3 r=0 y=2 c0=t837 c1=IDLE0
18632 core=0 noop r=0 y=0 c0=t837 c1=IDLE0
18633 core=1 noop r=0 y=0 c0=t837 c1=IDLE0
18634 core=1 give_isr r=1 y=0 c0=t837 c1=IDLE0
18635 core=1 prio t835 1 r=0 y=2 c0=t837 c1=t835
18636 core=0 delay t837 1 r=0 y=1 c0=IDLE1 c1=t835
18637 core=1 create 7 t838 p1 r=1 y=1 c0=t838 c1=t835
18638 core=1 noop r=0 y=0 c0=t838 c1=t835
18639 core=0 take t838 r=1 y=0 c0=t838 c1=t835
18640 core=0 noop r=0 y=0 c0=t838 c1=t835
18641 core=0 resume t837 r=0 y=0 c0=t838 c1=t835
18642 core=0 tick r=1 y=3 c0=t837 c1=t838
18643 core=0 delete 8 t833 r=0 y=0 c0=t837 c1=t838
18644 core=1 suspend t837 r=0 y=1 c0=t835 c1=t838
18645 core=1 noop r=0 y=0 c0=t835 c1=t838
18646 core=0 tick r=1 y=3 c0=t835 c1=t838
18647 core=0 noop r=0 y=0 c0=t835 c1=t838
18648 core=0 tick r=1 y=3 c0=t829 c1=t835
18649 core=1 noop r=0 y=0 c0=t829 c1=t835
18650 core=1 give_isr r=1 y=0 c0=t829 c1=t835
18651 core=1 noop r=0 y=0 c0=t829 c1=t835
18652 core=0 tick r=0 y=2 c0=t829 c1=t838
18653 core=0 give r=0 y=0 c0=t829 c1=t838
18654 core=0 delay t829 1 r=0 y=1 c0=t835 c1=t838
18655 core=0 suspend t838 r=0 y=2 c0=t835 c1=IDLE0
18656 core=1 suspend t838 r=0 y=0 c0=t835 c1=IDLE0
18657 core=1 noop r=0 y=0 c0=t835 c1=IDLE0
18658 core=0 noop r=0 y=0 c0=t835 c1=IDLE0
18659 core=1 noop r=0 y=0 c0=t835 c1=IDLE0
18660 core=1 noop r=0 y=0 c0=t835 c1=IDLE0
18661 core=1 noop r=0 y=0 c0=t835 c1=IDLE0
18662 core=0 tick r=0 y=2 c0=t835 c1=t829
18663 core=0 noop r=0 y=0 c0=t835 c1=t829
18664 core=0 delay t835 5 r=0 y=1 c0=IDLE1 c1=t829
18665 core=0 noop r=0 y=0 c0=IDLE1 c1=t829
18666 core=1 give_isr r=0 y=0 c0=IDLE1 c1=t829
18667 core=1 suspend t835 r=0 y=0 c0=IDLE1 c1=t829
18668 core=0 noop r=0 y=0 c0=IDLE1 c1=t829
18669 core=0 yield r=0 y=1 c0=IDLE0 c1=t829
18670 core=1 delay t829 4 r=0 y=2 c0=IDLE0 c1=IDLE1
18671 core=0 tick r=1 y=3 c0=IDLE0 c1=IDLE1
18672 core=1 noop r=0 y=0 c0=IDLE0 c1=IDLE1
18673 core=1 noop r=0 y=0 c0=IDLE0 c1=IDLE1
18674 core=1 yield r=0 y=2 c0=IDLE0 c1=IDLE1
18675 core=0 give r=0 y=0 c0=IDLE0 c1=IDLE1
18676 core=0 noop r=0 y=0 c0=IDLE0 c1=IDLE1
18677 core=1 noop r=0 y=0 c0=IDLE0 c1=IDLE1
18678 core=0 create 8 t839 p1 r=1 y=2 c0=IDLE0 c1=t839
18679 core=0 tick r=1 y=1 c0=IDLE1 c1=t839
18680 core=1 take t839 r=1 y=0 c0=IDLE1 c1=t839
18681 core=0 yield r=0 y=1 c0=IDLE0 c1=t839
18682 core=0 tick r=1 y=1 c0=IDLE1 c1=t839
18683 core=1 give_isr r=1 y=0 c0=IDLE1 c1=t839
18684 core=1 noop r=0 y=0 c0=IDLE1 c1=t839
18685 core=1 take t839 r=1 y=0 c0=IDLE1 c1=t839
18686 core=1 delay t839 5 r=0 y=2 c0=IDLE1 c1=IDLE0
18687 core=0 tick r=1 y=3 c0=t829 c1=IDLE1
18688 core=0 give r=1 y=0 c0=t829 c1=IDLE1
18689 core=0 delay t829 3 r=0 y=1 c0=IDLE0 c1=IDLE1
18690 core=0 noop r=0 y=0 c0=IDLE0 c1=IDLE1
18691 core=1 yield r=0 y=2 c0=IDLE0 c1=IDLE1
18692 core=1 yield r=0 y=2 c0=IDLE0 c1=IDLE1
18693 core=0 noop r=0 y=0 c0=IDLE0 c1=IDLE1
18694 core=0 give_isr r=0 y=0 c0=IDLE0 c1=IDLE1
18695 core=1 suspend t837 r=0 y=0 c0=IDLE0 c1=IDLE1
18696 core=0 tick r=1 y=3 c0=IDLE0 c1=IDLE1
18697 core=1 noop r=0 y=0 c0=IDLE0 c1=IDLE1
18698 core=0 resume t836 r=0 y=2 c0=IDLE0 c1=t836
18699 core=0 noop r=0 y=0 c0=IDLE0 c1=t836
18700 core=0 resume t836 r=0 y=0 c0=IDLE0 c1=t836
18701 core=0 delete 6 t835 r=0 y=0 c0=IDLE0 c1=t836
18702 core=1 take t836 r=1 y=0 c0=IDLE0 c1=t836
18703 core=1 noop r=0 y=0 c0=IDLE0 c1=t836
18704 core=1 prio t839 3 r=0 y=0 c0=IDLE0 c1=t836
18705 core=0 give_isr r=1 y=0 c0=IDLE0 c1=t836
18706 core=0 noop r=0 y=0 c0=IDLE0 c1=t836
18707 core=0 tick r=1 y=1 c0=IDLE1 c1=t836
18708 core=0 tick r=1 y=1 c0=t829 c1=t836
18709 core=0 noop r=0 y=0 c0=t829 c1=t836
18710 core=0 give r=0 y=0 c0=t829 c1=t836
18711 core=1 delete 7 t838 r=0 y=0 c0=t829 c1=t836
18712 core=0 suspend t837 r=0 y=0 c0=t829 c1=t836
18713 core=0 delay t829 1 r=0 y=1 c0=IDLE0 c1=t836
18714 core=1 noop r=0 y=0 c0=IDLE0 c1=t836
18715 core=0 noop r=0 y=0 c0=IDLE0 c1=t836
18716 core=0 noop r=0 y=0 c0=IDLE0 c1=t836
18717 core=1 suspend t839 r=0 y=0 c0=IDLE0 c1=t836
18718 core=1 noop r=0 y=0 c0=IDLE0 c1=t836
18719 core=1 delete 4 t837 r=0 y=0 c0=IDLE0 c1=t836
18720 core=0 give r=0 y=0 c0=IDLE0 c1=t836
18721 core=0 noop r=0 y=0 c0=IDLE0 c1=t836
18722 core=0 noop r=0 y=0 c0=IDLE0 c1=t836
18723 core=0 give r=0 y=0 c0=IDLE0 c1=t836
18724 core=0 noop r=0 y=0 c0=IDLE0 c1=t836
18725 core=0 noop r=0 y=0 c0=IDLE0 c1=t836
18726 core=0 noop r=0 y=0 c0=IDLE0 c1=t836
18727 core=1 noop r=0 y=0 c0=IDLE0 c1=t836
18728 core=1 noop r=0 y=0 c0=IDLE0 c1=t836
18729 core=0 noop r=0 y=0 c0=IDLE0 c1=t836
18730 core=0 noop r=0 y=0 c0=IDLE0 c1=t836
18731 core=1 noop r=0 y=0 c0=IDLE0 c1=t836
18732 core=0 noop r=0 y=0 c0=IDLE0 c1=t836
18733 core=0 create 3 t840 p2 r=1 y=1 c0=t840 c1=t836
18734 core=1 create 7 t841 p3 r=1 y=2 c0=t840 c1=t841
18735 core=0 tick r=1 y=3 c0=t829 c1=t841
18736 core=1 noop r=0 y=0 c0=t829 c1=t841
18737 core=1 noop r=0 y=0 c0=t829 c1=t841
18738 core=1 give_isr r=0 y=0 c0=t829 c1=t841
18739 core=0 noop r=0 y=0 c0=t829 c1=t841
18740 core=1 noop r=0 y=0 c0=t829 c1=t841
18741 core=0 tick r=1 y=3 c0=t829 c1=t841
18742 core=0 noop r=0 y=0 c0=t829 c1=t841
18743 core=0 yield r=0 y=1 c0=t829 c1=t841
18744 core=1 give_isr r=0 y=0 c0=t829 c1=t841
18745 core=1 noop r=0 y=0 c0=t829 c1=t841
18746 core=1 suspend t839 r=0 y=0 c0=t829 c1=t841
18747 core=0 tick r=1 y=3 c0=t829 c1=t841
18748 core=1 give r=0 y=0 c0=t829 c1=t841
18749 core=1 delay t841 2 r=0 y=2 c0=t829 c1=t836
18750 core=0 suspend t841 r=0 y=0 c0=t829 c1=t836
18751 core=1 noop r=0 y=0 c0=t829 c1=t836
18752 core=0 resume t829 r=0 y=0 c0=t829 c1=t836
18753 core=0 take t829 r=1 y=0 c0=t829 c1=t836
18754 core=0 give r=1 y=0 c0=t829 c1=t836
18755 core=1 delay t836 2 r=0 y=2 c0=t829 c1=t840
18756 core=0 tick r=0 y=0 c0=t829 c1=t840
18757 core=0 give r=0 y=0 c0=t829 c1=t840
18758 core=1 resume t836 r=0 y=0 c0=t829 c1=t840
18759 core=0 create 9 t842 p0 r=1 y=0 c0=t829 c1=t840
18760 core=0 tick r=0 y=2 c0=t829 c1=t836
18761 core=1 prio t842 0 r=0 y=0 c0=t829 c1=t836
18762 core=1 give r=0 y=0 c0=t829 c1=t836
18763 core=0 noop r=0 y=0 c0=t829 c1=t836
18764 core=0 noop r=0 y=0 c0=t829 c1=t836
18765 core=0 tick r=0 y=2 c0=t829 c1=t840
18766 core=0 give_isr r=0 y=0 c0=t829 c1=t840
18767 core=1 delete 2 t836 r=0 y=0 c0=t829 c1=t840
18768 core=0 resume t841 r=0 y=2 c0=t829 c1=t841
18769 core=1 noop r=0 y=0 c0=t829 c1=t841
18770 core=1 suspend t829 r=0 y=1 c0=t840 c1=t841
18771 core=1 delay t841 4 r=0 y=2 c0=t840 c1=IDLE1
18772 core=0 take t840 r=1 y=0 c0=t840 c1=IDLE1
18773 core=0 give r=1 y=0 c0=t840 c1=IDLE1
18774 core=0 take t840 r=1 y=0 c0=t840 c1=IDLE1
18775 core=0 give_isr r=1 y=0 c0=t840 c1=IDLE1
18776 core=1 noop r=0 y=0 c0=t840 c1=IDLE1
18777 core=0 noop r=0 y=0 c0=t840 c1=IDLE1
18778 core=0 tick r=0 y=2 c0=t840 c1=IDLE0
18779 core=1 noop r=0 y=0 c0=t840 c1=IDLE0
18780 core=1 noop r=0 y=0 c0=t840 c1=IDLE0
18781 core=0 resume t829 r=0 y=2 c0=t840 c1=t829
18782 core=1 delay t829 3 r=0 y=2 c0=t840 c1=t842
18783 core=1 create 4 t843 p2 r=1 y=2 c0=t840 c1=t843
18784 core=0 delete 5 t829 r=0 y=0 c0=t840 c1=t843
18785 core=0 noop r=0 y=0 c0=t840 c1=t843
18786 core=0 give r=0 y=0 c0=t840 c1=t843
18787 core=1 suspend t843 r=0 y=2 c0=t840 c1=IDLE1
18788 core=1 suspend t843 r=0 y=0 c0=t840 c1=IDLE1
18789 core=1 noop r=0 y=0 c0=t840 c1=IDLE1
18790 core=1 noop r=0 y=0 c0=t840 c1=IDLE1
18791 core=1 yield r=0 y=2 c0=t840 c1=IDLE0
18792 core=0 noop r=0 y=0 c0=t840 c1=IDLE0
18793 core=0 tick r=0 y=2 c0=t840 c1=t842
18794 core=0 tick r=0 y=2 c0=t840 c1=IDLE1
18795 core=1 noop r=0 y=0 c0=t840 c1=IDLE1
18796 core=1 noop r=0 y=0 c0=t840 c1=IDLE1
18797 core=0 take t840 r=1 y=0 c0=t840 c1=IDLE1
18798 core=1 noop r=0 y=0 c0=t840 c1=IDLE1
18799 core=1 noop r=0 y=0 c0=t840 c1=IDLE1
18800 core=1 noop r=0 y=0 c0=t840 c1=IDLE1
18801 core=1 suspend t842 r=0 y=0 c0=t840 c1=IDLE1
18802 core=0 suspend t841 r=0 y=0 c0=t840 c1=IDLE1
18803 core=0 tick r=0 y=2 c0=t840 c1=IDLE0
18804 core=1 noop r=0 y=0 c0=t840 c1=IDLE0
18805 core=1 noop r=0 y=0 c0=t840 c1=IDLE0
18806 core=1 noop r=0 y=0 c0=t840 c1=IDLE0
18807 core=1 create 2 t844 p1 r=1 y=2 c0=t840 c1=t844
18808 core=1 give r=1 y=0 c0=t840 c1=t844
18809 core=0 create 6 t845 p3 r=1 y=2 c0=t840 c1=t845
18810 core=0 delete 2 t844 r=0 y=0 c0=t840 c1=t845
18811 core=1 noop r=0 y=0 c0=t840 c1=t845
18812 core=0 tick r=0 y=0 c0=t840 c1=t845
18813 core=0 resume t841 r=0 y=1 c0=t841 c1=t845
18814 core=1 resume t841 r=0 y=0 c0=t841 c1=t845
18815 core=0 prio t841 0 r=0 y=1 c0=t840 c1=t845
18816 core=0 delay t840 3 r=0 y=1 c0=IDLE1 c1=t845
18817 core=1 give r=0 y=0 c0=IDLE1 c1=t845
18818 core=1 delay t845 2 r=0 y=2 c0=IDLE1 c1=IDLE0
18819 core=0 create 0 t846 p1 r=1 y=2 c0=IDLE1 c1=t846
18820 core=0 resume t846 r=0 y=0 c0=IDLE1 c1=t846
18821 core=1 give r=0 y=0 c0=IDLE1 c1=t846
18822 core=0 suspend t839 r=0 y=0 c0=IDLE1 c1=t846
18823 core=0 noop r=0 y=0 c0=IDLE1 c1=t846
18824 core=1 noop r=0 y=0 c0=IDLE1 c1=t846
18825 core=1 give r=0 y=0 c0=IDLE1 c1=t846
18826 core=1 delay t846 5 r=0 y=2 c0=IDLE1 c1=t841
18827 core=0 give_isr r=0 y=0 c0=IDLE1 c1=t841
18828 core=0 tick r=1 y=3 c0=IDLE0 c1=IDLE1
18829 core=0 tick r=1 y=3 c0=t845 c1=t841
18830 core=1 noop r=0 y=0 c0=t845 c1=t841
18831 core=0 tick r=0 y=2 c0=t845 c1=t840
18832 core=0 give r=0 y=0 c0=t845 c1=t840
18833 core=0 give_isr r=0 y=0 c0=t845 c1=t840
18834 core=0 resume t840 r=0 y=0 c0=t845 c1=t840
18835 core=0 prio t846 0 r=0 y=0 c0=t845 c1=t840
18836 core=0 tick r=0 y=0 c0=t845 c1=t840
18837 core=0 tick r=0 y=0 c0=t845 c1=t840
18838 core=1 delay t840 5 r=0 y=2 c0=t845 c1=IDLE0
18839 core=0 yield r=0 y=1 c0=t845 c1=IDLE0
18840 core=1 prio t840 0 r=0 y=0 c0=t845 c1=IDLE0
18841 core=0 create 5 t847 p0 r=1 y=2 c0=t845 c1=IDLE1
18842 core=1 noop r=0 y=0 c0=t845 c1=IDLE1
18843 core=1 give r=0 y=0 c0=t845 c1=IDLE1
18844 core=1 delete 0 t846 r=0 y=0 c0=t845 c1=IDLE1
18845 core=0 noop r=0 y=0 c0=t845 c1=IDLE1
18846 core=1 delete 3 t840 r=0 y=0 c0=t845 c1=IDLE1
18847 core=1 delete 6 t845 r=0 y=1 c0=t841 c1=IDLE1
18848 core=1 give r=0 y=0 c0=t841 c1=IDLE1
18849 core=0 give r=0 y=0 c0=t841 c1=IDLE1
18850 core=0 noop r=0 y=0 c0=t841 c1=IDLE1
18851 core=1 noop r=0 y=0 c0=t841 c1=IDLE1
18852 core=0 resume t843 r=0 y=2 c0=t841 c1=t843
18853 core=0 give r=0 y=0 c0=t841 c1=t843
18854 core=1 give r=0 y=0 c0=t841 c1=t843
18855 core=0 noop r=0 y=0 c0=t841 c1=t843
18856 core=0 give_isr r=0 y=0 c0=t841 c1=t843
18857 core=0 prio t842 1 r=0 y=0 c0=t841 c1=t843
18858 core=0 take t841 r=1 y=0 c0=t841 c1=t843
18859 core=0 give r=1 y=0 c0=t841 c1=t843
18860 core=0 resume t841 r=0 y=0 c0=t841 c1=t843
18861 core=1 prio t842 1 r=0 y=0 c0=t841 c1=t843
18862 core=0 noop r=0 y=0 c0=t841 c1=t843
18863 core=0 yield r=0 y=1 c0=t847 c1=t843
18864 core=0 tick r=1 y=1 c0=IDLE0 c1=t843
18865 core=1 noop r=0 y=0 c0=IDLE0 c1=t843
18866 core=1 take t843 r=1 y=0 c0=IDLE0 c1=t843
18867 core=0 noop r=0 y=0 c0=IDLE0 c1=t843
18868 core=0 noop r=0 y=0 c0=IDLE0 c1=t843
18869 core=0 noop r=0 y=0 c0=IDLE0 c1=t843
18870 core=1 give r=1 y=0 c0=IDLE0 c1=t843
18871 core=0 noop r=0 y=0 c0=IDLE0 c1=t843
18872 core=0 noop r=0 y=0 c0=IDLE0 c1=t843
18873 core=0 tick r=1 y=1 c0=IDLE1 c1=t843
18874 core=0 noop r=0 y=0 c0=IDLE1 c1=t843
18875 core=0 give r=0 y=0 c0=IDLE1 c1=t843
18876 core=1 noop r=0 y=0 c0=IDLE1 c1=t843
18877 core=0 noop r=0 y=0 c0=IDLE1 c1=t843
18878 core=0 noop r=0 y=0 c0=IDLE1 c1=t843
18879 core=0 suspend t841 r=0 y=0 c0=IDLE1 c1=t843
18880 core=0 noop r=0 y=0 c0=IDLE1 c1=t843
18881 core=0 noop r=0 y=0 c0=IDLE1 c1=t843
18882 core=0 noop r=0 y=0 c0=IDLE1 c1=t843
18883 core=0 noop r=0 y=0 c0=IDLE1 c1=t843
18884 core=1 take t843 r=1 y=0 c0=IDLE1 c1=t843
18885 core=1 noop r=0 y=0 c0=IDLE1 c1=t843
18886 core=1 suspend t839 r=0 y=0 c0=IDLE1 c1=t843
18887 core=1 give r=1 y=0 c0=IDLE1 c1=t843
18888 core=1 yield r=0 y=2 c0=IDLE1 c1=t843
18889 core=0 delete 7 t841 r=0 y=0 c0=IDLE1 c1=t843
18890 core=1 yield r=0 y=2 c0=IDLE1 c1=t843
18891 core=0 tick r=1 y=1 c0=t847 c1=t843
18892 core=1 delay t843 1 r=0 y=2 c0=t847 c1=IDLE0
18893 core=1 noop r=0 y=0 c0=t847 c1=IDLE0
18894 core=1 yield r=0 y=2 c0=t847 c1=IDLE1
18895 core=1 give r=0 y=0 c0=t847 c1=IDLE1
18896 core=1 create 7 t848 p2 r=1 y=2 c0=t847 c1=t848
18897 core=0 give_isr r=0 y=0 c0=t847 c1=t848
18898 core=1 delete 4 t843 r=0 y=0 c0=t847 c1=t848
18899 core=0 suspend t848 r=0 y=2 c0=t847 c1=IDLE0
18900 core=0 yield r=0 y=1 c0=IDLE1 c1=IDLE0
18901 core=1 give_isr r=0 y=0 c0=IDLE1 c1=IDLE0
18902 core=1 noop r=0 y=0 c0=IDLE1 c1=IDLE0
18903 core=1 noop r=0 y=0 c0=IDLE1 c1=IDLE0
18904 core=1 noop r=0 y=0 c0=IDLE1 c1=IDLE0
18905 core=0 noop r=0 y=0 c0=IDLE1 c1=IDLE0
18906 core=1 yield r=0 y=2 c0=IDLE1 c1=t847
18907 core=1 give r=0 y=0 c0=IDLE1 c1=t847
18908 core=1 take t847 r=1 y=0 c0=IDLE1 c1=t847
18909 core=0 yield r=0 y=1 c0=IDLE0 c1=t847
18910 core=1 noop r=0 y=0 c0=IDLE0 c1=t847
18911 core=0 noop r=0 y=0 c0=IDLE0 c1=t847
18912 core=1 give_isr r=1 y=0 c0=IDLE0 c1=t847
18913 core=1 delay t847 4 r=0 y=2 c0=IDLE0 c1=IDLE1
18914 core=1 noop r=0 y=0 c0=IDLE0 c1=IDLE1
18915 core=0 noop r=0 y=0 c0=IDLE0 c1=IDLE1
18916 core=0 noop r=0 y=0 c0=IDLE0 c1=IDLE1
18917 core=0 noop r=0 y=0 c0=IDLE0 c1=IDLE1
18918 core=0 tick r=1 y=3 c0=IDLE0 c1=IDLE1
18919 core=1 noop r=0 y=0 c0=IDLE0 c1=IDLE1
18920 core=0 tick r=1 y=3 c0=IDLE0 c1=IDLE1
18921 core=0 tick r=1 y=3 c0=IDLE0 c1=IDLE1
18922 core=0 create 2 t849 p1 r=1 y=2 c0=IDLE0 c1=t849
18923 core=0 suspend t848 r=0 y=0 c0=IDLE0 c1=t849
18924 core=0 noop r=0 y=0 c0=IDLE0 c1=t849
18925 core=0 noop r=0 y=0 c0=IDLE0 c1=t849
18926 core=0 yield r=0 y=1 c0=IDLE1 c1=t849
18927 core=1 give r=0 y=0 c0=IDLE1 c1=t849
18928 core=1 give_isr r=0 y=0 c0=IDLE1 c1=t849
18929 core=0 prio t839 1 r=0 y=0 c0=IDLE1 c1=t849
18930 core=0 give r=0 y=0 c0=IDLE1 c1=t849
18931 core=1 delay t849 5 r=0 y=2 c0=IDLE1 c1=IDLE0
18932 core=0 give r=0 y=0 c0=IDLE1 c1=IDLE0
18933 core=1 noop r=0 y=0 c0=IDLE1 c1=IDLE0
18934 core=0 noop r=0 y=0 c0=IDLE1 c1=IDLE0
18935 core=1 noop r=0 y=0 c0=IDLE1 c1=IDLE0
18936 core=0 noop r=0 y=0 c0=IDLE1 c1=IDLE0
18937 core=1 resume t847 r=0 y=0 c0=IDLE1 c1=IDLE0
18938 core=0 noop r=0 y=0 c0=IDLE1 c1=IDLE0
18939 core=0 noop r=0 y=0 c0=IDLE1 c1=IDLE0
18940 core=0 noop r=0 y=0 c0=IDLE1 c1=IDLE0
18941 core=0 tick r=1 y=3 c0=t847 c1=IDLE1
18942 core=1 give_isr r=0 y=0 c0=t847 c1=IDLE1
18943 core=1 noop r=0 y=0 c0=t847 c1=IDLE1
18944 core=0 give_isr r=0 y=0 c0=t847 c1=IDLE1
18945 core=0 noop r=0 y=0 c0=t847 c1=IDLE1
18946 core=0 tick r=1 y=3 c0=IDLE0 c1=t847
18947 core=0 give_isr r=0 y=0 c0=IDLE0 c1=t847
18948 core=0 give r=0 y=0 c0=IDLE0 c1=t847
18949 core=1 noop r=0 y=0 c0=IDLE0 c1=t847
18950 core=0 noop r=0 y=0 c0=IDLE0 c1=t847
18951 core=0 noop r=0 y=0 c0=IDLE0 c1=t847
18952 core=1 delete 8 t839 r=0 y=0 c0=IDLE0 c1=t847
18953 core=1 delete 9 t842 r=0 y=0 c0=IDLE0 c1=t847
18954 core=1 noop r=0 y=0 c0=IDLE0 c1=t847
18955 core=1 create 9 t850 p0 r=1 y=1 c0=IDLE1 c1=t847
18956 core=1 prio t849 2 r=0 y=0 c0=IDLE1 c1=t847
18957 core=1 delay t847 3 r=0 y=2 c0=IDLE1 c1=t850
18958 core=0 suspend t848 r=0 y=0 c0=IDLE1 c1=t850
18959 core=1 resume t849 r=0 y=0 c0=IDLE1 c1=t850
18960 core=1 delay t850 5 r=0 y=2 c0=IDLE1 c1=IDLE0
18961 core=1 noop r=0 y=0 c0=IDLE1 c1=IDLE0
18962 core=1 suspend t850 r=0 y=0 c0=IDLE1 c1=IDLE0
18963 core=0 noop r=0 y=0 c0=IDLE1 c1=IDLE0
18964 core=1 yield r=0 y=2 c0=IDLE1 c1=IDLE0
18965 core=1 give r=0 y=0 c0=IDLE1 c1=IDLE0
18966 core=0 noop r=0 y=0 c0=IDLE1 c1=IDLE0
18967 core=1 suspend t847 r=0 y=0 c0=IDLE1 c1=IDLE0
18968 core=0 resume t849 r=0 y=0 c0=IDLE1 c1=IDLE0
18969 core=1 create 4 t851 p0 r=1 y=2 c0=IDLE1 c1=t851
18970 core=0 tick r=1 y=3 c0=IDLE0 c1=IDLE1
18971 core=0 give_isr r=0 y=0 c0=IDLE0 c1=IDLE1
18972 core=1 give r=0 y=0 c0=IDLE0 c1=IDLE1
18973 core=0 noop r=0 y=0 c0=IDLE0 c1=IDLE1
18974 core=1 noop r=0 y=0 c0=IDLE0 c1=IDLE1
18975 core=0 give r=0 y=0 c0=IDLE0 c1=IDLE1
18976 core=0 prio t848 2 r=0 y=0 c0=IDLE0 c1=IDLE1
18977 core=0 give_isr r=0 y=0 c0=IDLE0 c1=IDLE1
18978 core=1 noop r=0 y=0 c0=IDLE0 c1=IDLE1
18979 core=1 delete 5 t847 r=0 y=0 c0=IDLE0 c1=IDLE1
18980 core=0 give r=0 y=0 c0=IDLE0 c1=IDLE1
18981 core=1 noop r=0 y=0 c0=IDLE0 c1=IDLE1
18982 core=0 give_isr r=0 y=0 c0=IDLE0 c1=IDLE1
18983 core=1 noop r=0 y=0 c0=IDLE0 c1=IDLE1
18984 core=1 give r=0 y=0 c0=IDLE0 c1=IDLE1
18985 core=0 noop r=0 y=0 c0=IDLE0 c1=IDLE1
18986 core=1 yield r=0 y=2 c0=IDLE0 c1=t851
18987 core=0 noop r=0 y=0 c0=IDLE0 c1=t851
18988 core=0 noop r=0 y=0 c0=IDLE0 c1=t851
18989 core=0 create 6 t852 p3 r=1 y=1 c0=t852 c1=t851
18990 core=1 resume t850 r=0 y=0 c0=t852 c1=t851
18991 core=1 delay t851 4 r=0 y=2 c0=t852 c1=IDLE1
18992 core=0 prio t848 3 r=0 y=0 c0=t852 c1=IDLE1
18993 core=1 noop r=0 y=0 c0=t852 c1=IDLE1
18994 core=0 noop r=0 y=0 c0=t852 c1=IDLE1
18995 core=0 suspend t849 r=0 y=0 c0=t852 c1=IDLE1
18996 core=0 noop r=0 y=0 c0=t852 c1=IDLE1
18997 core=0 give_isr r=0 y=0 c0=t852 c1=IDLE1
18998 core=1 noop r=0 y=0 c0=t852 c1=IDLE1
18999 core=0 delay t852 4 r=0 y=1 c0=IDLE0 c1=IDLE1
19000 core=0 tick r=1 y=3 c0=t850 c1=IDLE0
19001 core=0 tick r=1 y=3 c0=IDLE1 c1=t850
19002 core=0 noop r=0 y=0 c0=IDLE1 c1=t850
19003 core=1 take t850 r=1 y=0 c0=IDLE1 c1=t850
19004 core=1 noop r=0 y=0 c0=IDLE1 c1=t850
19005 core=0 tick r=1 y=3 c0=IDLE0 c1=IDLE1
19006 core=0 yield r=0 y=1 c0=t850 c1=IDLE1
19007 core=0 take t850 r=0 y=0 c0=t850 c1=IDLE1
19008 core=1 resume t848 r=0 y=2 c0=t850 c1=t848
19009 core=0 create 1 t853 p3 r=1 y=1 c0=t853 c1=t848
19010 core=0 prio t850 1 r=0 y=0 c0=t853 c1=t848
19011 core=0 create 5 t854 p3 r=1 y=0 c0=t853 c1=t848
19012 core=1 suspend t849 r=0 y=0 c0=t853 c1=t848
19013 core=0 take t853 r=0 y=0 c0=t853 c1=t848
19014 core=0 tick r=1 y=3 c0=t854 c1=t852
19015 core=1 delay t852 5 r=0 y=2 c0=t854 c1=t853
19016 core=0 take t854 r=0 y=0 c0=t854 c1=t853
19017 core=0 take t854 r=0 y=0 c0=t854 c1=t853
19018 core=0 yield r=0 y=1 c0=t848 c1=t853
19019 core=1 give_isr r=1 y=0 c0=t848 c1=t853
19020 core=0 prio t848 3 r=0 y=0 c0=t848 c1=t853
19021 core=0 delay t848 5 r=0 y=1 c0=t854 c1=t853
19022 core=1 prio t849 0 r=0 y=0 c0=t854 c1=t853
19023 core=0 give r=0 y=0 c0=t854 c1=t853
19024 core=0 take t854 r=1 y=0 c0=t854 c1=t853
19025 core=0 create 8 t855 p0 r=1 y=0 c0=t854 c1=t853
19026 core=0 suspend t852 r=0 y=0 c0=t854 c1=t853
19027 core=0 delay t854 3 r=0 y=1 c0=t850 c1=t853
19028 core=0 create 3 t856 p0 r=1 y=0 c0=t850 c1=t853
19029 core=0 give r=1 y=0 c0=t850 c1=t853
19030 core=1 delete 9 t850 r=0 y=1 c0=IDLE0 c1=t853
19031 core=1 delay t853 2 r=0 y=2 c0=IDLE0 c1=IDLE1
19032 core=0 noop r=0 y=0 c0=IDLE0 c1=IDLE1
19033 core=1 suspend t851 r=0 y=0 c0=IDLE0 c1=IDLE1
19034 core=1 noop r=0 y=0 c0=IDLE0 c1=IDLE1
19035 core=1 prio t855 3 r=0 y=2 c0=IDLE0 c1=t855
19036 core=1 suspend t849 r=0 y=0 c0=IDLE0 c1=t855
19037 core=1 resume t848 r=0 y=0 c0=IDLE0 c1=t855
19038 core=0 prio t851 1 r=0 y=0 c0=IDLE0 c1=t855
19039 core=0 tick r=1 y=1 c0=t856 c1=t855
19040 core=0 tick r=1 y=3 c0=t853 c1=t855
19041 core=0 yield r=0 y=1 c0=t853 c1=t855
19042 core=1 delay t855 4 r=0 y=2 c0=t853 c1=IDLE1
19043 core=0 give r=0 y=0 c0=t853 c1=IDLE1
19044 core=0 give_isr r=0 y=0 c0=t853 c1=IDLE1
19045 core=0 resume t852 r=0 y=2 c0=t853 c1=t852
19046 core=1 prio t856 0 r=0 y=0 c0=t853 c1=t852
19047 core=0 noop r=0 y=0 c0=t853 c1=t852
19048 core=0 delay t853 5 r=0 y=1 c0=IDLE0 c1=t852
19049 core=1 give_isr r=0 y=0 c0=IDLE0 c1=t852
19050 core=1 noop r=0 y=0 c0=IDLE0 c1=t852
19051 core=1 give_isr r=0 y=0 c0=IDLE0 c1=t852
19052 core=1 yield r=0 y=2 c0=IDLE0 c1=t852
19053 core=0 noop r=0 y=0 c0=IDLE0 c1=t852
19054 core=1 suspend t853 r=0 y=0 c0=IDLE0 c1=t852
19055 core=1 take t852 r=1 y=0 c0=IDLE0 c1=t852
19056 core=0 noop r=0 y=0 c0=IDLE0 c1=t852
19057 core=0 tick r=1 y=3 c0=t854 c1=t852
19058 core=1 take t852 r=0 y=0 c0=t854 c1=t852
19059 core=0 noop r=0 y=0 c0=t854 c1=t852
19060 core=1 take t852 r=0 y=0 c0=t854 c1=t852
19061 core=0 tick r=1 y=3 c0=t854 c1=t852
19062 core=0 noop r=0 y=0 c0=t854 c1=t852
19063 core=0 give_isr r=1 y=0 c0=t854 c1=t852
19064 core=1 delay t852 2 r=0 y=2 c0=t854 c1=t856
19065 core=1 delay t856 3 r=0 y=2 c0=t854 c1=IDLE1
19066 core=1 prio t855 2 r=0 y=0 c0=t854 c1=IDLE1
19067 core=0 delay t854 2 r=0 y=1 c0=IDLE0 c1=IDLE1
19068 core=0 create 9 t857 p1 r=1 y=2 c0=IDLE0 c1=t857
19069 core=1 prio t856 1 r=0 y=0 c0=IDLE0 c1=t857
19070 core=1 give_isr r=0 y=0 c0=IDLE0 c1=t857
19071 core=0 tick r=1 y=1 c0=t848 c1=t857
19072 core=1 delete 5 t854 r=0 y=0 c0=t848 c1=t857
19073 core=0 tick r=1 y=3 c0=t852 c1=t848
19074 core=1 delete 1 t853 r=0 y=0 c0=t852 c1=t848
19075 core=1 take t848 r=1 y=0 c0=t852 c1=t848
19076 core=0 give r=1 y=0 c0=t852 c1=t848
19077 core=0 create 1 t858 p3 r=1 y=0 c0=t852 c1=t848
19078 core=1 prio t849 2 r=0 y=0 c0=t852 c1=t848
19079 core=1 noop r=0 y=0 c0=t852 c1=t848
19080 core=0 resume t852 r=0 y=0 c0=t852 c1=t848
19081 core=1 delay t848 2 r=0 y=2 c0=t852 c1=t858
19082 core=1 noop r=0 y=0 c0=t852 c1=t858
19083 core=1 noop r=0 y=0 c0=t852 c1=t858
19084 core=0 give_isr r=0 y=0 c0=t852 c1=t858
19085 core=0 tick r=1 y=3 c0=t852 c1=t858
19086 core=0 suspend t851 r=0 y=0 c0=t852 c1=t858
19087 core=1 noop r=0 y=0 c0=t852 c1=t858
19088 core=0 delay t852 5 r=0 y=1 c0=t855 c1=t858
19089 core=0 tick r=1 y=3 c0=t848 c1=t858
19090 core=0 yield r=0 y=1 c0=t848 c1=t858
19091 core=0 noop r=0 y=0 c0=t848 c1=t858
19092 core=0 take t848 r=1 y=0 c0=t848 c1=t858
19093 core=0 noop r=0 y=0 c0=t848 c1=t858
19094 core=0 noop r=0 y=0 c0=t848 c1=t858
19095 core=0 prio t849 3 r=0 y=0 c0=t848 c1=t858
19096 core=0 take t848 r=0 y=0 c0=t848 c1=t858
19097 core=0 delay t848 4 r=0 y=1 c0=t855 c1=t858
19098 core=1 prio t848 3 r=0 y=0 c0=t855 c1=t858
19099 core=0 tick r=0 y=0 c0=t855 c1=t858
19100 core=0 take t855 r=0 y=0 c0=t855 c1=t858
19101 core=0 prio t848 0 r=0 y=0 c0=t855 c1=t858
19102 core=1 suspend t851 r=0 y=0 c0=t855 c1=t858
19103 core=0 delay t855 1 r=0 y=1 c0=t857 c1=t858
19104 core=1 noop r=0 y=0 c0=t857 c1=t858
19105 core=1 take t858 r=0 y=0 c0=t857 c1=t858
19106 core=1 delay t858 5 r=0 y=2 c0=t857 c1=t856
19107 core=1 delete 4 t851 r=0 y=0 c0=t857 c1=t856
19108 core=0 noop r=0 y=0 c0=t857 c1=t856
19109 core=0 take t857 r=0 y=0 c0=t857 c1=t856
19110 core=1 suspend t855 r=0 y=0 c0=t857 c1=t856
19111 core=1 delete 1 t858 r=0 y=0 c0=t857 c1=t856
19112 core=0 delay t857 2 r=0 y=1 c0=IDLE1 c1=t856
19113 core=0 noop r=0 y=0 c0=IDLE1 c1=t856
19114 core=0 resume t849 r=0 y=1 c0=t849 c1=t856
19115 core=1 noop r=0 y=0 c0=t849 c1=t856
19116 core=0 noop r=0 y=0 c0=t849 c1=t856
19117 core=1 suspend t849 r=0 y=1 c0=IDLE0 c1=t856
19118 core=0 give r=1 y=0 c0=IDLE0 c1=t856
19119 core=0 give r=0 y=0 c0=IDLE0 c1=t856
19120 core=0 suspend t848 r=0 y=0 c0=IDLE0 c1=t856
19121 core=0 noop r=0 y=0 c0=IDLE0 c1=t856
19122 core=1 noop r=0 y=0 c0=IDLE0 c1=t856
19123 core=0 suspend t852 r=0 y=0 c0=IDLE0 c1=t856
19124 core=1 noop r=0 y=0 c0=IDLE0 c1=t856
19125 core=0 suspend t857 r=0 y=0 c0=IDLE0 c1=t856
19126 core=0 give r=0 y=0 c0=IDLE0 c1=t856
19127 core=1 take t856 r=1 y=0 c0=IDLE0 c1=t856
19128 core=0 resume t848 r=0 y=1 c0=IDLE1 c1=t856
19129 core=0 resume t852 r=0 y=1 c0=t852 c1=t856
19130 core=1 take t856 r=0 y=0 c0=t852 c1=t856
19131 core=0 delay t852 3 r=0 y=1 c0=t848 c1=t856
19132 core=1 suspend t855 r=0 y=0 c0=t848 c1=t856
19133 core=0 noop r=0 y=0 c0=t848 c1=t856
19134 core=0 give r=1 y=0 c0=t848 c1=t856
19135 core=1 take t856 r=1 y=0 c0=t848 c1=t856
19136 core=0 noop r=0 y=0 c0=t848 c1=t856
19137 core=0 prio t852 1 r=0 y=0 c0=t848 c1=t856
19138 core=0 suspend t856 r=0 y=2 c0=t848 c1=IDLE0
19139 core=0 noop r=0 y=0 c0=t848 c1=IDLE0
19140 core=1 delete 2 t849 r=0 y=0 c0=t848 c1=IDLE0
19141 core=0 tick r=1 y=3 c0=IDLE1 c1=t848
19142 core=0 noop r=0 y=0 c0=IDLE1 c1=t848
19143 core=0 give r=1 y=0 c0=IDLE1 c1=t848
19144 core=1 noop r=0 y=0 c0=IDLE1 c1=t848
19145 core=0 resume t848 r=0 y=0 c0=IDLE1 c1=t848
19146 core=0 noop r=0 y=0 c0=IDLE1 c1=t848
19147 core=1 noop r=0 y=0 c0=IDLE1 c1=t848
19148 core=1 resume t857 r=0 y=1 c0=t857 c1=t848
19149 core=1 delay t848 5 r=0 y=2 c0=t857 c1=IDLE0
19150 core=0 delete 8 t855 r=0 y=0 c0=t857 c1=IDLE0
19151 core=1 noop r=0 y=0 c0=t857 c1=IDLE0
19152 core=0 noop r=0 y=0 c0=t857 c1=IDLE0
19153 core=0 noop r=0 y=0 c0=t857 c1=IDLE0
19154 core=0 delete 7 t848 r=0 y=0 c0=t857 c1=IDLE0
19155 core=1 give r=0 y=0 c0=t857 c1=IDLE0
19156 core=1 noop r=0 y=0 c0=t857 c1=IDLE0
19157 core=0 create 2 t859 p2 r=1 y=2 c0=t857 c1=t859
19158 core=0 tick r=0 y=0 c0=t857 c1=t859
19159 core=0 suspend t857 r=0 y=1 c0=IDLE1 c1=t859
19160 core=0 tick r=1 y=1 c0=t852 c1=t859
19161 core=1 prio t856 0 r=0 y=0 c0=t852 c1=t859
19162 core=0 prio t856 1 r=0 y=0 c0=t852 c1=t859
19163 core=0 delay t852 3 r=0 y=1 c0=IDLE0 c1=t859
19164 core=0 tick r=1 y=1 c0=IDLE1 c1=t859
19165 core=1 noop r=0 y=0 c0=IDLE1 c1=t859
19166 core=1 noop r=0 y=0 c0=IDLE1 c1=t859
19167 core=1 give_isr r=0 y=0 c0=IDLE1 c1=t859
19168 core=1 noop r=0 y=0 c0=IDLE1 c1=t859
19169 core=0 noop r=0 y=0 c0=IDLE1 c1=t859
19170 core=1 give r=0 y=0 c0=IDLE1 c1=t859
19171 core=0 resume t859 r=0 y=0 c0=IDLE1 c1=t859
19172 core=0 noop r=0 y=0 c0=IDLE1 c1=t859
19173 core=0 give_isr r=0 y=0 c0=IDLE1 c1=t859
19174 core=1 noop r=0 y=0 c0=IDLE1 c1=t859
19175 core=0 noop r=0 y=0 c0=IDLE1 c1=t859
19176 core=0 give r=0 y=0 c0=IDLE1 c1=t859
19177 core=0 noop r=0 y=0 c0=IDLE1 c1=t859
19178 core=0 prio t852 0 r=0 y=0 c0=IDLE1 c1=t859
19179 core=1 resume t859 r=0 y=0 c0=IDLE1 c1=t859
19180 core=1 prio t852 0 r=0 y=0 c0=IDLE1 c1=t859
19181 core=1 create 5 t860 p0 r=1 y=1 c0=IDLE0 c1=t859
19182 core=1 delay t859 1 r=0 y=2 c0=IDLE0 c1=t860
19183 core=0 noop r=0 y=0 c0=IDLE0 c1=t860
19184 core=1 prio t856 1 r=0 y=0 c0=IDLE0 c1=t860
19185 core=0 noop r=0 y=0 c0=IDLE0 c1=t860
19186 core=1 noop r=0 y=0 c0=IDLE0 c1=t860
19187 core=0 noop r=0 y=0 c0=IDLE0 c1=t860
19188 core=0 tick r=1 y=3 c0=t859 c1=IDLE1
19189 core=0 give_isr r=0 y=0 c0=t859 c1=IDLE1
19190 core=0 tick r=0 y=2 c0=t859 c1=IDLE0
19191 core=1 noop r=0 y=0 c0=t859 c1=IDLE0
19192 core=0 take t859 r=1 y=0 c0=t859 c1=IDLE0
19193 core=1 suspend t859 r=0 y=1 c0=t860 c1=IDLE0
19194 core=0 tick r=1 y=3 c0=t852 c1=IDLE1
19195 core=0 give_isr r=1 y=0 c0=t852 c1=IDLE1
19196 core=1 noop r=0 y=0 c0=t852 c1=IDLE1
19197 core=1 delete 3 t856 r=0 y=0 c0=t852 c1=IDLE1
19198 core=1 noop r=0 y=0 c0=t852 c1=IDLE1
19199 core=1 give r=0 y=0 c0=t852 c1=IDLE1
19200 core=0 noop r=0 y=0 c0=t852 c1=IDLE1
19201 core=1 give_isr r=0 y=0 c0=t852 c1=IDLE1
19202 core=1 noop r=0 y=0 c0=t852 c1=IDLE1
19203 core=0 take t852 r=1 y=0 c0=t852 c1=IDLE1
19204 core=1 noop r=0 y=0 c0=t852 c1=IDLE1
19205 core=0 yield r=0 y=1 c0=t860 c1=IDLE1
19206 core=1 resume t852 r=0 y=0 c0=t860 c1=IDLE1
19207 core=0 noop r=0 y=0 c0=t860 c1=IDLE1
19208 core=1 prio t859 0 r=0 y=0 c0=t860 c1=IDLE1
19209 core=0 resume t852 r=0 y=0 c0=t860 c1=IDLE1
19210 core=0 delay t860 1 r=0 y=1 c0=IDLE0 c1=IDLE1
19211 core=0 tick r=1 y=3 c0=t852 c1=t860
19212 core=1 create 1 t861 p1 r=1 y=2 c0=t852 c1=t861
19213 core=1 suspend t861 r=0 y=2 c0=t852 c1=IDLE0
19214 core=1 noop r=0 y=0 c0=t852 c1=IDLE0
19215 core=1 suspend t861 r=0 y=0 c0=t852 c1=IDLE0
19216 core=0 delay t852 1 r=0 y=1 c0=IDLE1 c1=IDLE0
19217 core=0 noop r=0 y=0 c0=IDLE1 c1=IDLE0
19218 core=0 resume t852 r=0 y=0 c0=IDLE1 c1=IDLE0
19219 core=1 suspend t852 r=0 y=0 c0=IDLE1 c1=IDLE0
19220 core=1 noop r=0 y=0 c0=IDLE1 c1=IDLE0
19221 core=0 give_isr r=1 y=0 c0=IDLE1 c1=IDLE0
19222 core=0 noop r=0 y=0 c0=IDLE1 c1=IDLE0
19223 core=0 noop r=0 y=0 c0=IDLE1 c1=IDLE0
19224 core=0 yield r=0 y=1 c0=t860 c1=IDLE0
19225 core=0 take t860 r=1 y=0 c0=t860 c1=IDLE0
19226 core=1 yield r=0 y=2 c0=t860 c1=IDLE1
19227 core=0 yield r=0 y=1 c0=IDLE0 c1=IDLE1
19228 core=0 tick r=1 y=3 c0=t860 c1=IDLE0
19229 core=0 delete 2 t859 r=0 y=0 c0=t860 c1=IDLE0
19230 core=0 take t860 r=0 y=0 c0=t860 c1=IDLE0
19231 core=0 noop r=0 y=0 c0=t860 c1=IDLE0
19232 core=1 create 8 t862 p2 r=1 y=2 c0=t860 c1=t862
19233 core=0 take t860 r=0 y=0 c0=t860 c1=t862
19234 core=1 take t862 r=0 y=0 c0=t860 c1=t862
19235 core=0 give r=1 y=0 c0=t860 c1=t862
19236 core=1 give_isr r=0 y=0 c0=t860 c1=t862
19237 core=1 suspend t861 r=0 y=0 c0=t860 c1=t862
19238 core=1 noop r=0 y=0 c0=t860 c1=t862
19239 core=0 delete 8 t862 r=0 y=2 c0=t860 c1=IDLE1
19240 core=1 noop r=0 y=0 c0=t860 c1=IDLE1
19241 core=0 take t860 r=1 y=0 c0=t860 c1=IDLE1
19242 core=1 delete 6 t852 r=0 y=0 c0=t860 c1=IDLE1
19243 core=0 take t860 r=0 y=0 c0=t860 c1=IDLE1
19244 core=1 noop r=0 y=0 c0=t860 c1=IDLE1
19245 core=0 give r=1 y=0 c0=t860 c1=IDLE1
19246 core=0 tick r=1 y=3 c0=IDLE0 c1=t860
19247 core=0 give r=0 y=0 c0=IDLE0 c1=t860
19248 core=1 noop r=0 y=0 c0=IDLE0 c1=t860
19249 core=0 noop r=0 y=0 c0=IDLE0 c1=t860
19250 core=0 tick r=1 y=3 c0=IDLE1 c1=IDLE0
19251 core=0 noop r=0 y=0 c0=IDLE1 c1=IDLE0
19252 core=0 noop r=0 y=0 c0=IDLE1 c1=IDLE0
19253 core=0 noop r=0 y=0 c0=IDLE1 c1=IDLE0
19254 core=0 noop r=0 y=0 c0=IDLE1 c1=IDLE0
19255 core=0 noop r=0 y=0 c0=IDLE1 c1=IDLE0
19256 core=1 create 2 t863 p3 r=1 y=2 c0=IDLE1 c1=t863
19257 core=0 tick r=1 y=1 c0=t860 c1=t863
19258 core=0 delay t860 1 r=0 y=1 c0=IDLE0 c1=t863
19259 core=0 noop r=0 y=0 c0=IDLE0 c1=t863
19260 core=0 noop r=0 y=0 c0=IDLE0 c1=t863
19261 core=1 noop r=0 y=0 c0=IDLE0 c1=t863
19262 core=1 give r=0 y=0 c0=IDLE0 c1=t863
19263 core=1 create 0 t864 p1 r=1 y=1 c0=t864 c1=t863
19264 core=0 give r=0 y=0 c0=t864 c1=t863
19265 core=0 tick r=0 y=0 c0=t864 c1=t863
19266 core=1 noop r=0 y=0 c0=t864 c1=t863
19267 core=0 take t864 r=1 y=0 c0=t864 c1=t863
19268 core=1 delay t863 1 r=0 y=2 c0=t864 c1=IDLE1
19269 core=0 give_isr r=1 y=0 c0=t864 c1=IDLE1
19270 core=0 tick r=0 y=2 c0=t864 c1=t863
19271 core=0 resume t857 r=0 y=0 c0=t864 c1=t863
19272 core=0 give r=0 y=0 c0=t864 c1=t863
19273 core=1 give r=0 y=0 c0=t864 c1=t863
19274 core=0 give_isr r=0 y=0 c0=t864 c1=t863
19275 core=1 take t863 r=1 y=0 c0=t864 c1=t863
19276 core=0 noop r=0 y=0 c0=t864 c1=t863
19277 core=1 noop r=0 y=0 c0=t864 c1=t863
19278 core=1 delete 0 t864 r=0 y=1 c0=t857 c1=t863
19279 core=1 delay t863 4 r=0 y=2 c0=t857 c1=IDLE0
19280 core=1 noop r=0 y=0 c0=t857 c1=IDLE0
19281 core=0 give r=1 y=0 c0=t857 c1=IDLE0
19282 core=1 noop r=0 y=0 c0=t857 c1=IDLE0
19283 core=0 tick r=0 y=2 c0=t857 c1=t860
19284 core=0 give_isr r=0 y=0 c0=t857 c1=t860
19285 core=0 suspend t863 r=0 y=0 c0=t857 c1=t860
19286 core=0 give r=0 y=0 c0=t857 c1=t860
19287 core=0 take t857 r=1 y=0 c0=t857 c1=t860
19288 core=0 give r=1 y=0 c0=t857 c1=t860
19289 core=1 noop r=0 y=0 c0=t857 c1=t860
19290 core=0 tick r=0 y=2 c0=t857 c1=IDLE1
19291 core=0 noop r=0 y=0 c0=t857 c1=IDLE1
19292 core=0 noop r=0 y=0 c0=t857 c1=IDLE1
19293 core=1 noop r=0 y=0 c0=t857 c1=IDLE1
19294 core=1 give_isr r=0 y=0 c0=t857 c1=IDLE1
19295 core=0 suspend t857 r=0 y=1 c0=IDLE0 c1=IDLE1
19296 core=0 tick r=1 y=3 c0=t860 c1=IDLE0
19297 core=0 give r=0 y=0 c0=t860 c1=IDLE0
19298 core=0 noop r=0 y=0 c0=t860 c1=IDLE0
19299 core=0 give r=0 y=0 c0=t860 c1=IDLE0
19300 core=1 noop r=0 y=0 c0=t860 c1=IDLE0
19301 core=1 resume t857 r=0 y=2 c0=t860 c1=t857
19302 core=0 give_isr r=0 y=0 c0=t860 c1=t857
19303 core=0 yield r=0 y=1 c0=IDLE1 c1=t857
19304 core=0 noop r=0 y=0 c0=IDLE1 c1=t857
19305 core=0 tick r=1 y=1 c0=IDLE0 c1=t857
19306 core=1 delay t857 3 r=0 y=2 c0=IDLE0 c1=t860
19307 core=1 take t860 r=1 y=0 c0=IDLE0 c1=t860
19308 core=0 give r=1 y=0 c0=IDLE0 c1=t860
19309 core=1 delete 9 t857 r=0 y=0 c0=IDLE0 c1=t860
19310 core=0 give r=0 y=0 c0=IDLE0 c1=t860
19311 core=0 noop r=0 y=0 c0=IDLE0 c1=t860
19312 core=1 give_isr r=0 y=0 c0=IDLE0 c1=t860
19313 core=1 noop r=0 y=0 c0=IDLE0 c1=t860
19314 core=1 noop r=0 y=0 c0=IDLE0 c1=t860
19315 core=0 noop r=0 y=0 c0=IDLE0 c1=t860
19316 core=1 yield r=0 y=2 c0=IDLE0 c1=IDLE1
19317 core=1 suspend t861 r=0 y=0 c0=IDLE0 c1=IDLE1
19318 core=0 noop r=0 y=0 c0=IDLE0 c1=IDLE1
19319 core=0 tick r=1 y=3 c0=t860 c1=IDLE0
19320 core=0 noop r=0 y=0 c0=t860 c1=IDLE0
19321 core=0 suspend t861 r=0 y=0 c0=t860 c1=IDLE0
19322 core=1 noop r=0 y=0 c0=t860 c1=IDLE0
19323 core=0 give_isr r=0 y=0 c0=t860 c1=IDLE0
19324 core=0 delay t860 3 r=0 y=1 c0=IDLE1 c1=IDLE0
19325 core=1 noop r=0 y=0 c0=IDLE1 c1=IDLE0
19326 core=0 noop r=0 y=0 c0=IDLE1 c1=IDLE0
19327 core=0 create 7 t865 p1 r=1 y=2 c0=IDLE1 c1=t865
19328 core=0 noop r=0 y=0 c0=IDLE1 c1=t865
19329 core=1 noop r=0 y=0 c0=IDLE1 c1=t865
19330 core=1 delay t865 5 r=0 y=2 c0=IDLE1 c1=IDLE0
19331 core=0 create 9 t866 p3 r=1 y=2 c0=IDLE1 c1=t866
19332 core=0 tick r=1 y=1 c0=IDLE0 c1=t866
19333 core=0 resume t860 r=0 y=0 c0=IDLE0 c1=t866
19334 core=1 prio t865 1 r=0 y=0 c0=IDLE0 c1=t866
19335 core=0 yield r=0 y=1 c0=IDLE1 c1=t866
19336 core=1 give r=0 y=0 c0=IDLE1 c1=t866
19337 core=1 suspend t861 r=0 y=0 c0=IDLE1 c1=t866
19338 core=1 take t866 r=1 y=0 c0=IDLE1 c1=t866
19339 core=1 give r=1 y=0 c0=IDLE1 c1=t866
19340 core=1 delete 2 t863 r=0 y=0 c0=IDLE1 c1=t866
19341 core=1 delay t866 2 r=0 y=2 c0=IDLE1 c1=IDLE0
19342 core=0 create 8 t867 p3 r=1 y=2 c0=IDLE1 c1=t867
19343 core=1 delete 7 t865 r=0 y=0 c0=IDLE1 c1=t867
19344 core=0 give_isr r=0 y=0 c0=IDLE1 c1=t867
19345 core=1 give_isr r=0 y=0 c0=IDLE1 c1=t867
19346 core=0 yield r=0 y=1 c0=IDLE0 c1=t867
19347 core=1 give_isr r=0 y=0 c0=IDLE0 c1=t867
19348 core=0 tick r=1 y=1 c0=IDLE1 c1=t867
19349 core=0 noop r=0 y=0 c0=IDLE1 c1=t867
19350 core=0 tick r=1 y=3 c0=t866 c1=t867
19351 core=1 noop r=0 y=0 c0=t866 c1=t867
19352 core=0 tick r=1 y=3 c0=t866 c1=t867
19353 core=0 suspend t866 r=0 y=1 c0=IDLE0 c1=t867
19354 core=1 yield r=0 y=2 c0=IDLE0 c1=t867
19355 core=1 noop r=0 y=0 c0=IDLE0 c1=t867
19356 core=0 suspend t860 r=0 y=0 c0=IDLE0 c1=t867
19357 core=0 noop r=0 y=0 c0=IDLE0 c1=t867
19358 core=0 noop r=0 y=0 c0=IDLE0 c1=t867
19359 core=1 resume t861 r=0 y=1 c0=t861 c1=t867
19360 core=0 delete 1 t861 r=0 y=1 c0=IDLE1 c1=t867
19361 core=0 noop r=0 y=0 c0=IDLE1 c1=t867
19362 core=0 noop r=0 y=0 c0=IDLE1 c1=t867
19363 core=0 tick r=1 y=1 c0=IDLE0 c1=t867
19364 core=1 create 0 t868 p0 r=1 y=1 c0=IDLE1 c1=t867
19365 core=1 noop r=0 y=0 c0=IDLE1 c1=t867
19366 core=0 create 2 t869 p0 r=1 y=1 c0=t868 c1=t867
19367 core=1 suspend t869 r=0 y=0 c0=t868 c1=t867
19368 core=0 delay t868 3 r=0 y=1 c0=IDLE0 c1=t867
19369 core=0 tick r=1 y=1 c0=IDLE1 c1=t867
19370 core=1 noop r=0 y=0 c0=IDLE1 c1=t867
19371 core=1 suspend t867 r=0 y=2 c0=IDLE1 c1=IDLE0
19372 core=0 tick r=1 y=3 c0=IDLE1 c1=IDLE0
19373 core=1 noop r=0 y=0 c0=IDLE1 c1=IDLE0
19374 core=0 prio t869 2 r=0 y=0 c0=IDLE1 c1=IDLE0
19375 core=0 give_isr r=0 y=0 c0=IDLE1 c1=IDLE0
19376 core=1 noop r=0 y=0 c0=IDLE1 c1=IDLE0
19377 core=1 prio t860 3 r=0 y=0 c0=IDLE1 c1=IDLE0
19378 core=0 delete 8 t867 r=0 y=0 c0=IDLE1 c1=IDLE0
19379 core=0 create 7 t870 p1 r=1 y=2 c0=IDLE1 c1=t870
19380 core=1 noop r=0 y=0 c0=IDLE1 c1=t870
19381 core=1 suspend t866 r=0 y=0 c0=IDLE1 c1=t870
19382 core=1 yield r=0 y=2 c0=IDLE1 c1=t870
19383 core=0 tick r=1 y=1 c0=IDLE0 c1=t870
19384 core=1 delete 7 t870 r=0 y=2 c0=IDLE0 c1=t868
19385 core=1 give_isr r=0 y=0 c0=IDLE0 c1=t868
19386 core=0 noop r=0 y=0 c0=IDLE0 c1=t868
19387 core=1 delay t868 4 r=0 y=2 c0=IDLE0 c1=IDLE1
19388 core=0 noop r=0 y=0 c0=IDLE0 c1=IDLE1
19389 core=0 delete 9 t866 r=0 y=0 c0=IDLE0 c1=IDLE1
19390 core=1 noop r=0 y=0 c0=IDLE0 c1=IDLE1
19391 core=0 prio t869 2 r=0 y=0 c0=IDLE0 c1=IDLE1
19392 core=1 noop r=0 y=0 c0=IDLE0 c1=IDLE1
19393 core=0 noop r=0 y=0 c0=IDLE0 c1=IDLE1
19394 core=0 noop r=0 y=0 c0=IDLE0 c1=IDLE1
19395 core=0 delete 2 t869 r=0 y=0 c0=IDLE0 c1=IDLE1
19396 core=0 tick r=1 y=3 c0=IDLE0 c1=IDLE1
19397 core=0 noop r=0 y=0 c0=IDLE0 c1=IDLE1
19398 core=1 give_isr r=0 y=0 c0=IDLE0 c1=IDLE1
19399 core=0 suspend t860 r=0 y=0 c0=IDLE0 c1=IDLE1
19400 core=0 noop r=0 y=0 c0=IDLE0 c1=IDLE1
19401 core=1 noop r=0 y=0 c0=IDLE0 c1=IDLE1
19402 core=0 noop r=0 y=0 c0=IDLE0 c1=IDLE1
19403 core=0 noop r=0 y=0 c0=IDLE0 c1=IDLE1
19404 core=0 noop r=0 y=0 c0=IDLE0 c1=IDLE1
19405 core=1 give r=0 y=0 c0=IDLE0 c1=IDLE1
19406 core=0 noop r=0 y=0 c0=IDLE0 c1=IDLE1
19407 core=1 give r=0 y=0 c0=IDLE0 c1=IDLE1
19408 core=1 noop r=0 y=0 c0=IDLE0 c1=IDLE1
19409 core=0 yield r=0 y=1 c0=IDLE0 c1=IDLE1
19410 core=1 noop r=0 y=0 c0=IDLE0 c1=IDLE1
19411 core=1 create 1 t871 p2 r=1 y=2 c0=IDLE0 c1=t871
19412 core=1 noop r=0 y=0 c0=IDLE0 c1=t871
19413 core=0 give r=0 y=0 c0=IDLE0 c1=t871
19414 core=1 delay t871 2 r=0 y=2 c0=IDLE0 c1=IDLE1
19415 core=1 noop r=0 y=0 c0=IDLE0 c1=IDLE1
19416 core=1 noop r=0 y=0 c0=IDLE0 c1=IDLE1
19417 core=0 give r=0 y=0 c0=IDLE0 c1=IDLE1
19418 core=0 noop r=0 y=0 c0=IDLE0 c1=IDLE1
19419 core=0 noop r=0 y=0 c0=IDLE0 c1=IDLE1
19420 core=0 tick r=1 y=3 c0=IDLE0 c1=IDLE1
19421 core=0 noop r=0 y=0 c0=IDLE0 c1=IDLE1
19422 core=1 create 3 t872 p3 r=1 y=2 c0=IDLE0 c1=t872
19423 core=0 tick r=1 y=1 c0=t871 c1=t872
19424 core=1 delay t872 2 r=0 y=2 c0=t871 c1=IDLE1
19425 core=0 give_isr r=0 y=0 c0=t871 c1=IDLE1
19426 core=1 noop r=0 y=0 c0=t871 c1=IDLE1
19427 core=0 noop r=0 y=0 c0=t871 c1=IDLE1
19428 core=0 tick r=0 y=2 c0=t871 c1=IDLE0
19429 core=1 prio t860 1 r=0 y=0 c0=t871 c1=IDLE0
19430 core=1 noop r=0 y=0 c0=t871 c1=IDLE0
19431 core=1 noop r=0 y=0 c0=t871 c1=IDLE0
19432 core=0 tick r=0 y=2 c0=t871 c1=t872
19433 core=1 noop r=0 y=0 c0=t871 c1=t872
19434 core=0 tick r=0 y=0 c0=t871 c1=t872
19435 core=1 prio t871 0 r=0 y=1 c0=t868 c1=t872
19436 core=0 noop r=0 y=0 c0=t868 c1=t872
19437 core=0 delay t868 1 r=0 y=1 c0=IDLE1 c1=t872
19438 core=0 tick r=1 y=1 c0=IDLE0 c1=t872
19439 core=0 suspend t872 r=0 y=2 c0=IDLE0 c1=t871
19440 core=1 noop r=0 y=0 c0=IDLE0 c1=t871
19441 core=1 give r=0 y=0 c0=IDLE0 c1=t871
19442 core=1 noop r=0 y=0 c0=IDLE0 c1=t871
19443 core=0 give r=0 y=0 c0=IDLE0 c1=t871
19444 core=1 take t871 r=1 y=0 c0=IDLE0 c1=t871
19445 core=0 noop r=0 y=0 c0=IDLE0 c1=t871
19446 core=0 tick r=1 y=3 c0=t868 c1=IDLE1
19447 core=1 noop r=0 y=0 c0=t868 c1=IDLE1
19448 core=0 tick r=1 y=3 c0=IDLE0 c1=t871
19449 core=1 noop r=0 y=0 c0=IDLE0 c1=t871
19450 core=0 tick r=1 y=3 c0=t868 c1=IDLE1
19451 core=0 tick r=1 y=3 c0=IDLE0 c1=t871
19452 core=0 noop r=0 y=0 c0=IDLE0 c1=t871
19453 core=1 take t871 r=0 y=0 c0=IDLE0 c1=t871
19454 core=0 noop r=0 y=0 c0=IDLE0 c1=t871
19455 core=1 noop r=0 y=0 c0=IDLE0 c1=t871
19456 core=0 noop r=0 y=0 c0=IDLE0 c1=t871
19457 core=0 tick r=1 y=3 c0=t868 c1=IDLE1
19458 core=0 noop r=0 y=0 c0=t868 c1=IDLE1
19459 core=0 noop r=0 y=0 c0=t868 c1=IDLE1
19460 core=1 noop r=0 y=0 c0=t868 c1=IDLE1
19461 core=0 take t868 r=0 y=0 c0=t868 c1=IDLE1
19462 core=1 create 2 t873 p3 r=1 y=2 c0=t868 c1=t873
19463 core=1 prio t871 0 r=0 y=0 c0=t868 c1=t873
19464 core=1 give r=1 y=0 c0=t868 c1=t873
19465 core=1 create 9 t874 p1 r=1 y=1 c0=t874 c1=t873
19466 core=1 delay t873 1 r=0 y=2 c0=t874 c1=IDLE0
19467 core=0 noop r=0 y=0 c0=t874 c1=IDLE0
19468 core=1 noop r=0 y=0 c0=t874 c1=IDLE0
19469 core=0 give_isr r=0 y=0 c0=t874 c1=IDLE0
19470 core=1 noop r=0 y=0 c0=t874 c1=IDLE0
19471 core=1 delete 3 t872 r=0 y=0 c0=t874 c1=IDLE0
19472 core=0 resume t873 r=0 y=0 c0=t874 c1=IDLE0
19473 core=1 noop r=0 y=0 c0=t874 c1=IDLE0
19474 core=0 tick r=0 y=2 c0=t874 c1=t873
19475 core=0 give r=0 y=0 c0=t874 c1=t873
19476 core=0 noop r=0 y=0 c0=t874 c1=t873
19477 core=1 suspend t874 r=0 y=1 c0=t871 c1=t873
19478 core=1 noop r=0 y=0 c0=t871 c1=t873
19479 core=1 noop r=0 y=0 c0=t871 c1=t873
19480 core=0 give r=0 y=0 c0=t871 c1=t873
19481 core=1 noop r=0 y=0 c0=t871 c1=t873
19482 core=1 delay t873 4 r=0 y=2 c0=t871 c1=IDLE1
19483 core=0 prio t868 0 r=0 y=0 c0=t871 c1=IDLE1
19484 core=0 tick r=1 y=3 c0=t868 c1=IDLE0
19485 core=0 noop r=0 y=0 c0=t868 c1=IDLE0
19486 core=1 noop r=0 y=0 c0=t868 c1=IDLE0
19487 core=0 give_isr r=0 y=0 c0=t868 c1=IDLE0
19488 core=0 tick r=1 y=3 c0=t871 c1=IDLE1
19489 core=0 noop r=0 y=0 c0=t871 c1=IDLE1
19490 core=1 create 6 t875 p3 r=1 y=2 c0=t871 c1=t875
19491 core=0 noop r=0 y=0 c0=t871 c1=t875
19492 core=0 resume t873 r=0 y=0 c0=t871 c1=t875
19493 core=1 noop r=0 y=0 c0=t871 c1=t875
19494 core=1 prio t874 1 r=0 y=0 c0=t871 c1=t875
19495 core=1 create 8 t876 p2 r=1 y=1 c0=t876 c1=t875
19496 core=1 delay t875 3 r=0 y=2 c0=t876 c1=t868
19497 core=1 take t868 r=1 y=0 c0=t876 c1=t868
19498 core=1 resume t874 r=0 y=2 c0=t876 c1=t874
19499 core=0 take t876 r=0 y=0 c0=t876 c1=t874
19500 core=0 noop r=0 y=0 c0=t876 c1=t874
19501 core=1 create 7 t877 p0 r=1 y=0 c0=t876 c1=t874
19502 core=1 yield r=0 y=2 c0=t876 c1=t874
19503 core=0 take t876 r=0 y=0 c0=t876 c1=t874
19504 core=1 give r=1 y=0 c0=t876 c1=t874
19505 core=0 resume t873 r=0 y=0 c0=t876 c1=t874
19506 core=1 prio t877 3 r=0 y=2 c0=t876 c1=t877
19507 core=0 suspend t877 r=0 y=2 c0=t876 c1=t874
19508 core=0 tick r=0 y=0 c0=t876 c1=t874
19509 core=1 suspend t875 r=0 y=0 c0=t876 c1=t874
19510 core=0 yield r=0 y=1 c0=t876 c1=t874
19511 core=0 delete 8 t876 r=0 y=1 c0=IDLE0 c1=t874
19512 core=0 delete 7 t877 r=0 y=0 c0=IDLE0 c1=t874
19513 core=1 resume t868 r=0 y=0 c0=IDLE0 c1=t874
19514 core=0 tick r=1 y=1 c0=t873 c1=t874
19515 core=1 suspend t873 r=0 y=1 c0=IDLE1 c1=t874
19516 core=0 give r=0 y=0 c0=IDLE1 c1=t874
19517 core=0 give r=0 y=0 c0=IDLE1 c1=t874
19518 core=1 take t874 r=1 y=0 c0=IDLE1 c1=t874
19519 core=1 take t874 r=0 y=0 c0=IDLE1 c1=t874
19520 core=0 noop r=0 y=0 c0=IDLE1 c1=t874
19521 core=0 create 4 t878 p1 r=1 y=1 c0=t878 c1=t874
19522 core=1 create 7 t879 p0 r=1 y=0 c0=t878 c1=t874
19523 core=0 tick r=1 y=3 c0=t878 c1=t874
19524 core=1 prio t875 0 r=0 y=0 c0=t878 c1=t874
19525 core=1 prio t871 3 r=0 y=2 c0=t878 c1=t871
19526 core=0 noop r=0 y=0 c0=t878 c1=t871
19527 core=1 create 8 t880 p3 r=1 y=1 c0=t880 c1=t871
19528 core=0 tick r=1 y=3 c0=t880 c1=t871
19529 core=1 resume t874 r=0 y=0 c0=t880 c1=t871
19530 core=0 delay t880 5 r=0 y=1 c0=t874 c1=t871
19531 core=1 delay t871 2 r=0 y=2 c0=t874 c1=t878
19532 core=0 yield r=0 y=1 c0=t874 c1=t878
19533 core=1 delete 9 t874 r=0 y=1 c0=t868 c1=t878
19534 core=0 delay t868 2 r=0 y=1 c0=IDLE0 c1=t878
19535 core=0 resume t879 r=0 y=0 c0=IDLE0 c1=t878
19536 core=1 suspend t873 r=0 y=0 c0=IDLE0 c1=t878
19537 core=1 suspend t878 r=0 y=2 c0=IDLE0 c1=IDLE1
19538 core=1 give r=1 y=0 c0=IDLE0 c1=IDLE1
19539 core=0 tick r=1 y=3 c0=t879 c1=IDLE0
19540 core=1 noop r=0 y=0 c0=t879 c1=IDLE0
19541 core=1 prio t878 1 r=0 y=0 c0=t879 c1=IDLE0
19542 core=1 yield r=0 y=2 c0=t879 c1=IDLE1
19543 core=0 delay t879 1 r=0 y=1 c0=IDLE0 c1=IDLE1
19544 core=1 noop r=0 y=0 c0=IDLE0 c1=IDLE1
19545 core=1 noop r=0 y=0 c0=IDLE0 c1=IDLE1
19546 core=1 resume t873 r=0 y=2 c0=IDLE0 c1=t873
19547 core=1 delay t873 1 r=0 y=2 c0=IDLE0 c1=IDLE1
19548 core=0 give r=0 y=0 c0=IDLE0 c1=IDLE1
19549 core=0 create 3 t881 p1 r=1 y=2 c0=IDLE0 c1=t881
19550 core=1 give_isr r=0 y=0 c0=IDLE0 c1=t881
19551 core=0 noop r=0 y=0 c0=IDLE0 c1=t881
19552 core=0 tick r=1 y=3 c0=t871 c1=t873
19553 core=0 noop r=0 y=0 c0=t871 c1=t873
19554 core=0 give r=0 y=0 c0=t871 c1=t873
19555 core=1 yield r=0 y=2 c0=t871 c1=t873
19556 core=1 suspend t881 r=0 y=0 c0=t871 c1=t873
19557 core=1 take t873 r=1 y=0 c0=t871 c1=t873
19558 core=0 resume t875 r=0 y=0 c0=t871 c1=t873
19559 core=1 suspend t868 r=0 y=0 c0=t871 c1=t873
19560 core=0 resume t880 r=0 y=0 c0=t871 c1=t873
19561 core=0 delay t871 5 r=0 y=1 c0=IDLE1 c1=t873
19562 core=1 delete 7 t879 r=0 y=0 c0=IDLE1 c1=t873
19563 core=1 take t873 r=0 y=0 c0=IDLE1 c1=t873
19564 core=0 tick r=1 y=1 c0=IDLE0 c1=t873
19565 core=1 delay t873 3 r=0 y=2 c0=IDLE0 c1=t875
19566 core=1 noop r=0 y=0 c0=IDLE0 c1=t875
19567 core=0 delete 1 t871 r=0 y=0 c0=IDLE0 c1=t875
19568 core=1 yield r=0 y=2 c0=IDLE0 c1=IDLE1
19569 core=0 suspend t868 r=0 y=0 c0=IDLE0 c1=IDLE1
19570 core=0 noop r=0 y=0 c0=IDLE0 c1=IDLE1
19571 core=0 resume t868 r=0 y=2 c0=IDLE0 c1=t875
19572 core=1 resume t873 r=0 y=0 c0=IDLE0 c1=t875
19573 core=0 tick r=1 y=3 c0=t868 c1=IDLE1
19574 core=0 noop r=0 y=0 c0=t868 c1=IDLE1
19575 core=0 delete 0 t868 r=0 y=1 c0=IDLE0 c1=IDLE1
19576 core=0 noop r=0 y=0 c0=IDLE0 c1=IDLE1
19577 core=0 noop r=0 y=0 c0=IDLE0 c1=IDLE1
19578 core=0 noop r=0 y=0 c0=IDLE0 c1=IDLE1
19579 core=0 noop r=0 y=0 c0=IDLE0 c1=IDLE1
19580 core=0 noop r=0 y=0 c0=IDLE0 c1=IDLE1
19581 core=0 noop r=0 y=0 c0=IDLE0 c1=IDLE1
19582 core=1 noop r=0 y=0 c0=IDLE0 c1=IDLE1
19583 core=1 noop r=0 y=0 c0=IDLE0 c1=IDLE1
19584 core=0 noop r=0 y=0 c0=IDLE0 c1=IDLE1
19585 core=1 noop r=0 y=0 c0=IDLE0 c1=IDLE1
19586 core=0 give r=1 y=0 c0=IDLE0 c1=IDLE1
19587 core=1 noop r=0 y=0 c0=IDLE0 c1=IDLE1
19588 core=0 suspend t873 r=0 y=0 c0=IDLE0 c1=IDLE1
19589 core=0 noop r=0 y=0 c0=IDLE0 c1=IDLE1
19590 core=0 resume t873 r=0 y=2 c0=IDLE0 c1=t873
19591 core=0 tick r=1 y=3 c0=t880 c1=t873
19592 core=1 noop r=0 y=0 c0=t880 c1=t873
19593 core=1 resume t875 r=0 y=0 c0=t880 c1=t873
19594 core=0 tick r=1 y=3 c0=t880 c1=t873
19595 core=0 suspend t875 r=0 y=0 c0=t880 c1=t873
19596 core=0 give r=0 y=0 c0=t880 c1=t873
19597 core=0 give r=0 y=0 c0=t880 c1=t873
19598 core=1 create 1 t882 p1 r=1 y=0 c0=t880 c1=t873
19599 core=0 create 9 t883 p1 r=1 y=0 c0=t880 c1=t873
19600 core=0 tick r=1 y=3 c0=t880 c1=t873
19601 core=0 delay t880 5 r=0 y=1 c0=t882 c1=t873
19602 core=0 give r=0 y=0 c0=t882 c1=t873
19603 core=0 tick r=1 y=1 c0=t883 c1=t873
19604 core=0 take t883 r=1 y=0 c0=t883 c1=t873
19605 core=0 tick r=1 y=1 c0=t882 c1=t873
19606 core=1 take t873 r=0 y=0 c0=t882 c1=t873
19607 core=0 suspend t875 r=0 y=0 c0=t882 c1=t873
19608 core=1 take t873 r=0 y=0 c0=t882 c1=t873
19609 core=0 tick r=1 y=1 c0=t883 c1=t873
19610 core=0 delete 4 t878 r=0 y=0 c0=t883 c1=t873
19611 core=0 delay t883 4 r=0 y=1 c0=t882 c1=t873
19612 core=0 prio t875 1 r=0 y=0 c0=t882 c1=t873
19613 core=1 take t873 r=0 y=0 c0=t882 c1=t873
19614 core=0 take t882 r=0 y=0 c0=t882 c1=t873
19615 core=0 prio t883 1 r=0 y=0 c0=t882 c1=t873
19616 core=0 tick r=0 y=0 c0=t882 c1=t873
19617 core=0 resume t880 r=0 y=0 c0=t882 c1=t873
19618 core=0 noop r=0 y=0 c0=t882 c1=t873
19619 core=1 noop r=0 y=0 c0=t882 c1=t873
19620 core=0 tick r=1 y=3 c0=t880 c1=t873
19621 core=0 give_isr r=1 y=0 c0=t880 c1=t873
19622 core=1 prio t873 1 r=0 y=2 c0=t880 c1=t882
19623 core=1 give_isr r=0 y=0 c0=t880 c1=t882
19624 core=1 give r=0 y=0 c0=t880 c1=t882
19625 core=1 delay t882 3 r=0 y=2 c0=t880 c1=t873
19626 core=0 take t880 r=1 y=0 c0=t880 c1=t873
19627 core=1 delete 9 t883 r=0 y=0 c0=t880 c1=t873
19628 core=1 noop r=0 y=0 c0=t880 c1=t873
19629 core=0 suspend t860 r=0 y=0 c0=t880 c1=t873
19630 core=0 noop r=0 y=0 c0=t880 c1=t873
19631 core=1 prio t873 1 r=0 y=0 c0=t880 c1=t873
19632 core=0 noop r=0 y=0 c0=t880 c1=t873
19633 core=1 prio t860 0 r=0 y=0 c0=t880 c1=t873
19634 core=1 delay t873 5 r=0 y=2 c0=t880 c1=IDLE1
19635 core=0 noop r=0 y=0 c0=t880 c1=IDLE1
19636 core=0 give r=1 y=0 c0=t880 c1=IDLE1
19637 core=0 noop r=0 y=0 c0=t880 c1=IDLE1
19638 core=1 noop r=0 y=0 c0=t880 c1=IDLE1
19639 core=1 give r=0 y=0 c0=t880 c1=IDLE1
19640 core=0 noop r=0 y=0 c0=t880 c1=IDLE1
19641 core=1 suspend t860 r=0 y=0 c0=t880 c1=IDLE1
19642 core=1 noop r=0 y=0 c0=t880 c1=IDLE1
19643 core=1 suspend t882 r=0 y=0 c0=t880 c1=IDLE1
19644 core=1 noop r=0 y=0 c0=t880 c1=IDLE1
19645 core=0 noop r=0 y=0 c0=t880 c1=IDLE1
19646 core=1 suspend t860 r=0 y=0 c0=t880 c1=IDLE1
19647 core=0 tick r=0 y=2 c0=t880 c1=IDLE0
19648 core=0 give_isr r=0 y=0 c0=t880 c1=IDLE0
19649 core=0 yield r=0 y=1 c0=t880 c1=IDLE0
19650 core=1 noop r=0 y=0 c0=t880 c1=IDLE0
19651 core=1 resume t881 r=0 y=2 c0=t880 c1=t881
19652 core=0 tick r=0 y=0 c0=t880 c1=t881
19653 core=1 noop r=0 y=0 c0=t880 c1=t881
19654 core=1 give r=0 y=0 c0=t880 c1=t881
19655 core=0 noop r=0 y=0 c0=t880 c1=t881
19656 core=0 take t880 r=1 y=0 c0=t880 c1=t881
19657 core=0 take t880 r=0 y=0 c0=t880 c1=t881
19658 core=1 prio t881 2 r=0 y=0 c0=t880 c1=t881
19659 core=1 prio t881 2 r=0 y=0 c0=t880 c1=t881
19660 core=0 suspend t881 r=0 y=2 c0=t880 c1=IDLE1
19661 core=0 noop r=0 y=0 c0=t880 c1=IDLE1
19662 core=1 noop r=0 y=0 c0=t880 c1=IDLE1
19663 core=0 yield r=0 y=1 c0=t880 c1=IDLE1
19664 core=1 prio t875 3 r=0 y=0 c0=t880 c1=IDLE1
19665 core=0 delete 5 t860 r=0 y=0 c0=t880 c1=IDLE1
19666 core=1 noop r=0 y=0 c0=t880 c1=IDLE1
19667 core=0 tick r=0 y=2 c0=t880 c1=IDLE0
19668 core=1 noop r=0 y=0 c0=t880 c1=IDLE0
19669 core=1 noop r=0 y=0 c0=t880 c1=IDLE0
19670 core=0 delay t880 3 r=0 y=1 c0=IDLE1 c1=IDLE0
19671 core=1 give r=1 y=0 c0=IDLE1 c1=IDLE0
19672 core=0 suspend t880 r=0 y=0 c0=IDLE1 c1=IDLE0
19673 core=0 prio t882 2 r=0 y=0 c0=IDLE1 c1=IDLE0
19674 core=0 give r=0 y=0 c0=IDLE1 c1=IDLE0
19675 core=0 noop r=0 y=0 c0=IDLE1 c1=IDLE0
19676 core=1 resume t873 r=0 y=0 c0=IDLE1 c1=IDLE0
19677 core=0 noop r=0 y=0 c0=IDLE1 c1=IDLE0
19678 core=0 noop r=0 y=0 c0=IDLE1 c1=IDLE0
19679 core=1 noop r=0 y=0 c0=IDLE1 c1=IDLE0
19680 core=0 resume t873 r=0 y=0 c0=IDLE1 c1=IDLE0
19681 core=0 give r=0 y=0 c0=IDLE1 c1=IDLE0
19682 core=1 noop r=0 y=0 c0=IDLE1 c1=IDLE0
19683 core=1 give r=0 y=0 c0=IDLE1 c1=IDLE0
19684 core=1 noop r=0 y=0 c0=IDLE1 c1=IDLE0
19685 core=0 noop r=0 y=0 c0=IDLE1 c1=IDLE0
19686 core=0 create 0 t884 p2 r=1 y=2 c0=IDLE1 c1=t884
19687 core=1 take t884 r=1 y=0 c0=IDLE1 c1=t884
19688 core=1 give r=1 y=0 c0=IDLE1 c1=t884
19689 core=1 noop r=0 y=0 c0=IDLE1 c1=t884
19690 core=1 give r=0 y=0 c0=IDLE1 c1=t884
19691 core=0 prio t880 1 r=0 y=0 c0=IDLE1 c1=t884
19692 core=1 yield r=0 y=2 c0=IDLE1 c1=t884
19693 core=0 resume t880 r=0 y=1 c0=t880 c1=t884
19694 core=1 yield r=0 y=2 c0=t880 c1=t884
19695 core=0 give_isr r=0 y=0 c0=t880 c1=t884
19696 core=1 noop r=0 y=0 c0=t880 c1=t884
19697 core=1 noop r=0 y=0 c0=t880 c1=t884
19698 core=0 give r=0 y=0 c0=t880 c1=t884
19699 core=0 delay t880 5 r=0 y=1 c0=IDLE0 c1=t884
19700 core=0 suspend t880 r=0 y=0 c0=IDLE0 c1=t884
19701 core=1 delete 1 t882 r=0 y=0 c0=IDLE0 c1=t884
19702 core=1 give_isr r=0 y=0 c0=IDLE0 c1=t884
19703 core=1 give r=0 y=0 c0=IDLE0 c1=t884
19704 core=0 noop r=0 y=0 c0=IDLE0 c1=t884
19705 core=1 resume t873 r=0 y=0 c0=IDLE0 c1=t884
19706 core=1 give r=0 y=0 c0=IDLE0 c1=t884
19707 core=0 noop r=0 y=0 c0=IDLE0 c1=t884
19708 core=0 noop r=0 y=0 c0=IDLE0 c1=t884
19709 core=1 give r=0 y=0 c0=IDLE0 c1=t884
19710 core=1 give_isr r=0 y=0 c0=IDLE0 c1=t884
19711 core=0 tick r=1 y=1 c0=IDLE1 c1=t884
19712 core=0 give r=0 y=0 c0=IDLE1 c1=t884
19713 core=1 suspend t875 r=0 y=0 c0=IDLE1 c1=t884
19714 core=1 noop r=0 y=0 c0=IDLE1 c1=t884
19715 core=1 suspend t884 r=0 y=2 c0=IDLE1 c1=IDLE0
19716 core=0 give_isr r=0 y=0 c0=IDLE1 c1=IDLE0
19717 core=1 give r=0 y=0 c0=IDLE1 c1=IDLE0
19718 core=1 noop r=0 y=0 c0=IDLE1 c1=IDLE0
19719 core=0 give r=0 y=0 c0=IDLE1 c1=IDLE0
19720 core=0 resume t884 r=0 y=2 c0=IDLE1 c1=t884
19721 core=1 noop r=0 y=0 c0=IDLE1 c1=t884
19722 core=0 noop r=0 y=0 c0=IDLE1 c1=t884
19723 core=0 give r=0 y=0 c0=IDLE1 c1=t884
19724 core=1 yield r=0 y=2 c0=IDLE1 c1=t884
19725 core=1 create 5 t885 p1 r=1 y=1 c0=t885 c1=t884
19726 core=1 take t884 r=1 y=0 c0=t885 c1=t884
19727 core=0 give_isr r=1 y=0 c0=t885 c1=t884
19728 core=1 delay t884 4 r=0 y=2 c0=t885 c1=IDLE0
19729 core=0 delay t885 1 r=0 y=1 c0=IDLE1 c1=IDLE0
19730 core=0 noop r=0 y=0 c0=IDLE1 c1=IDLE0
19731 core=1 noop r=0 y=0 c0=IDLE1 c1=IDLE0
19732 core=1 noop r=0 y=0 c0=IDLE1 c1=IDLE0
19733 core=1 resume t885 r=0 y=0 c0=IDLE1 c1=IDLE0
19734 core=0 noop r=0 y=0 c0=IDLE1 c1=IDLE0
19735 core=0 prio t875 0 r=0 y=0 c0=IDLE1 c1=IDLE0
19736 core=0 noop r=0 y=0 c0=IDLE1 c1=IDLE0
19737 core=0 noop r=0 y=0 c0=IDLE1 c1=IDLE0
19738 core=0 noop r=0 y=0 c0=IDLE1 c1=IDLE0
19739 core=0 create 4 t886 p3 r=1 y=2 c0=IDLE1 c1=t886
19740 core=1 prio t873 1 r=0 y=0 c0=IDLE1 c1=t886
19741 core=0 delete 4 t886 r=0 y=2 c0=IDLE1 c1=IDLE0
19742 core=0 tick r=1 y=3 c0=t873 c1=t885
19743 core=1 yield r=0 y=2 c0=t873 c1=t885
19744 core=0 tick r=1 y=3 c0=t873 c1=t885
19745 core=1 delay t885 2 r=0 y=2 c0=t873 c1=IDLE1
19746 core=1 noop r=0 y=0 c0=t873 c1=IDLE1
19747 core=1 noop r=0 y=0 c0=t873 c1=IDLE1
19748 core=1 noop r=0 y=0 c0=t873 c1=IDLE1
19749 core=0 give_isr r=0 y=0 c0=t873 c1=IDLE1
19750 core=0 noop r=0 y=0 c0=t873 c1=IDLE1
19751 core=0 prio t880 1 r=0 y=0 c0=t873 c1=IDLE1
19752 core=0 prio t880 3 r=0 y=0 c0=t873 c1=IDLE1
19753 core=1 noop r=0 y=0 c0=t873 c1=IDLE1
19754 core=1 noop r=0 y=0 c0=t873 c1=IDLE1
19755 core=0 resume t881 r=0 y=2 c0=t873 c1=t881
19756 core=1 suspend t884 r=0 y=0 c0=t873 c1=t881
19757 core=1 resume t880 r=0 y=1 c0=t880 c1=t881
19758 core=1 noop r=0 y=0 c0=t880 c1=t881
19759 core=0 noop r=0 y=0 c0=t880 c1=t881
19760 core=1 resume t881 r=0 y=0 c0=t880 c1=t881
19761 core=0 prio t881 0 r=0 y=2 c0=t880 c1=t873
19762 core=1 give r=0 y=0 c0=t880 c1=t873
19763 core=1 give_isr r=0 y=0 c0=t880 c1=t873
19764 core=0 resume t884 r=0 y=2 c0=t880 c1=t884
19765 core=0 noop r=0 y=0 c0=t880 c1=t884
19766 core=1 yield r=0 y=2 c0=t880 c1=t884
19767 core=1 delete 5 t885 r=0 y=0 c0=t880 c1=t884
19768 core=0 take t880 r=1 y=0 c0=t880 c1=t884
19769 core=0 suspend t884 r=0 y=2 c0=t880 c1=t873
19770 core=1 noop r=0 y=0 c0=t880 c1=t873
19771 core=0 delete 2 t873 r=0 y=2 c0=t880 c1=IDLE0
19772 core=0 noop r=0 y=0 c0=t880 c1=IDLE0
19773 core=1 give_isr r=1 y=0 c0=t880 c1=IDLE0
19774 core=1 give_isr r=0 y=0 c0=t880 c1=IDLE0
19775 core=0 resume t881 r=0 y=0 c0=t880 c1=IDLE0
19776 core=0 yield r=0 y=1 c0=t880 c1=IDLE0
19777 core=0 prio t880 3 r=0 y=0 c0=t880 c1=IDLE0
19778 core=0 tick r=0 y=2 c0=t880 c1=IDLE1
19779 core=0 yield r=0 y=1 c0=t880 c1=IDLE1
19780 core=1 create 5 t887 p2 r=1 y=2 c0=t880 c1=t887
19781 core=1 prio t884 2 r=0 y=0 c0=t880 c1=t887
19782 core=1 noop r=0 y=0 c0=t880 c1=t887
19783 core=0 noop r=0 y=0 c0=t880 c1=t887
19784 core=1 give r=0 y=0 c0=t880 c1=t887
19785 core=0 noop r=0 y=0 c0=t880 c1=t887
19786 core=1 noop r=0 y=0 c0=t880 c1=t887
19787 core=1 give r=0 y=0 c0=t880 c1=t887
19788 core=1 noop r=0 y=0 c0=t880 c1=t887
19789 core=1 suspend t880 r=0 y=1 c0=t881 c1=t887
19790 core=0 noop r=0 y=0 c0=t881 c1=t887
19791 core=0 noop r=0 y=0 c0=t881 c1=t887
19792 core=0 delay t881 2 r=0 y=1 c0=IDLE0 c1=t887
19793 core=0 give r=0 y=0 c0=IDLE0 c1=t887
19794 core=0 prio t884 3 r=0 y=0 c0=IDLE0 c1=t887
19795 core=0 noop r=0 y=0 c0=IDLE0 c1=t887
19796 core=0 create 7 t888 p2 r=1 y=1 c0=t888 c1=t887
19797 core=1 prio t881 1 r=0 y=0 c0=t888 c1=t887
19798 core=0 delay t888 3 r=0 y=1 c0=IDLE1 c1=t887
19799 core=0 give r=0 y=0 c0=IDLE1 c1=t887
19800 core=0 give_isr r=0 y=0 c0=IDLE1 c1=t887
19801 core=0 noop r=0 y=0 c0=IDLE1 c1=t887
19802 core=1 resume t881 r=0 y=0 c0=IDLE1 c1=t887
19803 core=0 noop r=0 y=0 c0=IDLE1 c1=t887
19804 core=1 delay t887 2 r=0 y=2 c0=IDLE1 c1=IDLE0
19805 core=0 tick r=1 y=3 c0=IDLE1 c1=IDLE0
19806 core=0 give r=0 y=0 c0=IDLE1 c1=IDLE0
19807 core=1 noop r=0 y=0 c0=IDLE1 c1=IDLE0
19808 core=0 give_isr r=0 y=0 c0=IDLE1 c1=IDLE0
19809 core=0 suspend t880 r=0 y=0 c0=IDLE1 c1=IDLE0
19810 core=0 give_isr r=0 y=0 c0=IDLE1 c1=IDLE0
19811 core=0 tick r=1 y=3 c0=t887 c1=t881
19812 core=0 take t887 r=1 y=0 c0=t887 c1=t881
19813 core=1 create 1 t889 p0 r=1 y=0 c0=t887 c1=t881
19814 core=0 delay t887 1 r=0 y=1 c0=IDLE1 c1=t881
19815 core=0 noop r=0 y=0 c0=IDLE1 c1=t881
19816 core=1 give r=1 y=0 c0=IDLE1 c1=t881
19817 core=0 noop r=0 y=0 c0=IDLE1 c1=t881
19818 core=1 noop r=0 y=0 c0=IDLE1 c1=t881
19819 core=0 noop r=0 y=0 c0=IDLE1 c1=t881
19820 core=0 noop r=0 y=0 c0=IDLE1 c1=t881
19821 core=1 noop r=0 y=0 c0=IDLE1 c1=t881
19822 core=0 give r=0 y=0 c0=IDLE1 c1=t881
19823 core=1 noop r=0 y=0 c0=IDLE1 c1=t881
19824 core=0 noop r=0 y=0 c0=IDLE1 c1=t881
19825 core=1 delete 6 t875 r=0 y=0 c0=IDLE1 c1=t881
19826 core=1 delay t881 2 r=0 y=2 c0=IDLE1 c1=IDLE0
19827 core=1 resume t880 r=0 y=2 c0=IDLE1 c1=t880
19828 core=1 prio t884 1 r=0 y=0 c0=IDLE1 c1=t880
19829 core=1 delay t880 2 r=0 y=2 c0=IDLE1 c1=t889
19830 core=1 take t889 r=1 y=0 c0=IDLE1 c1=t889
19831 core=1 noop r=0 y=0 c0=IDLE1 c1=t889
19832 core=0 noop r=0 y=0 c0=IDLE1 c1=t889
19833 core=0 noop r=0 y=0 c0=IDLE1 c1=t889
19834 core=0 noop r=0 y=0 c0=IDLE1 c1=t889
19835 core=1 suspend t887 r=0 y=0 c0=IDLE1 c1=t889
19836 core=0 give r=1 y=0 c0=IDLE1 c1=t889
19837 core=1 give r=0 y=0 c0=IDLE1 c1=t889
19838 core=1 noop r=0 y=0 c0=IDLE1 c1=t889
19839 core=0 noop r=0 y=0 c0=IDLE1 c1=t889
19840 core=0 yield r=0 y=1 c0=IDLE0 c1=t889
19841 core=0 tick r=1 y=3 c0=t888 c1=IDLE1
19842 core=1 noop r=0 y=0 c0=t888 c1=IDLE1
19843 core=0 noop r=0 y=0 c0=t888 c1=IDLE1
19844 core=1 give_isr r=0 y=0 c0=t888 c1=IDLE1
19845 core=1 give_isr r=0 y=0 c0=t888 c1=IDLE1
19846 core=1 prio t880 0 r=0 y=0 c0=t888 c1=IDLE1
19847 core=0 resume t884 r=0 y=2 c0=t888 c1=t884
19848 core=0 noop r=0 y=0 c0=t888 c1=t884
19849 core=0 give_isr r=0 y=0 c0=t888 c1=t884
19850 core=1 take t884 r=1 y=0 c0=t888 c1=t884
19851 core=0 suspend t887 r=0 y=0 c0=t888 c1=t884
19852 core=0 tick r=0 y=2 c0=t888 c1=t881
19853 core=1 noop r=0 y=0 c0=t888 c1=t881
19854 core=1 give_isr r=1 y=0 c0=t888 c1=t881
19855 core=0 tick r=0 y=2 c0=t888 c1=t884
19856 core=0 suspend t888 r=0 y=1 c0=t881 c1=t884
19857 core=0 give_isr r=0 y=0 c0=t881 c1=t884
19858 core=0 give_isr r=0 y=0 c0=t881 c1=t884
19859 core=0 prio t884 3 r=0 y=0 c0=t881 c1=t884
19860 core=0 tick r=0 y=0 c0=t881 c1=t884
19861 core=0 tick r=0 y=0 c0=t881 c1=t884
19862 core=0 suspend t888 r=0 y=0 c0=t881 c1=t884
19863 core=1 delete 5 t887 r=0 y=0 c0=t881 c1=t884
19864 core=1 take t884 r=1 y=0 c0=t881 c1=t884
19865 core=0 yield r=0 y=1 c0=t881 c1=t884
19866 core=1 give_isr r=1 y=0 c0=t881 c1=t884
19867 core=1 give r=0 y=0 c0=t881 c1=t884
19868 core=0 noop r=0 y=0 c0=t881 c1=t884
19869 core=0 noop r=0 y=0 c0=t881 c1=t884
19870 core=0 take t881 r=1 y=0 c0=t881 c1=t884
19871 core=0 prio t889 3 r=0 y=1 c0=t889 c1=t884
19872 core=0 yield r=0 y=1 c0=t889 c1=t884
19873 core=0 noop r=0 y=0 c0=t889 c1=t884
19874 core=1 yield r=0 y=2 c0=t889 c1=t884
19875 core=1 noop r=0 y=0 c0=t889 c1=t884
19876 core=1 noop r=0 y=0 c0=t889 c1=t884
19877 core=0 delay t889 2 r=0 y=1 c0=t881 c1=t884
19878 core=1 delay t884 4 r=0 y=2 c0=t881 c1=IDLE0
19879 core=0 noop r=0 y=0 c0=t881 c1=IDLE0
19880 core=0 delay t881 5 r=0 y=1 c0=IDLE1 c1=IDLE0
19881 core=1 noop r=0 y=0 c0=IDLE1 c1=IDLE0
19882 core=0 tick r=1 y=3 c0=t880 c1=IDLE1
19883 core=0 tick r=1 y=3 c0=t889 c1=IDLE0
19884 core=0 noop r=0 y=0 c0=t889 c1=IDLE0
19885 core=1 resume t889 r=0 y=0 c0=t889 c1=IDLE0
19886 core=1 delete 1 t889 r=0 y=1 c0=t880 c1=IDLE0
19887 core=1 give r=1 y=0 c0=t880 c1=IDLE0
19888 core=1 create 5 t890 p0 r=1 y=2 c0=t880 c1=IDLE1
19889 core=0 give_isr r=0 y=0 c0=t880 c1=IDLE1
19890 core=1 noop r=0 y=0 c0=t880 c1=IDLE1
19891 core=1 suspend t884 r=0 y=0 c0=t880 c1=IDLE1
19892 core=0 resume t884 r=0 y=2 c0=t880 c1=t884
19893 core=0 delay t880 3 r=0 y=1 c0=t890 c1=t884
19894 core=1 noop r=0 y=0 c0=t890 c1=t884
19895 core=0 create 6 t891 p2 r=1 y=1 c0=t891 c1=t884
19896 core=0 tick r=0 y=0 c0=t891 c1=t884
19897 core=0 tick r=0 y=0 c0=t891 c1=t884
19898 core=0 resume t880 r=0 y=0 c0=t891 c1=t884
19899 core=0 give r=0 y=0 c0=t891 c1=t884
19900 core=0 give_isr r=0 y=0 c0=t891 c1=t884
19901 core=0 give r=0 y=0 c0=t891 c1=t884
19902 core=0 noop r=0 y=0 c0=t891 c1=t884
19903 core=1 give r=0 y=0 c0=t891 c1=t884
19904 core=0 resume t888 r=0 y=0 c0=t891 c1=t884
19905 core=0 noop r=0 y=0 c0=t891 c1=t884
19906 core=0 noop r=0 y=0 c0=t891 c1=t884
19907 core=1 noop r=0 y=0 c0=t891 c1=t884
19908 core=1 delay t884 3 r=0 y=2 c0=t891 c1=t888
19909 core=0 give r=0 y=0 c0=t891 c1=t888
19910 core=1 delete 5 t890 r=0 y=0 c0=t891 c1=t888
19911 core=0 give r=0 y=0 c0=t891 c1=t888
19912 core=0 suspend t880 r=0 y=0 c0=t891 c1=t888
19913 core=0 suspend t884 r=0 y=0 c0=t891 c1=t888
19914 core=1 create 9 t892 p1 r=1 y=0 c0=t891 c1=t888
19915 core=1 give_isr r=0 y=0 c0=t891 c1=t888
19916 core=0 yield r=0 y=1 c0=t891 c1=t888
19917 core=0 create 1 t893 p1 r=1 y=0 c0=t891 c1=t888
19918 core=1 suspend t891 r=0 y=1 c0=t892 c1=t888
19919 core=0 take t892 r=1 y=0 c0=t892 c1=t888
19920 core=1 give_isr r=1 y=0 c0=t892 c1=t888
19921 core=0 give_isr r=0 y=0 c0=t892 c1=t888
19922 core=1 give_isr r=0 y=0 c0=t892 c1=t888
19923 core=1 give r=0 y=0 c0=t892 c1=t888
19924 core=0 delay t892 1 r=0 y=1 c0=t893 c1=t888
19925 core=0 tick r=1 y=1 c0=t881 c1=t888
19926 core=1 resume t880 r=0 y=0 c0=t881 c1=t888
19927 core=0 tick r=1 y=1 c0=t892 c1=t888
19928 core=0 noop r=0 y=0 c0=t892 c1=t888
19929 core=0 give r=0 y=0 c0=t892 c1=t888
19930 core=0 tick r=1 y=1 c0=t893 c1=t888
19931 core=0 noop r=0 y=0 c0=t893 c1=t888
19932 core=0 give r=0 y=0 c0=t893 c1=t888
19933 core=0 take t893 r=1 y=0 c0=t893 c1=t888
19934 core=0 noop r=0 y=0 c0=t893 c1=t888
19935 core=1 delay t888 3 r=0 y=2 c0=t893 c1=t881
19936 core=0 noop r=0 y=0 c0=t893 c1=t881
19937 core=1 delay t881 4 r=0 y=2 c0=t893 c1=t892
19938 core=1 suspend t880 r=0 y=0 c0=t893 c1=t892
19939 core=0 noop r=0 y=0 c0=t893 c1=t892
19940 core=0 delay t893 1 r=0 y=1 c0=IDLE0 c1=t892
19941 core=0 suspend t891 r=0 y=0 c0=IDLE0 c1=t892
19942 core=1 noop r=0 y=0 c0=IDLE0 c1=t892
19943 core=1 prio t888 1 r=0 y=0 c0=IDLE0 c1=t892
19944 core=0 yield r=0 y=1 c0=IDLE1 c1=t892
19945 core=1 delay t892 1 r=0 y=2 c0=IDLE1 c1=IDLE0
19946 core=0 tick r=1 y=3 c0=t893 c1=t892
19947 core=1 take t892 r=0 y=0 c0=t893 c1=t892
19948 core=0 give r=1 y=0 c0=t893 c1=t892
19949 core=1 give r=0 y=0 c0=t893 c1=t892
19950 core=1 noop r=0 y=0 c0=t893 c1=t892
19951 core=0 give r=0 y=0 c0=t893 c1=t892
19952 core=1 take t892 r=1 y=0 c0=t893 c1=t892
19953 core=1 delay t892 5 r=0 y=2 c0=t893 c1=IDLE1
19954 core=0 resume t892 r=0 y=0 c0=t893 c1=IDLE1
19955 core=1 noop r=0 y=0 c0=t893 c1=IDLE1
19956 core=1 delete 9 t892 r=0 y=0 c0=t893 c1=IDLE1
19957 core=1 noop r=0 y=0 c0=t893 c1=IDLE1
19958 core=1 give r=1 y=0 c0=t893 c1=IDLE1
19959 core=0 noop r=0 y=0 c0=t893 c1=IDLE1
19960 core=0 tick r=0 y=2 c0=t893 c1=IDLE0
19961 core=0 prio t893 1 r=0 y=0 c0=t893 c1=IDLE0
19962 core=1 delete 8 t880 r=0 y=0 c0=t893 c1=IDLE0
19963 core=1 noop r=0 y=0 c0=t893 c1=IDLE0
19964 core=0 tick r=1 y=3 c0=t888 c1=t893
19965 core=1 delete 1 t893 r=0 y=2 c0=t888 c1=IDLE1
19966 core=1 noop r=0 y=0 c0=t888 c1=IDLE1
19967 core=1 delete 0 t884 r=0 y=0 c0=t888 c1=IDLE1
19968 core=1 noop r=0 y=0 c0=t888 c1=IDLE1
19969 core=1 yield r=0 y=2 c0=t888 c1=IDLE0
19970 core=0 noop r=0 y=0 c0=t888 c1=IDLE0
19971 core=1 noop r=0 y=0 c0=t888 c1=IDLE0
19972 core=0 noop r=0 y=0 c0=t888 c1=IDLE0
19973 core=0 create 2 t894 p2 r=1 y=2 c0=t888 c1=t894
19974 core=1 delay t894 1 r=0 y=2 c0=t888 c1=IDLE1
19975 core=1 noop r=0 y=0 c0=t888 c1=IDLE1
19976 core=0 delay t888 5 r=0 y=1 c0=IDLE0 c1=IDLE1
19977 core=1 prio t881 2 r=0 y=0 c0=IDLE0 c1=IDLE1
19978 core=0 noop r=0 y=0 c0=IDLE0 c1=IDLE1
19979 core=0 create 9 t895 p1 r=1 y=2 c0=IDLE0 c1=t895
19980 core=0 give r=0 y=0 c0=IDLE0 c1=t895
19981 core=0 suspend t888 r=0 y=0 c0=IDLE0 c1=t895
19982 core=1 resume t894 r=0 y=0 c0=IDLE0 c1=t895
19983 core=0 noop r=0 y=0 c0=IDLE0 c1=t895
19984 core=0 noop r=0 y=0 c0=IDLE0 c1=t895
19985 core=0 give_isr r=0 y=0 c0=IDLE0 c1=t895
19986 core=0 noop r=0 y=0 c0=IDLE0 c1=t895
19987 core=0 tick r=1 y=3 c0=t881 c1=t894
19988 core=1 resume t894 r=0 y=0 c0=t881 c1=t894
19989 core=0 tick r=1 y=3 c0=t881 c1=t894
19990 core=0 noop r=0 y=0 c0=t881 c1=t894
19991 core=0 tick r=1 y=3 c0=t881 c1=t894
19992 core=0 tick r=1 y=3 c0=t881 c1=t894
19993 core=1 delay t894 4 r=0 y=2 c0=t881 c1=t895
19994 core=1 give_isr r=0 y=0 c0=t881 c1=t895
19995 core=0 prio t881 0 r=0 y=1 c0=IDLE1 c1=t895
19996 core=1 give r=0 y=0 c0=IDLE1 c1=t895
19997 core=0 noop r=0 y=0 c0=IDLE1 c1=t895
19998 core=0 noop r=0 y=0 c0=IDLE1 c1=t895
19999 core=0 tick r=1 y=1 c0=IDLE0 c1=t895
20000 core=0 yield r=0 y=1 c0=t881 c1=t895
