0 core=0 start r=0 y=0 c0=t3 c1=t1
1 core=1 give_isr r=1 y=0 c0=t3 c1=t1
2 core=0 delete 1 t1 r=0 y=2 c0=t3 c1=t2
3 core=0 give r=0 y=0 c0=t3 c1=t2
4 core=1 delay t2 1 r=0 y=2 c0=t3 c1=t0
5 core=0 noop r=0 y=0 c0=t3 c1=t0
6 core=1 yield r=0 y=2 c0=t3 c1=t0
7 core=1 yield r=0 y=2 c0=t3 c1=t0
8 core=0 tick r=0 y=2 c0=t3 c1=t2
9 core=0 prio t2 1 r=0 y=2 c0=t3 c1=t0
10 core=1 noop r=0 y=0 c0=t3 c1=t0
11 core=0 tick r=0 y=2 c0=t3 c1=t2
12 core=1 noop r=0 y=0 c0=t3 c1=t2
13 core=0 noop r=0 y=0 c0=t3 c1=t2
14 core=0 takeb t3 2 r=1 y=0 c0=t3 c1=t2
15 core=0 create 8 t4 p0 r=1 y=0 c0=t3 c1=t2
16 core=0 noop r=0 y=0 c0=t3 c1=t2
17 core=0 create 1 t5 p2 r=1 y=2 c0=t3 c1=t5
18 core=0 noop r=0 y=0 c0=t3 c1=t5
19 core=1 noop r=0 y=0 c0=t3 c1=t5
20 core=1 noop r=0 y=0 c0=t3 c1=t5
21 core=1 takeb t5 2 r=2 y=2 c0=t3 c1=t0
22 core=1 delay t0 2 r=0 y=2 c0=t3 c1=t2
23 core=0 tick r=0 y=0 c0=t3 c1=t2
24 core=0 noop r=0 y=0 c0=t3 c1=t2
25 core=0 noop r=0 y=0 c0=t3 c1=t2
26 core=0 give r=1 y=2 c0=t3 c1=t5
27 core=0 create 5 t6 p3 r=1 y=2 c0=t3 c1=t6
28 core=1 noop r=0 y=0 c0=t3 c1=t6
29 core=1 yield r=0 y=2 c0=t3 c1=t6
30 core=1 delay t6 5 r=0 y=2 c0=t3 c1=t5
31 core=0 give r=0 y=0 c0=t3 c1=t5
32 core=0 prio t0 3 r=0 y=0 c0=t3 c1=t5
33 core=1 cont t5 r=1 y=0 c0=t3 c1=t5
34 core=0 noop r=0 y=0 c0=t3 c1=t5
35 core=1 takeb t5 4 r=2 y=2 c0=t3 c1=t2
36 core=0 give r=1 y=2 c0=t3 c1=t5
37 core=1 cont t5 r=1 y=0 c0=t3 c1=t5
38 core=1 takeb t5 3 r=2 y=2 c0=t3 c1=t2
39 core=0 noop r=0 y=0 c0=t3 c1=t2
40 core=0 noop r=0 y=0 c0=t3 c1=t2
41 core=0 takeb t3 1 r=2 y=1 c0=IDLE0 c1=t2
42 core=1 suspend t5 r=0 y=0 c0=IDLE0 c1=t2
43 core=1 give_isr r=1 y=1 c0=t3 c1=t2
44 core=1 takeb t2 3 r=1 y=0 c0=t3 c1=t2
45 core=0 tick r=1 y=3 c0=t0 c1=t3
46 core=0 noop r=0 y=0 c0=t0 c1=t3
47 core=1 cont t3 r=0 y=0 c0=t0 c1=t3
48 core=1 takeb t3 3 r=2 y=2 c0=t0 c1=t2
49 core=0 noop r=0 y=0 c0=t0 c1=t2
50 core=0 resume t2 r=0 y=0 c0=t0 c1=t2
51 core=1 delete 8 t4 r=0 y=0 c0=t0 c1=t2
52 core=0 tick r=0 y=0 c0=t0 c1=t2
53 core=1 suspend t5 r=0 y=0 c0=t0 c1=t2
54 core=1 suspend t6 r=0 y=0 c0=t0 c1=t2
55 core=1 create 6 t7 p3 r=1 y=2 c0=t0 c1=t7
56 core=1 delay t7 5 r=0 y=2 c0=t0 c1=t2
57 core=0 delete 0 t0 r=0 y=1 c0=IDLE1 c1=t2
58 core=1 delay t2 4 r=0 y=2 c0=IDLE1 c1=IDLE0
59 core=0 noop r=0 y=0 c0=IDLE1 c1=IDLE0
60 core=1 give_isr r=1 y=2 c0=IDLE1 c1=t3
61 core=1 cont t3 r=1 y=0 c0=IDLE1 c1=t3
62 core=0 noop r=0 y=0 c0=IDLE1 c1=t3
63 core=1 delay t3 3 r=0 y=2 c0=IDLE1 c1=IDLE0
64 core=1 yield r=0 y=2 c0=IDLE1 c1=IDLE0
65 core=0 noop r=0 y=0 c0=IDLE1 c1=IDLE0
66 core=1 create 9 t8 p1 r=1 y=2 c0=IDLE1 c1=t8
67 core=1 delete 9 t8 r=0 y=2 c0=IDLE1 c1=IDLE0
68 core=1 noop r=0 y=0 c0=IDLE1 c1=IDLE0
69 core=0 noop r=0 y=0 c0=IDLE1 c1=IDLE0
70 core=0 give r=1 y=0 c0=IDLE1 c1=IDLE0
71 core=1 suspend t6 r=0 y=0 c0=IDLE1 c1=IDLE0
72 core=1 noop r=0 y=0 c0=IDLE1 c1=IDLE0
73 core=0 give_isr r=0 y=0 c0=IDLE1 c1=IDLE0
74 core=1 noop r=0 y=0 c0=IDLE1 c1=IDLE0
75 core=1 give r=0 y=0 c0=IDLE1 c1=IDLE0
76 core=0 noop r=0 y=0 c0=IDLE1 c1=IDLE0
77 core=0 tick r=1 y=3 c0=IDLE1 c1=IDLE0
78 core=0 delete 2 t2 r=0 y=0 c0=IDLE1 c1=IDLE0
79 core=0 noop r=0 y=0 c0=IDLE1 c1=IDLE0
80 core=0 tick r=1 y=3 c0=IDLE1 c1=IDLE0
81 core=1 noop r=0 y=0 c0=IDLE1 c1=IDLE0
82 core=1 yield r=0 y=2 c0=IDLE1 c1=IDLE0
83 core=0 noop r=0 y=0 c0=IDLE1 c1=IDLE0
84 core=1 noop r=0 y=0 c0=IDLE1 c1=IDLE0
85 core=0 noop r=0 y=0 c0=IDLE1 c1=IDLE0
86 core=0 resume t3 r=0 y=0 c0=IDLE1 c1=IDLE0
87 core=0 give r=0 y=0 c0=IDLE1 c1=IDLE0
88 core=1 noop r=0 y=0 c0=IDLE1 c1=IDLE0
89 core=1 noop r=0 y=0 c0=IDLE1 c1=IDLE0
90 core=0 noop r=0 y=0 c0=IDLE1 c1=IDLE0
91 core=1 give_isr r=0 y=0 c0=IDLE1 c1=IDLE0
92 core=0 noop r=0 y=0 c0=IDLE1 c1=IDLE0
93 core=1 suspend t6 r=0 y=0 c0=IDLE1 c1=IDLE0
94 core=1 create 7 t9 p2 r=1 y=2 c0=IDLE1 c1=t9
95 core=0 give_isr r=0 y=0 c0=IDLE1 c1=t9
96 core=0 give r=0 y=0 c0=IDLE1 c1=t9
97 core=0 noop r=0 y=0 c0=IDLE1 c1=t9
98 core=1 noop r=0 y=0 c0=IDLE1 c1=t9
99 core=1 give_isr r=0 y=0 c0=IDLE1 c1=t9
100 core=0 create 0 t10 p1 r=1 y=1 c0=t10 c1=t9
101 core=0 delay t10 5 r=0 y=1 c0=IDLE0 c1=t9
102 core=0 yield r=0 y=1 c0=IDLE1 c1=t9
103 core=1 noop r=0 y=0 c0=IDLE1 c1=t9
104 core=1 suspend t3 r=0 y=0 c0=IDLE1 c1=t9
105 core=1 noop r=0 y=0 c0=IDLE1 c1=t9
106 core=0 resume t7 r=0 y=0 c0=IDLE1 c1=t9
107 core=0 resume t9 r=0 y=0 c0=IDLE1 c1=t9
108 core=0 noop r=0 y=0 c0=IDLE1 c1=t9
109 core=0 noop r=0 y=0 c0=IDLE1 c1=t9
110 core=0 give_isr r=0 y=0 c0=IDLE1 c1=t9
111 core=1 delay t9 5 r=0 y=2 c0=IDLE1 c1=IDLE0
112 core=0 delete 5 t6 r=0 y=0 c0=IDLE1 c1=IDLE0
113 core=1 suspend t9 r=0 y=0 c0=IDLE1 c1=IDLE0
114 core=1 give r=0 y=0 c0=IDLE1 c1=IDLE0
115 core=0 noop r=0 y=0 c0=IDLE1 c1=IDLE0
116 core=1 noop r=0 y=0 c0=IDLE1 c1=IDLE0
117 core=0 suspend t10 r=0 y=0 c0=IDLE1 c1=IDLE0
118 core=1 suspend t9 r=0 y=0 c0=IDLE1 c1=IDLE0
119 core=1 resume t9 r=0 y=2 c0=IDLE1 c1=t9
120 core=0 tick r=1 y=1 c0=IDLE0 c1=t9
121 core=0 create 2 t11 p2 r=1 y=1 c0=t11 c1=t9
122 core=0 suspend t9 r=0 y=2 c0=t11 c1=IDLE1
123 core=1 suspend t7 r=0 y=0 c0=t11 c1=IDLE1
124 core=1 give r=0 y=0 c0=t11 c1=IDLE1
125 core=1 resume t9 r=0 y=2 c0=t11 c1=t9
126 core=1 prio t9 1 r=0 y=2 c0=t11 c1=t9
127 core=0 yield r=0 y=1 c0=t11 c1=t9
128 core=0 tick r=0 y=0 c0=t11 c1=t9
129 core=1 give r=0 y=0 c0=t11 c1=t9
130 core=0 noop r=0 y=0 c0=t11 c1=t9
131 core=1 delay t9 3 r=0 y=2 c0=t11 c1=IDLE0
132 core=0 tick r=0 y=2 c0=t11 c1=IDLE1
133 core=1 give r=0 y=0 c0=t11 c1=IDLE1
134 core=0 give r=0 y=0 c0=t11 c1=IDLE1
135 core=0 prio t9 3 r=0 y=0 c0=t11 c1=IDLE1
136 core=1 suspend t5 r=0 y=0 c0=t11 c1=IDLE1
137 core=0 takeb t11 6 r=1 y=0 c0=t11 c1=IDLE1
138 core=0 tick r=0 y=2 c0=t11 c1=IDLE0
139 core=0 noop r=0 y=0 c0=t11 c1=IDLE0
140 core=0 give_isr r=1 y=0 c0=t11 c1=IDLE0
141 core=0 prio t5 0 r=0 y=0 c0=t11 c1=IDLE0
142 core=1 give r=0 y=0 c0=t11 c1=IDLE0
143 core=1 delete 2 t11 r=0 y=1 c0=IDLE1 c1=IDLE0
144 core=0 prio t10 2 r=0 y=0 c0=IDLE1 c1=IDLE0
145 core=0 tick r=1 y=3 c0=t9 c1=IDLE1
146 core=0 tick r=0 y=2 c0=t9 c1=IDLE0
147 core=1 create 2 t12 p0 r=1 y=2 c0=t9 c1=IDLE1
148 core=1 delete 0 t10 r=0 y=0 c0=t9 c1=IDLE1
149 core=1 resume t3 r=0 y=2 c0=t9 c1=t3
150 core=1 noop r=0 y=0 c0=t9 c1=t3
151 core=1 takeb t3 5 r=1 y=0 c0=t9 c1=t3
152 core=0 create 5 t13 p0 r=1 y=0 c0=t9 c1=t3
153 core=0 delay t9 1 r=0 y=1 c0=t12 c1=t3
154 core=1 give_isr r=1 y=0 c0=t12 c1=t3
155 core=1 noop r=0 y=0 c0=t12 c1=t3
156 core=0 tick r=1 y=3 c0=t9 c1=t3
157 core=1 noop r=0 y=0 c0=t9 c1=t3
158 core=0 tick r=1 y=3 c0=t9 c1=t3
159 core=0 tick r=1 y=3 c0=t9 c1=t3
160 core=1 takeb t3 3 r=1 y=0 c0=t9 c1=t3
161 core=1 delay t3 2 r=0 y=2 c0=t9 c1=IDLE0
162 core=0 create 9 t14 p0 r=1 y=2 c0=t9 c1=IDLE1
163 core=0 take t9 r=0 y=0 c0=t9 c1=IDLE1
164 core=0 resume t13 r=0 y=0 c0=t9 c1=IDLE1
165 core=1 create 0 t15 p1 r=1 y=2 c0=t9 c1=t15
166 core=0 resume t3 r=0 y=0 c0=t9 c1=t15
167 core=0 suspend t5 r=0 y=0 c0=t9 c1=t15
168 core=1 suspend t5 r=0 y=0 c0=t9 c1=t15
169 core=1 noop r=0 y=0 c0=t9 c1=t15
170 core=0 takeb t9 2 r=2 y=1 c0=t13 c1=t15
171 core=1 resume t14 r=0 y=0 c0=t13 c1=t15
172 core=0 give r=1 y=1 c0=t9 c1=t15
173 core=0 cont t9 r=1 y=0 c0=t9 c1=t15
174 core=0 tick r=0 y=0 c0=t9 c1=t15
175 core=0 delay t9 2 r=0 y=1 c0=t12 c1=t15
176 core=0 resume t13 r=0 y=0 c0=t12 c1=t15
177 core=0 tick r=1 y=1 c0=t3 c1=t15
178 core=1 resume t12 r=0 y=0 c0=t3 c1=t15
179 core=0 give r=1 y=0 c0=t3 c1=t15
180 core=0 noop r=0 y=0 c0=t3 c1=t15
181 core=1 suspend t7 r=0 y=0 c0=t3 c1=t15
182 core=1 prio t13 2 r=0 y=2 c0=t3 c1=t13
183 core=1 prio t14 0 r=0 y=0 c0=t3 c1=t13
184 core=0 noop r=0 y=0 c0=t3 c1=t13
185 core=0 resume t14 r=0 y=0 c0=t3 c1=t13
186 core=1 delete 0 t15 r=0 y=0 c0=t3 c1=t13
187 core=1 suspend t9 r=0 y=0 c0=t3 c1=t13
188 core=0 yield r=0 y=1 c0=t3 c1=t13
189 core=1 noop r=0 y=0 c0=t3 c1=t13
190 core=0 give r=0 y=0 c0=t3 c1=t13
191 core=1 create 0 t16 p0 r=1 y=0 c0=t3 c1=t13
192 core=0 noop r=0 y=0 c0=t3 c1=t13
193 core=0 delay t3 5 r=0 y=1 c0=t14 c1=t13
194 core=1 take t13 r=1 y=0 c0=t14 c1=t13
195 core=1 noop r=0 y=0 c0=t14 c1=t13
196 core=0 delay t14 2 r=0 y=1 c0=IDLE0 c1=t13
197 core=1 noop r=0 y=0 c0=IDLE0 c1=t13
198 core=0 give r=1 y=0 c0=IDLE0 c1=t13
199 core=0 prio t7 1 r=0 y=0 c0=IDLE0 c1=t13
200 core=0 noop r=0 y=0 c0=IDLE0 c1=t13
201 core=0 resume t16 r=0 y=0 c0=IDLE0 c1=t13
202 core=1 take t13 r=1 y=0 c0=IDLE0 c1=t13
203 core=0 noop r=0 y=0 c0=IDLE0 c1=t13
204 core=0 give r=1 y=0 c0=IDLE0 c1=t13
205 core=0 resume t13 r=0 y=0 c0=IDLE0 c1=t13
206 core=1 noop r=0 y=0 c0=IDLE0 c1=t13
207 core=0 noop r=0 y=0 c0=IDLE0 c1=t13
208 core=1 give r=0 y=0 c0=IDLE0 c1=t13
209 core=0 give r=0 y=0 c0=IDLE0 c1=t13
210 core=0 resume t5 r=0 y=1 c0=IDLE1 c1=t13
211 core=0 tick r=1 y=1 c0=t12 c1=t13
212 core=1 yield r=0 y=2 c0=t12 c1=t13
213 core=0 give r=0 y=0 c0=t12 c1=t13
214 core=0 noop r=0 y=0 c0=t12 c1=t13
215 core=0 noop r=0 y=0 c0=t12 c1=t13
216 core=1 yield r=0 y=2 c0=t12 c1=t13
217 core=0 yield r=0 y=1 c0=t16 c1=t13
218 core=1 noop r=0 y=0 c0=t16 c1=t13
219 core=0 prio t7 2 r=0 y=0 c0=t16 c1=t13
220 core=1 takeb t13 5 r=1 y=0 c0=t16 c1=t13
221 core=0 noop r=0 y=0 c0=t16 c1=t13
222 core=1 resume t9 r=0 y=1 c0=t9 c1=t13
223 core=1 resume t5 r=0 y=0 c0=t9 c1=t13
224 core=0 resume t13 r=0 y=0 c0=t9 c1=t13
225 core=1 delete 6 t7 r=0 y=0 c0=t9 c1=t13
226 core=1 noop r=0 y=0 c0=t9 c1=t13
227 core=1 noop r=0 y=0 c0=t9 c1=t13
228 core=0 prio t9 3 r=0 y=0 c0=t9 c1=t13
229 core=1 give_isr r=1 y=0 c0=t9 c1=t13
230 core=0 tick r=0 y=0 c0=t9 c1=t13
231 core=0 resume t16 r=0 y=0 c0=t9 c1=t13
232 core=1 yield r=0 y=2 c0=t9 c1=t13
233 core=0 takeb t9 6 r=1 y=0 c0=t9 c1=t13
234 core=0 delay t9 5 r=0 y=1 c0=t5 c1=t13
235 core=1 prio t13 2 r=0 y=0 c0=t5 c1=t13
236 core=0 cont t5 r=0 y=0 c0=t5 c1=t13
237 core=0 tick r=1 y=1 c0=IDLE0 c1=t13
238 core=1 give r=1 y=0 c0=IDLE0 c1=t13
239 core=0 tick r=1 y=1 c0=IDLE1 c1=t13
240 core=1 delay t13 4 r=0 y=2 c0=IDLE1 c1=t12
241 core=0 resume t14 r=0 y=0 c0=IDLE1 c1=t12
242 core=1 delay t12 5 r=0 y=2 c0=IDLE1 c1=t16
243 core=0 noop r=0 y=0 c0=IDLE1 c1=t16
244 core=1 noop r=0 y=0 c0=IDLE1 c1=t16
245 core=0 yield r=0 y=1 c0=t14 c1=t16
246 core=1 give r=0 y=0 c0=t14 c1=t16
247 core=0 noop r=0 y=0 c0=t14 c1=t16
248 core=0 give_isr r=0 y=0 c0=t14 c1=t16
249 core=0 noop r=0 y=0 c0=t14 c1=t16
250 core=1 prio t5 2 r=0 y=2 c0=t14 c1=t5
251 core=1 delay t5 5 r=0 y=2 c0=t14 c1=IDLE0
252 core=0 give r=0 y=0 c0=t14 c1=IDLE0
253 core=1 noop r=0 y=0 c0=t14 c1=IDLE0
254 core=1 give_isr r=0 y=0 c0=t14 c1=IDLE0
255 core=0 takeb t14 1 r=1 y=0 c0=t14 c1=IDLE0
256 core=1 noop r=0 y=0 c0=t14 c1=IDLE0
257 core=0 give r=1 y=0 c0=t14 c1=IDLE0
258 core=0 suspend t16 r=0 y=0 c0=t14 c1=IDLE0
259 core=0 noop r=0 y=0 c0=t14 c1=IDLE0
260 core=1 noop r=0 y=0 c0=t14 c1=IDLE0
261 core=0 noop r=0 y=0 c0=t14 c1=IDLE0
262 core=1 noop r=0 y=0 c0=t14 c1=IDLE0
263 core=1 give_isr r=0 y=0 c0=t14 c1=IDLE0
264 core=0 give r=0 y=0 c0=t14 c1=IDLE0
265 core=0 tick r=1 y=3 c0=t3 c1=IDLE1
266 core=0 noop r=0 y=0 c0=t3 c1=IDLE1
267 core=0 resume t3 r=0 y=0 c0=t3 c1=IDLE1
268 core=0 delay t3 5 r=0 y=1 c0=t14 c1=IDLE1
269 core=1 noop r=0 y=0 c0=t14 c1=IDLE1
270 core=0 give r=0 y=0 c0=t14 c1=IDLE1
271 core=1 give r=0 y=0 c0=t14 c1=IDLE1
272 core=0 noop r=0 y=0 c0=t14 c1=IDLE1
273 core=0 delay t14 3 r=0 y=1 c0=IDLE0 c1=IDLE1
274 core=0 give r=0 y=0 c0=IDLE0 c1=IDLE1
275 core=1 suspend t3 r=0 y=0 c0=IDLE0 c1=IDLE1
276 core=1 noop r=0 y=0 c0=IDLE0 c1=IDLE1
277 core=1 noop r=0 y=0 c0=IDLE0 c1=IDLE1
278 core=1 noop r=0 y=0 c0=IDLE0 c1=IDLE1
279 core=1 noop r=0 y=0 c0=IDLE0 c1=IDLE1
280 core=0 noop r=0 y=0 c0=IDLE0 c1=IDLE1
281 core=0 resume t3 r=0 y=2 c0=IDLE0 c1=t3
282 core=0 delete 1 t5 r=0 y=0 c0=IDLE0 c1=t3
283 core=0 noop r=0 y=0 c0=IDLE0 c1=t3
284 core=0 suspend t12 r=0 y=0 c0=IDLE0 c1=t3
285 core=1 prio t13 3 r=0 y=0 c0=IDLE0 c1=t3
286 core=0 resume t12 r=0 y=1 c0=IDLE1 c1=t3
287 core=1 delay t3 4 r=0 y=2 c0=IDLE1 c1=t12
288 core=0 resume t16 r=0 y=1 c0=IDLE0 c1=t12
289 core=0 tick r=1 y=3 c0=t16 c1=IDLE1
290 core=1 suspend t12 r=0 y=0 c0=t16 c1=IDLE1
291 core=0 noop r=0 y=0 c0=t16 c1=IDLE1
292 core=0 resume t14 r=0 y=0 c0=t16 c1=IDLE1
293 core=0 delete 9 t14 r=0 y=0 c0=t16 c1=IDLE1
294 core=1 suspend t3 r=0 y=0 c0=t16 c1=IDLE1
295 core=0 give_isr r=0 y=0 c0=t16 c1=IDLE1
296 core=1 suspend t13 r=0 y=0 c0=t16 c1=IDLE1
297 core=1 noop r=0 y=0 c0=t16 c1=IDLE1
298 core=1 give r=0 y=0 c0=t16 c1=IDLE1
299 core=1 give r=0 y=0 c0=t16 c1=IDLE1
300 core=1 give r=0 y=0 c0=t16 c1=IDLE1
301 core=1 noop r=0 y=0 c0=t16 c1=IDLE1
302 core=1 noop r=0 y=0 c0=t16 c1=IDLE1
303 core=0 delete 5 t13 r=0 y=0 c0=t16 c1=IDLE1
304 core=0 tick r=1 y=3 c0=t9 c1=IDLE0
305 core=0 give r=0 y=0 c0=t9 c1=IDLE0
306 core=1 yield r=0 y=2 c0=t9 c1=t16
307 core=0 noop r=0 y=0 c0=t9 c1=t16
308 core=0 noop r=0 y=0 c0=t9 c1=t16
309 core=1 noop r=0 y=0 c0=t9 c1=t16
310 core=0 noop r=0 y=0 c0=t9 c1=t16
311 core=0 noop r=0 y=0 c0=t9 c1=t16
312 core=0 give r=0 y=0 c0=t9 c1=t16
313 core=0 noop r=0 y=0 c0=t9 c1=t16
314 core=0 noop r=0 y=0 c0=t9 c1=t16
315 core=0 delay t9 4 r=0 y=1 c0=IDLE1 c1=t16
316 core=0 noop r=0 y=0 c0=IDLE1 c1=t16
317 core=1 suspend t9 r=0 y=0 c0=IDLE1 c1=t16
318 core=0 noop r=0 y=0 c0=IDLE1 c1=t16
319 core=0 noop r=0 y=0 c0=IDLE1 c1=t16
320 core=0 tick r=1 y=3 c0=IDLE0 c1=IDLE1
321 core=0 create 6 t17 p1 r=1 y=2 c0=IDLE0 c1=t17
322 core=1 resume t17 r=0 y=0 c0=IDLE0 c1=t17
323 core=0 give_isr r=0 y=0 c0=IDLE0 c1=t17
324 core=0 noop r=0 y=0 c0=IDLE0 c1=t17
325 core=0 suspend t16 r=0 y=0 c0=IDLE0 c1=t17
326 core=1 create 5 t18 p2 r=1 y=1 c0=t18 c1=t17
327 core=1 resume t9 r=0 y=2 c0=t18 c1=t9
328 core=1 yield r=0 y=2 c0=t18 c1=t9
329 core=1 noop r=0 y=0 c0=t18 c1=t9
330 core=1 suspend t3 r=0 y=0 c0=t18 c1=t9
331 core=1 give r=0 y=0 c0=t18 c1=t9
332 core=1 take t9 r=1 y=0 c0=t18 c1=t9
333 core=1 suspend t3 r=0 y=0 c0=t18 c1=t9
334 core=0 delete 7 t9 r=0 y=2 c0=t18 c1=t17
335 core=0 resume t17 r=0 y=0 c0=t18 c1=t17
336 core=0 delay t18 1 r=0 y=1 c0=IDLE1 c1=t17
337 core=1 noop r=0 y=0 c0=IDLE1 c1=t17
338 core=0 prio t18 2 r=0 y=0 c0=IDLE1 c1=t17
339 core=0 noop r=0 y=0 c0=IDLE1 c1=t17
340 core=0 noop r=0 y=0 c0=IDLE1 c1=t17
341 core=0 noop r=0 y=0 c0=IDLE1 c1=t17
342 core=1 take t17 r=0 y=0 c0=IDLE1 c1=t17
343 core=0 noop r=0 y=0 c0=IDLE1 c1=t17
344 core=1 noop r=0 y=0 c0=IDLE1 c1=t17
345 core=1 suspend t12 r=0 y=0 c0=IDLE1 c1=t17
346 core=0 give r=1 y=0 c0=IDLE1 c1=t17
347 core=0 tick r=1 y=1 c0=t18 c1=t17
348 core=1 resume t16 r=0 y=0 c0=t18 c1=t17
349 core=0 tick r=0 y=0 c0=t18 c1=t17
350 core=0 create 8 t19 p3 r=1 y=2 c0=t18 c1=t19
351 core=1 create 1 t20 p3 r=1 y=1 c0=t20 c1=t19
352 core=0 delay t20 1 r=0 y=1 c0=t18 c1=t19
353 core=0 tick r=1 y=3 c0=t20 c1=t19
354 core=1 give_isr r=0 y=0 c0=t20 c1=t19
355 core=1 takeb t19 2 r=1 y=0 c0=t20 c1=t19
356 core=1 takeb t19 3 r=2 y=2 c0=t20 c1=t18
357 core=0 delete 5 t18 r=0 y=2 c0=t20 c1=t17
358 core=0 noop r=0 y=0 c0=t20 c1=t17
359 core=0 suspend t12 r=0 y=0 c0=t20 c1=t17
360 core=0 tick r=0 y=0 c0=t20 c1=t17
361 core=0 prio t12 3 r=0 y=0 c0=t20 c1=t17
362 core=0 noop r=0 y=0 c0=t20 c1=t17
363 core=0 give r=1 y=2 c0=t20 c1=t19
364 core=0 give r=0 y=0 c0=t20 c1=t19
365 core=0 give_isr r=0 y=0 c0=t20 c1=t19
366 core=0 give r=0 y=0 c0=t20 c1=t19
367 core=0 suspend t17 r=0 y=0 c0=t20 c1=t19
368 core=1 cont t19 r=1 y=0 c0=t20 c1=t19
369 core=1 delay t19 2 r=0 y=2 c0=t20 c1=IDLE0
370 core=0 resume t16 r=0 y=0 c0=t20 c1=IDLE0
371 core=1 prio t12 2 r=0 y=0 c0=t20 c1=IDLE0
372 core=1 noop r=0 y=0 c0=t20 c1=IDLE0
373 core=0 suspend t17 r=0 y=0 c0=t20 c1=IDLE0
374 core=0 delay t20 2 r=0 y=1 c0=IDLE1 c1=IDLE0
375 core=0 tick r=1 y=3 c0=t16 c1=IDLE1
376 core=0 prio t20 0 r=0 y=0 c0=t16 c1=IDLE1
377 core=1 noop r=0 y=0 c0=t16 c1=IDLE1
378 core=1 noop r=0 y=0 c0=t16 c1=IDLE1
379 core=1 delete 1 t20 r=0 y=0 c0=t16 c1=IDLE1
380 core=0 take t16 r=0 y=0 c0=t16 c1=IDLE1
381 core=0 take t16 r=0 y=0 c0=t16 c1=IDLE1
382 core=0 delete 3 t3 r=0 y=0 c0=t16 c1=IDLE1
383 core=1 noop r=0 y=0 c0=t16 c1=IDLE1
384 core=1 give r=1 y=0 c0=t16 c1=IDLE1
385 core=0 noop r=0 y=0 c0=t16 c1=IDLE1
386 core=0 yield r=0 y=1 c0=IDLE0 c1=IDLE1
387 core=0 noop r=0 y=0 c0=IDLE0 c1=IDLE1
388 core=0 noop r=0 y=0 c0=IDLE0 c1=IDLE1
389 core=1 create 5 t21 p2 r=1 y=2 c0=IDLE0 c1=t21
390 core=1 suspend t17 r=0 y=0 c0=IDLE0 c1=t21
391 core=0 delete 8 t19 r=0 y=0 c0=IDLE0 c1=t21
392 core=1 yield r=0 y=2 c0=IDLE0 c1=t21
393 core=1 delay t21 3 r=0 y=2 c0=IDLE0 c1=t16
394 core=1 noop r=0 y=0 c0=IDLE0 c1=t16
395 core=0 give r=0 y=0 c0=IDLE0 c1=t16
396 core=0 noop r=0 y=0 c0=IDLE0 c1=t16
397 core=0 create 1 t22 p1 r=1 y=1 c0=t22 c1=t16
398 core=0 yield r=0 y=1 c0=t22 c1=t16
399 core=1 create 7 t23 p3 r=1 y=2 c0=t22 c1=t23
400 core=0 tick r=0 y=0 c0=t22 c1=t23
401 core=1 yield r=0 y=2 c0=t22 c1=t23
402 core=0 give r=0 y=0 c0=t22 c1=t23
403 core=1 prio t16 3 r=0 y=1 c0=t16 c1=t23
404 core=0 give r=0 y=0 c0=t16 c1=t23
405 core=1 resume t16 r=0 y=0 c0=t16 c1=t23
406 core=1 give_isr r=0 y=0 c0=t16 c1=t23
407 core=0 tick r=1 y=3 c0=t16 c1=t23
408 core=1 noop r=0 y=0 c0=t16 c1=t23
409 core=0 resume t21 r=0 y=0 c0=t16 c1=t23
410 core=1 give r=0 y=0 c0=t16 c1=t23
411 core=0 give r=0 y=0 c0=t16 c1=t23
412 core=0 suspend t12 r=0 y=0 c0=t16 c1=t23
413 core=0 tick r=1 y=3 c0=t16 c1=t23
414 core=1 resume t17 r=0 y=0 c0=t16 c1=t23
415 core=1 prio t16 1 r=0 y=1 c0=t21 c1=t23
416 core=1 yield r=0 y=2 c0=t21 c1=t23
417 core=1 noop r=0 y=0 c0=t21 c1=t23
418 core=0 delay t21 1 r=0 y=1 c0=t22 c1=t23
419 core=0 noop r=0 y=0 c0=t22 c1=t23
420 core=0 takeb t22 5 r=1 y=0 c0=t22 c1=t23
421 core=0 delay t22 4 r=0 y=1 c0=t17 c1=t23
422 core=0 noop r=0 y=0 c0=t17 c1=t23
423 core=0 give_isr r=1 y=0 c0=t17 c1=t23
424 core=0 noop r=0 y=0 c0=t17 c1=t23
425 core=1 give r=0 y=0 c0=t17 c1=t23
426 core=0 create 4 t24 p1 r=1 y=0 c0=t17 c1=t23
427 core=0 delete 2 t12 r=0 y=0 c0=t17 c1=t23
428 core=1 delete 7 t23 r=0 y=2 c0=t17 c1=t16
429 core=0 delay t17 2 r=0 y=1 c0=t24 c1=t16
430 core=1 delay t16 3 r=0 y=2 c0=t24 c1=IDLE1
431 core=1 give r=0 y=0 c0=t24 c1=IDLE1
432 core=0 yield r=0 y=1 c0=t24 c1=IDLE1
433 core=1 give_isr r=0 y=0 c0=t24 c1=IDLE1
434 core=1 yield r=0 y=2 c0=t24 c1=IDLE0
435 core=0 delay t24 1 r=0 y=1 c0=IDLE1 c1=IDLE0
436 core=1 noop r=0 y=0 c0=IDLE1 c1=IDLE0
437 core=1 noop r=0 y=0 c0=IDLE1 c1=IDLE0
438 core=1 noop r=0 y=0 c0=IDLE1 c1=IDLE0
439 core=1 noop r=0 y=0 c0=IDLE1 c1=IDLE0
440 core=1 noop r=0 y=0 c0=IDLE1 c1=IDLE0
441 core=1 yield r=0 y=2 c0=IDLE1 c1=IDLE0
442 core=0 noop r=0 y=0 c0=IDLE1 c1=IDLE0
443 core=1 noop r=0 y=0 c0=IDLE1 c1=IDLE0
444 core=1 create 9 t25 p0 r=1 y=2 c0=IDLE1 c1=t25
445 core=0 create 2 t26 p3 r=1 y=1 c0=t26 c1=t25
446 core=1 takeb t25 3 r=1 y=0 c0=t26 c1=t25
447 core=1 resume t25 r=0 y=0 c0=t26 c1=t25
448 core=0 noop r=0 y=0 c0=t26 c1=t25
449 core=0 delay t26 4 r=0 y=1 c0=IDLE0 c1=t25
450 core=1 take t25 r=0 y=0 c0=IDLE0 c1=t25
451 core=1 delay t25 5 r=0 y=2 c0=IDLE0 c1=IDLE1
452 core=0 resume t16 r=0 y=0 c0=IDLE0 c1=IDLE1
453 core=0 noop r=0 y=0 c0=IDLE0 c1=IDLE1
454 core=0 give_isr r=1 y=0 c0=IDLE0 c1=IDLE1
455 core=0 tick r=1 y=3 c0=t21 c1=t24
456 core=1 noop r=0 y=0 c0=t21 c1=t24
457 core=0 noop r=0 y=0 c0=t21 c1=t24
458 core=0 give_isr r=0 y=0 c0=t21 c1=t24
459 core=0 noop r=0 y=0 c0=t21 c1=t24
460 core=0 take t21 r=1 y=0 c0=t21 c1=t24
461 core=0 noop r=0 y=0 c0=t21 c1=t24
462 core=1 prio t21 0 r=0 y=1 c0=IDLE0 c1=t24
463 core=0 delete 5 t21 r=0 y=0 c0=IDLE0 c1=t24
464 core=0 give r=1 y=0 c0=IDLE0 c1=t24
465 core=1 noop r=0 y=0 c0=IDLE0 c1=t24
466 core=0 noop r=0 y=0 c0=IDLE0 c1=t24
467 core=0 noop r=0 y=0 c0=IDLE0 c1=t24
468 core=0 give r=0 y=0 c0=IDLE0 c1=t24
469 core=1 yield r=0 y=2 c0=IDLE0 c1=t24
470 core=0 noop r=0 y=0 c0=IDLE0 c1=t24
471 core=0 prio t26 1 r=0 y=0 c0=IDLE0 c1=t24
472 core=0 suspend t26 r=0 y=0 c0=IDLE0 c1=t24
473 core=1 prio t17 2 r=0 y=0 c0=IDLE0 c1=t24
474 core=1 prio t16 0 r=0 y=0 c0=IDLE0 c1=t24
475 core=0 give_isr r=0 y=0 c0=IDLE0 c1=t24
476 core=0 yield r=0 y=1 c0=IDLE1 c1=t24
477 core=1 yield r=0 y=2 c0=IDLE1 c1=t24
478 core=0 give r=0 y=0 c0=IDLE1 c1=t24
479 core=0 noop r=0 y=0 c0=IDLE1 c1=t24
480 core=1 noop r=0 y=0 c0=IDLE1 c1=t24
481 core=1 yield r=0 y=2 c0=IDLE1 c1=t24
482 core=0 tick r=1 y=1 c0=t17 c1=t24
483 core=1 noop r=0 y=0 c0=t17 c1=t24
484 core=0 noop r=0 y=0 c0=t17 c1=t24
485 core=1 takeb t24 5 r=1 y=0 c0=t17 c1=t24
486 core=1 noop r=0 y=0 c0=t17 c1=t24
487 core=0 tick r=0 y=0 c0=t17 c1=t24
488 core=0 delete 4 t24 r=0 y=2 c0=t17 c1=IDLE0
489 core=0 take t17 r=0 y=0 c0=t17 c1=IDLE0
490 core=0 delay t17 5 r=0 y=1 c0=IDLE1 c1=IDLE0
491 core=1 prio t25 1 r=0 y=0 c0=IDLE1 c1=IDLE0
492 core=1 create 7 t27 p1 r=1 y=2 c0=IDLE1 c1=t27
493 core=0 noop r=0 y=0 c0=IDLE1 c1=t27
494 core=1 noop r=0 y=0 c0=IDLE1 c1=t27
495 core=1 take t27 r=0 y=0 c0=IDLE1 c1=t27
496 core=0 prio t27 1 r=0 y=0 c0=IDLE1 c1=t27
497 core=0 give_isr r=1 y=0 c0=IDLE1 c1=t27
498 core=0 noop r=0 y=0 c0=IDLE1 c1=t27
499 core=1 noop r=0 y=0 c0=IDLE1 c1=t27
500 core=0 give_isr r=0 y=0 c0=IDLE1 c1=t27
501 core=0 noop r=0 y=0 c0=IDLE1 c1=t27
502 core=1 prio t22 2 r=0 y=0 c0=IDLE1 c1=t27
503 core=0 give r=0 y=0 c0=IDLE1 c1=t27
504 core=1 prio t22 1 r=0 y=0 c0=IDLE1 c1=t27
505 core=1 noop r=0 y=0 c0=IDLE1 c1=t27
506 core=1 give_isr r=0 y=0 c0=IDLE1 c1=t27
507 core=0 noop r=0 y=0 c0=IDLE1 c1=t27
508 core=0 noop r=0 y=0 c0=IDLE1 c1=t27
509 core=1 noop r=0 y=0 c0=IDLE1 c1=t27
510 core=0 delete 9 t25 r=0 y=0 c0=IDLE1 c1=t27
511 core=1 noop r=0 y=0 c0=IDLE1 c1=t27
512 core=1 suspend t27 r=0 y=2 c0=IDLE1 c1=t16
513 core=1 give r=0 y=0 c0=IDLE1 c1=t16
514 core=1 delay t16 1 r=0 y=2 c0=IDLE1 c1=IDLE0
515 core=0 noop r=0 y=0 c0=IDLE1 c1=IDLE0
516 core=0 noop r=0 y=0 c0=IDLE1 c1=IDLE0
517 core=0 suspend t22 r=0 y=0 c0=IDLE1 c1=IDLE0
518 core=0 noop r=0 y=0 c0=IDLE1 c1=IDLE0
519 core=1 noop r=0 y=0 c0=IDLE1 c1=IDLE0
520 core=1 noop r=0 y=0 c0=IDLE1 c1=IDLE0
521 core=0 noop r=0 y=0 c0=IDLE1 c1=IDLE0
522 core=1 noop r=0 y=0 c0=IDLE1 c1=IDLE0
523 core=0 noop r=0 y=0 c0=IDLE1 c1=IDLE0
524 core=0 noop r=0 y=0 c0=IDLE1 c1=IDLE0
525 core=0 give_isr r=0 y=0 c0=IDLE1 c1=IDLE0
526 core=0 tick r=1 y=3 c0=t16 c1=IDLE1
527 core=0 noop r=0 y=0 c0=t16 c1=IDLE1
528 core=1 give_isr r=0 y=0 c0=t16 c1=IDLE1
529 core=0 give r=0 y=0 c0=t16 c1=IDLE1
530 core=0 tick r=1 y=3 c0=IDLE0 c1=t16
531 core=0 suspend t27 r=0 y=0 c0=IDLE0 c1=t16
532 core=0 tick r=1 y=3 c0=IDLE1 c1=IDLE0
533 core=1 suspend t27 r=0 y=0 c0=IDLE1 c1=IDLE0
534 core=1 noop r=0 y=0 c0=IDLE1 c1=IDLE0
535 core=0 noop r=0 y=0 c0=IDLE1 c1=IDLE0
536 core=0 noop r=0 y=0 c0=IDLE1 c1=IDLE0
537 core=0 noop r=0 y=0 c0=IDLE1 c1=IDLE0
538 core=1 yield r=0 y=2 c0=IDLE1 c1=t16
539 core=1 prio t16 0 r=0 y=0 c0=IDLE1 c1=t16
540 core=1 noop r=0 y=0 c0=IDLE1 c1=t16
541 core=0 tick r=1 y=3 c0=IDLE0 c1=IDLE1
542 core=0 noop r=0 y=0 c0=IDLE0 c1=IDLE1
543 core=0 give r=0 y=0 c0=IDLE0 c1=IDLE1
544 core=1 noop r=0 y=0 c0=IDLE0 c1=IDLE1
545 core=1 noop r=0 y=0 c0=IDLE0 c1=IDLE1
546 core=0 noop r=0 y=0 c0=IDLE0 c1=IDLE1
547 core=1 noop r=0 y=0 c0=IDLE0 c1=IDLE1
548 core=1 give_isr r=0 y=0 c0=IDLE0 c1=IDLE1
549 core=1 noop r=0 y=0 c0=IDLE0 c1=IDLE1
550 core=0 noop r=0 y=0 c0=IDLE0 c1=IDLE1
551 core=1 resume t16 r=0 y=0 c0=IDLE0 c1=IDLE1
552 core=1 noop r=0 y=0 c0=IDLE0 c1=IDLE1
553 core=1 noop r=0 y=0 c0=IDLE0 c1=IDLE1
554 core=0 noop r=0 y=0 c0=IDLE0 c1=IDLE1
555 core=0 noop r=0 y=0 c0=IDLE0 c1=IDLE1
556 core=1 noop r=0 y=0 c0=IDLE0 c1=IDLE1
557 core=0 tick r=1 y=3 c0=t17 c1=t16
558 core=1 give_isr r=0 y=0 c0=t17 c1=t16
559 core=1 create 5 t28 p2 r=1 y=2 c0=t17 c1=t28
560 core=0 noop r=0 y=0 c0=t17 c1=t28
561 core=1 give r=0 y=0 c0=t17 c1=t28
562 core=1 noop r=0 y=0 c0=t17 c1=t28
563 core=0 noop r=0 y=0 c0=t17 c1=t28
564 core=1 noop r=0 y=0 c0=t17 c1=t28
565 core=0 tick r=1 y=3 c0=t17 c1=t28
566 core=1 prio t17 2 r=0 y=0 c0=t17 c1=t28
567 core=1 noop r=0 y=0 c0=t17 c1=t28
568 core=1 noop r=0 y=0 c0=t17 c1=t28
569 core=1 take t28 r=1 y=0 c0=t17 c1=t28
570 core=1 delay t28 3 r=0 y=2 c0=t17 c1=IDLE0
571 core=0 noop r=0 y=0 c0=t17 c1=IDLE0
572 core=0 yield r=0 y=1 c0=t17 c1=IDLE0
573 core=0 noop r=0 y=0 c0=t17 c1=IDLE0
574 core=1 noop r=0 y=0 c0=t17 c1=IDLE0
575 core=1 give_isr r=1 y=0 c0=t17 c1=IDLE0
576 core=0 noop r=0 y=0 c0=t17 c1=IDLE0
577 core=1 give_isr r=0 y=0 c0=t17 c1=IDLE0
578 core=0 suspend t28 r=0 y=0 c0=t17 c1=IDLE0
579 core=0 suspend t28 r=0 y=0 c0=t17 c1=IDLE0
580 core=0 delay t17 2 r=0 y=1 c0=IDLE1 c1=IDLE0
581 core=0 suspend t16 r=0 y=0 c0=IDLE1 c1=IDLE0
582 core=0 noop r=0 y=0 c0=IDLE1 c1=IDLE0
583 core=1 delete 6 t17 r=0 y=0 c0=IDLE1 c1=IDLE0
584 core=1 give r=0 y=0 c0=IDLE1 c1=IDLE0
585 core=1 create 9 t29 p1 r=1 y=2 c0=IDLE1 c1=t29
586 core=0 create 4 t30 p2 r=1 y=1 c0=t30 c1=t29
587 core=0 tick r=0 y=0 c0=t30 c1=t29
588 core=1 delay t29 5 r=0 y=2 c0=t30 c1=IDLE0
589 core=0 tick r=0 y=2 c0=t30 c1=IDLE1
590 core=1 resume t29 r=0 y=0 c0=t30 c1=IDLE1
591 core=1 noop r=0 y=0 c0=t30 c1=IDLE1
592 core=1 noop r=0 y=0 c0=t30 c1=IDLE1
593 core=0 delay t30 3 r=0 y=1 c0=IDLE0 c1=IDLE1
594 core=0 delete 5 t28 r=0 y=0 c0=IDLE0 c1=IDLE1
595 core=0 resume t30 r=0 y=0 c0=IDLE0 c1=IDLE1
596 core=1 give r=0 y=0 c0=IDLE0 c1=IDLE1
597 core=1 noop r=0 y=0 c0=IDLE0 c1=IDLE1
598 core=1 resume t27 r=0 y=2 c0=IDLE0 c1=t27
599 core=0 noop r=0 y=0 c0=IDLE0 c1=t27
600 core=1 delay t27 5 r=0 y=2 c0=IDLE0 c1=IDLE1
601 core=1 noop r=0 y=0 c0=IDLE0 c1=IDLE1
602 core=1 prio t16 1 r=0 y=0 c0=IDLE0 c1=IDLE1
603 core=1 noop r=0 y=0 c0=IDLE0 c1=IDLE1
604 core=0 tick r=1 y=3 c0=IDLE0 c1=IDLE1
605 core=0 noop r=0 y=0 c0=IDLE0 c1=IDLE1
606 core=0 give_isr r=0 y=0 c0=IDLE0 c1=IDLE1
607 core=0 noop r=0 y=0 c0=IDLE0 c1=IDLE1
608 core=1 noop r=0 y=0 c0=IDLE0 c1=IDLE1
609 core=1 suspend t16 r=0 y=0 c0=IDLE0 c1=IDLE1
610 core=1 noop r=0 y=0 c0=IDLE0 c1=IDLE1
611 core=0 resume t30 r=0 y=0 c0=IDLE0 c1=IDLE1
612 core=1 suspend t22 r=0 y=0 c0=IDLE0 c1=IDLE1
613 core=0 noop r=0 y=0 c0=IDLE0 c1=IDLE1
614 core=0 tick r=1 y=3 c0=IDLE0 c1=IDLE1
615 core=1 resume t27 r=0 y=0 c0=IDLE0 c1=IDLE1
616 core=0 create 8 t31 p3 r=1 y=2 c0=IDLE0 c1=t31
617 core=1 resume t22 r=0 y=1 c0=t22 c1=t31
618 core=0 tick r=1 y=1 c0=t30 c1=t31
619 core=0 suspend t29 r=0 y=0 c0=t30 c1=t31
620 core=0 noop r=0 y=0 c0=t30 c1=t31
621 core=0 yield r=0 y=1 c0=t30 c1=t31
622 core=1 noop r=0 y=0 c0=t30 c1=t31
623 core=0 tick r=0 y=0 c0=t30 c1=t31
624 core=0 noop r=0 y=0 c0=t30 c1=t31
625 core=0 noop r=0 y=0 c0=t30 c1=t31
626 core=0 delete 7 t27 r=0 y=0 c0=t30 c1=t31
627 core=1 delay t31 3 r=0 y=2 c0=t30 c1=t22
628 core=1 delete 8 t31 r=0 y=0 c0=t30 c1=t22
629 core=1 noop r=0 y=0 c0=t30 c1=t22
630 core=0 take t30 r=1 y=0 c0=t30 c1=t22
631 core=0 delay t30 1 r=0 y=1 c0=IDLE1 c1=t22
632 core=0 suspend t22 r=0 y=2 c0=IDLE1 c1=IDLE0
633 core=0 noop r=0 y=0 c0=IDLE1 c1=IDLE0
634 core=1 noop r=0 y=0 c0=IDLE1 c1=IDLE0
635 core=0 resume t29 r=0 y=2 c0=IDLE1 c1=t29
636 core=1 delay t29 4 r=0 y=2 c0=IDLE1 c1=IDLE0
637 core=0 noop r=0 y=0 c0=IDLE1 c1=IDLE0
638 core=0 noop r=0 y=0 c0=IDLE1 c1=IDLE0
639 core=0 tick r=1 y=3 c0=t30 c1=IDLE1
640 core=1 resume t30 r=0 y=0 c0=t30 c1=IDLE1
641 core=0 delay t30 4 r=0 y=1 c0=IDLE0 c1=IDLE1
642 core=0 yield r=0 y=1 c0=IDLE0 c1=IDLE1
643 core=1 noop r=0 y=0 c0=IDLE0 c1=IDLE1
644 core=0 tick r=1 y=3 c0=IDLE0 c1=IDLE1
645 core=0 give r=1 y=0 c0=IDLE0 c1=IDLE1
646 core=0 noop r=0 y=0 c0=IDLE0 c1=IDLE1
647 core=0 suspend t22 r=0 y=0 c0=IDLE0 c1=IDLE1
648 core=1 delete 1 t22 r=0 y=0 c0=IDLE0 c1=IDLE1
649 core=0 tick r=1 y=3 c0=IDLE0 c1=IDLE1
650 core=1 noop r=0 y=0 c0=IDLE0 c1=IDLE1
651 core=1 noop r=0 y=0 c0=IDLE0 c1=IDLE1
652 core=0 suspend t26 r=0 y=0 c0=IDLE0 c1=IDLE1
653 core=0 noop r=0 y=0 c0=IDLE0 c1=IDLE1
654 core=0 noop r=0 y=0 c0=IDLE0 c1=IDLE1
655 core=1 noop r=0 y=0 c0=IDLE0 c1=IDLE1
656 core=1 give_isr r=0 y=0 c0=IDLE0 c1=IDLE1
657 core=1 noop r=0 y=0 c0=IDLE0 c1=IDLE1
658 core=1 prio t30 3 r=0 y=0 c0=IDLE0 c1=IDLE1
659 core=0 tick r=1 y=3 c0=t29 c1=IDLE0
660 core=0 delay t29 4 r=0 y=1 c0=IDLE1 c1=IDLE0
661 core=1 create 8 t32 p0 r=1 y=2 c0=IDLE1 c1=t32
662 core=0 noop r=0 y=0 c0=IDLE1 c1=t32
663 core=0 noop r=0 y=0 c0=IDLE1 c1=t32
664 core=0 noop r=0 y=0 c0=IDLE1 c1=t32
665 core=0 yield r=0 y=1 c0=IDLE0 c1=t32
666 core=0 give_isr r=0 y=0 c0=IDLE0 c1=t32
667 core=0 tick r=1 y=3 c0=t30 c1=IDLE1
668 core=0 delay t30 4 r=0 y=1 c0=IDLE0 c1=IDLE1
669 core=0 create 7 t33 p1 r=1 y=2 c0=IDLE0 c1=t33
670 core=1 delay t33 2 r=0 y=2 c0=IDLE0 c1=t32
671 core=1 delay t32 3 r=0 y=2 c0=IDLE0 c1=IDLE1
672 core=1 resume t16 r=0 y=2 c0=IDLE0 c1=t16
673 core=1 create 5 t34 p2 r=1 y=1 c0=t34 c1=t16
674 core=0 tick r=0 y=0 c0=t34 c1=t16
675 core=0 takeb t34 6 r=1 y=0 c0=t34 c1=t16
676 core=0 give r=1 y=0 c0=t34 c1=t16
677 core=1 prio t33 0 r=0 y=0 c0=t34 c1=t16
678 core=0 prio t32 3 r=0 y=0 c0=t34 c1=t16
679 core=0 give_isr r=0 y=0 c0=t34 c1=t16
680 core=0 noop r=0 y=0 c0=t34 c1=t16
681 core=1 delay t16 4 r=0 y=2 c0=t34 c1=IDLE1
682 core=0 give r=0 y=0 c0=t34 c1=IDLE1
683 core=1 give_isr r=0 y=0 c0=t34 c1=IDLE1
684 core=0 noop r=0 y=0 c0=t34 c1=IDLE1
685 core=1 give_isr r=0 y=0 c0=t34 c1=IDLE1
686 core=0 resume t32 r=0 y=0 c0=t34 c1=IDLE1
687 core=0 resume t34 r=0 y=0 c0=t34 c1=IDLE1
688 core=0 takeb t34 1 r=1 y=0 c0=t34 c1=IDLE1
689 core=0 tick r=0 y=2 c0=t34 c1=IDLE0
690 core=0 tick r=1 y=3 c0=t32 c1=t34
691 core=1 noop r=0 y=0 c0=t32 c1=t34
692 core=1 noop r=0 y=0 c0=t32 c1=t34
693 core=1 suspend t33 r=0 y=0 c0=t32 c1=t34
694 core=0 take t32 r=0 y=0 c0=t32 c1=t34
695 core=0 give r=1 y=0 c0=t32 c1=t34
696 core=1 give r=0 y=0 c0=t32 c1=t34
697 core=0 noop r=0 y=0 c0=t32 c1=t34
698 core=0 prio t26 1 r=0 y=0 c0=t32 c1=t34
699 core=1 prio t34 2 r=0 y=0 c0=t32 c1=t34
700 core=1 resume t30 r=0 y=0 c0=t32 c1=t34
701 core=0 prio t30 2 r=0 y=0 c0=t32 c1=t34
702 core=0 give r=0 y=0 c0=t32 c1=t34
703 core=0 noop r=0 y=0 c0=t32 c1=t34
704 core=0 delay t32 1 r=0 y=1 c0=t29 c1=t34
705 core=0 noop r=0 y=0 c0=t29 c1=t34
706 core=0 noop r=0 y=0 c0=t29 c1=t34
707 core=1 prio t16 2 r=0 y=0 c0=t29 c1=t34
708 core=0 prio t30 1 r=0 y=0 c0=t29 c1=t34
709 core=1 delete 7 t33 r=0 y=0 c0=t29 c1=t34
710 core=0 tick r=1 y=1 c0=t32 c1=t34
711 core=1 resume t32 r=0 y=0 c0=t32 c1=t34
712 core=1 noop r=0 y=0 c0=t32 c1=t34
713 core=0 noop r=0 y=0 c0=t32 c1=t34
714 core=0 resume t16 r=0 y=0 c0=t32 c1=t34
715 core=0 give r=0 y=0 c0=t32 c1=t34
716 core=0 delay t32 5 r=0 y=1 c0=t30 c1=t34
717 core=0 takeb t30 3 r=1 y=0 c0=t30 c1=t34
718 core=0 tick r=1 y=3 c0=t16 c1=t34
719 core=1 give r=1 y=0 c0=t16 c1=t34
720 core=0 take t16 r=1 y=0 c0=t16 c1=t34
721 core=1 noop r=0 y=0 c0=t16 c1=t34
722 core=1 noop r=0 y=0 c0=t16 c1=t34
723 core=1 noop r=0 y=0 c0=t16 c1=t34
724 core=1 delete 4 t30 r=0 y=0 c0=t16 c1=t34
725 core=1 noop r=0 y=0 c0=t16 c1=t34
726 core=0 delay t16 5 r=0 y=1 c0=t29 c1=t34
727 core=0 tick r=0 y=0 c0=t29 c1=t34
728 core=0 noop r=0 y=0 c0=t29 c1=t34
729 core=1 create 4 t35 p3 r=1 y=1 c0=t35 c1=t34
730 core=0 noop r=0 y=0 c0=t35 c1=t34
731 core=1 yield r=0 y=2 c0=t35 c1=t34
732 core=1 prio t29 1 r=0 y=0 c0=t35 c1=t34
733 core=1 noop r=0 y=0 c0=t35 c1=t34
734 core=1 give r=1 y=0 c0=t35 c1=t34
735 core=1 prio t26 3 r=0 y=0 c0=t35 c1=t34
736 core=1 take t34 r=1 y=0 c0=t35 c1=t34
737 core=0 create 1 t36 p0 r=1 y=0 c0=t35 c1=t34
738 core=1 takeb t34 2 r=2 y=2 c0=t35 c1=t29
739 core=1 noop r=0 y=0 c0=t35 c1=t29
740 core=0 noop r=0 y=0 c0=t35 c1=t29
741 core=1 takeb t29 3 r=2 y=2 c0=t35 c1=IDLE1
742 core=1 suspend t16 r=0 y=0 c0=t35 c1=IDLE1
743 core=1 give r=1 y=2 c0=t35 c1=t34
744 core=1 cont t34 r=1 y=0 c0=t35 c1=t34
745 core=0 give r=1 y=0 c0=t35 c1=t34
746 core=1 noop r=0 y=0 c0=t35 c1=t34
747 core=0 noop r=0 y=0 c0=t35 c1=t34
748 core=1 suspend t26 r=0 y=0 c0=t35 c1=t34
749 core=1 delay t34 4 r=0 y=2 c0=t35 c1=t29
750 core=0 resume t16 r=0 y=2 c0=t35 c1=t16
751 core=1 delay t16 1 r=0 y=2 c0=t35 c1=t29
752 core=0 delay t35 1 r=0 y=1 c0=IDLE0 c1=t29
753 core=1 cont t29 r=1 y=0 c0=IDLE0 c1=t29
754 core=1 prio t29 0 r=0 y=2 c0=IDLE0 c1=t36
755 core=0 resume t36 r=0 y=0 c0=IDLE0 c1=t36
756 core=0 noop r=0 y=0 c0=IDLE0 c1=t36
757 core=0 give r=1 y=0 c0=IDLE0 c1=t36
758 core=0 noop r=0 y=0 c0=IDLE0 c1=t36
759 core=1 give r=0 y=0 c0=IDLE0 c1=t36
760 core=0 noop r=0 y=0 c0=IDLE0 c1=t36
761 core=0 prio t36 0 r=0 y=0 c0=IDLE0 c1=t36
762 core=0 noop r=0 y=0 c0=IDLE0 c1=t36
763 core=1 give r=0 y=0 c0=IDLE0 c1=t36
764 core=1 suspend t36 r=0 y=2 c0=IDLE0 c1=IDLE1
765 core=1 give r=0 y=0 c0=IDLE0 c1=IDLE1
766 core=1 noop r=0 y=0 c0=IDLE0 c1=IDLE1
767 core=0 delete 9 t29 r=0 y=0 c0=IDLE0 c1=IDLE1
768 core=0 tick r=1 y=3 c0=t35 c1=t16
769 core=0 resume t26 r=0 y=2 c0=t35 c1=t26
770 core=0 create 9 t37 p0 r=1 y=0 c0=t35 c1=t26
771 core=1 give_isr r=0 y=0 c0=t35 c1=t26
772 core=0 prio t35 0 r=0 y=1 c0=t16 c1=t26
773 core=0 tick r=0 y=0 c0=t16 c1=t26
774 core=1 delay t26 3 r=0 y=2 c0=t16 c1=IDLE0
775 core=0 delay t16 3 r=0 y=1 c0=IDLE1 c1=IDLE0
776 core=0 give r=0 y=0 c0=IDLE1 c1=IDLE0
777 core=1 noop r=0 y=0 c0=IDLE1 c1=IDLE0
778 core=1 delete 5 t34 r=0 y=0 c0=IDLE1 c1=IDLE0
779 core=1 noop r=0 y=0 c0=IDLE1 c1=IDLE0
780 core=0 noop r=0 y=0 c0=IDLE1 c1=IDLE0
781 core=1 resume t37 r=0 y=0 c0=IDLE1 c1=IDLE0
782 core=1 give r=0 y=0 c0=IDLE1 c1=IDLE0
783 core=1 noop r=0 y=0 c0=IDLE1 c1=IDLE0
784 core=0 tick r=1 y=3 c0=t32 c1=t37
785 core=1 noop r=0 y=0 c0=t32 c1=t37
786 core=1 delay t37 2 r=0 y=2 c0=t32 c1=t35
787 core=0 noop r=0 y=0 c0=t32 c1=t35
788 core=0 delete 1 t36 r=0 y=0 c0=t32 c1=t35
789 core=0 suspend t32 r=0 y=1 c0=IDLE1 c1=t35
790 core=0 noop r=0 y=0 c0=IDLE1 c1=t35
791 core=1 resume t26 r=0 y=0 c0=IDLE1 c1=t35
792 core=0 prio t37 0 r=0 y=0 c0=IDLE1 c1=t35
793 core=0 yield r=0 y=1 c0=IDLE0 c1=t35
794 core=1 noop r=0 y=0 c0=IDLE0 c1=t35
795 core=0 noop r=0 y=0 c0=IDLE0 c1=t35
796 core=0 tick r=1 y=3 c0=IDLE1 c1=IDLE0
797 core=0 noop r=0 y=0 c0=IDLE1 c1=IDLE0
798 core=1 give_isr r=0 y=0 c0=IDLE1 c1=IDLE0
799 core=0 noop r=0 y=0 c0=IDLE1 c1=IDLE0
800 core=1 noop r=0 y=0 c0=IDLE1 c1=IDLE0
801 core=1 give r=0 y=0 c0=IDLE1 c1=IDLE0
802 core=1 noop r=0 y=0 c0=IDLE1 c1=IDLE0
803 core=1 give r=0 y=0 c0=IDLE1 c1=IDLE0
804 core=0 noop r=0 y=0 c0=IDLE1 c1=IDLE0
805 core=0 noop r=0 y=0 c0=IDLE1 c1=IDLE0
806 core=0 create 6 t38 p1 r=1 y=2 c0=IDLE1 c1=t38
807 core=1 suspend t16 r=0 y=0 c0=IDLE1 c1=t38
808 core=1 create 3 t39 p1 r=1 y=1 c0=t39 c1=t38
809 core=1 give r=0 y=0 c0=t39 c1=t38
810 core=0 tick r=1 y=3 c0=t26 c1=t39
811 core=0 noop r=0 y=0 c0=t26 c1=t39
812 core=0 tick r=0 y=2 c0=t26 c1=t38
813 core=0 resume t39 r=0 y=0 c0=t26 c1=t38
814 core=1 noop r=0 y=0 c0=t26 c1=t38
815 core=0 yield r=0 y=1 c0=t26 c1=t38
816 core=0 resume t16 r=0 y=2 c0=t26 c1=t16
817 core=0 noop r=0 y=0 c0=t26 c1=t16
818 core=1 noop r=0 y=0 c0=t26 c1=t16
819 core=1 noop r=0 y=0 c0=t26 c1=t16
820 core=0 noop r=0 y=0 c0=t26 c1=t16
821 core=0 noop r=0 y=0 c0=t26 c1=t16
822 core=1 delete 9 t37 r=0 y=0 c0=t26 c1=t16
823 core=0 noop r=0 y=0 c0=t26 c1=t16
824 core=0 noop r=0 y=0 c0=t26 c1=t16
825 core=0 suspend t38 r=0 y=0 c0=t26 c1=t16
826 core=1 resume t38 r=0 y=0 c0=t26 c1=t16
827 core=1 delay t16 5 r=0 y=2 c0=t26 c1=t39
828 core=0 give r=0 y=0 c0=t26 c1=t39
829 core=0 yield r=0 y=1 c0=t26 c1=t39
830 core=1 give r=0 y=0 c0=t26 c1=t39
831 core=0 give_isr r=0 y=0 c0=t26 c1=t39
832 core=1 yield r=0 y=2 c0=t26 c1=t38
833 core=0 yield r=0 y=1 c0=t26 c1=t38
834 core=0 yield r=0 y=1 c0=t26 c1=t38
835 core=1 delay t38 5 r=0 y=2 c0=t26 c1=t39
836 core=0 noop r=0 y=0 c0=t26 c1=t39
837 core=0 noop r=0 y=0 c0=t26 c1=t39
838 core=1 create 9 t40 p1 r=1 y=0 c0=t26 c1=t39
839 core=0 take t26 r=1 y=0 c0=t26 c1=t39
840 core=1 take t39 r=0 y=0 c0=t26 c1=t39
841 core=1 prio t32 3 r=0 y=0 c0=t26 c1=t39
842 core=0 prio t35 1 r=0 y=0 c0=t26 c1=t39
843 core=1 create 1 t41 p3 r=1 y=2 c0=t26 c1=t41
844 core=0 give r=1 y=0 c0=t26 c1=t41
845 core=0 tick r=1 y=3 c0=t26 c1=t41
846 core=1 suspend t39 r=0 y=0 c0=t26 c1=t41
847 core=1 give r=0 y=0 c0=t26 c1=t41
848 core=1 delay t41 5 r=0 y=2 c0=t26 c1=t40
849 core=0 delete 2 t26 r=0 y=1 c0=t35 c1=t40
850 core=1 prio t41 3 r=0 y=0 c0=t35 c1=t40
851 core=1 delay t40 4 r=0 y=2 c0=t35 c1=IDLE0
852 core=1 noop r=0 y=0 c0=t35 c1=IDLE0
853 core=0 noop r=0 y=0 c0=t35 c1=IDLE0
854 core=0 suspend t40 r=0 y=0 c0=t35 c1=IDLE0
855 core=1 give r=0 y=0 c0=t35 c1=IDLE0
856 core=1 resume t38 r=0 y=0 c0=t35 c1=IDLE0
857 core=0 noop r=0 y=0 c0=t35 c1=IDLE0
858 core=1 give r=0 y=0 c0=t35 c1=IDLE0
859 core=0 noop r=0 y=0 c0=t35 c1=IDLE0
860 core=0 tick r=0 y=2 c0=t35 c1=IDLE1
861 core=1 prio t41 1 r=0 y=0 c0=t35 c1=IDLE1
862 core=0 delay t35 1 r=0 y=1 c0=IDLE0 c1=IDLE1
863 core=1 resume t32 r=0 y=2 c0=IDLE0 c1=t32
864 core=0 yield r=0 y=1 c0=IDLE1 c1=t32
865 core=1 take t32 r=1 y=0 c0=IDLE1 c1=t32
866 core=0 delete 0 t16 r=0 y=0 c0=IDLE1 c1=t32
867 core=0 resume t41 r=0 y=0 c0=IDLE1 c1=t32
868 core=1 noop r=0 y=0 c0=IDLE1 c1=t32
869 core=1 delay t32 1 r=0 y=2 c0=IDLE1 c1=IDLE0
870 core=0 resume t40 r=0 y=2 c0=IDLE1 c1=t40
871 core=1 delete 6 t38 r=0 y=0 c0=IDLE1 c1=t40
872 core=0 tick r=1 y=3 c0=t32 c1=t35
873 core=0 take t32 r=0 y=0 c0=t32 c1=t35
874 core=0 prio t32 3 r=0 y=0 c0=t32 c1=t35
875 core=0 noop r=0 y=0 c0=t32 c1=t35
876 core=1 takeb t35 4 r=2 y=2 c0=t32 c1=t40
877 core=1 create 7 t42 p3 r=1 y=2 c0=t32 c1=t42
878 core=1 delete 1 t41 r=0 y=0 c0=t32 c1=t42
879 core=1 noop r=0 y=0 c0=t32 c1=t42
880 core=1 noop r=0 y=0 c0=t32 c1=t42
881 core=1 give r=1 y=0 c0=t32 c1=t42
882 core=0 yield r=0 y=1 c0=t32 c1=t42
883 core=0 delay t32 2 r=0 y=1 c0=t40 c1=t42
884 core=0 tick r=1 y=1 c0=t35 c1=t42
885 core=0 cont t35 r=1 y=0 c0=t35 c1=t42
886 core=1 suspend t35 r=0 y=1 c0=t40 c1=t42
887 core=0 give_isr r=1 y=0 c0=t40 c1=t42
888 core=1 resume t35 r=0 y=0 c0=t40 c1=t42
889 core=1 noop r=0 y=0 c0=t40 c1=t42
890 core=1 takeb t42 3 r=1 y=0 c0=t40 c1=t42
891 core=1 yield r=0 y=2 c0=t40 c1=t42
892 core=0 tick r=1 y=3 c0=t32 c1=t42
893 core=0 give r=1 y=0 c0=t32 c1=t42
894 core=1 noop r=0 y=0 c0=t32 c1=t42
895 core=0 tick r=1 y=3 c0=t32 c1=t42
896 core=0 tick r=1 y=3 c0=t32 c1=t42
897 core=0 tick r=1 y=3 c0=t32 c1=t42
898 core=0 take t32 r=1 y=0 c0=t32 c1=t42
899 core=1 yield r=0 y=2 c0=t32 c1=t42
900 core=1 takeb t42 3 r=2 y=2 c0=t32 c1=t35
901 core=1 noop r=0 y=0 c0=t32 c1=t35
902 core=1 prio t42 0 r=0 y=0 c0=t32 c1=t35
903 core=1 prio t39 2 r=0 y=0 c0=t32 c1=t35
904 core=0 tick r=0 y=2 c0=t32 c1=t40
905 core=0 delay t32 4 r=0 y=1 c0=t35 c1=t40
906 core=0 tick r=1 y=3 c0=t35 c1=t40
907 core=1 yield r=0 y=2 c0=t35 c1=t40
908 core=1 delay t40 1 r=0 y=2 c0=t35 c1=IDLE0
909 core=0 suspend t39 r=0 y=0 c0=t35 c1=IDLE0
910 core=1 prio t35 0 r=0 y=1 c0=IDLE1 c1=IDLE0
911 core=1 create 1 t43 p1 r=1 y=2 c0=IDLE1 c1=t43
912 core=0 yield r=0 y=1 c0=t35 c1=t43
913 core=1 give_isr r=1 y=0 c0=t35 c1=t43
914 core=1 noop r=0 y=0 c0=t35 c1=t43
915 core=1 noop r=0 y=0 c0=t35 c1=t43
916 core=1 noop r=0 y=0 c0=t35 c1=t43
917 core=0 noop r=0 y=0 c0=t35 c1=t43
918 core=1 yield r=0 y=2 c0=t35 c1=t43
919 core=0 resume t32 r=0 y=0 c0=t35 c1=t43
920 core=1 noop r=0 y=0 c0=t35 c1=t43
921 core=0 create 2 t44 p0 r=1 y=0 c0=t35 c1=t43
922 core=1 resume t40 r=0 y=0 c0=t35 c1=t43
923 core=0 delay t35 4 r=0 y=1 c0=IDLE0 c1=t43
924 core=0 tick r=1 y=3 c0=t40 c1=t43
925 core=0 noop r=0 y=0 c0=t40 c1=t43
926 core=0 suspend t43 r=0 y=2 c0=t40 c1=IDLE1
927 core=0 take t40 r=1 y=0 c0=t40 c1=IDLE1
928 core=1 prio t35 0 r=0 y=0 c0=t40 c1=IDLE1
929 core=1 resume t35 r=0 y=0 c0=t40 c1=IDLE1
930 core=0 take t40 r=0 y=0 c0=t40 c1=IDLE1
931 core=1 give r=1 y=0 c0=t40 c1=IDLE1
932 core=0 delete 3 t39 r=0 y=0 c0=t40 c1=IDLE1
933 core=0 noop r=0 y=0 c0=t40 c1=IDLE1
934 core=0 noop r=0 y=0 c0=t40 c1=IDLE1
935 core=0 tick r=0 y=2 c0=t40 c1=t42
936 core=0 prio t32 1 r=0 y=0 c0=t40 c1=t42
937 core=1 cont t42 r=1 y=0 c0=t40 c1=t42
938 core=0 resume t43 r=0 y=2 c0=t40 c1=t43
939 core=0 tick r=1 y=3 c0=t32 c1=t40
940 core=1 noop r=0 y=0 c0=t32 c1=t40
941 core=1 give_isr r=1 y=0 c0=t32 c1=t40
942 core=0 resume t44 r=0 y=0 c0=t32 c1=t40
943 core=1 resume t42 r=0 y=0 c0=t32 c1=t40
944 core=1 give r=0 y=0 c0=t32 c1=t40
945 core=0 tick r=1 y=3 c0=t43 c1=t32
946 core=0 give_isr r=0 y=0 c0=t43 c1=t32
947 core=0 takeb t43 5 r=1 y=0 c0=t43 c1=t32
948 core=1 delay t32 4 r=0 y=2 c0=t43 c1=t40
949 core=1 takeb t40 4 r=2 y=2 c0=t43 c1=t44
950 core=0 tick r=0 y=2 c0=t43 c1=IDLE0
951 core=1 noop r=0 y=0 c0=t43 c1=IDLE0
952 core=0 yield r=0 y=1 c0=t43 c1=IDLE0
953 core=1 noop r=0 y=0 c0=t43 c1=IDLE0
954 core=1 give_isr r=1 y=2 c0=t43 c1=t40
955 core=0 give r=0 y=0 c0=t43 c1=t40
956 core=0 noop r=0 y=0 c0=t43 c1=t40
957 core=0 takeb t43 1 r=1 y=0 c0=t43 c1=t40
958 core=1 cont t40 r=2 y=2 c0=t43 c1=IDLE1
959 core=1 give_isr r=1 y=2 c0=t43 c1=t40
960 core=1 cont t40 r=1 y=0 c0=t43 c1=t40
961 core=0 give_isr r=1 y=0 c0=t43 c1=t40
962 core=0 noop r=0 y=0 c0=t43 c1=t40
963 core=0 noop r=0 y=0 c0=t43 c1=t40
964 core=0 resume t40 r=0 y=0 c0=t43 c1=t40
965 core=0 delay t43 5 r=0 y=1 c0=t42 c1=t40
966 core=0 tick r=1 y=1 c0=t35 c1=t40
967 core=0 resume t35 r=0 y=0 c0=t35 c1=t40
968 core=1 noop r=0 y=0 c0=t35 c1=t40
969 core=0 tick r=1 y=1 c0=t44 c1=t40
970 core=0 noop r=0 y=0 c0=t44 c1=t40
971 core=0 prio t42 0 r=0 y=0 c0=t44 c1=t40
972 core=0 delay t44 4 r=0 y=1 c0=IDLE0 c1=t40
973 core=0 noop r=0 y=0 c0=IDLE0 c1=t40
974 core=0 noop r=0 y=0 c0=IDLE0 c1=t40
975 core=0 noop r=0 y=0 c0=IDLE0 c1=t40
976 core=0 give_isr r=0 y=0 c0=IDLE0 c1=t40
977 core=1 give r=0 y=0 c0=IDLE0 c1=t40
978 core=0 noop r=0 y=0 c0=IDLE0 c1=t40
979 core=1 yield r=0 y=2 c0=IDLE0 c1=t40
980 core=1 give r=0 y=0 c0=IDLE0 c1=t40
981 core=0 tick r=1 y=3 c0=t32 c1=t40
982 core=1 create 5 t45 p2 r=1 y=2 c0=t32 c1=t45
983 core=1 give r=0 y=0 c0=t32 c1=t45
984 core=1 noop r=0 y=0 c0=t32 c1=t45
985 core=1 suspend t32 r=0 y=1 c0=t40 c1=t45
986 core=0 takeb t40 5 r=1 y=0 c0=t40 c1=t45
987 core=1 give r=1 y=0 c0=t40 c1=t45
988 core=1 yield r=0 y=2 c0=t40 c1=t45
989 core=0 yield r=0 y=1 c0=t40 c1=t45
990 core=1 prio t35 3 r=0 y=1 c0=t35 c1=t45
991 core=1 prio t32 1 r=0 y=0 c0=t35 c1=t45
992 core=1 takeb t45 4 r=1 y=0 c0=t35 c1=t45
993 core=0 resume t40 r=0 y=0 c0=t35 c1=t45
994 core=1 prio t43 0 r=0 y=0 c0=t35 c1=t45
995 core=1 suspend t45 r=0 y=2 c0=t35 c1=t40
996 core=0 suspend t43 r=0 y=0 c0=t35 c1=t40
997 core=0 prio t40 2 r=0 y=0 c0=t35 c1=t40
998 core=1 noop r=0 y=0 c0=t35 c1=t40
999 core=0 give_isr r=1 y=0 c0=t35 c1=t40
1000 core=1 noop r=0 y=0 c0=t35 c1=t40
1001 core=0 prio t35 2 r=0 y=1 c0=t35 c1=t40
1002 core=1 noop r=0 y=0 c0=t35 c1=t40
1003 core=1 create 3 t46 p0 r=1 y=0 c0=t35 c1=t40
1004 core=1 suspend t35 r=0 y=1 c0=IDLE1 c1=t40
1005 core=0 noop r=0 y=0 c0=IDLE1 c1=t40
1006 core=0 tick r=1 y=1 c0=t42 c1=t40
1007 core=0 give_isr r=0 y=0 c0=t42 c1=t40
1008 core=0 give_isr r=0 y=0 c0=t42 c1=t40
1009 core=1 suspend t40 r=0 y=2 c0=t42 c1=IDLE0
1010 core=1 noop r=0 y=0 c0=t42 c1=IDLE0
1011 core=0 delay t42 2 r=0 y=1 c0=t46 c1=IDLE0
1012 core=1 prio t35 0 r=0 y=0 c0=t46 c1=IDLE0
1013 core=1 noop r=0 y=0 c0=t46 c1=IDLE0
1014 core=0 delay t46 3 r=0 y=1 c0=IDLE1 c1=IDLE0
1015 core=1 noop r=0 y=0 c0=IDLE1 c1=IDLE0
1016 core=0 noop r=0 y=0 c0=IDLE1 c1=IDLE0
1017 core=0 noop r=0 y=0 c0=IDLE1 c1=IDLE0
1018 core=0 suspend t44 r=0 y=0 c0=IDLE1 c1=IDLE0
1019 core=0 noop r=0 y=0 c0=IDLE1 c1=IDLE0
1020 core=0 noop r=0 y=0 c0=IDLE1 c1=IDLE0
1021 core=1 give_isr r=0 y=0 c0=IDLE1 c1=IDLE0
1022 core=0 give_isr r=0 y=0 c0=IDLE1 c1=IDLE0
1023 core=0 noop r=0 y=0 c0=IDLE1 c1=IDLE0
1024 core=0 tick r=1 y=3 c0=IDLE1 c1=IDLE0
1025 core=0 give_isr r=0 y=0 c0=IDLE1 c1=IDLE0
1026 core=1 prio t45 3 r=0 y=0 c0=IDLE1 c1=IDLE0
1027 core=1 create 6 t47 p3 r=1 y=2 c0=IDLE1 c1=t47
1028 core=0 noop r=0 y=0 c0=IDLE1 c1=t47
1029 core=0 give_isr r=0 y=0 c0=IDLE1 c1=t47
1030 core=0 tick r=1 y=1 c0=IDLE0 c1=t47
1031 core=0 tick r=1 y=1 c0=t42 c1=t47
1032 core=1 prio t47 3 r=0 y=0 c0=t42 c1=t47
1033 core=1 give_isr r=0 y=0 c0=t42 c1=t47
1034 core=0 resume t43 r=0 y=0 c0=t42 c1=t47
1035 core=1 noop r=0 y=0 c0=t42 c1=t47
1036 core=0 tick r=1 y=1 c0=IDLE1 c1=t47
1037 core=0 noop r=0 y=0 c0=IDLE1 c1=t47
1038 core=1 give r=0 y=0 c0=IDLE1 c1=t47
1039 core=1 resume t44 r=0 y=1 c0=t46 c1=t47
1040 core=0 takeb t46 1 r=1 y=0 c0=t46 c1=t47
1041 core=0 noop r=0 y=0 c0=t46 c1=t47
1042 core=1 suspend t40 r=0 y=0 c0=t46 c1=t47
1043 core=0 suspend t46 r=0 y=1 c0=IDLE0 c1=t47
1044 core=0 give_isr r=1 y=0 c0=IDLE0 c1=t47
1045 core=0 suspend t32 r=0 y=0 c0=IDLE0 c1=t47
1046 core=0 tick r=1 y=1 c0=t43 c1=t47
1047 core=0 suspend t42 r=0 y=0 c0=t43 c1=t47
1048 core=0 tick r=1 y=1 c0=t44 c1=t47
1049 core=0 suspend t44 r=0 y=1 c0=IDLE1 c1=t47
1050 core=0 tick r=1 y=1 c0=IDLE0 c1=t47
1051 core=0 tick r=1 y=1 c0=t43 c1=t47
1052 core=0 delete 6 t47 r=0 y=2 c0=t43 c1=IDLE1
1053 core=0 delay t43 4 r=0 y=1 c0=IDLE0 c1=IDLE1
1054 core=0 suspend t35 r=0 y=0 c0=IDLE0 c1=IDLE1
1055 core=1 noop r=0 y=0 c0=IDLE0 c1=IDLE1
1056 core=0 suspend t42 r=0 y=0 c0=IDLE0 c1=IDLE1
1057 core=1 suspend t32 r=0 y=0 c0=IDLE0 c1=IDLE1
1058 core=1 noop r=0 y=0 c0=IDLE0 c1=IDLE1
1059 core=1 delete 1 t43 r=0 y=0 c0=IDLE0 c1=IDLE1
1060 core=0 noop r=0 y=0 c0=IDLE0 c1=IDLE1
1061 core=0 tick r=1 y=3 c0=IDLE0 c1=IDLE1
1062 core=0 noop r=0 y=0 c0=IDLE0 c1=IDLE1
1063 core=0 noop r=0 y=0 c0=IDLE0 c1=IDLE1
1064 core=0 noop r=0 y=0 c0=IDLE0 c1=IDLE1
1065 core=0 give_isr r=0 y=0 c0=IDLE0 c1=IDLE1
1066 core=0 noop r=0 y=0 c0=IDLE0 c1=IDLE1
1067 core=0 give_isr r=0 y=0 c0=IDLE0 c1=IDLE1
1068 core=0 noop r=0 y=0 c0=IDLE0 c1=IDLE1
1069 core=1 suspend t40 r=0 y=0 c0=IDLE0 c1=IDLE1
1070 core=1 resume t32 r=0 y=2 c0=IDLE0 c1=t32
1071 core=1 noop r=0 y=0 c0=IDLE0 c1=t32
1072 core=1 noop r=0 y=0 c0=IDLE0 c1=t32
1073 core=0 tick r=1 y=1 c0=IDLE1 c1=t32
1074 core=1 noop r=0 y=0 c0=IDLE1 c1=t32
1075 core=1 yield r=0 y=2 c0=IDLE1 c1=t32
1076 core=1 suspend t45 r=0 y=0 c0=IDLE1 c1=t32
1077 core=1 give r=0 y=0 c0=IDLE1 c1=t32
1078 core=0 suspend t32 r=0 y=2 c0=IDLE1 c1=IDLE0
1079 core=1 noop r=0 y=0 c0=IDLE1 c1=IDLE0
1080 core=1 noop r=0 y=0 c0=IDLE1 c1=IDLE0
1081 core=0 noop r=0 y=0 c0=IDLE1 c1=IDLE0
1082 core=0 resume t45 r=0 y=2 c0=IDLE1 c1=t45
1083 core=1 give_isr r=0 y=0 c0=IDLE1 c1=t45
1084 core=0 noop r=0 y=0 c0=IDLE1 c1=t45
1085 core=1 create 1 t48 p1 r=1 y=1 c0=t48 c1=t45
1086 core=1 yield r=0 y=2 c0=t48 c1=t45
1087 core=0 give r=0 y=0 c0=t48 c1=t45
1088 core=0 takeb t48 4 r=1 y=0 c0=t48 c1=t45
1089 core=1 give_isr r=1 y=0 c0=t48 c1=t45
1090 core=0 noop r=0 y=0 c0=t48 c1=t45
1091 core=0 noop r=0 y=0 c0=t48 c1=t45
1092 core=0 give r=0 y=0 c0=t48 c1=t45
1093 core=0 noop r=0 y=0 c0=t48 c1=t45
1094 core=0 noop r=0 y=0 c0=t48 c1=t45
1095 core=1 resume t42 r=0 y=0 c0=t48 c1=t45
1096 core=0 give_isr r=0 y=0 c0=t48 c1=t45
1097 core=1 noop r=0 y=0 c0=t48 c1=t45
1098 core=0 tick r=0 y=0 c0=t48 c1=t45
1099 core=1 delay t45 3 r=0 y=2 c0=t48 c1=IDLE0
1100 core=0 resume t42 r=0 y=0 c0=t48 c1=IDLE0
1101 core=1 noop r=0 y=0 c0=t48 c1=IDLE0
1102 core=0 tick r=0 y=2 c0=t48 c1=IDLE1
1103 core=0 delay t48 5 r=0 y=1 c0=t42 c1=IDLE1
1104 core=1 resume t44 r=0 y=2 c0=t42 c1=IDLE0
1105 core=1 give_isr r=0 y=0 c0=t42 c1=IDLE0
1106 core=1 noop r=0 y=0 c0=t42 c1=IDLE0
1107 core=1 noop r=0 y=0 c0=t42 c1=IDLE0
1108 core=0 take t42 r=1 y=0 c0=t42 c1=IDLE0
1109 core=1 noop r=0 y=0 c0=t42 c1=IDLE0
1110 core=1 noop r=0 y=0 c0=t42 c1=IDLE0
1111 core=0 noop r=0 y=0 c0=t42 c1=IDLE0
1112 core=1 delete 2 t44 r=0 y=0 c0=t42 c1=IDLE0
1113 core=0 resume t42 r=0 y=0 c0=t42 c1=IDLE0
1114 core=0 resume t48 r=0 y=0 c0=t42 c1=IDLE0
1115 core=0 noop r=0 y=0 c0=t42 c1=IDLE0
1116 core=1 suspend t45 r=0 y=0 c0=t42 c1=IDLE0
1117 core=0 give_isr r=1 y=0 c0=t42 c1=IDLE0
1118 core=1 noop r=0 y=0 c0=t42 c1=IDLE0
1119 core=0 noop r=0 y=0 c0=t42 c1=IDLE0
1120 core=0 tick r=1 y=3 c0=IDLE1 c1=t42
1121 core=1 prio t32 1 r=0 y=0 c0=IDLE1 c1=t42
1122 core=0 noop r=0 y=0 c0=IDLE1 c1=t42
1123 core=0 give_isr r=0 y=0 c0=IDLE1 c1=t42
1124 core=0 tick r=1 y=3 c0=IDLE0 c1=IDLE1
1125 core=1 resume t42 r=0 y=0 c0=IDLE0 c1=IDLE1
1126 core=0 resume t45 r=0 y=2 c0=IDLE0 c1=t45
1127 core=1 prio t46 0 r=0 y=0 c0=IDLE0 c1=t45
1128 core=0 give r=0 y=0 c0=IDLE0 c1=t45
1129 core=1 noop r=0 y=0 c0=IDLE0 c1=t45
1130 core=1 noop r=0 y=0 c0=IDLE0 c1=t45
1131 core=0 yield r=0 y=1 c0=t42 c1=t45
1132 core=0 delay t42 1 r=0 y=1 c0=IDLE1 c1=t45
1133 core=0 prio t40 0 r=0 y=0 c0=IDLE1 c1=t45
1134 core=1 delay t45 2 r=0 y=2 c0=IDLE1 c1=IDLE0
1135 core=0 noop r=0 y=0 c0=IDLE1 c1=IDLE0
1136 core=1 yield r=0 y=2 c0=IDLE1 c1=IDLE0
1137 core=0 suspend t45 r=0 y=0 c0=IDLE1 c1=IDLE0
1138 core=1 noop r=0 y=0 c0=IDLE1 c1=IDLE0
1139 core=1 noop r=0 y=0 c0=IDLE1 c1=IDLE0
1140 core=1 prio t40 2 r=0 y=0 c0=IDLE1 c1=IDLE0
1141 core=1 create 6 t49 p3 r=1 y=2 c0=IDLE1 c1=t49
1142 core=0 resume t48 r=0 y=0 c0=IDLE1 c1=t49
1143 core=1 resume t42 r=0 y=0 c0=IDLE1 c1=t49
1144 core=0 noop r=0 y=0 c0=IDLE1 c1=t49
1145 core=1 noop r=0 y=0 c0=IDLE1 c1=t49
1146 core=0 resume t35 r=0 y=1 c0=IDLE0 c1=t49
1147 core=1 noop r=0 y=0 c0=IDLE0 c1=t49
1148 core=1 resume t45 r=0 y=1 c0=t45 c1=t49
1149 core=1 resume t32 r=0 y=0 c0=t45 c1=t49
1150 core=1 noop r=0 y=0 c0=t45 c1=t49
1151 core=0 noop r=0 y=0 c0=t45 c1=t49
1152 core=0 give r=0 y=0 c0=t45 c1=t49
1153 core=0 noop r=0 y=0 c0=t45 c1=t49
1154 core=1 give_isr r=0 y=0 c0=t45 c1=t49
1155 core=1 give r=0 y=0 c0=t45 c1=t49
1156 core=0 noop r=0 y=0 c0=t45 c1=t49
1157 core=0 tick r=1 y=3 c0=t45 c1=t49
1158 core=1 suspend t49 r=0 y=2 c0=t45 c1=t32
1159 core=0 noop r=0 y=0 c0=t45 c1=t32
1160 core=0 resume t40 r=0 y=2 c0=t45 c1=t40
1161 core=1 give_isr r=0 y=0 c0=t45 c1=t40
1162 core=0 prio t40 3 r=0 y=0 c0=t45 c1=t40
1163 core=0 tick r=1 y=3 c0=t45 c1=t40
1164 core=1 delay t40 3 r=0 y=2 c0=t45 c1=t32
1165 core=1 create 0 t50 p3 r=1 y=2 c0=t45 c1=t50
1166 core=1 delay t50 1 r=0 y=2 c0=t45 c1=t32
1167 core=1 resume t40 r=0 y=0 c0=t45 c1=t32
1168 core=1 delete 9 t40 r=0 y=0 c0=t45 c1=t32
1169 core=0 noop r=0 y=0 c0=t45 c1=t32
1170 core=0 tick r=1 y=3 c0=t50 c1=t45
1171 core=1 takeb t45 5 r=1 y=0 c0=t50 c1=t45
1172 core=0 tick r=1 y=3 c0=t50 c1=t45
1173 core=0 resume t42 r=0 y=0 c0=t50 c1=t45
1174 core=1 resume t49 r=0 y=0 c0=t50 c1=t45
1175 core=0 noop r=0 y=0 c0=t50 c1=t45
1176 core=0 takeb t50 5 r=2 y=1 c0=t49 c1=t45
1177 core=0 prio t49 1 r=0 y=1 c0=t48 c1=t45
1178 core=1 give_isr r=1 y=1 c0=t50 c1=t45
1179 core=1 noop r=0 y=0 c0=t50 c1=t45
1180 core=1 give r=0 y=0 c0=t50 c1=t45
1181 core=0 cont t50 r=1 y=0 c0=t50 c1=t45
1182 core=0 give r=1 y=0 c0=t50 c1=t45
1183 core=0 delay t50 5 r=0 y=1 c0=t32 c1=t45
1184 core=1 yield r=0 y=2 c0=t32 c1=t45
1185 core=0 create 9 t51 p2 r=1 y=1 c0=t51 c1=t45
1186 core=1 prio t32 0 r=0 y=0 c0=t51 c1=t45
1187 core=0 delete 6 t49 r=0 y=0 c0=t51 c1=t45
1188 core=1 suspend t35 r=0 y=0 c0=t51 c1=t45
1189 core=1 give r=0 y=0 c0=t51 c1=t45
1190 core=1 prio t51 1 r=0 y=1 c0=t48 c1=t45
1191 core=0 give_isr r=0 y=0 c0=t48 c1=t45
1192 core=0 tick r=1 y=1 c0=t51 c1=t45
1193 core=1 noop r=0 y=0 c0=t51 c1=t45
1194 core=0 takeb t51 5 r=1 y=0 c0=t51 c1=t45
1195 core=0 delete 5 t45 r=0 y=2 c0=t51 c1=t48
1196 core=0 resume t35 r=0 y=0 c0=t51 c1=t48
1197 core=1 prio t50 2 r=0 y=0 c0=t51 c1=t48
1198 core=0 delete 4 t35 r=0 y=0 c0=t51 c1=t48
1199 core=0 delete 9 t51 r=0 y=1 c0=IDLE1 c1=t48
1200 core=1 resume t48 r=0 y=0 c0=IDLE1 c1=t48
1201 core=0 resume t46 r=0 y=1 c0=IDLE0 c1=t48
1202 core=0 tick r=1 y=1 c0=t42 c1=t48
1203 core=1 takeb t48 6 r=2 y=2 c0=t42 c1=t32
1204 core=0 delete 1 t48 r=0 y=0 c0=t42 c1=t32
1205 core=1 noop r=0 y=0 c0=t42 c1=t32
1206 core=0 takeb t42 3 r=2 y=1 c0=t46 c1=t32
1207 core=1 delay t32 3 r=0 y=2 c0=t46 c1=IDLE1
1208 core=1 noop r=0 y=0 c0=t46 c1=IDLE1
1209 core=1 noop r=0 y=0 c0=t46 c1=IDLE1
1210 core=0 tick r=1 y=3 c0=IDLE0 c1=t46
1211 core=0 tick r=1 y=3 c0=IDLE1 c1=IDLE0
1212 core=0 tick r=1 y=3 c0=t50 c1=t46
1213 core=0 tick r=0 y=2 c0=t50 c1=t42
1214 core=1 cont t42 r=0 y=0 c0=t50 c1=t42
1215 core=0 resume t42 r=0 y=0 c0=t50 c1=t42
1216 core=0 yield r=0 y=1 c0=t50 c1=t42
1217 core=0 give_isr r=1 y=0 c0=t50 c1=t42
1218 core=0 takeb t50 2 r=1 y=0 c0=t50 c1=t42
1219 core=1 take t42 r=0 y=0 c0=t50 c1=t42
1220 core=0 noop r=0 y=0 c0=t50 c1=t42
1221 core=0 delay t50 3 r=0 y=1 c0=t32 c1=t42
1222 core=1 noop r=0 y=0 c0=t32 c1=t42
1223 core=0 yield r=0 y=1 c0=IDLE1 c1=t42
1224 core=1 noop r=0 y=0 c0=IDLE1 c1=t42
1225 core=1 give_isr r=1 y=0 c0=IDLE1 c1=t42
1226 core=0 yield r=0 y=1 c0=IDLE0 c1=t42
1227 core=1 noop r=0 y=0 c0=IDLE0 c1=t42
1228 core=0 delete 7 t42 r=0 y=2 c0=IDLE0 c1=t46
1229 core=1 noop r=0 y=0 c0=IDLE0 c1=t46
1230 core=0 noop r=0 y=0 c0=IDLE0 c1=t46
1231 core=1 create 9 t52 p1 r=1 y=1 c0=t52 c1=t46
1232 core=0 takeb t52 2 r=1 y=0 c0=t52 c1=t46
1233 core=0 takeb t52 5 r=2 y=1 c0=t32 c1=t46
1234 core=1 noop r=0 y=0 c0=t32 c1=t46
1235 core=1 noop r=0 y=0 c0=t32 c1=t46
1236 core=0 delay t32 5 r=0 y=1 c0=IDLE1 c1=t46
1237 core=1 noop r=0 y=0 c0=IDLE1 c1=t46
1238 core=0 noop r=0 y=0 c0=IDLE1 c1=t46
1239 core=0 give_isr r=1 y=1 c0=t52 c1=t46
1240 core=0 cont t52 r=1 y=0 c0=t52 c1=t46
1241 core=0 delay t52 4 r=0 y=1 c0=IDLE0 c1=t46
1242 core=1 create 1 t53 p3 r=1 y=1 c0=t53 c1=t46
1243 core=0 noop r=0 y=0 c0=t53 c1=t46
1244 core=0 give r=1 y=0 c0=t53 c1=t46
1245 core=0 delay t53 2 r=0 y=1 c0=IDLE1 c1=t46
1246 core=1 noop r=0 y=0 c0=IDLE1 c1=t46
1247 core=0 noop r=0 y=0 c0=IDLE1 c1=t46
1248 core=0 noop r=0 y=0 c0=IDLE1 c1=t46
1249 core=0 noop r=0 y=0 c0=IDLE1 c1=t46
1250 core=0 tick r=1 y=3 c0=IDLE0 c1=IDLE1
1251 core=0 prio t53 3 r=0 y=0 c0=IDLE0 c1=IDLE1
1252 core=0 give r=0 y=0 c0=IDLE0 c1=IDLE1
1253 core=1 resume t50 r=0 y=0 c0=IDLE0 c1=IDLE1
1254 core=0 create 7 t54 p0 r=1 y=2 c0=IDLE0 c1=t46
1255 core=1 delete 7 t54 r=0 y=0 c0=IDLE0 c1=t46
1256 core=0 noop r=0 y=0 c0=IDLE0 c1=t46
1257 core=1 delay t46 5 r=0 y=2 c0=IDLE0 c1=IDLE1
1258 core=0 yield r=0 y=1 c0=IDLE0 c1=IDLE1
1259 core=0 tick r=1 y=3 c0=t53 c1=IDLE0
1260 core=0 noop r=0 y=0 c0=t53 c1=IDLE0
1261 core=1 noop r=0 y=0 c0=t53 c1=IDLE0
1262 core=0 noop r=0 y=0 c0=t53 c1=IDLE0
1263 core=1 noop r=0 y=0 c0=t53 c1=IDLE0
1264 core=0 takeb t53 5 r=1 y=0 c0=t53 c1=IDLE0
1265 core=0 delay t53 2 r=0 y=1 c0=IDLE1 c1=IDLE0
1266 core=1 noop r=0 y=0 c0=IDLE1 c1=IDLE0
1267 core=1 noop r=0 y=0 c0=IDLE1 c1=IDLE0
1268 core=0 create 4 t55 p1 r=1 y=2 c0=IDLE1 c1=t55
1269 core=0 tick r=1 y=1 c0=t50 c1=t55
1270 core=0 prio t53 3 r=0 y=0 c0=t50 c1=t55
1271 core=1 noop r=0 y=0 c0=t50 c1=t55
1272 core=1 create 5 t56 p0 r=1 y=0 c0=t50 c1=t55
1273 core=1 noop r=0 y=0 c0=t50 c1=t55
1274 core=1 take t55 r=0 y=0 c0=t50 c1=t55
1275 core=1 take t55 r=0 y=0 c0=t50 c1=t55
1276 core=0 prio t53 3 r=0 y=0 c0=t50 c1=t55
1277 core=1 takeb t55 6 r=2 y=2 c0=t50 c1=IDLE0
1278 core=0 prio t50 1 r=0 y=1 c0=t50 c1=IDLE0
1279 core=0 suspend t56 r=0 y=0 c0=t50 c1=IDLE0
1280 core=0 resume t55 r=0 y=0 c0=t50 c1=IDLE0
1281 core=0 prio t32 0 r=0 y=0 c0=t50 c1=IDLE0
1282 core=1 prio t32 1 r=0 y=0 c0=t50 c1=IDLE0
1283 core=0 give r=1 y=2 c0=t50 c1=t55
1284 core=0 prio t52 1 r=0 y=0 c0=t50 c1=t55
1285 core=1 cont t55 r=1 y=0 c0=t50 c1=t55
1286 core=0 tick r=1 y=3 c0=t53 c1=t52
1287 core=0 noop r=0 y=0 c0=t53 c1=t52
1288 core=1 noop r=0 y=0 c0=t53 c1=t52
1289 core=0 suspend t50 r=0 y=0 c0=t53 c1=t52
1290 core=1 resume t50 r=0 y=0 c0=t53 c1=t52
1291 core=0 noop r=0 y=0 c0=t53 c1=t52
1292 core=0 prio t46 3 r=0 y=0 c0=t53 c1=t52
1293 core=0 takeb t53 2 r=2 y=1 c0=t55 c1=t52
1294 core=1 noop r=0 y=0 c0=t55 c1=t52
1295 core=0 delete 5 t56 r=0 y=0 c0=t55 c1=t52
1296 core=1 noop r=0 y=0 c0=t55 c1=t52
1297 core=0 tick r=1 y=3 c0=t50 c1=t32
1298 core=0 suspend t52 r=0 y=0 c0=t50 c1=t32
1299 core=0 tick r=1 y=3 c0=t46 c1=t53
1300 core=1 cont t53 r=0 y=0 c0=t46 c1=t53
1301 core=1 noop r=0 y=0 c0=t46 c1=t53
1302 core=1 take t53 r=0 y=0 c0=t46 c1=t53
1303 core=1 noop r=0 y=0 c0=t46 c1=t53
1304 core=0 noop r=0 y=0 c0=t46 c1=t53
1305 core=1 noop r=0 y=0 c0=t46 c1=t53
1306 core=0 tick r=1 y=3 c0=t46 c1=t53
1307 core=0 delay t46 4 r=0 y=1 c0=t55 c1=t53
1308 core=1 delete 3 t46 r=0 y=0 c0=t55 c1=t53
1309 core=1 delay t53 5 r=0 y=2 c0=t55 c1=t50
1310 core=0 give r=1 y=0 c0=t55 c1=t50
1311 core=0 resume t52 r=0 y=0 c0=t55 c1=t50
1312 core=0 noop r=0 y=0 c0=t55 c1=t50
1313 core=0 resume t50 r=0 y=0 c0=t55 c1=t50
1314 core=0 yield r=0 y=1 c0=t32 c1=t50
1315 core=0 noop r=0 y=0 c0=t32 c1=t50
1316 core=0 prio t53 0 r=0 y=0 c0=t32 c1=t50
1317 core=0 delay t32 4 r=0 y=1 c0=t52 c1=t50
1318 core=1 delay t50 5 r=0 y=2 c0=t52 c1=t55
1319 core=0 noop r=0 y=0 c0=t52 c1=t55
1320 core=0 give_isr r=0 y=0 c0=t52 c1=t55
1321 core=0 prio t53 0 r=0 y=0 c0=t52 c1=t55
1322 core=0 noop r=0 y=0 c0=t52 c1=t55
1323 core=1 delay t55 3 r=0 y=2 c0=t52 c1=IDLE1
1324 core=1 resume t52 r=0 y=0 c0=t52 c1=IDLE1
1325 core=1 noop r=0 y=0 c0=t52 c1=IDLE1
1326 core=1 noop r=0 y=0 c0=t52 c1=IDLE1
1327 core=0 delay t52 2 r=0 y=1 c0=IDLE0 c1=IDLE1
1328 core=1 noop r=0 y=0 c0=IDLE0 c1=IDLE1
1329 core=1 noop r=0 y=0 c0=IDLE0 c1=IDLE1
1330 core=1 prio t55 0 r=0 y=0 c0=IDLE0 c1=IDLE1
1331 core=0 resume t53 r=0 y=0 c0=IDLE0 c1=IDLE1
1332 core=0 noop r=0 y=0 c0=IDLE0 c1=IDLE1
1333 core=0 delete 4 t55 r=0 y=0 c0=IDLE0 c1=IDLE1
1334 core=1 noop r=0 y=0 c0=IDLE0 c1=IDLE1
1335 core=0 tick r=1 y=3 c0=IDLE0 c1=IDLE1
1336 core=0 noop r=0 y=0 c0=IDLE0 c1=IDLE1
1337 core=1 give_isr r=0 y=0 c0=IDLE0 c1=IDLE1
1338 core=0 tick r=1 y=3 c0=t52 c1=IDLE0
1339 core=0 resume t50 r=0 y=0 c0=t52 c1=IDLE0
1340 core=0 noop r=0 y=0 c0=t52 c1=IDLE0
1341 core=0 noop r=0 y=0 c0=t52 c1=IDLE0
1342 core=1 give_isr r=0 y=0 c0=t52 c1=IDLE0
1343 core=1 noop r=0 y=0 c0=t52 c1=IDLE0
1344 core=0 suspend t52 r=0 y=1 c0=IDLE1 c1=IDLE0
1345 core=1 noop r=0 y=0 c0=IDLE1 c1=IDLE0
1346 core=0 tick r=1 y=3 c0=IDLE1 c1=IDLE0
1347 core=1 noop r=0 y=0 c0=IDLE1 c1=IDLE0
1348 core=1 create 5 t57 p1 r=1 y=2 c0=IDLE1 c1=t57
1349 core=0 resume t53 r=0 y=0 c0=IDLE1 c1=t57
1350 core=1 noop r=0 y=0 c0=IDLE1 c1=t57
1351 core=1 delay t57 1 r=0 y=2 c0=IDLE1 c1=IDLE0
1352 core=0 create 3 t58 p1 r=1 y=2 c0=IDLE1 c1=t58
1353 core=0 noop r=0 y=0 c0=IDLE1 c1=t58
1354 core=0 give r=0 y=0 c0=IDLE1 c1=t58
1355 core=0 noop r=0 y=0 c0=IDLE1 c1=t58
1356 core=0 resume t52 r=0 y=1 c0=t52 c1=t58
1357 core=0 tick r=1 y=3 c0=t32 c1=t57
1358 core=0 noop r=0 y=0 c0=t32 c1=t57
1359 core=1 noop r=0 y=0 c0=t32 c1=t57
1360 core=1 suspend t32 r=0 y=1 c0=t52 c1=t57
1361 core=0 takeb t52 3 r=1 y=0 c0=t52 c1=t57
1362 core=0 prio t57 2 r=0 y=0 c0=t52 c1=t57
1363 core=0 noop r=0 y=0 c0=t52 c1=t57
1364 core=1 yield r=0 y=2 c0=t52 c1=t57
1365 core=1 prio t50 2 r=0 y=0 c0=t52 c1=t57
1366 core=0 tick r=1 y=3 c0=t50 c1=t57
1367 core=0 noop r=0 y=0 c0=t50 c1=t57
1368 core=0 takeb t50 4 r=2 y=1 c0=t58 c1=t57
1369 core=0 delay t58 2 r=0 y=1 c0=t52 c1=t57
1370 core=1 delay t57 3 r=0 y=2 c0=t52 c1=IDLE0
1371 core=0 delay t52 5 r=0 y=1 c0=IDLE1 c1=IDLE0
1372 core=1 give_isr r=1 y=2 c0=IDLE1 c1=t50
1373 core=0 delete 8 t32 r=0 y=0 c0=IDLE1 c1=t50
1374 core=1 cont t50 r=1 y=0 c0=IDLE1 c1=t50
1375 core=1 give_isr r=1 y=0 c0=IDLE1 c1=t50
1376 core=0 yield r=0 y=1 c0=t53 c1=t50
1377 core=0 delay t53 2 r=0 y=1 c0=IDLE0 c1=t50
1378 core=0 give r=0 y=0 c0=IDLE0 c1=t50
1379 core=1 noop r=0 y=0 c0=IDLE0 c1=t50
1380 core=0 give_isr r=0 y=0 c0=IDLE0 c1=t50
1381 core=0 yield r=0 y=1 c0=IDLE1 c1=t50
1382 core=1 takeb t50 2 r=1 y=0 c0=IDLE1 c1=t50
1383 core=1 give_isr r=1 y=0 c0=IDLE1 c1=t50
1384 core=0 noop r=0 y=0 c0=IDLE1 c1=t50
1385 core=0 noop r=0 y=0 c0=IDLE1 c1=t50
1386 core=0 noop r=0 y=0 c0=IDLE1 c1=t50
1387 core=1 take t50 r=1 y=0 c0=IDLE1 c1=t50
1388 core=0 noop r=0 y=0 c0=IDLE1 c1=t50
1389 core=1 delay t50 2 r=0 y=2 c0=IDLE1 c1=IDLE0
1390 core=0 noop r=0 y=0 c0=IDLE1 c1=IDLE0
1391 core=0 create 7 t59 p0 r=1 y=2 c0=IDLE1 c1=t59
1392 core=0 give_isr r=1 y=0 c0=IDLE1 c1=t59
1393 core=0 noop r=0 y=0 c0=IDLE1 c1=t59
1394 core=1 delay t59 2 r=0 y=2 c0=IDLE1 c1=IDLE0
1395 core=1 noop r=0 y=0 c0=IDLE1 c1=IDLE0
1396 core=1 suspend t50 r=0 y=0 c0=IDLE1 c1=IDLE0
1397 core=1 noop r=0 y=0 c0=IDLE1 c1=IDLE0
1398 core=0 noop r=0 y=0 c0=IDLE1 c1=IDLE0
1399 core=0 noop r=0 y=0 c0=IDLE1 c1=IDLE0
1400 core=1 resume t53 r=0 y=0 c0=IDLE1 c1=IDLE0
1401 core=0 noop r=0 y=0 c0=IDLE1 c1=IDLE0
1402 core=0 tick r=1 y=3 c0=IDLE1 c1=IDLE0
1403 core=1 give_isr r=0 y=0 c0=IDLE1 c1=IDLE0
1404 core=1 noop r=0 y=0 c0=IDLE1 c1=IDLE0
1405 core=0 noop r=0 y=0 c0=IDLE1 c1=IDLE0
1406 core=0 tick r=1 y=3 c0=t58 c1=t53
1407 core=1 resume t58 r=0 y=0 c0=t58 c1=t53
1408 core=1 yield r=0 y=2 c0=t58 c1=t59
1409 core=1 noop r=0 y=0 c0=t58 c1=t59
1410 core=0 suspend t53 r=0 y=0 c0=t58 c1=t59
1411 core=0 tick r=0 y=2 c0=t58 c1=t57
1412 core=1 noop r=0 y=0 c0=t58 c1=t57
1413 core=0 noop r=0 y=0 c0=t58 c1=t57
1414 core=1 give_isr r=0 y=0 c0=t58 c1=t57
1415 core=0 create 6 t60 p1 r=1 y=0 c0=t58 c1=t57
1416 core=0 delay t58 1 r=0 y=1 c0=t60 c1=t57
1417 core=1 takeb t57 5 r=1 y=0 c0=t60 c1=t57
1418 core=0 resume t52 r=0 y=0 c0=t60 c1=t57
1419 core=0 suspend t50 r=0 y=0 c0=t60 c1=t57
1420 core=1 noop r=0 y=0 c0=t60 c1=t57
1421 core=0 noop r=0 y=0 c0=t60 c1=t57
1422 core=0 resume t52 r=0 y=0 c0=t60 c1=t57
1423 core=1 suspend t50 r=0 y=0 c0=t60 c1=t57
1424 core=1 give r=1 y=0 c0=t60 c1=t57
1425 core=0 tick r=1 y=1 c0=t58 c1=t57
1426 core=0 take t58 r=1 y=0 c0=t58 c1=t57
1427 core=1 suspend t52 r=0 y=0 c0=t58 c1=t57
1428 core=0 take t58 r=0 y=0 c0=t58 c1=t57
1429 core=1 take t57 r=0 y=0 c0=t58 c1=t57
1430 core=0 noop r=0 y=0 c0=t58 c1=t57
1431 core=0 noop r=0 y=0 c0=t58 c1=t57
1432 core=0 resume t59 r=0 y=0 c0=t58 c1=t57
1433 core=0 prio t50 1 r=0 y=0 c0=t58 c1=t57
1434 core=1 give_isr r=1 y=0 c0=t58 c1=t57
1435 core=1 give r=0 y=0 c0=t58 c1=t57
1436 core=0 delete 9 t52 r=0 y=0 c0=t58 c1=t57
1437 core=0 give r=0 y=0 c0=t58 c1=t57
1438 core=0 tick r=1 y=1 c0=t60 c1=t57
1439 core=0 give r=0 y=0 c0=t60 c1=t57
1440 core=1 noop r=0 y=0 c0=t60 c1=t57
1441 core=1 takeb t57 2 r=1 y=0 c0=t60 c1=t57
1442 core=0 tick r=1 y=1 c0=t58 c1=t57
1443 core=1 give_isr r=1 y=0 c0=t58 c1=t57
1444 core=1 noop r=0 y=0 c0=t58 c1=t57
1445 core=0 tick r=1 y=1 c0=t60 c1=t57
1446 core=0 take t60 r=1 y=0 c0=t60 c1=t57
1447 core=0 tick r=1 y=1 c0=t58 c1=t57
1448 core=1 noop r=0 y=0 c0=t58 c1=t57
1449 core=1 suspend t60 r=0 y=0 c0=t58 c1=t57
1450 core=0 noop r=0 y=0 c0=t58 c1=t57
1451 core=0 noop r=0 y=0 c0=t58 c1=t57
1452 core=1 delay t57 5 r=0 y=2 c0=t58 c1=IDLE1
1453 core=1 noop r=0 y=0 c0=t58 c1=IDLE1
1454 core=1 suspend t59 r=0 y=0 c0=t58 c1=IDLE1
1455 core=1 give_isr r=1 y=0 c0=t58 c1=IDLE1
1456 core=1 noop r=0 y=0 c0=t58 c1=IDLE1
1457 core=1 suspend t53 r=0 y=0 c0=t58 c1=IDLE1
1458 core=1 noop r=0 y=0 c0=t58 c1=IDLE1
1459 core=0 tick r=0 y=2 c0=t58 c1=IDLE0
1460 core=0 yield r=0 y=1 c0=t58 c1=IDLE0
1461 core=1 noop r=0 y=0 c0=t58 c1=IDLE0
1462 core=1 give r=0 y=0 c0=t58 c1=IDLE0
1463 core=0 yield r=0 y=1 c0=t58 c1=IDLE0
1464 core=1 noop r=0 y=0 c0=t58 c1=IDLE0
1465 core=0 give r=0 y=0 c0=t58 c1=IDLE0
1466 core=1 prio t60 1 r=0 y=0 c0=t58 c1=IDLE0
1467 core=1 suspend t60 r=0 y=0 c0=t58 c1=IDLE0
1468 core=1 delete 0 t50 r=0 y=0 c0=t58 c1=IDLE0
1469 core=1 give r=0 y=0 c0=t58 c1=IDLE0
1470 core=0 takeb t58 6 r=1 y=0 c0=t58 c1=IDLE0
1471 core=0 suspend t53 r=0 y=0 c0=t58 c1=IDLE0
1472 core=1 give r=1 y=0 c0=t58 c1=IDLE0
1473 core=0 delay t58 1 r=0 y=1 c0=IDLE1 c1=IDLE0
1474 core=1 resume t57 r=0 y=0 c0=IDLE1 c1=IDLE0
1475 core=0 noop r=0 y=0 c0=IDLE1 c1=IDLE0
1476 core=0 give r=0 y=0 c0=IDLE1 c1=IDLE0
1477 core=0 give r=0 y=0 c0=IDLE1 c1=IDLE0
1478 core=0 resume t60 r=0 y=2 c0=IDLE1 c1=t60
1479 core=0 tick r=1 y=3 c0=t58 c1=t60
1480 core=0 noop r=0 y=0 c0=t58 c1=t60
1481 core=0 noop r=0 y=0 c0=t58 c1=t60
1482 core=1 noop r=0 y=0 c0=t58 c1=t60
1483 core=1 delay t60 5 r=0 y=2 c0=t58 c1=IDLE0
1484 core=1 suspend t60 r=0 y=0 c0=t58 c1=IDLE0
1485 core=0 give_isr r=0 y=0 c0=t58 c1=IDLE0
1486 core=0 tick r=0 y=2 c0=t58 c1=IDLE1
1487 core=0 takeb t58 5 r=1 y=0 c0=t58 c1=IDLE1
1488 core=1 noop r=0 y=0 c0=t58 c1=IDLE1
1489 core=0 tick r=0 y=2 c0=t58 c1=IDLE0
1490 core=0 tick r=0 y=2 c0=t58 c1=t57
1491 core=0 tick r=0 y=0 c0=t58 c1=t57
1492 core=1 create 0 t61 p2 r=1 y=1 c0=t61 c1=t57
1493 core=1 noop r=0 y=0 c0=t61 c1=t57
1494 core=0 create 2 t62 p2 r=1 y=0 c0=t61 c1=t57
1495 core=0 tick r=1 y=3 c0=t62 c1=t61
1496 core=0 suspend t57 r=0 y=0 c0=t62 c1=t61
1497 core=1 resume t58 r=0 y=0 c0=t62 c1=t61
1498 core=1 prio t59 2 r=0 y=0 c0=t62 c1=t61
1499 core=1 noop r=0 y=0 c0=t62 c1=t61
1500 core=0 tick r=1 y=3 c0=t62 c1=t61
1501 core=1 noop r=0 y=0 c0=t62 c1=t61
1502 core=0 delay t62 4 r=0 y=1 c0=t58 c1=t61
1503 core=1 resume t57 r=0 y=1 c0=t57 c1=t61
1504 core=0 tick r=1 y=3 c0=t57 c1=t61
1505 core=0 delay t57 5 r=0 y=1 c0=t58 c1=t61
1506 core=0 give r=1 y=0 c0=t58 c1=t61
1507 core=0 suspend t58 r=0 y=1 c0=IDLE1 c1=t61
1508 core=0 noop r=0 y=0 c0=IDLE1 c1=t61
1509 core=0 noop r=0 y=0 c0=IDLE1 c1=t61
1510 core=1 give_isr r=0 y=0 c0=IDLE1 c1=t61
1511 core=1 take t61 r=1 y=0 c0=IDLE1 c1=t61
1512 core=0 noop r=0 y=0 c0=IDLE1 c1=t61
1513 core=0 give r=1 y=0 c0=IDLE1 c1=t61
1514 core=0 prio t59 0 r=0 y=0 c0=IDLE1 c1=t61
1515 core=0 noop r=0 y=0 c0=IDLE1 c1=t61
1516 core=0 noop r=0 y=0 c0=IDLE1 c1=t61
1517 core=0 give r=0 y=0 c0=IDLE1 c1=t61
1518 core=1 delay t61 1 r=0 y=2 c0=IDLE1 c1=IDLE0
1519 core=0 resume t61 r=0 y=0 c0=IDLE1 c1=IDLE0
1520 core=1 noop r=0 y=0 c0=IDLE1 c1=IDLE0
1521 core=0 suspend t61 r=0 y=0 c0=IDLE1 c1=IDLE0
1522 core=1 noop r=0 y=0 c0=IDLE1 c1=IDLE0
1523 core=1 noop r=0 y=0 c0=IDLE1 c1=IDLE0
1524 core=1 prio t60 2 r=0 y=0 c0=IDLE1 c1=IDLE0
1525 core=0 give r=0 y=0 c0=IDLE1 c1=IDLE0
1526 core=0 give r=0 y=0 c0=IDLE1 c1=IDLE0
1527 core=1 create 9 t63 p2 r=1 y=2 c0=IDLE1 c1=t63
1528 core=0 prio t61 3 r=0 y=0 c0=IDLE1 c1=t63
1529 core=0 give_isr r=0 y=0 c0=IDLE1 c1=t63
1530 core=0 noop r=0 y=0 c0=IDLE1 c1=t63
1531 core=1 give r=0 y=0 c0=IDLE1 c1=t63
1532 core=0 noop r=0 y=0 c0=IDLE1 c1=t63
1533 core=1 noop r=0 y=0 c0=IDLE1 c1=t63
1534 core=0 noop r=0 y=0 c0=IDLE1 c1=t63
1535 core=0 resume t57 r=0 y=0 c0=IDLE1 c1=t63
1536 core=1 suspend t57 r=0 y=0 c0=IDLE1 c1=t63
1537 core=1 suspend t61 r=0 y=0 c0=IDLE1 c1=t63
1538 core=0 resume t62 r=0 y=0 c0=IDLE1 c1=t63
1539 core=1 suspend t60 r=0 y=0 c0=IDLE1 c1=t63
1540 core=1 delay t63 3 r=0 y=2 c0=IDLE1 c1=IDLE0
1541 core=0 tick r=1 y=3 c0=IDLE1 c1=IDLE0
1542 core=0 noop r=0 y=0 c0=IDLE1 c1=IDLE0
1543 core=1 noop r=0 y=0 c0=IDLE1 c1=IDLE0
1544 core=0 give r=0 y=0 c0=IDLE1 c1=IDLE0
1545 core=0 yield r=0 y=1 c0=IDLE1 c1=IDLE0
1546 core=0 prio t62 3 r=0 y=0 c0=IDLE1 c1=IDLE0
1547 core=0 tick r=1 y=3 c0=IDLE1 c1=IDLE0
1548 core=1 noop r=0 y=0 c0=IDLE1 c1=IDLE0
1549 core=0 noop r=0 y=0 c0=IDLE1 c1=IDLE0
1550 core=1 noop r=0 y=0 c0=IDLE1 c1=IDLE0
1551 core=1 noop r=0 y=0 c0=IDLE1 c1=IDLE0
1552 core=0 suspend t61 r=0 y=0 c0=IDLE1 c1=IDLE0
1553 core=0 noop r=0 y=0 c0=IDLE1 c1=IDLE0
1554 core=1 prio t60 2 r=0 y=0 c0=IDLE1 c1=IDLE0
1555 core=0 resume t62 r=0 y=0 c0=IDLE1 c1=IDLE0
1556 core=0 give_isr r=0 y=0 c0=IDLE1 c1=IDLE0
1557 core=0 prio t58 1 r=0 y=0 c0=IDLE1 c1=IDLE0
1558 core=1 suspend t61 r=0 y=0 c0=IDLE1 c1=IDLE0
1559 core=1 suspend t63 r=0 y=0 c0=IDLE1 c1=IDLE0
1560 core=0 prio t57 3 r=0 y=0 c0=IDLE1 c1=IDLE0
1561 core=0 resume t58 r=0 y=2 c0=IDLE1 c1=t58
1562 core=0 prio t53 3 r=0 y=0 c0=IDLE1 c1=t58
1563 core=0 prio t58 3 r=0 y=0 c0=IDLE1 c1=t58
1564 core=1 noop r=0 y=0 c0=IDLE1 c1=t58
1565 core=1 prio t57 0 r=0 y=0 c0=IDLE1 c1=t58
1566 core=1 prio t61 0 r=0 y=0 c0=IDLE1 c1=t58
1567 core=0 noop r=0 y=0 c0=IDLE1 c1=t58
1568 core=0 delete 1 t53 r=0 y=0 c0=IDLE1 c1=t58
1569 core=1 create 4 t64 p3 r=1 y=1 c0=t64 c1=t58
1570 core=0 tick r=1 y=3 c0=t62 c1=t64
1571 core=1 delay t64 1 r=0 y=2 c0=t62 c1=t58
1572 core=0 delay t62 1 r=0 y=1 c0=IDLE0 c1=t58
1573 core=0 noop r=0 y=0 c0=IDLE0 c1=t58
1574 core=1 prio t57 3 r=0 y=0 c0=IDLE0 c1=t58
1575 core=1 give r=0 y=0 c0=IDLE0 c1=t58
1576 core=1 give_isr r=0 y=0 c0=IDLE0 c1=t58
1577 core=0 prio t58 3 r=0 y=0 c0=IDLE0 c1=t58
1578 core=1 suspend t64 r=0 y=0 c0=IDLE0 c1=t58
1579 core=0 tick r=1 y=3 c0=t62 c1=t58
1580 core=1 noop r=0 y=0 c0=t62 c1=t58
1581 core=1 resume t61 r=0 y=0 c0=t62 c1=t58
1582 core=1 noop r=0 y=0 c0=t62 c1=t58
1583 core=0 give r=0 y=0 c0=t62 c1=t58
1584 core=1 give r=0 y=0 c0=t62 c1=t58
1585 core=0 noop r=0 y=0 c0=t62 c1=t58
1586 core=1 suspend t61 r=0 y=0 c0=t62 c1=t58
1587 core=0 tick r=1 y=3 c0=t62 c1=t58
1588 core=0 delay t62 1 r=0 y=1 c0=IDLE1 c1=t58
1589 core=0 tick r=1 y=3 c0=t62 c1=t58
1590 core=1 noop r=0 y=0 c0=t62 c1=t58
1591 core=0 delay t62 3 r=0 y=1 c0=IDLE0 c1=t58
1592 core=1 takeb t58 2 r=1 y=0 c0=IDLE0 c1=t58
1593 core=1 resume t61 r=0 y=1 c0=IDLE1 c1=t58
1594 core=1 noop r=0 y=0 c0=IDLE1 c1=t58
1595 core=0 tick r=1 y=1 c0=t61 c1=t58
1596 core=0 suspend t61 r=0 y=1 c0=IDLE0 c1=t58
1597 core=1 delay t58 2 r=0 y=2 c0=IDLE0 c1=IDLE1
1598 core=0 noop r=0 y=0 c0=IDLE0 c1=IDLE1
1599 core=1 prio t61 2 r=0 y=0 c0=IDLE0 c1=IDLE1
1600 core=1 noop r=0 y=0 c0=IDLE0 c1=IDLE1
1601 core=0 give_isr r=1 y=0 c0=IDLE0 c1=IDLE1
1602 core=0 give r=0 y=0 c0=IDLE0 c1=IDLE1
1603 core=1 prio t63 3 r=0 y=0 c0=IDLE0 c1=IDLE1
1604 core=0 noop r=0 y=0 c0=IDLE0 c1=IDLE1
1605 core=1 resume t59 r=0 y=2 c0=IDLE0 c1=t59
1606 core=1 prio t57 3 r=0 y=0 c0=IDLE0 c1=t59
1607 core=1 prio t57 0 r=0 y=0 c0=IDLE0 c1=t59
1608 core=0 suspend t64 r=0 y=0 c0=IDLE0 c1=t59
1609 core=0 noop r=0 y=0 c0=IDLE0 c1=t59
1610 core=0 give r=0 y=0 c0=IDLE0 c1=t59
1611 core=1 noop r=0 y=0 c0=IDLE0 c1=t59
1612 core=0 give r=0 y=0 c0=IDLE0 c1=t59
1613 core=0 tick r=1 y=3 c0=IDLE1 c1=IDLE0
1614 core=1 noop r=0 y=0 c0=IDLE1 c1=IDLE0
1615 core=0 prio t58 1 r=0 y=0 c0=IDLE1 c1=IDLE0
1616 core=0 noop r=0 y=0 c0=IDLE1 c1=IDLE0
1617 core=0 delete 0 t61 r=0 y=0 c0=IDLE1 c1=IDLE0
1618 core=1 noop r=0 y=0 c0=IDLE1 c1=IDLE0
1619 core=0 suspend t63 r=0 y=0 c0=IDLE1 c1=IDLE0
1620 core=0 suspend t59 r=0 y=0 c0=IDLE1 c1=IDLE0
1621 core=1 noop r=0 y=0 c0=IDLE1 c1=IDLE0
1622 core=1 noop r=0 y=0 c0=IDLE1 c1=IDLE0
1623 core=1 suspend t58 r=0 y=0 c0=IDLE1 c1=IDLE0
1624 core=0 prio t60 3 r=0 y=0 c0=IDLE1 c1=IDLE0
1625 core=1 resume t58 r=0 y=2 c0=IDLE1 c1=t58
1626 core=1 resume t57 r=0 y=1 c0=IDLE0 c1=t58
1627 core=1 take t58 r=1 y=0 c0=IDLE0 c1=t58
1628 core=1 delay t58 4 r=0 y=2 c0=IDLE0 c1=t57
1629 core=0 noop r=0 y=0 c0=IDLE0 c1=t57
1630 core=0 give r=1 y=0 c0=IDLE0 c1=t57
1631 core=0 delete 7 t59 r=0 y=0 c0=IDLE0 c1=t57
1632 core=1 takeb t57 5 r=1 y=0 c0=IDLE0 c1=t57
1633 core=0 suspend t57 r=0 y=2 c0=IDLE0 c1=IDLE1
1634 core=0 resume t60 r=0 y=2 c0=IDLE0 c1=t60
1635 core=1 delete 4 t64 r=0 y=0 c0=IDLE0 c1=t60
1636 core=0 tick r=1 y=3 c0=t62 c1=t60
1637 core=1 noop r=0 y=0 c0=t62 c1=t60
1638 core=0 delete 6 t60 r=0 y=2 c0=t62 c1=IDLE1
1639 core=1 noop r=0 y=0 c0=t62 c1=IDLE1
1640 core=1 noop r=0 y=0 c0=t62 c1=IDLE1
1641 core=1 resume t58 r=0 y=0 c0=t62 c1=IDLE1
1642 core=1 yield r=0 y=2 c0=t62 c1=IDLE0
1643 core=1 give_isr r=1 y=0 c0=t62 c1=IDLE0
1644 core=1 give r=0 y=0 c0=t62 c1=IDLE0
1645 core=0 noop r=0 y=0 c0=t62 c1=IDLE0
1646 core=1 create 0 t65 p1 r=1 y=2 c0=t62 c1=t65
1647 core=0 noop r=0 y=0 c0=t62 c1=t65
1648 core=1 delay t65 2 r=0 y=2 c0=t62 c1=IDLE1
1649 core=0 give_isr r=0 y=0 c0=t62 c1=IDLE1
1650 core=1 noop r=0 y=0 c0=t62 c1=IDLE1
1651 core=0 tick r=0 y=2 c0=t62 c1=IDLE0
1652 core=0 yield r=0 y=1 c0=t62 c1=IDLE0
1653 core=0 give r=0 y=0 c0=t62 c1=IDLE0
1654 core=1 noop r=0 y=0 c0=t62 c1=IDLE0
1655 core=0 noop r=0 y=0 c0=t62 c1=IDLE0
1656 core=1 suspend t62 r=0 y=1 c0=IDLE1 c1=IDLE0
1657 core=1 noop r=0 y=0 c0=IDLE1 c1=IDLE0
1658 core=0 give r=0 y=0 c0=IDLE1 c1=IDLE0
1659 core=1 give_isr r=0 y=0 c0=IDLE1 c1=IDLE0
1660 core=0 noop r=0 y=0 c0=IDLE1 c1=IDLE0
1661 core=0 noop r=0 y=0 c0=IDLE1 c1=IDLE0
1662 core=1 noop r=0 y=0 c0=IDLE1 c1=IDLE0
1663 core=1 delete 5 t57 r=0 y=0 c0=IDLE1 c1=IDLE0
1664 core=0 give_isr r=0 y=0 c0=IDLE1 c1=IDLE0
1665 core=1 delete 9 t63 r=0 y=0 c0=IDLE1 c1=IDLE0
1666 core=0 noop r=0 y=0 c0=IDLE1 c1=IDLE0
1667 core=0 noop r=0 y=0 c0=IDLE1 c1=IDLE0
1668 core=0 yield r=0 y=1 c0=IDLE1 c1=IDLE0
1669 core=0 noop r=0 y=0 c0=IDLE1 c1=IDLE0
1670 core=0 suspend t58 r=0 y=0 c0=IDLE1 c1=IDLE0
1671 core=0 give_isr r=0 y=0 c0=IDLE1 c1=IDLE0
1672 core=1 suspend t65 r=0 y=0 c0=IDLE1 c1=IDLE0
1673 core=1 suspend t58 r=0 y=0 c0=IDLE1 c1=IDLE0
1674 core=1 noop r=0 y=0 c0=IDLE1 c1=IDLE0
1675 core=0 give r=0 y=0 c0=IDLE1 c1=IDLE0
1676 core=0 noop r=0 y=0 c0=IDLE1 c1=IDLE0
1677 core=1 create 1 t66 p2 r=1 y=2 c0=IDLE1 c1=t66
1678 core=1 create 4 t67 p0 r=1 y=1 c0=IDLE0 c1=t66
1679 core=1 delay t66 2 r=0 y=2 c0=IDLE0 c1=t67
1680 core=0 give_isr r=0 y=0 c0=IDLE0 c1=t67
1681 core=1 give r=0 y=0 c0=IDLE0 c1=t67
1682 core=0 noop r=0 y=0 c0=IDLE0 c1=t67
1683 core=1 delay t67 1 r=0 y=2 c0=IDLE0 c1=IDLE1
1684 core=0 yield r=0 y=1 c0=IDLE0 c1=IDLE1
1685 core=1 give_isr r=0 y=0 c0=IDLE0 c1=IDLE1
1686 core=0 tick r=1 y=3 c0=t67 c1=IDLE0
1687 core=1 noop r=0 y=0 c0=t67 c1=IDLE0
1688 core=0 takeb t67 6 r=1 y=0 c0=t67 c1=IDLE0
1689 core=0 noop r=0 y=0 c0=t67 c1=IDLE0
1690 core=1 give_isr r=1 y=0 c0=t67 c1=IDLE0
1691 core=1 noop r=0 y=0 c0=t67 c1=IDLE0
1692 core=1 noop r=0 y=0 c0=t67 c1=IDLE0
1693 core=1 noop r=0 y=0 c0=t67 c1=IDLE0
1694 core=1 noop r=0 y=0 c0=t67 c1=IDLE0
1695 core=0 tick r=1 y=3 c0=t66 c1=IDLE1
1696 core=0 give r=0 y=0 c0=t66 c1=IDLE1
1697 core=0 takeb t66 3 r=1 y=0 c0=t66 c1=IDLE1
1698 core=0 tick r=0 y=2 c0=t66 c1=t67
1699 core=1 noop r=0 y=0 c0=t66 c1=t67
1700 core=0 delay t66 2 r=0 y=1 c0=IDLE0 c1=t67
1701 core=1 delete 1 t66 r=0 y=0 c0=IDLE0 c1=t67
1702 core=1 noop r=0 y=0 c0=IDLE0 c1=t67
1703 core=0 suspend t67 r=0 y=2 c0=IDLE0 c1=IDLE1
1704 core=1 prio t62 1 r=0 y=0 c0=IDLE0 c1=IDLE1
1705 core=0 noop r=0 y=0 c0=IDLE0 c1=IDLE1
1706 core=0 resume t67 r=0 y=2 c0=IDLE0 c1=t67
1707 core=1 takeb t67 2 r=2 y=2 c0=IDLE0 c1=IDLE1
1708 core=0 tick r=1 y=3 c0=IDLE0 c1=IDLE1
1709 core=0 noop r=0 y=0 c0=IDLE0 c1=IDLE1
1710 core=1 noop r=0 y=0 c0=IDLE0 c1=IDLE1
1711 core=1 noop r=0 y=0 c0=IDLE0 c1=IDLE1
1712 core=0 tick r=1 y=3 c0=t67 c1=IDLE0
1713 core=0 cont t67 r=0 y=0 c0=t67 c1=IDLE0
1714 core=0 give_isr r=1 y=0 c0=t67 c1=IDLE0
1715 core=1 create 6 t68 p1 r=1 y=2 c0=t67 c1=t68
1716 core=0 give r=0 y=0 c0=t67 c1=t68
1717 core=0 tick r=1 y=1 c0=IDLE1 c1=t68
1718 core=1 noop r=0 y=0 c0=IDLE1 c1=t68
1719 core=1 takeb t68 6 r=1 y=0 c0=IDLE1 c1=t68
1720 core=0 yield r=0 y=1 c0=IDLE0 c1=t68
1721 core=0 give_isr r=1 y=0 c0=IDLE0 c1=t68
1722 core=0 tick r=1 y=1 c0=t67 c1=t68
1723 core=0 create 1 t69 p3 r=1 y=1 c0=t69 c1=t68
1724 core=1 prio t67 3 r=0 y=2 c0=t69 c1=t67
1725 core=1 takeb t67 5 r=1 y=0 c0=t69 c1=t67
1726 core=0 takeb t69 2 r=2 y=1 c0=t68 c1=t67
1727 core=0 delay t68 3 r=0 y=1 c0=IDLE1 c1=t67
1728 core=0 noop r=0 y=0 c0=IDLE1 c1=t67
1729 core=1 noop r=0 y=0 c0=IDLE1 c1=t67
1730 core=1 noop r=0 y=0 c0=IDLE1 c1=t67
1731 core=0 prio t65 1 r=0 y=0 c0=IDLE1 c1=t67
1732 core=1 noop r=0 y=0 c0=IDLE1 c1=t67
1733 core=1 create 8 t70 p1 r=1 y=1 c0=t70 c1=t67
1734 core=0 tick r=0 y=0 c0=t70 c1=t67
1735 core=1 noop r=0 y=0 c0=t70 c1=t67
1736 core=1 delay t67 2 r=0 y=2 c0=t70 c1=IDLE0
1737 core=1 noop r=0 y=0 c0=t70 c1=IDLE0
1738 core=1 create 7 t71 p3 r=1 y=2 c0=t70 c1=t71
1739 core=0 yield r=0 y=1 c0=t70 c1=t71
1740 core=0 delay t70 5 r=0 y=1 c0=IDLE1 c1=t71
1741 core=1 prio t62 1 r=0 y=0 c0=IDLE1 c1=t71
1742 core=0 give r=1 y=1 c0=t69 c1=t71
1743 core=1 take t71 r=1 y=0 c0=t69 c1=t71
1744 core=1 take t71 r=0 y=0 c0=t69 c1=t71
1745 core=0 cont t69 r=2 y=1 c0=IDLE0 c1=t71
1746 core=1 give r=1 y=1 c0=t69 c1=t71
1747 core=1 delay t71 2 r=0 y=2 c0=t69 c1=IDLE1
1748 core=0 cont t69 r=1 y=0 c0=t69 c1=IDLE1
1749 core=0 delay t69 3 r=0 y=1 c0=IDLE0 c1=IDLE1
1750 core=0 noop r=0 y=0 c0=IDLE0 c1=IDLE1
1751 core=1 delete 3 t58 r=0 y=0 c0=IDLE0 c1=IDLE1
1752 core=0 tick r=1 y=3 c0=IDLE0 c1=IDLE1
1753 core=1 prio t68 3 r=0 y=0 c0=IDLE0 c1=IDLE1
1754 core=1 delete 4 t67 r=0 y=0 c0=IDLE0 c1=IDLE1
1755 core=1 give r=1 y=0 c0=IDLE0 c1=IDLE1
1756 core=1 give_isr r=0 y=0 c0=IDLE0 c1=IDLE1
1757 core=1 give r=0 y=0 c0=IDLE0 c1=IDLE1
1758 core=1 create 4 t72 p0 r=1 y=2 c0=IDLE0 c1=t72
1759 core=0 delete 1 t69 r=0 y=0 c0=IDLE0 c1=t72
1760 core=1 take t72 r=1 y=0 c0=IDLE0 c1=t72
1761 core=1 give r=1 y=0 c0=IDLE0 c1=t72
1762 core=1 suspend t62 r=0 y=0 c0=IDLE0 c1=t72
1763 core=1 prio t71 1 r=0 y=0 c0=IDLE0 c1=t72
1764 core=1 delay t72 3 r=0 y=2 c0=IDLE0 c1=IDLE1
1765 core=1 noop r=0 y=0 c0=IDLE0 c1=IDLE1
1766 core=0 tick r=1 y=3 c0=t68 c1=t71
1767 core=1 noop r=0 y=0 c0=t68 c1=t71
1768 core=1 yield r=0 y=2 c0=t68 c1=t71
1769 core=1 give r=0 y=0 c0=t68 c1=t71
1770 core=0 tick r=0 y=0 c0=t68 c1=t71
1771 core=0 noop r=0 y=0 c0=t68 c1=t71
1772 core=1 takeb t71 3 r=1 y=0 c0=t68 c1=t71
1773 core=0 takeb t68 1 r=2 y=1 c0=IDLE0 c1=t71
1774 core=1 noop r=0 y=0 c0=IDLE0 c1=t71
1775 core=0 noop r=0 y=0 c0=IDLE0 c1=t71
1776 core=0 noop r=0 y=0 c0=IDLE0 c1=t71
1777 core=0 tick r=1 y=3 c0=t68 c1=t71
1778 core=0 cont t68 r=0 y=0 c0=t68 c1=t71
1779 core=1 give r=1 y=0 c0=t68 c1=t71
1780 core=0 give r=0 y=0 c0=t68 c1=t71
1781 core=1 noop r=0 y=0 c0=t68 c1=t71
1782 core=0 takeb t68 2 r=1 y=0 c0=t68 c1=t71
1783 core=1 delay t71 5 r=0 y=2 c0=t68 c1=IDLE1
1784 core=1 noop r=0 y=0 c0=t68 c1=IDLE1
1785 core=0 delay t68 3 r=0 y=1 c0=t72 c1=IDLE1
1786 core=0 tick r=1 y=3 c0=t70 c1=IDLE0
1787 core=0 create 9 t73 p0 r=1 y=2 c0=t70 c1=t72
1788 core=1 give r=1 y=0 c0=t70 c1=t72
1789 core=1 resume t70 r=0 y=0 c0=t70 c1=t72
1790 core=0 prio t71 3 r=0 y=0 c0=t70 c1=t72
1791 core=1 give_isr r=0 y=0 c0=t70 c1=t72
1792 core=0 take t70 r=1 y=0 c0=t70 c1=t72
1793 core=0 tick r=0 y=2 c0=t70 c1=IDLE1
1794 core=0 takeb t70 6 r=2 y=1 c0=t73 c1=IDLE1
1795 core=1 delete 9 t73 r=0 y=1 c0=IDLE0 c1=IDLE1
1796 core=1 noop r=0 y=0 c0=IDLE0 c1=IDLE1
1797 core=0 prio t65 0 r=0 y=0 c0=IDLE0 c1=IDLE1
1798 core=1 noop r=0 y=0 c0=IDLE0 c1=IDLE1
1799 core=1 noop r=0 y=0 c0=IDLE0 c1=IDLE1
1800 core=0 tick r=1 y=3 c0=t68 c1=t72
1801 core=0 noop r=0 y=0 c0=t68 c1=t72
1802 core=1 give r=1 y=2 c0=t68 c1=t70
1803 core=1 cont t70 r=1 y=0 c0=t68 c1=t70
1804 core=1 resume t65 r=0 y=0 c0=t68 c1=t70
1805 core=1 noop r=0 y=0 c0=t68 c1=t70
1806 core=0 take t68 r=0 y=0 c0=t68 c1=t70
1807 core=1 noop r=0 y=0 c0=t68 c1=t70
1808 core=1 give_isr r=1 y=0 c0=t68 c1=t70
1809 core=1 noop r=0 y=0 c0=t68 c1=t70
1810 core=1 take t70 r=1 y=0 c0=t68 c1=t70
1811 core=0 give r=1 y=0 c0=t68 c1=t70
1812 core=0 tick r=0 y=0 c0=t68 c1=t70
1813 core=0 tick r=1 y=3 c0=t71 c1=t68
1814 core=1 noop r=0 y=0 c0=t71 c1=t68
1815 core=1 noop r=0 y=0 c0=t71 c1=t68
1816 core=1 give_isr r=0 y=0 c0=t71 c1=t68
1817 core=1 give_isr r=0 y=0 c0=t71 c1=t68
1818 core=1 yield r=0 y=2 c0=t71 c1=t68
1819 core=0 delete 6 t68 r=0 y=2 c0=t71 c1=t70
1820 core=1 noop r=0 y=0 c0=t71 c1=t70
1821 core=1 delete 0 t65 r=0 y=0 c0=t71 c1=t70
1822 core=0 suspend t71 r=0 y=1 c0=IDLE0 c1=t70
1823 core=0 noop r=0 y=0 c0=IDLE0 c1=t70
1824 core=1 takeb t70 5 r=1 y=0 c0=IDLE0 c1=t70
1825 core=1 noop r=0 y=0 c0=IDLE0 c1=t70
1826 core=1 give r=1 y=0 c0=IDLE0 c1=t70
1827 core=0 noop r=0 y=0 c0=IDLE0 c1=t70
1828 core=1 noop r=0 y=0 c0=IDLE0 c1=t70
1829 core=0 noop r=0 y=0 c0=IDLE0 c1=t70
1830 core=0 prio t70 3 r=0 y=0 c0=IDLE0 c1=t70
1831 core=0 tick r=1 y=1 c0=IDLE1 c1=t70
1832 core=0 noop r=0 y=0 c0=IDLE1 c1=t70
1833 core=1 create 5 t74 p0 r=1 y=1 c0=t72 c1=t70
1834 core=0 prio t74 0 r=0 y=0 c0=t72 c1=t70
1835 core=1 noop r=0 y=0 c0=t72 c1=t70
1836 core=1 yield r=0 y=2 c0=t72 c1=t70
1837 core=0 resume t70 r=0 y=0 c0=t72 c1=t70
1838 core=0 takeb t72 1 r=1 y=0 c0=t72 c1=t70
1839 core=0 delay t72 5 r=0 y=1 c0=IDLE0 c1=t70
1840 core=0 noop r=0 y=0 c0=IDLE0 c1=t70
1841 core=0 tick r=1 y=1 c0=t74 c1=t70
1842 core=0 noop r=0 y=0 c0=t74 c1=t70
1843 core=0 prio t72 0 r=0 y=0 c0=t74 c1=t70
1844 core=1 noop r=0 y=0 c0=t74 c1=t70
1845 core=0 delay t74 5 r=0 y=1 c0=IDLE1 c1=t70
1846 core=0 noop r=0 y=0 c0=IDLE1 c1=t70
1847 core=0 noop r=0 y=0 c0=IDLE1 c1=t70
1848 core=0 give_isr r=1 y=0 c0=IDLE1 c1=t70
1849 core=1 give r=0 y=0 c0=IDLE1 c1=t70
1850 core=1 noop r=0 y=0 c0=IDLE1 c1=t70
1851 core=0 noop r=0 y=0 c0=IDLE1 c1=t70
1852 core=0 tick r=1 y=1 c0=IDLE0 c1=t70
1853 core=1 suspend t70 r=0 y=2 c0=IDLE0 c1=IDLE1
1854 core=1 noop r=0 y=0 c0=IDLE0 c1=IDLE1
1855 core=1 delete 4 t72 r=0 y=0 c0=IDLE0 c1=IDLE1
1856 core=1 noop r=0 y=0 c0=IDLE0 c1=IDLE1
1857 core=1 noop r=0 y=0 c0=IDLE0 c1=IDLE1
1858 core=1 noop r=0 y=0 c0=IDLE0 c1=IDLE1
1859 core=1 noop r=0 y=0 c0=IDLE0 c1=IDLE1
1860 core=0 noop r=0 y=0 c0=IDLE0 c1=IDLE1
1861 core=0 noop r=0 y=0 c0=IDLE0 c1=IDLE1
1862 core=0 noop r=0 y=0 c0=IDLE0 c1=IDLE1
1863 core=0 create 1 t75 p0 r=1 y=2 c0=IDLE0 c1=t75
1864 core=0 noop r=0 y=0 c0=IDLE0 c1=t75
1865 core=1 give_isr r=0 y=0 c0=IDLE0 c1=t75
1866 core=1 yield r=0 y=2 c0=IDLE0 c1=IDLE1
1867 core=1 give r=0 y=0 c0=IDLE0 c1=IDLE1
1868 core=1 give_isr r=0 y=0 c0=IDLE0 c1=IDLE1
1869 core=0 give_isr r=0 y=0 c0=IDLE0 c1=IDLE1
1870 core=0 prio t70 0 r=0 y=0 c0=IDLE0 c1=IDLE1
1871 core=0 noop r=0 y=0 c0=IDLE0 c1=IDLE1
1872 core=0 noop r=0 y=0 c0=IDLE0 c1=IDLE1
1873 core=1 noop r=0 y=0 c0=IDLE0 c1=IDLE1
1874 core=1 noop r=0 y=0 c0=IDLE0 c1=IDLE1
1875 core=0 yield r=0 y=1 c0=t75 c1=IDLE1
1876 core=0 noop r=0 y=0 c0=t75 c1=IDLE1
1877 core=0 give_isr r=0 y=0 c0=t75 c1=IDLE1
1878 core=1 noop r=0 y=0 c0=t75 c1=IDLE1
1879 core=0 noop r=0 y=0 c0=t75 c1=IDLE1
1880 core=0 prio t62 2 r=0 y=0 c0=t75 c1=IDLE1
1881 core=0 give r=0 y=0 c0=t75 c1=IDLE1
1882 core=0 takeb t75 4 r=1 y=0 c0=t75 c1=IDLE1
1883 core=0 give_isr r=1 y=0 c0=t75 c1=IDLE1
1884 core=1 noop r=0 y=0 c0=t75 c1=IDLE1
1885 core=0 delete 1 t75 r=0 y=1 c0=IDLE0 c1=IDLE1
1886 core=0 noop r=0 y=0 c0=IDLE0 c1=IDLE1
1887 core=1 suspend t74 r=0 y=0 c0=IDLE0 c1=IDLE1
1888 core=0 noop r=0 y=0 c0=IDLE0 c1=IDLE1
1889 core=0 give r=0 y=0 c0=IDLE0 c1=IDLE1
1890 core=0 noop r=0 y=0 c0=IDLE0 c1=IDLE1
1891 core=0 suspend t62 r=0 y=0 c0=IDLE0 c1=IDLE1
1892 core=1 noop r=0 y=0 c0=IDLE0 c1=IDLE1
1893 core=0 prio t62 1 r=0 y=0 c0=IDLE0 c1=IDLE1
1894 core=1 prio t70 0 r=0 y=0 c0=IDLE0 c1=IDLE1
1895 core=0 noop r=0 y=0 c0=IDLE0 c1=IDLE1
1896 core=1 resume t71 r=0 y=2 c0=IDLE0 c1=t71
1897 core=1 takeb t71 4 r=1 y=0 c0=IDLE0 c1=t71
1898 core=1 suspend t62 r=0 y=0 c0=IDLE0 c1=t71
1899 core=0 noop r=0 y=0 c0=IDLE0 c1=t71
1900 core=1 noop r=0 y=0 c0=IDLE0 c1=t71
1901 core=1 resume t71 r=0 y=0 c0=IDLE0 c1=t71
1902 core=0 give r=1 y=0 c0=IDLE0 c1=t71
1903 core=1 yield r=0 y=2 c0=IDLE0 c1=t71
1904 core=1 yield r=0 y=2 c0=IDLE0 c1=t71
1905 core=0 noop r=0 y=0 c0=IDLE0 c1=t71
1906 core=1 noop r=0 y=0 c0=IDLE0 c1=t71
1907 core=0 tick r=1 y=1 c0=IDLE1 c1=t71
1908 core=1 noop r=0 y=0 c0=IDLE1 c1=t71
1909 core=1 delay t71 3 r=0 y=2 c0=IDLE1 c1=IDLE0
1910 core=1 give r=0 y=0 c0=IDLE1 c1=IDLE0
1911 core=0 tick r=1 y=3 c0=IDLE1 c1=IDLE0
1912 core=0 tick r=1 y=3 c0=IDLE1 c1=IDLE0
1913 core=1 noop r=0 y=0 c0=IDLE1 c1=IDLE0
1914 core=1 noop r=0 y=0 c0=IDLE1 c1=IDLE0
1915 core=1 noop r=0 y=0 c0=IDLE1 c1=IDLE0
1916 core=1 yield r=0 y=2 c0=IDLE1 c1=IDLE0
1917 core=1 suspend t71 r=0 y=0 c0=IDLE1 c1=IDLE0
1918 core=0 suspend t74 r=0 y=0 c0=IDLE1 c1=IDLE0
1919 core=0 give r=0 y=0 c0=IDLE1 c1=IDLE0
1920 core=0 noop r=0 y=0 c0=IDLE1 c1=IDLE0
1921 core=1 noop r=0 y=0 c0=IDLE1 c1=IDLE0
1922 core=0 prio t71 3 r=0 y=0 c0=IDLE1 c1=IDLE0
1923 core=0 noop r=0 y=0 c0=IDLE1 c1=IDLE0
1924 core=1 resume t62 r=0 y=2 c0=IDLE1 c1=t62
1925 core=0 noop r=0 y=0 c0=IDLE1 c1=t62
1926 core=0 noop r=0 y=0 c0=IDLE1 c1=t62
1927 core=1 noop r=0 y=0 c0=IDLE1 c1=t62
1928 core=0 noop r=0 y=0 c0=IDLE1 c1=t62
1929 core=1 give r=0 y=0 c0=IDLE1 c1=t62
1930 core=1 suspend t70 r=0 y=0 c0=IDLE1 c1=t62
1931 core=1 resume t71 r=0 y=1 c0=t71 c1=t62
1932 core=1 delete 5 t74 r=0 y=0 c0=t71 c1=t62
1933 core=1 give_isr r=0 y=0 c0=t71 c1=t62
1934 core=0 tick r=0 y=0 c0=t71 c1=t62
1935 core=0 noop r=0 y=0 c0=t71 c1=t62
1936 core=1 give r=0 y=0 c0=t71 c1=t62
1937 core=1 noop r=0 y=0 c0=t71 c1=t62
1938 core=0 noop r=0 y=0 c0=t71 c1=t62
1939 core=1 give_isr r=0 y=0 c0=t71 c1=t62
1940 core=1 take t62 r=1 y=0 c0=t71 c1=t62
1941 core=0 noop r=0 y=0 c0=t71 c1=t62
1942 core=1 create 6 t76 p2 r=1 y=2 c0=t71 c1=t76
1943 core=0 takeb t71 3 r=2 y=1 c0=t62 c1=t76
1944 core=0 noop r=0 y=0 c0=t62 c1=t76
1945 core=1 noop r=0 y=0 c0=t62 c1=t76
1946 core=0 give r=1 y=1 c0=t71 c1=t76
1947 core=1 takeb t76 5 r=1 y=0 c0=t71 c1=t76
1948 core=1 create 4 t77 p0 r=1 y=0 c0=t71 c1=t76
1949 core=0 cont t71 r=2 y=1 c0=t62 c1=t76
1950 core=0 tick r=0 y=0 c0=t62 c1=t76
1951 core=0 create 5 t78 p1 r=1 y=0 c0=t62 c1=t76
1952 core=1 create 3 t79 p3 r=1 y=1 c0=t79 c1=t76
1953 core=1 resume t71 r=0 y=0 c0=t79 c1=t76
1954 core=0 noop r=0 y=0 c0=t79 c1=t76
1955 core=1 prio t78 2 r=0 y=0 c0=t79 c1=t76
1956 core=0 suspend t76 r=0 y=2 c0=t79 c1=t78
1957 core=0 tick r=0 y=0 c0=t79 c1=t78
1958 core=0 delete 3 t79 r=0 y=1 c0=t62 c1=t78
1959 core=1 prio t76 2 r=0 y=0 c0=t62 c1=t78
1960 core=0 delay t62 5 r=0 y=1 c0=IDLE0 c1=t78
1961 core=0 tick r=1 y=1 c0=t71 c1=t78
1962 core=1 suspend t76 r=0 y=0 c0=t71 c1=t78
1963 core=1 delete 6 t76 r=0 y=0 c0=t71 c1=t78
1964 core=0 tick r=0 y=0 c0=t71 c1=t78
1965 core=0 cont t71 r=0 y=0 c0=t71 c1=t78
1966 core=0 delay t71 5 r=0 y=1 c0=IDLE1 c1=t78
1967 core=0 noop r=0 y=0 c0=IDLE1 c1=t78
1968 core=0 noop r=0 y=0 c0=IDLE1 c1=t78
1969 core=1 give_isr r=1 y=0 c0=IDLE1 c1=t78
1970 core=1 give_isr r=0 y=0 c0=IDLE1 c1=t78
1971 core=0 tick r=1 y=1 c0=t77 c1=t78
1972 core=1 give_isr r=0 y=0 c0=t77 c1=t78
1973 core=1 prio t70 2 r=0 y=0 c0=t77 c1=t78
1974 core=1 noop r=0 y=0 c0=t77 c1=t78
1975 core=0 resume t78 r=0 y=0 c0=t77 c1=t78
1976 core=0 delay t77 1 r=0 y=1 c0=IDLE0 c1=t78
1977 core=1 give_isr r=0 y=0 c0=IDLE0 c1=t78
1978 core=0 tick r=1 y=1 c0=IDLE1 c1=t78
1979 core=0 suspend t71 r=0 y=0 c0=IDLE1 c1=t78
1980 core=0 give r=0 y=0 c0=IDLE1 c1=t78
1981 core=1 noop r=0 y=0 c0=IDLE1 c1=t78
1982 core=0 noop r=0 y=0 c0=IDLE1 c1=t78
1983 core=0 noop r=0 y=0 c0=IDLE1 c1=t78
1984 core=0 give r=0 y=0 c0=IDLE1 c1=t78
1985 core=0 tick r=1 y=1 c0=t62 c1=t78
1986 core=0 give r=0 y=0 c0=t62 c1=t78
1987 core=1 delay t78 5 r=0 y=2 c0=t62 c1=t77
1988 core=0 suspend t78 r=0 y=0 c0=t62 c1=t77
1989 core=0 tick r=0 y=2 c0=t62 c1=IDLE0
1990 core=0 take t62 r=1 y=0 c0=t62 c1=IDLE0
1991 core=0 noop r=0 y=0 c0=t62 c1=IDLE0
1992 core=0 noop r=0 y=0 c0=t62 c1=IDLE0
1993 core=0 noop r=0 y=0 c0=t62 c1=IDLE0
1994 core=0 noop r=0 y=0 c0=t62 c1=IDLE0
1995 core=1 noop r=0 y=0 c0=t62 c1=IDLE0
1996 core=0 suspend t78 r=0 y=0 c0=t62 c1=IDLE0
1997 core=0 suspend t78 r=0 y=0 c0=t62 c1=IDLE0
1998 core=1 delete 4 t77 r=0 y=0 c0=t62 c1=IDLE0
1999 core=1 yield r=0 y=2 c0=t62 c1=IDLE1
2000 core=0 create 3 t80 p3 r=1 y=2 c0=t62 c1=t80
2001 core=1 give_isr r=1 y=0 c0=t62 c1=t80
2002 core=1 give r=0 y=0 c0=t62 c1=t80
2003 core=1 noop r=0 y=0 c0=t62 c1=t80
2004 core=0 delay t62 3 r=0 y=1 c0=IDLE0 c1=t80
2005 core=0 tick r=1 y=1 c0=IDLE1 c1=t80
2006 core=1 create 1 t81 p0 r=1 y=1 c0=IDLE0 c1=t80
2007 core=1 noop r=0 y=0 c0=IDLE0 c1=t80
2008 core=1 yield r=0 y=2 c0=IDLE0 c1=t80
2009 core=1 give_isr r=0 y=0 c0=IDLE0 c1=t80
2010 core=0 noop r=0 y=0 c0=IDLE0 c1=t80
2011 core=0 suspend t70 r=0 y=0 c0=IDLE0 c1=t80
2012 core=1 noop r=0 y=0 c0=IDLE0 c1=t80
2013 core=1 takeb t80 2 r=1 y=0 c0=IDLE0 c1=t80
2014 core=0 noop r=0 y=0 c0=IDLE0 c1=t80
2015 core=1 takeb t80 5 r=2 y=2 c0=IDLE0 c1=t81
2016 core=1 resume t71 r=0 y=1 c0=t71 c1=t81
2017 core=0 noop r=0 y=0 c0=t71 c1=t81
2018 core=0 tick r=0 y=2 c0=t71 c1=IDLE1
2019 core=0 resume t62 r=0 y=0 c0=t71 c1=IDLE1
2020 core=0 noop r=0 y=0 c0=t71 c1=IDLE1
2021 core=0 delay t71 3 r=0 y=1 c0=IDLE0 c1=IDLE1
2022 core=0 give_isr r=1 y=2 c0=IDLE0 c1=t80
2023 core=0 noop r=0 y=0 c0=IDLE0 c1=t80
2024 core=1 cont t80 r=1 y=0 c0=IDLE0 c1=t80
2025 core=0 noop r=0 y=0 c0=IDLE0 c1=t80
2026 core=0 delete 2 t62 r=0 y=0 c0=IDLE0 c1=t80
2027 core=1 give r=1 y=0 c0=IDLE0 c1=t80
2028 core=0 resume t80 r=0 y=0 c0=IDLE0 c1=t80
2029 core=0 resume t71 r=0 y=0 c0=IDLE0 c1=t80
2030 core=1 resume t78 r=0 y=1 c0=t78 c1=t80
2031 core=1 noop r=0 y=0 c0=t78 c1=t80
2032 core=0 give r=0 y=0 c0=t78 c1=t80
2033 core=0 tick r=0 y=0 c0=t78 c1=t80
2034 core=1 give_isr r=0 y=0 c0=t78 c1=t80
2035 core=1 prio t78 0 r=0 y=1 c0=t81 c1=t80
2036 core=0 tick r=1 y=1 c0=IDLE1 c1=t80
2037 core=1 suspend t81 r=0 y=0 c0=IDLE1 c1=t80
2038 core=1 give_isr r=0 y=0 c0=IDLE1 c1=t80
2039 core=1 takeb t80 2 r=1 y=0 c0=IDLE1 c1=t80
2040 core=0 yield r=0 y=1 c0=IDLE0 c1=t80
2041 core=0 prio t80 3 r=0 y=0 c0=IDLE0 c1=t80
2042 core=1 noop r=0 y=0 c0=IDLE0 c1=t80
2043 core=0 noop r=0 y=0 c0=IDLE0 c1=t80
2044 core=0 noop r=0 y=0 c0=IDLE0 c1=t80
2045 core=0 noop r=0 y=0 c0=IDLE0 c1=t80
2046 core=0 noop r=0 y=0 c0=IDLE0 c1=t80
2047 core=1 noop r=0 y=0 c0=IDLE0 c1=t80
2048 core=0 prio t78 1 r=0 y=1 c0=t78 c1=t80
2049 core=0 create 4 t82 p3 r=1 y=1 c0=t82 c1=t80
2050 core=1 prio t80 2 r=0 y=2 c0=t82 c1=t80
2051 core=0 resume t71 r=0 y=0 c0=t82 c1=t80
2052 core=1 suspend t82 r=0 y=1 c0=t78 c1=t80
2053 core=1 give_isr r=1 y=0 c0=t78 c1=t80
2054 core=1 prio t78 2 r=0 y=0 c0=t78 c1=t80
2055 core=1 delay t80 3 r=0 y=2 c0=t78 c1=IDLE1
2056 core=0 create 9 t83 p1 r=1 y=2 c0=t78 c1=t83
2057 core=0 tick r=0 y=2 c0=t78 c1=t71
2058 core=0 resume t71 r=0 y=0 c0=t78 c1=t71
2059 core=1 noop r=0 y=0 c0=t78 c1=t71
2060 core=0 delete 4 t82 r=0 y=0 c0=t78 c1=t71
2061 core=0 tick r=0 y=0 c0=t78 c1=t71
2062 core=1 resume t71 r=0 y=0 c0=t78 c1=t71
2063 core=0 prio t78 1 r=0 y=1 c0=t83 c1=t71
2064 core=1 prio t80 2 r=0 y=0 c0=t83 c1=t71
2065 core=0 resume t70 r=0 y=1 c0=t70 c1=t71
2066 core=1 suspend t83 r=0 y=0 c0=t70 c1=t71
2067 core=0 delay t70 4 r=0 y=1 c0=t78 c1=t71
2068 core=0 resume t70 r=0 y=0 c0=t78 c1=t71
2069 core=0 takeb t78 6 r=1 y=0 c0=t78 c1=t71
2070 core=0 give_isr r=1 y=0 c0=t78 c1=t71
2071 core=0 takeb t78 6 r=1 y=0 c0=t78 c1=t71
2072 core=1 give_isr r=1 y=0 c0=t78 c1=t71
2073 core=1 yield r=0 y=2 c0=t78 c1=t71
2074 core=1 noop r=0 y=0 c0=t78 c1=t71
2075 core=1 suspend t70 r=0 y=0 c0=t78 c1=t71
2076 core=1 takeb t71 1 r=1 y=0 c0=t78 c1=t71
2077 core=1 delay t71 3 r=0 y=2 c0=t78 c1=IDLE0
2078 core=0 yield r=0 y=1 c0=t78 c1=IDLE0
2079 core=1 suspend t71 r=0 y=0 c0=t78 c1=IDLE0
2080 core=1 noop r=0 y=0 c0=t78 c1=IDLE0
2081 core=1 noop r=0 y=0 c0=t78 c1=IDLE0
2082 core=1 give r=1 y=0 c0=t78 c1=IDLE0
2083 core=0 noop r=0 y=0 c0=t78 c1=IDLE0
2084 core=0 suspend t81 r=0 y=0 c0=t78 c1=IDLE0
2085 core=0 noop r=0 y=0 c0=t78 c1=IDLE0
2086 core=0 tick r=0 y=2 c0=t78 c1=t80
2087 core=1 noop r=0 y=0 c0=t78 c1=t80
2088 core=0 tick r=0 y=0 c0=t78 c1=t80
2089 core=0 give r=0 y=0 c0=t78 c1=t80
2090 core=1 delay t80 2 r=0 y=2 c0=t78 c1=IDLE1
2091 core=1 delete 5 t78 r=0 y=1 c0=IDLE0 c1=IDLE1
2092 core=1 prio t80 1 r=0 y=0 c0=IDLE0 c1=IDLE1
2093 core=0 noop r=0 y=0 c0=IDLE0 c1=IDLE1
2094 core=1 noop r=0 y=0 c0=IDLE0 c1=IDLE1
2095 core=1 noop r=0 y=0 c0=IDLE0 c1=IDLE1
2096 core=1 give r=0 y=0 c0=IDLE0 c1=IDLE1
2097 core=1 noop r=0 y=0 c0=IDLE0 c1=IDLE1
2098 core=1 give r=0 y=0 c0=IDLE0 c1=IDLE1
2099 core=0 noop r=0 y=0 c0=IDLE0 c1=IDLE1
2100 core=1 noop r=0 y=0 c0=IDLE0 c1=IDLE1
2101 core=0 prio t80 0 r=0 y=0 c0=IDLE0 c1=IDLE1
2102 core=1 resume t80 r=0 y=0 c0=IDLE0 c1=IDLE1
2103 core=0 noop r=0 y=0 c0=IDLE0 c1=IDLE1
2104 core=1 noop r=0 y=0 c0=IDLE0 c1=IDLE1
2105 core=0 give r=0 y=0 c0=IDLE0 c1=IDLE1
2106 core=0 noop r=0 y=0 c0=IDLE0 c1=IDLE1
2107 core=1 give_isr r=0 y=0 c0=IDLE0 c1=IDLE1
2108 core=0 give r=0 y=0 c0=IDLE0 c1=IDLE1
2109 core=1 noop r=0 y=0 c0=IDLE0 c1=IDLE1
2110 core=0 resume t71 r=0 y=2 c0=IDLE0 c1=t71
2111 core=0 give_isr r=0 y=0 c0=IDLE0 c1=t71
2112 core=0 tick r=1 y=1 c0=IDLE1 c1=t71
2113 core=0 give r=0 y=0 c0=IDLE1 c1=t71
2114 core=0 resume t83 r=0 y=1 c0=t83 c1=t71
2115 core=0 give_isr r=0 y=0 c0=t83 c1=t71
2116 core=0 tick r=0 y=0 c0=t83 c1=t71
2117 core=1 resume t81 r=0 y=0 c0=t83 c1=t71
2118 core=0 take t83 r=1 y=0 c0=t83 c1=t71
2119 core=1 noop r=0 y=0 c0=t83 c1=t71
2120 core=1 noop r=0 y=0 c0=t83 c1=t71
2121 core=1 give r=1 y=0 c0=t83 c1=t71
2122 core=1 give r=0 y=0 c0=t83 c1=t71
2123 core=1 noop r=0 y=0 c0=t83 c1=t71
2124 core=1 give_isr r=0 y=0 c0=t83 c1=t71
2125 core=1 noop r=0 y=0 c0=t83 c1=t71
2126 core=0 suspend t80 r=0 y=0 c0=t83 c1=t71
2127 core=0 tick r=0 y=0 c0=t83 c1=t71
2128 core=1 resume t83 r=0 y=0 c0=t83 c1=t71
2129 core=1 give r=0 y=0 c0=t83 c1=t71
2130 core=0 noop r=0 y=0 c0=t83 c1=t71
2131 core=1 noop r=0 y=0 c0=t83 c1=t71
2132 core=0 noop r=0 y=0 c0=t83 c1=t71
2133 core=1 give r=0 y=0 c0=t83 c1=t71
2134 core=1 suspend t80 r=0 y=0 c0=t83 c1=t71
2135 core=0 give r=0 y=0 c0=t83 c1=t71
2136 core=1 noop r=0 y=0 c0=t83 c1=t71
2137 core=0 prio t80 0 r=0 y=0 c0=t83 c1=t71
2138 core=0 noop r=0 y=0 c0=t83 c1=t71
2139 core=0 give r=0 y=0 c0=t83 c1=t71
2140 core=0 noop r=0 y=0 c0=t83 c1=t71
2141 core=1 take t71 r=1 y=0 c0=t83 c1=t71
2142 core=0 yield r=0 y=1 c0=t83 c1=t71
2143 core=0 noop r=0 y=0 c0=t83 c1=t71
2144 core=1 yield r=0 y=2 c0=t83 c1=t71
2145 core=0 yield r=0 y=1 c0=t83 c1=t71
2146 core=1 create 4 t84 p0 r=1 y=0 c0=t83 c1=t71
2147 core=0 prio t71 2 r=0 y=2 c0=t83 c1=t71
2148 core=0 noop r=0 y=0 c0=t83 c1=t71
2149 core=1 resume t71 r=0 y=0 c0=t83 c1=t71
2150 core=0 tick r=0 y=0 c0=t83 c1=t71
2151 core=0 give_isr r=1 y=0 c0=t83 c1=t71
2152 core=0 noop r=0 y=0 c0=t83 c1=t71
2153 core=1 noop r=0 y=0 c0=t83 c1=t71
2154 core=1 noop r=0 y=0 c0=t83 c1=t71
2155 core=0 noop r=0 y=0 c0=t83 c1=t71
2156 core=0 resume t71 r=0 y=0 c0=t83 c1=t71
2157 core=1 noop r=0 y=0 c0=t83 c1=t71
2158 core=1 takeb t71 3 r=1 y=0 c0=t83 c1=t71
2159 core=1 give r=1 y=0 c0=t83 c1=t71
2160 core=0 prio t70 3 r=0 y=0 c0=t83 c1=t71
2161 core=1 takeb t71 4 r=1 y=0 c0=t83 c1=t71
2162 core=0 takeb t83 6 r=2 y=1 c0=IDLE0 c1=t71
2163 core=0 give_isr r=1 y=1 c0=t83 c1=t71
2164 core=1 delay t71 2 r=0 y=2 c0=t83 c1=IDLE1
2165 core=0 cont t83 r=1 y=0 c0=t83 c1=IDLE1
2166 core=0 noop r=0 y=0 c0=t83 c1=IDLE1
2167 core=0 give_isr r=1 y=0 c0=t83 c1=IDLE1
2168 core=0 tick r=0 y=2 c0=t83 c1=t81
2169 core=0 noop r=0 y=0 c0=t83 c1=t81
2170 core=0 tick r=0 y=2 c0=t83 c1=t71
2171 core=1 noop r=0 y=0 c0=t83 c1=t71
2172 core=1 delay t71 3 r=0 y=2 c0=t83 c1=t84
2173 core=1 give_isr r=0 y=0 c0=t83 c1=t84
2174 core=0 tick r=0 y=2 c0=t83 c1=IDLE0
2175 core=1 give_isr r=0 y=0 c0=t83 c1=IDLE0
2176 core=1 prio t81 2 r=0 y=2 c0=t83 c1=t81
2177 core=0 tick r=0 y=0 c0=t83 c1=t81
2178 core=1 noop r=0 y=0 c0=t83 c1=t81
2179 core=0 noop r=0 y=0 c0=t83 c1=t81
2180 core=1 noop r=0 y=0 c0=t83 c1=t81
2181 core=1 give_isr r=0 y=0 c0=t83 c1=t81
2182 core=0 noop r=0 y=0 c0=t83 c1=t81
2183 core=1 give_isr r=0 y=0 c0=t83 c1=t81
2184 core=0 resume t70 r=0 y=1 c0=t70 c1=t81
2185 core=0 delay t70 5 r=0 y=1 c0=t83 c1=t81
2186 core=1 takeb t81 3 r=1 y=0 c0=t83 c1=t81
2187 core=0 give_isr r=1 y=0 c0=t83 c1=t81
2188 core=1 delete 3 t80 r=0 y=0 c0=t83 c1=t81
2189 core=0 noop r=0 y=0 c0=t83 c1=t81
2190 core=0 delay t83 1 r=0 y=1 c0=IDLE1 c1=t81
2191 core=0 noop r=0 y=0 c0=IDLE1 c1=t81
2192 core=0 noop r=0 y=0 c0=IDLE1 c1=t81
2193 core=1 noop r=0 y=0 c0=IDLE1 c1=t81
2194 core=1 resume t70 r=0 y=0 c0=IDLE1 c1=t81
2195 core=0 noop r=0 y=0 c0=IDLE1 c1=t81
2196 core=0 resume t81 r=0 y=0 c0=IDLE1 c1=t81
2197 core=1 noop r=0 y=0 c0=IDLE1 c1=t81
2198 core=0 noop r=0 y=0 c0=IDLE1 c1=t81
2199 core=1 give_isr r=0 y=0 c0=IDLE1 c1=t81
2200 core=0 create 5 t85 p2 r=1 y=1 c0=t85 c1=t81
2201 core=1 create 0 t86 p3 r=1 y=2 c0=t85 c1=t86
2202 core=1 delay t86 2 r=0 y=2 c0=t85 c1=t81
2203 core=1 suspend t81 r=0 y=2 c0=t85 c1=t84
2204 core=1 prio t71 2 r=0 y=0 c0=t85 c1=t84
2205 core=0 delete 0 t86 r=0 y=0 c0=t85 c1=t84
2206 core=0 tick r=1 y=3 c0=t71 c1=t85
2207 core=0 takeb t71 5 r=1 y=0 c0=t71 c1=t85
2208 core=0 resume t70 r=0 y=0 c0=t71 c1=t85
2209 core=1 delay t85 2 r=0 y=2 c0=t71 c1=t83
2210 core=0 create 2 t87 p2 r=1 y=2 c0=t71 c1=t87
2211 core=1 delete 1 t81 r=0 y=0 c0=t71 c1=t87
2212 core=0 resume t70 r=0 y=0 c0=t71 c1=t87
2213 core=0 suspend t84 r=0 y=0 c0=t71 c1=t87
2214 core=0 resume t85 r=0 y=0 c0=t71 c1=t87
2215 core=0 noop r=0 y=0 c0=t71 c1=t87
2216 core=0 prio t83 0 r=0 y=0 c0=t71 c1=t87
2217 core=1 give_isr r=1 y=0 c0=t71 c1=t87
2218 core=0 tick r=1 y=3 c0=t71 c1=t87
2219 core=0 tick r=1 y=3 c0=t85 c1=t71
2220 core=0 delay t85 2 r=0 y=1 c0=t87 c1=t71
2221 core=1 prio t70 0 r=0 y=0 c0=t87 c1=t71
2222 core=0 create 0 t88 p0 r=1 y=0 c0=t87 c1=t71
2223 core=1 delete 7 t71 r=0 y=2 c0=t87 c1=IDLE0
2224 core=1 resume t70 r=0 y=0 c0=t87 c1=IDLE0
2225 core=0 give r=0 y=0 c0=t87 c1=IDLE0
2226 core=0 delete 0 t88 r=0 y=0 c0=t87 c1=IDLE0
2227 core=1 noop r=0 y=0 c0=t87 c1=IDLE0
2228 core=1 suspend t85 r=0 y=0 c0=t87 c1=IDLE0
2229 core=0 prio t83 2 r=0 y=2 c0=t87 c1=t83
2230 core=0 delay t87 4 r=0 y=1 c0=IDLE1 c1=t83
2231 core=0 resume t85 r=0 y=1 c0=t85 c1=t83
2232 core=1 delay t83 5 r=0 y=2 c0=t85 c1=IDLE0
2233 core=0 delay t85 4 r=0 y=1 c0=IDLE1 c1=IDLE0
2234 core=1 suspend t87 r=0 y=0 c0=IDLE1 c1=IDLE0
2235 core=0 noop r=0 y=0 c0=IDLE1 c1=IDLE0
2236 core=0 noop r=0 y=0 c0=IDLE1 c1=IDLE0
2237 core=1 noop r=0 y=0 c0=IDLE1 c1=IDLE0
2238 core=0 yield r=0 y=1 c0=IDLE1 c1=IDLE0
2239 core=0 tick r=1 y=3 c0=IDLE1 c1=IDLE0
2240 core=0 yield r=0 y=1 c0=IDLE1 c1=IDLE0
2241 core=1 give_isr r=0 y=0 c0=IDLE1 c1=IDLE0
2242 core=1 prio t84 2 r=0 y=0 c0=IDLE1 c1=IDLE0
2243 core=0 give_isr r=0 y=0 c0=IDLE1 c1=IDLE0
2244 core=1 give r=0 y=0 c0=IDLE1 c1=IDLE0
2245 core=0 create 6 t89 p0 r=1 y=2 c0=IDLE1 c1=t89
2246 core=0 suspend t89 r=0 y=2 c0=IDLE1 c1=IDLE0
2247 core=0 tick r=1 y=3 c0=t70 c1=IDLE1
2248 core=0 resume t83 r=0 y=0 c0=t70 c1=IDLE1
2249 core=1 create 3 t90 p0 r=1 y=2 c0=t70 c1=IDLE0
2250 core=0 tick r=1 y=3 c0=t90 c1=IDLE1
2251 core=1 give_isr r=0 y=0 c0=t90 c1=IDLE1
2252 core=1 prio t70 1 r=0 y=2 c0=t90 c1=t70
2253 core=0 tick r=1 y=1 c0=t85 c1=t70
2254 core=0 create 0 t91 p0 r=1 y=0 c0=t85 c1=t70
2255 core=0 give_isr r=0 y=0 c0=t85 c1=t70
2256 core=0 takeb t85 5 r=1 y=0 c0=t85 c1=t70
2257 core=1 resume t91 r=0 y=0 c0=t85 c1=t70
2258 core=0 tick r=1 y=3 c0=t83 c1=t85
2259 core=0 resume t91 r=0 y=0 c0=t83 c1=t85
2260 core=1 prio t84 2 r=0 y=0 c0=t83 c1=t85
2261 core=0 suspend t84 r=0 y=0 c0=t83 c1=t85
2262 core=1 delete 2 t87 r=0 y=0 c0=t83 c1=t85
2263 core=0 give r=1 y=0 c0=t83 c1=t85
2264 core=0 tick r=1 y=3 c0=t83 c1=t85
2265 core=1 noop r=0 y=0 c0=t83 c1=t85
2266 core=0 delete 6 t89 r=0 y=0 c0=t83 c1=t85
2267 core=0 takeb t83 5 r=1 y=0 c0=t83 c1=t85
2268 core=0 tick r=1 y=3 c0=t83 c1=t85
2269 core=1 give r=1 y=0 c0=t83 c1=t85
2270 core=0 suspend t90 r=0 y=0 c0=t83 c1=t85
2271 core=1 delay t85 1 r=0 y=2 c0=t83 c1=t70
2272 core=0 delay t83 1 r=0 y=1 c0=IDLE0 c1=t70
2273 core=0 tick r=1 y=3 c0=t85 c1=t83
2274 core=1 takeb t83 5 r=1 y=0 c0=t85 c1=t83
2275 core=1 prio t90 3 r=0 y=0 c0=t85 c1=t83
2276 core=0 tick r=1 y=3 c0=t85 c1=t83
2277 core=1 suspend t70 r=0 y=0 c0=t85 c1=t83
2278 core=0 give r=1 y=0 c0=t85 c1=t83
2279 core=0 give r=0 y=0 c0=t85 c1=t83
2280 core=1 give r=0 y=0 c0=t85 c1=t83
2281 core=1 create 6 t92 p0 r=1 y=0 c0=t85 c1=t83
2282 core=0 tick r=1 y=3 c0=t85 c1=t83
2283 core=1 resume t84 r=0 y=0 c0=t85 c1=t83
2284 core=0 noop r=0 y=0 c0=t85 c1=t83
2285 core=0 noop r=0 y=0 c0=t85 c1=t83
2286 core=0 noop r=0 y=0 c0=t85 c1=t83
2287 core=1 suspend t90 r=0 y=0 c0=t85 c1=t83
2288 core=1 give r=0 y=0 c0=t85 c1=t83
2289 core=0 resume t90 r=0 y=2 c0=t85 c1=t90
2290 core=1 noop r=0 y=0 c0=t85 c1=t90
2291 core=0 delay t85 5 r=0 y=1 c0=t84 c1=t90
2292 core=1 suspend t85 r=0 y=0 c0=t84 c1=t90
2293 core=1 noop r=0 y=0 c0=t84 c1=t90
2294 core=1 resume t91 r=0 y=0 c0=t84 c1=t90
2295 core=0 yield r=0 y=1 c0=t83 c1=t90
2296 core=0 give_isr r=0 y=0 c0=t83 c1=t90
2297 core=0 noop r=0 y=0 c0=t83 c1=t90
2298 core=1 noop r=0 y=0 c0=t83 c1=t90
2299 core=1 noop r=0 y=0 c0=t83 c1=t90
2300 core=1 suspend t83 r=0 y=1 c0=t84 c1=t90
2301 core=0 give r=0 y=0 c0=t84 c1=t90
2302 core=0 noop r=0 y=0 c0=t84 c1=t90
2303 core=0 delay t84 2 r=0 y=1 c0=IDLE1 c1=t90
2304 core=1 noop r=0 y=0 c0=IDLE1 c1=t90
2305 core=1 resume t83 r=0 y=1 c0=t83 c1=t90
2306 core=1 yield r=0 y=2 c0=t83 c1=t90
2307 core=0 delete 4 t84 r=0 y=0 c0=t83 c1=t90
2308 core=1 noop r=0 y=0 c0=t83 c1=t90
2309 core=1 takeb t90 4 r=1 y=0 c0=t83 c1=t90
2310 core=1 give_isr r=1 y=0 c0=t83 c1=t90
2311 core=0 delay t83 3 r=0 y=1 c0=t91 c1=t90
2312 core=1 resume t85 r=0 y=1 c0=t85 c1=t90
2313 core=0 yield r=0 y=1 c0=t85 c1=t90
2314 core=0 give r=0 y=0 c0=t85 c1=t90
2315 core=1 noop r=0 y=0 c0=t85 c1=t90
2316 core=0 delete 3 t90 r=0 y=2 c0=t85 c1=IDLE0
2317 core=0 take t85 r=1 y=0 c0=t85 c1=IDLE0
2318 core=1 noop r=0 y=0 c0=t85 c1=IDLE0
2319 core=0 delay t85 2 r=0 y=1 c0=t92 c1=IDLE0
2320 core=0 give r=1 y=0 c0=t92 c1=IDLE0
2321 core=0 create 7 t93 p3 r=1 y=2 c0=t92 c1=t93
2322 core=1 give_isr r=0 y=0 c0=t92 c1=t93
2323 core=1 resume t85 r=0 y=0 c0=t92 c1=t93
2324 core=0 tick r=1 y=1 c0=IDLE1 c1=t93
2325 core=1 noop r=0 y=0 c0=IDLE1 c1=t93
2326 core=0 noop r=0 y=0 c0=IDLE1 c1=t93
2327 core=1 take t93 r=1 y=0 c0=IDLE1 c1=t93
2328 core=1 create 1 t94 p3 r=1 y=1 c0=t94 c1=t93
2329 core=0 prio t91 0 r=0 y=0 c0=t94 c1=t93
2330 core=1 noop r=0 y=0 c0=t94 c1=t93
2331 core=0 prio t91 1 r=0 y=0 c0=t94 c1=t93
2332 core=1 noop r=0 y=0 c0=t94 c1=t93
2333 core=0 noop r=0 y=0 c0=t94 c1=t93
2334 core=1 noop r=0 y=0 c0=t94 c1=t93
2335 core=1 resume t83 r=0 y=0 c0=t94 c1=t93
2336 core=0 noop r=0 y=0 c0=t94 c1=t93
2337 core=0 delete 6 t92 r=0 y=0 c0=t94 c1=t93
2338 core=0 noop r=0 y=0 c0=t94 c1=t93
2339 core=0 delay t94 2 r=0 y=1 c0=t91 c1=t93
2340 core=0 delay t91 1 r=0 y=1 c0=IDLE0 c1=t93
2341 core=1 takeb t93 3 r=2 y=2 c0=IDLE0 c1=IDLE1
2342 core=1 delete 5 t85 r=0 y=0 c0=IDLE0 c1=IDLE1
2343 core=0 prio t91 3 r=0 y=0 c0=IDLE0 c1=IDLE1
2344 core=1 noop r=0 y=0 c0=IDLE0 c1=IDLE1
2345 core=0 prio t94 0 r=0 y=0 c0=IDLE0 c1=IDLE1
2346 core=1 noop r=0 y=0 c0=IDLE0 c1=IDLE1
2347 core=1 give r=1 y=2 c0=IDLE0 c1=t93
2348 core=1 cont t93 r=1 y=0 c0=IDLE0 c1=t93
2349 core=0 noop r=0 y=0 c0=IDLE0 c1=t93
2350 core=0 give_isr r=1 y=0 c0=IDLE0 c1=t93
2351 core=1 prio t93 2 r=0 y=2 c0=IDLE0 c1=t93
2352 core=1 noop r=0 y=0 c0=IDLE0 c1=t93
2353 core=1 prio t94 0 r=0 y=0 c0=IDLE0 c1=t93
2354 core=0 noop r=0 y=0 c0=IDLE0 c1=t93
2355 core=1 create 6 t95 p0 r=1 y=1 c0=IDLE1 c1=t93
2356 core=0 noop r=0 y=0 c0=IDLE1 c1=t93
2357 core=1 give r=0 y=0 c0=IDLE1 c1=t93
2358 core=0 noop r=0 y=0 c0=IDLE1 c1=t93
2359 core=1 noop r=0 y=0 c0=IDLE1 c1=t93
2360 core=0 noop r=0 y=0 c0=IDLE1 c1=t93
2361 core=1 give_isr r=0 y=0 c0=IDLE1 c1=t93
2362 core=1 noop r=0 y=0 c0=IDLE1 c1=t93
2363 core=0 noop r=0 y=0 c0=IDLE1 c1=t93
2364 core=1 noop r=0 y=0 c0=IDLE1 c1=t93
2365 core=0 suspend t91 r=0 y=0 c0=IDLE1 c1=t93
2366 core=0 noop r=0 y=0 c0=IDLE1 c1=t93
2367 core=0 suspend t95 r=0 y=0 c0=IDLE1 c1=t93
2368 core=1 yield r=0 y=2 c0=IDLE1 c1=t93
2369 core=1 noop r=0 y=0 c0=IDLE1 c1=t93
2370 core=1 delete 0 t91 r=0 y=0 c0=IDLE1 c1=t93
2371 core=0 give_isr r=0 y=0 c0=IDLE1 c1=t93
2372 core=1 delay t93 3 r=0 y=2 c0=IDLE1 c1=IDLE0
2373 core=0 noop r=0 y=0 c0=IDLE1 c1=IDLE0
2374 core=0 tick r=1 y=3 c0=IDLE1 c1=IDLE0
2375 core=0 tick r=1 y=3 c0=t83 c1=t94
2376 core=0 give r=0 y=0 c0=t83 c1=t94
2377 core=0 tick r=1 y=3 c0=t93 c1=t83
2378 core=1 noop r=0 y=0 c0=t93 c1=t83
2379 core=0 give r=0 y=0 c0=t93 c1=t83
2380 core=1 noop r=0 y=0 c0=t93 c1=t83
2381 core=1 noop r=0 y=0 c0=t93 c1=t83
2382 core=1 delay t83 2 r=0 y=2 c0=t93 c1=IDLE1
2383 core=0 delay t93 5 r=0 y=1 c0=IDLE0 c1=IDLE1
2384 core=1 suspend t94 r=0 y=0 c0=IDLE0 c1=IDLE1
2385 core=1 noop r=0 y=0 c0=IDLE0 c1=IDLE1
2386 core=1 delete 9 t83 r=0 y=0 c0=IDLE0 c1=IDLE1
2387 core=0 suspend t93 r=0 y=0 c0=IDLE0 c1=IDLE1
2388 core=0 resume t70 r=0 y=2 c0=IDLE0 c1=t70
2389 core=1 give r=0 y=0 c0=IDLE0 c1=t70
2390 core=0 noop r=0 y=0 c0=IDLE0 c1=t70
2391 core=0 tick r=1 y=1 c0=IDLE1 c1=t70
2392 core=0 noop r=0 y=0 c0=IDLE1 c1=t70
2393 core=1 give r=0 y=0 c0=IDLE1 c1=t70
2394 core=1 delay t70 5 r=0 y=2 c0=IDLE1 c1=IDLE0
2395 core=1 delete 7 t93 r=0 y=0 c0=IDLE1 c1=IDLE0
2396 core=1 noop r=0 y=0 c0=IDLE1 c1=IDLE0
2397 core=0 yield r=0 y=1 c0=IDLE1 c1=IDLE0
2398 core=0 tick r=1 y=3 c0=IDLE1 c1=IDLE0
2399 core=1 give r=0 y=0 c0=IDLE1 c1=IDLE0
2400 core=0 noop r=0 y=0 c0=IDLE1 c1=IDLE0
2401 core=0 noop r=0 y=0 c0=IDLE1 c1=IDLE0
2402 core=1 noop r=0 y=0 c0=IDLE1 c1=IDLE0
2403 core=1 suspend t94 r=0 y=0 c0=IDLE1 c1=IDLE0
2404 core=1 noop r=0 y=0 c0=IDLE1 c1=IDLE0
2405 core=0 yield r=0 y=1 c0=IDLE1 c1=IDLE0
2406 core=1 give_isr r=0 y=0 c0=IDLE1 c1=IDLE0
2407 core=0 tick r=1 y=3 c0=IDLE1 c1=IDLE0
2408 core=1 create 5 t96 p2 r=1 y=2 c0=IDLE1 c1=t96
2409 core=0 prio t95 1 r=0 y=0 c0=IDLE1 c1=t96
2410 core=1 noop r=0 y=0 c0=IDLE1 c1=t96
2411 core=0 noop r=0 y=0 c0=IDLE1 c1=t96
2412 core=1 noop r=0 y=0 c0=IDLE1 c1=t96
2413 core=0 noop r=0 y=0 c0=IDLE1 c1=t96
2414 core=0 noop r=0 y=0 c0=IDLE1 c1=t96
2415 core=1 noop r=0 y=0 c0=IDLE1 c1=t96
2416 core=1 resume t95 r=0 y=1 c0=t95 c1=t96
2417 core=0 give_isr r=0 y=0 c0=t95 c1=t96
2418 core=1 create 9 t97 p0 r=1 y=0 c0=t95 c1=t96
2419 core=0 delay t95 4 r=0 y=1 c0=IDLE0 c1=t96
2420 core=1 delay t96 3 r=0 y=2 c0=IDLE0 c1=IDLE1
2421 core=0 noop r=0 y=0 c0=IDLE0 c1=IDLE1
2422 core=0 tick r=1 y=3 c0=t97 c1=IDLE0
2423 core=1 noop r=0 y=0 c0=t97 c1=IDLE0
2424 core=0 noop r=0 y=0 c0=t97 c1=IDLE0
2425 core=0 noop r=0 y=0 c0=t97 c1=IDLE0
2426 core=1 suspend t70 r=0 y=0 c0=t97 c1=IDLE0
2427 core=0 takeb t97 6 r=1 y=0 c0=t97 c1=IDLE0
2428 core=1 noop r=0 y=0 c0=t97 c1=IDLE0
2429 core=0 tick r=1 y=3 c0=IDLE1 c1=t97
2430 core=0 create 3 t98 p2 r=1 y=1 c0=t98 c1=t97
2431 core=1 noop r=0 y=0 c0=t98 c1=t97
2432 core=0 noop r=0 y=0 c0=t98 c1=t97
2433 core=0 noop r=0 y=0 c0=t98 c1=t97
2434 core=0 tick r=1 y=3 c0=t96 c1=t98
2435 core=0 tick r=1 y=3 c0=t96 c1=t98
2436 core=1 delay t98 1 r=0 y=2 c0=t96 c1=t95
2437 core=0 tick r=1 y=3 c0=t98 c1=t96
2438 core=0 noop r=0 y=0 c0=t98 c1=t96
2439 core=0 noop r=0 y=0 c0=t98 c1=t96
2440 core=1 prio t94 0 r=0 y=0 c0=t98 c1=t96
2441 core=1 delay t96 2 r=0 y=2 c0=t98 c1=t95
2442 core=0 tick r=0 y=0 c0=t98 c1=t95
2443 core=0 delete 8 t70 r=0 y=0 c0=t98 c1=t95
2444 core=0 tick r=1 y=3 c0=t96 c1=t98
2445 core=1 delete 6 t95 r=0 y=0 c0=t96 c1=t98
2446 core=0 noop r=0 y=0 c0=t96 c1=t98
2447 core=0 noop r=0 y=0 c0=t96 c1=t98
2448 core=0 noop r=0 y=0 c0=t96 c1=t98
2449 core=0 yield r=0 y=1 c0=t96 c1=t98
2450 core=0 suspend t98 r=0 y=2 c0=t96 c1=IDLE0
2451 core=1 noop r=0 y=0 c0=t96 c1=IDLE0
2452 core=0 create 0 t99 p0 r=1 y=2 c0=t96 c1=IDLE1
2453 core=1 resume t99 r=0 y=0 c0=t96 c1=IDLE1
2454 core=0 noop r=0 y=0 c0=t96 c1=IDLE1
2455 core=1 noop r=0 y=0 c0=t96 c1=IDLE1
2456 core=0 prio t99 3 r=0 y=2 c0=t96 c1=t99
2457 core=0 tick r=0 y=0 c0=t96 c1=t99
2458 core=0 tick r=0 y=0 c0=t96 c1=t99
2459 core=1 resume t97 r=0 y=0 c0=t96 c1=t99
2460 core=0 noop r=0 y=0 c0=t96 c1=t99
2461 core=0 prio t96 0 r=0 y=1 c0=t97 c1=t99
2462 core=1 resume t98 r=0 y=1 c0=t98 c1=t99
2463 core=0 takeb t98 1 r=2 y=1 c0=IDLE0 c1=t99
2464 core=1 prio t96 3 r=0 y=1 c0=t96 c1=t99
2465 core=0 resume t94 r=0 y=0 c0=t96 c1=t99
2466 core=0 give r=1 y=0 c0=t96 c1=t99
2467 core=1 give_isr r=0 y=0 c0=t96 c1=t99
2468 core=0 noop r=0 y=0 c0=t96 c1=t99
2469 core=0 tick r=1 y=3 c0=t96 c1=t99
2470 core=0 delay t96 4 r=0 y=1 c0=t98 c1=t99
2471 core=0 cont t98 r=1 y=0 c0=t98 c1=t99
2472 core=0 take t98 r=0 y=0 c0=t98 c1=t99
2473 core=0 resume t98 r=0 y=0 c0=t98 c1=t99
2474 core=0 delete 9 t97 r=0 y=0 c0=t98 c1=t99
2475 core=1 delay t99 2 r=0 y=2 c0=t98 c1=IDLE1
2476 core=0 give_isr r=1 y=0 c0=t98 c1=IDLE1
2477 core=1 create 8 t100 p0 r=1 y=2 c0=t98 c1=IDLE0
2478 core=1 noop r=0 y=0 c0=t98 c1=IDLE0
2479 core=0 noop r=0 y=0 c0=t98 c1=IDLE0
2480 core=0 prio t96 2 r=0 y=0 c0=t98 c1=IDLE0
2481 core=0 give r=0 y=0 c0=t98 c1=IDLE0
2482 core=0 resume t94 r=0 y=0 c0=t98 c1=IDLE0
2483 core=0 tick r=0 y=2 c0=t98 c1=t94
2484 core=0 noop r=0 y=0 c0=t98 c1=t94
2485 core=0 noop r=0 y=0 c0=t98 c1=t94
2486 core=0 noop r=0 y=0 c0=t98 c1=t94
2487 core=0 give r=0 y=0 c0=t98 c1=t94
2488 core=1 noop r=0 y=0 c0=t98 c1=t94
2489 core=0 prio t98 0 r=0 y=1 c0=t100 c1=t94
2490 core=1 resume t100 r=0 y=0 c0=t100 c1=t94
2491 core=1 prio t96 0 r=0 y=0 c0=t100 c1=t94
2492 core=0 give r=0 y=0 c0=t100 c1=t94
2493 core=1 resume t94 r=0 y=0 c0=t100 c1=t94
2494 core=1 noop r=0 y=0 c0=t100 c1=t94
2495 core=0 give_isr r=0 y=0 c0=t100 c1=t94
2496 core=1 noop r=0 y=0 c0=t100 c1=t94
2497 core=0 tick r=1 y=3 c0=t99 c1=IDLE1
2498 core=0 give_isr r=0 y=0 c0=t99 c1=IDLE1
2499 core=0 prio t100 1 r=0 y=2 c0=t99 c1=t100
2500 core=0 tick r=0 y=0 c0=t99 c1=t100
2501 core=0 give_isr r=0 y=0 c0=t99 c1=t100
2502 core=1 delete 5 t96 r=0 y=0 c0=t99 c1=t100
2503 core=0 tick r=0 y=0 c0=t99 c1=t100
2504 core=0 give r=0 y=0 c0=t99 c1=t100
2505 core=1 suspend t99 r=0 y=1 c0=IDLE0 c1=t100
2506 core=1 prio t98 2 r=0 y=1 c0=t98 c1=t100
2507 core=1 delay t100 5 r=0 y=2 c0=t98 c1=t94
2508 core=0 tick r=0 y=2 c0=t98 c1=IDLE1
2509 core=0 noop r=0 y=0 c0=t98 c1=IDLE1
2510 core=0 noop r=0 y=0 c0=t98 c1=IDLE1
2511 core=0 delay t98 4 r=0 y=1 c0=IDLE0 c1=IDLE1
2512 core=0 tick r=1 y=3 c0=t94 c1=IDLE0
2513 core=0 create 5 t101 p3 r=1 y=2 c0=t94 c1=t101
2514 core=0 give_isr r=0 y=0 c0=t94 c1=t101
2515 core=0 noop r=0 y=0 c0=t94 c1=t101
2516 core=0 noop r=0 y=0 c0=t94 c1=t101
2517 core=0 prio t100 0 r=0 y=0 c0=t94 c1=t101
2518 core=0 delay t94 1 r=0 y=1 c0=IDLE1 c1=t101
2519 core=0 give r=0 y=0 c0=IDLE1 c1=t101
2520 core=0 tick r=1 y=1 c0=IDLE0 c1=t101
2521 core=0 noop r=0 y=0 c0=IDLE0 c1=t101
2522 core=0 noop r=0 y=0 c0=IDLE0 c1=t101
2523 core=0 noop r=0 y=0 c0=IDLE0 c1=t101
2524 core=1 give r=0 y=0 c0=IDLE0 c1=t101
2525 core=0 resume t100 r=0 y=0 c0=IDLE0 c1=t101
2526 core=1 prio t94 3 r=0 y=1 c0=t94 c1=t101
2527 core=0 tick r=1 y=3 c0=t94 c1=t101
2528 core=1 yield r=0 y=2 c0=t94 c1=t101
2529 core=1 give r=0 y=0 c0=t94 c1=t101
2530 core=0 yield r=0 y=1 c0=t94 c1=t101
2531 core=0 noop r=0 y=0 c0=t94 c1=t101
2532 core=1 give_isr r=0 y=0 c0=t94 c1=t101
2533 core=0 prio t94 2 r=0 y=1 c0=t94 c1=t101
2534 core=0 give_isr r=0 y=0 c0=t94 c1=t101
2535 core=1 noop r=0 y=0 c0=t94 c1=t101
2536 core=0 tick r=1 y=1 c0=t98 c1=t101
2537 core=0 tick r=1 y=1 c0=t94 c1=t101
2538 core=0 resume t99 r=0 y=1 c0=t99 c1=t101
2539 core=1 noop r=0 y=0 c0=t99 c1=t101
2540 core=0 noop r=0 y=0 c0=t99 c1=t101
2541 core=0 tick r=1 y=3 c0=t99 c1=t101
2542 core=0 take t99 r=1 y=0 c0=t99 c1=t101
2543 core=1 noop r=0 y=0 c0=t99 c1=t101
2544 core=1 noop r=0 y=0 c0=t99 c1=t101
2545 core=1 noop r=0 y=0 c0=t99 c1=t101
2546 core=1 give r=1 y=0 c0=t99 c1=t101
2547 core=1 noop r=0 y=0 c0=t99 c1=t101
2548 core=0 give r=0 y=0 c0=t99 c1=t101
2549 core=0 give_isr r=0 y=0 c0=t99 c1=t101
2550 core=0 noop r=0 y=0 c0=t99 c1=t101
2551 core=1 give_isr r=0 y=0 c0=t99 c1=t101
2552 core=0 noop r=0 y=0 c0=t99 c1=t101
2553 core=1 prio t98 2 r=0 y=0 c0=t99 c1=t101
2554 core=1 give r=0 y=0 c0=t99 c1=t101
2555 core=1 give r=0 y=0 c0=t99 c1=t101
2556 core=0 suspend t94 r=0 y=0 c0=t99 c1=t101
2557 core=1 delay t101 2 r=0 y=2 c0=t99 c1=t98
2558 core=1 noop r=0 y=0 c0=t99 c1=t98
2559 core=1 yield r=0 y=2 c0=t99 c1=t98
2560 core=1 noop r=0 y=0 c0=t99 c1=t98
2561 core=0 create 9 t102 p2 r=1 y=0 c0=t99 c1=t98
2562 core=0 noop r=0 y=0 c0=t99 c1=t98
2563 core=0 tick r=0 y=2 c0=t99 c1=t102
2564 core=0 noop r=0 y=0 c0=t99 c1=t102
2565 core=1 prio t101 3 r=0 y=0 c0=t99 c1=t102
2566 core=1 noop r=0 y=0 c0=t99 c1=t102
2567 core=0 noop r=0 y=0 c0=t99 c1=t102
2568 core=1 take t102 r=1 y=0 c0=t99 c1=t102
2569 core=1 prio t101 3 r=0 y=0 c0=t99 c1=t102
2570 core=1 yield r=0 y=2 c0=t99 c1=t98
2571 core=0 suspend t94 r=0 y=0 c0=t99 c1=t98
2572 core=1 delay t98 2 r=0 y=2 c0=t99 c1=t102
2573 core=0 noop r=0 y=0 c0=t99 c1=t102
2574 core=1 create 2 t103 p0 r=1 y=0 c0=t99 c1=t102
2575 core=1 give_isr r=1 y=0 c0=t99 c1=t102
2576 core=0 suspend t101 r=0 y=0 c0=t99 c1=t102
2577 core=0 noop r=0 y=0 c0=t99 c1=t102
2578 core=0 noop r=0 y=0 c0=t99 c1=t102
2579 core=1 give r=0 y=0 c0=t99 c1=t102
2580 core=1 prio t101 0 r=0 y=0 c0=t99 c1=t102
2581 core=1 prio t98 3 r=0 y=0 c0=t99 c1=t102
2582 core=1 delay t102 5 r=0 y=2 c0=t99 c1=IDLE1
2583 core=1 prio t101 1 r=0 y=0 c0=t99 c1=IDLE1
2584 core=1 delete 9 t102 r=0 y=0 c0=t99 c1=IDLE1
2585 core=0 tick r=0 y=2 c0=t99 c1=IDLE0
2586 core=0 delay t99 1 r=0 y=1 c0=t100 c1=IDLE0
2587 core=0 create 7 t104 p2 r=1 y=2 c0=t100 c1=t104
2588 core=0 delay t100 4 r=0 y=1 c0=t103 c1=t104
2589 core=0 take t103 r=1 y=0 c0=t103 c1=t104
2590 core=0 noop r=0 y=0 c0=t103 c1=t104
2591 core=0 create 4 t105 p2 r=1 y=1 c0=t105 c1=t104
2592 core=0 takeb t105 1 r=2 y=1 c0=IDLE1 c1=t104
2593 core=0 noop r=0 y=0 c0=IDLE1 c1=t104
2594 core=0 suspend t100 r=0 y=0 c0=IDLE1 c1=t104
2595 core=0 noop r=0 y=0 c0=IDLE1 c1=t104
2596 core=0 prio t98 1 r=0 y=0 c0=IDLE1 c1=t104
2597 core=1 noop r=0 y=0 c0=IDLE1 c1=t104
2598 core=1 suspend t99 r=0 y=0 c0=IDLE1 c1=t104
2599 core=1 suspend t103 r=0 y=0 c0=IDLE1 c1=t104
2600 core=0 delete 3 t98 r=0 y=0 c0=IDLE1 c1=t104
2601 core=0 prio t100 3 r=0 y=0 c0=IDLE1 c1=t104
2602 core=1 noop r=0 y=0 c0=IDLE1 c1=t104
2603 core=1 suspend t105 r=0 y=0 c0=IDLE1 c1=t104
2604 core=0 noop r=0 y=0 c0=IDLE1 c1=t104
2605 core=0 suspend t99 r=0 y=0 c0=IDLE1 c1=t104
2606 core=1 resume t105 r=0 y=1 c0=t105 c1=t104
2607 core=1 resume t104 r=0 y=0 c0=t105 c1=t104
2608 core=0 cont t105 r=2 y=1 c0=IDLE0 c1=t104
2609 core=1 give r=1 y=1 c0=t105 c1=t104
2610 core=0 cont t105 r=1 y=0 c0=t105 c1=t104
2611 core=0 resume t101 r=0 y=0 c0=t105 c1=t104
2612 core=0 give r=1 y=0 c0=t105 c1=t104
2613 core=0 give_isr r=0 y=0 c0=t105 c1=t104
2614 core=1 noop r=0 y=0 c0=t105 c1=t104
2615 core=1 delete 0 t99 r=0 y=0 c0=t105 c1=t104
2616 core=1 yield r=0 y=2 c0=t105 c1=t104
2617 core=0 takeb t105 1 r=1 y=0 c0=t105 c1=t104
2618 core=0 tick r=1 y=3 c0=t105 c1=t104
2619 core=1 noop r=0 y=0 c0=t105 c1=t104
2620 core=0 takeb t105 2 r=2 y=1 c0=t101 c1=t104
2621 core=1 noop r=0 y=0 c0=t101 c1=t104
2622 core=1 suspend t100 r=0 y=0 c0=t101 c1=t104
2623 core=1 noop r=0 y=0 c0=t101 c1=t104
2624 core=0 noop r=0 y=0 c0=t101 c1=t104
2625 core=0 resume t104 r=0 y=0 c0=t101 c1=t104
2626 core=0 noop r=0 y=0 c0=t101 c1=t104
2627 core=0 takeb t101 6 r=2 y=1 c0=IDLE1 c1=t104
2628 core=0 noop r=0 y=0 c0=IDLE1 c1=t104
2629 core=1 noop r=0 y=0 c0=IDLE1 c1=t104
2630 core=0 resume t105 r=0 y=0 c0=IDLE1 c1=t104
2631 core=1 resume t105 r=0 y=0 c0=IDLE1 c1=t104
2632 core=1 prio t101 2 r=0 y=0 c0=IDLE1 c1=t104
2633 core=0 tick r=1 y=1 c0=IDLE0 c1=t104
2634 core=0 create 9 t106 p3 r=1 y=1 c0=t106 c1=t104
2635 core=0 suspend t101 r=0 y=0 c0=t106 c1=t104
2636 core=1 delay t104 5 r=0 y=2 c0=t106 c1=IDLE1
2637 core=0 noop r=0 y=0 c0=t106 c1=IDLE1
2638 core=0 give r=1 y=2 c0=t106 c1=t105
2639 core=0 delete 2 t103 r=0 y=0 c0=t106 c1=t105
2640 core=0 takeb t106 1 r=1 y=0 c0=t106 c1=t105
2641 core=1 cont t105 r=2 y=2 c0=t106 c1=IDLE0
2642 core=0 give_isr r=1 y=2 c0=t106 c1=t105
2643 core=1 cont t105 r=1 y=0 c0=t106 c1=t105
2644 core=0 noop r=0 y=0 c0=t106 c1=t105
2645 core=1 noop r=0 y=0 c0=t106 c1=t105
2646 core=0 give_isr r=1 y=0 c0=t106 c1=t105
2647 core=0 noop r=0 y=0 c0=t106 c1=t105
2648 core=1 noop r=0 y=0 c0=t106 c1=t105
2649 core=0 give r=0 y=0 c0=t106 c1=t105
2650 core=0 tick r=0 y=0 c0=t106 c1=t105
2651 core=1 suspend t105 r=0 y=2 c0=t106 c1=IDLE1
2652 core=0 noop r=0 y=0 c0=t106 c1=IDLE1
2653 core=1 noop r=0 y=0 c0=t106 c1=IDLE1
2654 core=1 prio t105 0 r=0 y=0 c0=t106 c1=IDLE1
2655 core=1 yield r=0 y=2 c0=t106 c1=IDLE0
2656 core=0 suspend t105 r=0 y=0 c0=t106 c1=IDLE0
2657 core=1 give r=0 y=0 c0=t106 c1=IDLE0
2658 core=0 give r=0 y=0 c0=t106 c1=IDLE0
2659 core=1 give_isr r=0 y=0 c0=t106 c1=IDLE0
2660 core=1 suspend t94 r=0 y=0 c0=t106 c1=IDLE0
2661 core=1 give_isr r=0 y=0 c0=t106 c1=IDLE0
2662 core=0 delay t106 3 r=0 y=1 c0=IDLE1 c1=IDLE0
2663 core=0 delete 5 t101 r=0 y=0 c0=IDLE1 c1=IDLE0
2664 core=0 noop r=0 y=0 c0=IDLE1 c1=IDLE0
2665 core=1 give r=0 y=0 c0=IDLE1 c1=IDLE0
2666 core=0 prio t104 0 r=0 y=0 c0=IDLE1 c1=IDLE0
2667 core=0 prio t106 2 r=0 y=0 c0=IDLE1 c1=IDLE0
2668 core=1 suspend t94 r=0 y=0 c0=IDLE1 c1=IDLE0
2669 core=0 tick r=1 y=3 c0=IDLE1 c1=IDLE0
2670 core=0 create 3 t107 p3 r=1 y=2 c0=IDLE1 c1=t107
2671 core=1 give_isr r=0 y=0 c0=IDLE1 c1=t107
2672 core=0 noop r=0 y=0 c0=IDLE1 c1=t107
2673 core=1 delay t107 1 r=0 y=2 c0=IDLE1 c1=IDLE0
2674 core=0 noop r=0 y=0 c0=IDLE1 c1=IDLE0
2675 core=0 give_isr r=0 y=0 c0=IDLE1 c1=IDLE0
2676 core=0 resume t107 r=0 y=0 c0=IDLE1 c1=IDLE0
2677 core=0 noop r=0 y=0 c0=IDLE1 c1=IDLE0
2678 core=0 resume t104 r=0 y=0 c0=IDLE1 c1=IDLE0
2679 core=0 tick r=1 y=3 c0=t107 c1=IDLE1
2680 core=0 noop r=0 y=0 c0=t107 c1=IDLE1
2681 core=1 noop r=0 y=0 c0=t107 c1=IDLE1
2682 core=1 give_isr r=0 y=0 c0=t107 c1=IDLE1
2683 core=0 tick r=0 y=2 c0=t107 c1=t106
2684 core=0 noop r=0 y=0 c0=t107 c1=t106
2685 core=1 delay t106 5 r=0 y=2 c0=t107 c1=IDLE0
2686 core=0 give r=0 y=0 c0=t107 c1=IDLE0
2687 core=0 tick r=0 y=2 c0=t107 c1=IDLE1
2688 core=0 tick r=0 y=2 c0=t107 c1=t104
2689 core=0 noop r=0 y=0 c0=t107 c1=t104
2690 core=1 noop r=0 y=0 c0=t107 c1=t104
2691 core=0 prio t107 2 r=0 y=1 c0=t107 c1=t104
2692 core=1 prio t105 1 r=0 y=0 c0=t107 c1=t104
2693 core=1 give r=0 y=0 c0=t107 c1=t104
2694 core=1 suspend t107 r=0 y=1 c0=IDLE0 c1=t104
2695 core=0 create 2 t108 p1 r=1 y=1 c0=t108 c1=t104
2696 core=1 noop r=0 y=0 c0=t108 c1=t104
2697 core=1 noop r=0 y=0 c0=t108 c1=t104
2698 core=1 noop r=0 y=0 c0=t108 c1=t104
2699 core=1 give_isr r=0 y=0 c0=t108 c1=t104
2700 core=1 delay t104 5 r=0 y=2 c0=t108 c1=IDLE1
2701 core=0 takeb t108 2 r=1 y=0 c0=t108 c1=IDLE1
2702 core=0 tick r=0 y=2 c0=t108 c1=IDLE0
2703 core=1 delete 8 t100 r=0 y=0 c0=t108 c1=IDLE0
2704 core=0 delete 9 t106 r=0 y=0 c0=t108 c1=IDLE0
2705 core=1 give r=1 y=0 c0=t108 c1=IDLE0
2706 core=1 noop r=0 y=0 c0=t108 c1=IDLE0
2707 core=0 noop r=0 y=0 c0=t108 c1=IDLE0
2708 core=1 noop r=0 y=0 c0=t108 c1=IDLE0
2709 core=0 noop r=0 y=0 c0=t108 c1=IDLE0
2710 core=0 resume t105 r=0 y=2 c0=t108 c1=t105
2711 core=1 create 0 t109 p0 r=1 y=0 c0=t108 c1=t105
2712 core=1 yield r=0 y=2 c0=t108 c1=t105
2713 core=1 delay t105 4 r=0 y=2 c0=t108 c1=IDLE1
2714 core=0 tick r=0 y=2 c0=t108 c1=IDLE0
2715 core=1 noop r=0 y=0 c0=t108 c1=IDLE0
2716 core=0 tick r=0 y=2 c0=t108 c1=t109
2717 core=0 give r=0 y=0 c0=t108 c1=t109
2718 core=0 tick r=0 y=2 c0=t108 c1=IDLE1
2719 core=0 noop r=0 y=0 c0=t108 c1=IDLE1
2720 core=0 suspend t108 r=0 y=1 c0=IDLE0 c1=IDLE1
2721 core=0 noop r=0 y=0 c0=IDLE0 c1=IDLE1
2722 core=0 give r=0 y=0 c0=IDLE0 c1=IDLE1
2723 core=1 noop r=0 y=0 c0=IDLE0 c1=IDLE1
2724 core=0 tick r=1 y=3 c0=t105 c1=t109
2725 core=1 give r=0 y=0 c0=t105 c1=t109
2726 core=0 delay t105 2 r=0 y=1 c0=t104 c1=t109
2727 core=0 prio t104 2 r=0 y=0 c0=t104 c1=t109
2728 core=1 noop r=0 y=0 c0=t104 c1=t109
2729 core=0 give_isr r=0 y=0 c0=t104 c1=t109
2730 core=0 give r=0 y=0 c0=t104 c1=t109
2731 core=0 prio t105 0 r=0 y=0 c0=t104 c1=t109
2732 core=0 noop r=0 y=0 c0=t104 c1=t109
2733 core=1 give r=0 y=0 c0=t104 c1=t109
2734 core=1 take t109 r=1 y=0 c0=t104 c1=t109
2735 core=0 tick r=0 y=2 c0=t104 c1=IDLE0
2736 core=0 yield r=0 y=1 c0=t104 c1=IDLE0
2737 core=0 take t104 r=0 y=0 c0=t104 c1=IDLE0
2738 core=1 prio t105 3 r=0 y=0 c0=t104 c1=IDLE0
2739 core=0 suspend t108 r=0 y=0 c0=t104 c1=IDLE0
2740 core=0 give_isr r=1 y=0 c0=t104 c1=IDLE0
2741 core=0 delay t104 5 r=0 y=1 c0=IDLE1 c1=IDLE0
2742 core=1 noop r=0 y=0 c0=IDLE1 c1=IDLE0
2743 core=1 give r=0 y=0 c0=IDLE1 c1=IDLE0
2744 core=1 give r=0 y=0 c0=IDLE1 c1=IDLE0
2745 core=0 prio t94 2 r=0 y=0 c0=IDLE1 c1=IDLE0
2746 core=0 yield r=0 y=1 c0=t109 c1=IDLE0
2747 core=1 yield r=0 y=2 c0=t109 c1=IDLE1
2748 core=0 noop r=0 y=0 c0=t109 c1=IDLE1
2749 core=1 noop r=0 y=0 c0=t109 c1=IDLE1
2750 core=1 suspend t94 r=0 y=0 c0=t109 c1=IDLE1
2751 core=0 tick r=1 y=3 c0=t105 c1=IDLE0
2752 core=0 give r=0 y=0 c0=t105 c1=IDLE0
2753 core=0 give_isr r=0 y=0 c0=t105 c1=IDLE0
2754 core=1 give r=0 y=0 c0=t105 c1=IDLE0
2755 core=1 noop r=0 y=0 c0=t105 c1=IDLE0
2756 core=1 create 6 t110 p1 r=1 y=2 c0=t105 c1=t110
2757 core=1 suspend t107 r=0 y=0 c0=t105 c1=t110
2758 core=1 takeb t110 2 r=1 y=0 c0=t105 c1=t110
2759 core=0 takeb t105 1 r=2 y=1 c0=t109 c1=t110
2760 core=0 prio t109 3 r=0 y=0 c0=t109 c1=t110
2761 core=0 delay t109 1 r=0 y=1 c0=IDLE1 c1=t110
2762 core=1 takeb t110 4 r=2 y=2 c0=IDLE1 c1=IDLE0
2763 core=1 give_isr r=1 y=2 c0=IDLE1 c1=t105
2764 core=1 cont t105 r=1 y=0 c0=IDLE1 c1=t105
2765 core=0 delete 0 t109 r=0 y=0 c0=IDLE1 c1=t105
2766 core=0 noop r=0 y=0 c0=IDLE1 c1=t105
2767 core=0 give r=1 y=1 c0=t110 c1=t105
2768 core=1 create 9 t111 p1 r=1 y=0 c0=t110 c1=t105
2769 core=1 delay t105 2 r=0 y=2 c0=t110 c1=t111
2770 core=1 give_isr r=0 y=0 c0=t110 c1=t111
2771 core=0 cont t110 r=1 y=0 c0=t110 c1=t111
2772 core=1 noop r=0 y=0 c0=t110 c1=t111
2773 core=0 tick r=1 y=3 c0=t110 c1=t111
2774 core=0 delay t110 1 r=0 y=1 c0=IDLE0 c1=t111
2775 core=0 tick r=1 y=3 c0=t105 c1=t110
2776 core=0 noop r=0 y=0 c0=t105 c1=t110
2777 core=1 noop r=0 y=0 c0=t105 c1=t110
2778 core=1 delay t110 1 r=0 y=2 c0=t105 c1=t111
2779 core=1 noop r=0 y=0 c0=t105 c1=t111
2780 core=0 give r=1 y=0 c0=t105 c1=t111
2781 core=0 noop r=0 y=0 c0=t105 c1=t111
2782 core=0 prio t110 3 r=0 y=0 c0=t105 c1=t111
2783 core=0 noop r=0 y=0 c0=t105 c1=t111
2784 core=0 noop r=0 y=0 c0=t105 c1=t111
2785 core=0 suspend t105 r=0 y=1 c0=IDLE1 c1=t111
2786 core=0 prio t111 1 r=0 y=0 c0=IDLE1 c1=t111
2787 core=0 tick r=1 y=1 c0=t110 c1=t111
2788 core=1 noop r=0 y=0 c0=t110 c1=t111
2789 core=0 take t110 r=1 y=0 c0=t110 c1=t111
2790 core=1 suspend t94 r=0 y=0 c0=t110 c1=t111
2791 core=0 give r=1 y=0 c0=t110 c1=t111
2792 core=1 delete 4 t105 r=0 y=0 c0=t110 c1=t111
2793 core=0 yield r=0 y=1 c0=t110 c1=t111
2794 core=0 noop r=0 y=0 c0=t110 c1=t111
2795 core=0 tick r=0 y=2 c0=t110 c1=t104
2796 core=0 delete 1 t94 r=0 y=0 c0=t110 c1=t104
2797 core=1 noop r=0 y=0 c0=t110 c1=t104
2798 core=0 noop r=0 y=0 c0=t110 c1=t104
2799 core=1 give r=0 y=0 c0=t110 c1=t104
2800 core=1 noop r=0 y=0 c0=t110 c1=t104
2801 core=1 noop r=0 y=0 c0=t110 c1=t104
2802 core=0 noop r=0 y=0 c0=t110 c1=t104
2803 core=0 delay t110 2 r=0 y=1 c0=t111 c1=t104
2804 core=0 delete 9 t111 r=0 y=1 c0=IDLE0 c1=t104
2805 core=0 noop r=0 y=0 c0=IDLE0 c1=t104
2806 core=0 tick r=1 y=1 c0=IDLE1 c1=t104
2807 core=0 noop r=0 y=0 c0=IDLE1 c1=t104
2808 core=1 delay t104 4 r=0 y=2 c0=IDLE1 c1=IDLE0
2809 core=0 suspend t104 r=0 y=0 c0=IDLE1 c1=IDLE0
2810 core=1 give r=0 y=0 c0=IDLE1 c1=IDLE0
2811 core=1 delete 7 t104 r=0 y=0 c0=IDLE1 c1=IDLE0
2812 core=1 noop r=0 y=0 c0=IDLE1 c1=IDLE0
2813 core=1 suspend t108 r=0 y=0 c0=IDLE1 c1=IDLE0
2814 core=1 noop r=0 y=0 c0=IDLE1 c1=IDLE0
2815 core=0 noop r=0 y=0 c0=IDLE1 c1=IDLE0
2816 core=1 give_isr r=0 y=0 c0=IDLE1 c1=IDLE0
2817 core=1 noop r=0 y=0 c0=IDLE1 c1=IDLE0
2818 core=1 noop r=0 y=0 c0=IDLE1 c1=IDLE0
2819 core=0 tick r=1 y=3 c0=t110 c1=IDLE1
2820 core=0 noop r=0 y=0 c0=t110 c1=IDLE1
2821 core=0 noop r=0 y=0 c0=t110 c1=IDLE1
2822 core=0 tick r=0 y=2 c0=t110 c1=IDLE0
2823 core=1 noop r=0 y=0 c0=t110 c1=IDLE0
2824 core=1 give r=0 y=0 c0=t110 c1=IDLE0
2825 core=1 noop r=0 y=0 c0=t110 c1=IDLE0
2826 core=0 suspend t107 r=0 y=0 c0=t110 c1=IDLE0
2827 core=1 noop r=0 y=0 c0=t110 c1=IDLE0
2828 core=0 takeb t110 3 r=1 y=0 c0=t110 c1=IDLE0
2829 core=0 resume t107 r=0 y=2 c0=t110 c1=t107
2830 core=0 takeb t110 4 r=2 y=1 c0=IDLE1 c1=t107
2831 core=0 give r=1 y=1 c0=t110 c1=t107
2832 core=0 cont t110 r=1 y=0 c0=t110 c1=t107
2833 core=0 takeb t110 2 r=2 y=1 c0=IDLE0 c1=t107
2834 core=0 tick r=1 y=1 c0=IDLE1 c1=t107
2835 core=0 noop r=0 y=0 c0=IDLE1 c1=t107
2836 core=0 noop r=0 y=0 c0=IDLE1 c1=t107
2837 core=1 create 5 t112 p1 r=1 y=1 c0=t112 c1=t107
2838 core=0 tick r=1 y=1 c0=t110 c1=t107
2839 core=0 cont t110 r=0 y=0 c0=t110 c1=t107
2840 core=0 tick r=0 y=0 c0=t110 c1=t107
2841 core=0 yield r=0 y=1 c0=t110 c1=t107
2842 core=0 noop r=0 y=0 c0=t110 c1=t107
2843 core=1 give r=1 y=0 c0=t110 c1=t107
2844 core=1 noop r=0 y=0 c0=t110 c1=t107
2845 core=1 yield r=0 y=2 c0=t110 c1=t107
2846 core=1 take t107 r=1 y=0 c0=t110 c1=t107
2847 core=0 suspend t112 r=0 y=0 c0=t110 c1=t107
2848 core=0 tick r=0 y=0 c0=t110 c1=t107
2849 core=0 noop r=0 y=0 c0=t110 c1=t107
2850 core=0 tick r=0 y=0 c0=t110 c1=t107
2851 core=1 yield r=0 y=2 c0=t110 c1=t107
2852 core=0 tick r=0 y=0 c0=t110 c1=t107
2853 core=0 noop r=0 y=0 c0=t110 c1=t107
2854 core=0 delay t110 4 r=0 y=1 c0=IDLE0 c1=t107
2855 core=1 suspend t112 r=0 y=0 c0=IDLE0 c1=t107
2856 core=0 tick r=1 y=1 c0=IDLE1 c1=t107
2857 core=1 take t107 r=0 y=0 c0=IDLE1 c1=t107
2858 core=1 noop r=0 y=0 c0=IDLE1 c1=t107
2859 core=1 delay t107 2 r=0 y=2 c0=IDLE1 c1=IDLE0
2860 core=0 noop r=0 y=0 c0=IDLE1 c1=IDLE0
2861 core=0 give_isr r=1 y=0 c0=IDLE1 c1=IDLE0
2862 core=0 noop r=0 y=0 c0=IDLE1 c1=IDLE0
2863 core=0 tick r=1 y=3 c0=IDLE1 c1=IDLE0
2864 core=1 noop r=0 y=0 c0=IDLE1 c1=IDLE0
2865 core=1 resume t108 r=0 y=2 c0=IDLE1 c1=t108
2866 core=1 delay t108 1 r=0 y=2 c0=IDLE1 c1=IDLE0
2867 core=1 give r=0 y=0 c0=IDLE1 c1=IDLE0
2868 core=0 noop r=0 y=0 c0=IDLE1 c1=IDLE0
2869 core=0 yield r=0 y=1 c0=IDLE1 c1=IDLE0
2870 core=0 give r=0 y=0 c0=IDLE1 c1=IDLE0
2871 core=1 create 4 t113 p0 r=1 y=2 c0=IDLE1 c1=t113
2872 core=0 give_isr r=0 y=0 c0=IDLE1 c1=t113
2873 core=1 takeb t113 4 r=1 y=0 c0=IDLE1 c1=t113
2874 core=1 noop r=0 y=0 c0=IDLE1 c1=t113
2875 core=0 noop r=0 y=0 c0=IDLE1 c1=t113
2876 core=0 noop r=0 y=0 c0=IDLE1 c1=t113
2877 core=1 give r=1 y=0 c0=IDLE1 c1=t113
2878 core=0 give_isr r=0 y=0 c0=IDLE1 c1=t113
2879 core=0 noop r=0 y=0 c0=IDLE1 c1=t113
2880 core=0 noop r=0 y=0 c0=IDLE1 c1=t113
2881 core=0 noop r=0 y=0 c0=IDLE1 c1=t113
2882 core=1 delay t113 1 r=0 y=2 c0=IDLE1 c1=IDLE0
2883 core=1 give_isr r=0 y=0 c0=IDLE1 c1=IDLE0
2884 core=0 give r=0 y=0 c0=IDLE1 c1=IDLE0
2885 core=1 delete 3 t107 r=0 y=0 c0=IDLE1 c1=IDLE0
2886 core=0 tick r=1 y=3 c0=t108 c1=t113
2887 core=0 noop r=0 y=0 c0=t108 c1=t113
2888 core=1 prio t108 0 r=0 y=1 c0=IDLE1 c1=t113
2889 core=0 create 0 t114 p0 r=1 y=1 c0=IDLE0 c1=t113
2890 core=1 noop r=0 y=0 c0=IDLE0 c1=t113
2891 core=1 noop r=0 y=0 c0=IDLE0 c1=t113
2892 core=1 yield r=0 y=2 c0=IDLE0 c1=t108
2893 core=0 delete 5 t112 r=0 y=0 c0=IDLE0 c1=t108
2894 core=0 noop r=0 y=0 c0=IDLE0 c1=t108
2895 core=0 noop r=0 y=0 c0=IDLE0 c1=t108
2896 core=1 noop r=0 y=0 c0=IDLE0 c1=t108
2897 core=0 noop r=0 y=0 c0=IDLE0 c1=t108
2898 core=1 give_isr r=0 y=0 c0=IDLE0 c1=t108
2899 core=1 give_isr r=0 y=0 c0=IDLE0 c1=t108
2900 core=0 noop r=0 y=0 c0=IDLE0 c1=t108
2901 core=1 prio t110 3 r=0 y=0 c0=IDLE0 c1=t108
2902 core=0 create 8 t115 p0 r=1 y=1 c0=t114 c1=t108
2903 core=1 give_isr r=0 y=0 c0=t114 c1=t108
2904 core=1 delay t108 1 r=0 y=2 c0=t114 c1=IDLE1
2905 core=0 yield r=0 y=1 c0=t113 c1=IDLE1
2906 core=1 noop r=0 y=0 c0=t113 c1=IDLE1
2907 core=1 give r=0 y=0 c0=t113 c1=IDLE1
2908 core=1 noop r=0 y=0 c0=t113 c1=IDLE1
2909 core=0 noop r=0 y=0 c0=t113 c1=IDLE1
2910 core=0 delay t113 2 r=0 y=1 c0=t115 c1=IDLE1
2911 core=1 noop r=0 y=0 c0=t115 c1=IDLE1
2912 core=1 noop r=0 y=0 c0=t115 c1=IDLE1
2913 core=1 suspend t110 r=0 y=0 c0=t115 c1=IDLE1
2914 core=0 tick r=1 y=3 c0=IDLE0 c1=t114
2915 core=0 give r=0 y=0 c0=IDLE0 c1=t114
2916 core=0 resume t110 r=0 y=1 c0=t110 c1=t114
2917 core=0 give r=0 y=0 c0=t110 c1=t114
2918 core=0 give r=0 y=0 c0=t110 c1=t114
2919 core=0 create 7 t116 p3 r=1 y=2 c0=t110 c1=t116
2920 core=1 yield r=0 y=2 c0=t110 c1=t116
2921 core=0 delay t110 4 r=0 y=1 c0=t108 c1=t116
2922 core=1 yield r=0 y=2 c0=t108 c1=t116
2923 core=1 noop r=0 y=0 c0=t108 c1=t116
2924 core=0 prio t114 3 r=0 y=1 c0=t114 c1=t116
2925 core=1 noop r=0 y=0 c0=t114 c1=t116
2926 core=0 prio t110 2 r=0 y=0 c0=t114 c1=t116
2927 core=1 noop r=0 y=0 c0=t114 c1=t116
2928 core=0 noop r=0 y=0 c0=t114 c1=t116
2929 core=1 prio t113 2 r=0 y=0 c0=t114 c1=t116
2930 core=1 delay t116 3 r=0 y=2 c0=t114 c1=t115
2931 core=1 take t115 r=1 y=0 c0=t114 c1=t115
2932 core=1 give r=1 y=0 c0=t114 c1=t115
2933 core=0 takeb t114 2 r=1 y=0 c0=t114 c1=t115
2934 core=1 delay t115 1 r=0 y=2 c0=t114 c1=IDLE1
2935 core=1 noop r=0 y=0 c0=t114 c1=IDLE1
2936 core=1 noop r=0 y=0 c0=t114 c1=IDLE1
2937 core=0 give_isr r=1 y=0 c0=t114 c1=IDLE1
2938 core=0 resume t114 r=0 y=0 c0=t114 c1=IDLE1
2939 core=1 noop r=0 y=0 c0=t114 c1=IDLE1
2940 core=1 noop r=0 y=0 c0=t114 c1=IDLE1
2941 core=0 give_isr r=0 y=0 c0=t114 c1=IDLE1
2942 core=1 noop r=0 y=0 c0=t114 c1=IDLE1
2943 core=1 noop r=0 y=0 c0=t114 c1=IDLE1
2944 core=0 noop r=0 y=0 c0=t114 c1=IDLE1
2945 core=1 resume t113 r=0 y=0 c0=t114 c1=IDLE1
2946 core=0 tick r=0 y=2 c0=t114 c1=t113
2947 core=0 suspend t116 r=0 y=0 c0=t114 c1=t113
2948 core=1 resume t108 r=0 y=0 c0=t114 c1=t113
2949 core=0 prio t114 0 r=0 y=1 c0=IDLE0 c1=t113
2950 core=1 noop r=0 y=0 c0=IDLE0 c1=t113
2951 core=1 noop r=0 y=0 c0=IDLE0 c1=t113
2952 core=0 tick r=1 y=1 c0=t108 c1=t113
2953 core=1 noop r=0 y=0 c0=t108 c1=t113
2954 core=1 give_isr r=0 y=0 c0=t108 c1=t113
2955 core=0 tick r=1 y=1 c0=t115 c1=t113
2956 core=1 take t113 r=1 y=0 c0=t115 c1=t113
2957 core=0 tick r=1 y=3 c0=t110 c1=t113
2958 core=1 noop r=0 y=0 c0=t110 c1=t113
2959 core=1 give r=1 y=0 c0=t110 c1=t113
2960 core=1 takeb t113 1 r=1 y=0 c0=t110 c1=t113
2961 core=1 create 3 t117 p0 r=1 y=0 c0=t110 c1=t113
2962 core=1 create 1 t118 p2 r=1 y=0 c0=t110 c1=t113
2963 core=0 prio t108 2 r=0 y=0 c0=t110 c1=t113
2964 core=0 resume t116 r=0 y=2 c0=t110 c1=t116
2965 core=1 delete 2 t108 r=0 y=0 c0=t110 c1=t116
2966 core=1 suspend t113 r=0 y=0 c0=t110 c1=t116
2967 core=1 suspend t113 r=0 y=0 c0=t110 c1=t116
2968 core=0 delay t110 5 r=0 y=1 c0=t118 c1=t116
2969 core=1 resume t114 r=0 y=0 c0=t118 c1=t116
2970 core=0 delay t118 3 r=0 y=1 c0=IDLE1 c1=t116
2971 core=1 noop r=0 y=0 c0=IDLE1 c1=t116
2972 core=0 noop r=0 y=0 c0=IDLE1 c1=t116
2973 core=1 delay t116 5 r=0 y=2 c0=IDLE1 c1=t114
2974 core=0 prio t110 1 r=0 y=0 c0=IDLE1 c1=t114
2975 core=1 delete 0 t114 r=0 y=2 c0=IDLE1 c1=IDLE0
2976 core=1 resume t110 r=0 y=0 c0=IDLE1 c1=IDLE0
2977 core=0 give r=1 y=0 c0=IDLE1 c1=IDLE0
2978 core=1 noop r=0 y=0 c0=IDLE1 c1=IDLE0
2979 core=1 create 2 t119 p0 r=1 y=2 c0=IDLE1 c1=t115
2980 core=1 resume t116 r=0 y=0 c0=IDLE1 c1=t115
2981 core=0 noop r=0 y=0 c0=IDLE1 c1=t115
2982 core=1 give r=0 y=0 c0=IDLE1 c1=t115
2983 core=0 resume t110 r=0 y=0 c0=IDLE1 c1=t115
2984 core=0 tick r=1 y=3 c0=t117 c1=t119
2985 core=0 give r=0 y=0 c0=t117 c1=t119
2986 core=0 noop r=0 y=0 c0=t117 c1=t119
2987 core=1 suspend t118 r=0 y=0 c0=t117 c1=t119
2988 core=1 suspend t116 r=0 y=0 c0=t117 c1=t119
2989 core=1 suspend t118 r=0 y=0 c0=t117 c1=t119
2990 core=1 delay t119 4 r=0 y=2 c0=t117 c1=IDLE0
2991 core=1 delete 8 t115 r=0 y=0 c0=t117 c1=IDLE0
2992 core=1 noop r=0 y=0 c0=t117 c1=IDLE0
2993 core=0 noop r=0 y=0 c0=t117 c1=IDLE0
2994 core=0 give r=0 y=0 c0=t117 c1=IDLE0
2995 core=1 noop r=0 y=0 c0=t117 c1=IDLE0
2996 core=1 yield r=0 y=2 c0=t117 c1=IDLE1
2997 core=0 suspend t118 r=0 y=0 c0=t117 c1=IDLE1
2998 core=1 noop r=0 y=0 c0=t117 c1=IDLE1
2999 core=1 noop r=0 y=0 c0=t117 c1=IDLE1
3000 core=0 create 8 t120 p1 r=1 y=2 c0=t117 c1=t120
3001 core=0 create 0 t121 p2 r=1 y=1 c0=t121 c1=t120
3002 core=0 suspend t116 r=0 y=0 c0=t121 c1=t120
3003 core=1 noop r=0 y=0 c0=t121 c1=t120
3004 core=0 delete 3 t117 r=0 y=0 c0=t121 c1=t120
3005 core=0 delay t121 4 r=0 y=1 c0=IDLE0 c1=t120
3006 core=0 noop r=0 y=0 c0=IDLE0 c1=t120
3007 core=1 suspend t121 r=0 y=0 c0=IDLE0 c1=t120
3008 core=0 noop r=0 y=0 c0=IDLE0 c1=t120
3009 core=1 give r=0 y=0 c0=IDLE0 c1=t120
3010 core=0 noop r=0 y=0 c0=IDLE0 c1=t120
3011 core=1 take t120 r=1 y=0 c0=IDLE0 c1=t120
3012 core=1 give_isr r=1 y=0 c0=IDLE0 c1=t120
3013 core=0 give r=0 y=0 c0=IDLE0 c1=t120
3014 core=0 noop r=0 y=0 c0=IDLE0 c1=t120
3015 core=0 delete 7 t116 r=0 y=0 c0=IDLE0 c1=t120
3016 core=0 tick r=1 y=1 c0=IDLE1 c1=t120
3017 core=1 prio t121 2 r=0 y=0 c0=IDLE1 c1=t120
3018 core=0 noop r=0 y=0 c0=IDLE1 c1=t120
3019 core=1 create 7 t122 p0 r=1 y=1 c0=IDLE0 c1=t120
3020 core=0 yield r=0 y=1 c0=t122 c1=t120
3021 core=0 noop r=0 y=0 c0=t122 c1=t120
3022 core=0 suspend t118 r=0 y=0 c0=t122 c1=t120
3023 core=0 delay t122 5 r=0 y=1 c0=IDLE1 c1=t120
3024 core=0 noop r=0 y=0 c0=IDLE1 c1=t120
3025 core=0 noop r=0 y=0 c0=IDLE1 c1=t120
3026 core=0 noop r=0 y=0 c0=IDLE1 c1=t120
3027 core=0 noop r=0 y=0 c0=IDLE1 c1=t120
3028 core=0 noop r=0 y=0 c0=IDLE1 c1=t120
3029 core=0 tick r=1 y=1 c0=IDLE0 c1=t120
3030 core=0 noop r=0 y=0 c0=IDLE0 c1=t120
3031 core=0 noop r=0 y=0 c0=IDLE0 c1=t120
3032 core=1 delete 8 t120 r=0 y=2 c0=IDLE0 c1=IDLE1
3033 core=1 noop r=0 y=0 c0=IDLE0 c1=IDLE1
3034 core=0 tick r=1 y=3 c0=IDLE0 c1=IDLE1
3035 core=0 noop r=0 y=0 c0=IDLE0 c1=IDLE1
3036 core=1 noop r=0 y=0 c0=IDLE0 c1=IDLE1
3037 core=0 create 9 t123 p3 r=1 y=2 c0=IDLE0 c1=t123
3038 core=1 resume t121 r=0 y=1 c0=t121 c1=t123
3039 core=0 resume t118 r=0 y=0 c0=t121 c1=t123
3040 core=0 delay t121 4 r=0 y=1 c0=t118 c1=t123
3041 core=0 takeb t118 3 r=1 y=0 c0=t118 c1=t123
3042 core=1 resume t110 r=0 y=0 c0=t118 c1=t123
3043 core=0 noop r=0 y=0 c0=t118 c1=t123
3044 core=0 take t118 r=0 y=0 c0=t118 c1=t123
3045 core=1 noop r=0 y=0 c0=t118 c1=t123
3046 core=1 delete 9 t123 r=0 y=2 c0=t118 c1=IDLE1
3047 core=0 yield r=0 y=1 c0=t118 c1=IDLE1
3048 core=1 give r=1 y=0 c0=t118 c1=IDLE1
3049 core=0 prio t119 1 r=0 y=0 c0=t118 c1=IDLE1
3050 core=0 suspend t122 r=0 y=0 c0=t118 c1=IDLE1
3051 core=0 give r=0 y=0 c0=t118 c1=IDLE1
3052 core=0 delete 7 t122 r=0 y=0 c0=t118 c1=IDLE1
3053 core=1 noop r=0 y=0 c0=t118 c1=IDLE1
3054 core=0 prio t118 0 r=0 y=1 c0=IDLE0 c1=IDLE1
3055 core=0 noop r=0 y=0 c0=IDLE0 c1=IDLE1
3056 core=0 noop r=0 y=0 c0=IDLE0 c1=IDLE1
3057 core=1 noop r=0 y=0 c0=IDLE0 c1=IDLE1
3058 core=0 tick r=1 y=3 c0=t110 c1=t119
3059 core=0 noop r=0 y=0 c0=t110 c1=t119
3060 core=0 tick r=1 y=3 c0=t110 c1=t119
3061 core=0 tick r=1 y=3 c0=t110 c1=t119
3062 core=1 give_isr r=0 y=0 c0=t110 c1=t119
3063 core=1 noop r=0 y=0 c0=t110 c1=t119
3064 core=0 resume t121 r=0 y=0 c0=t110 c1=t119
3065 core=0 noop r=0 y=0 c0=t110 c1=t119
3066 core=0 takeb t110 5 r=1 y=0 c0=t110 c1=t119
3067 core=1 noop r=0 y=0 c0=t110 c1=t119
3068 core=1 delay t119 4 r=0 y=2 c0=t110 c1=t118
3069 core=1 noop r=0 y=0 c0=t110 c1=t118
3070 core=0 noop r=0 y=0 c0=t110 c1=t118
3071 core=1 prio t110 2 r=0 y=0 c0=t110 c1=t118
3072 core=1 create 7 t124 p2 r=1 y=2 c0=t110 c1=t124
3073 core=0 prio t118 1 r=0 y=0 c0=t110 c1=t124
3074 core=1 suspend t121 r=0 y=0 c0=t110 c1=t124
3075 core=0 take t110 r=0 y=0 c0=t110 c1=t124
3076 core=0 tick r=1 y=3 c0=t110 c1=t124
3077 core=0 tick r=1 y=3 c0=t110 c1=t124
3078 core=1 resume t110 r=0 y=0 c0=t110 c1=t124
3079 core=0 suspend t113 r=0 y=0 c0=t110 c1=t124
3080 core=1 prio t121 2 r=0 y=0 c0=t110 c1=t124
3081 core=1 resume t124 r=0 y=0 c0=t110 c1=t124
3082 core=0 takeb t110 4 r=2 y=1 c0=t118 c1=t124
3083 core=1 noop r=0 y=0 c0=t118 c1=t124
3084 core=1 suspend t118 r=0 y=1 c0=IDLE0 c1=t124
3085 core=1 suspend t118 r=0 y=0 c0=IDLE0 c1=t124
3086 core=0 noop r=0 y=0 c0=IDLE0 c1=t124
3087 core=1 suspend t118 r=0 y=0 c0=IDLE0 c1=t124
3088 core=0 noop r=0 y=0 c0=IDLE0 c1=t124
3089 core=1 take t124 r=0 y=0 c0=IDLE0 c1=t124
3090 core=1 delay t124 5 r=0 y=2 c0=IDLE0 c1=IDLE1
3091 core=1 create 5 t125 p3 r=1 y=2 c0=IDLE0 c1=t125
3092 core=0 noop r=0 y=0 c0=IDLE0 c1=t125
3093 core=0 tick r=1 y=1 c0=IDLE1 c1=t125
3094 core=1 give r=1 y=1 c0=t110 c1=t125
3095 core=1 create 3 t126 p2 r=1 y=0 c0=t110 c1=t125
3096 core=1 delete 0 t121 r=0 y=0 c0=t110 c1=t125
3097 core=0 cont t110 r=1 y=0 c0=t110 c1=t125
3098 core=1 yield r=0 y=2 c0=t110 c1=t125
3099 core=1 delay t125 2 r=0 y=2 c0=t110 c1=t126
3100 core=1 resume t124 r=0 y=0 c0=t110 c1=t126
3101 core=1 prio t110 2 r=0 y=0 c0=t110 c1=t126
3102 core=0 prio t125 1 r=0 y=0 c0=t110 c1=t126
3103 core=1 give r=1 y=0 c0=t110 c1=t126
3104 core=1 resume t125 r=0 y=0 c0=t110 c1=t126
3105 core=0 delay t110 5 r=0 y=1 c0=IDLE0 c1=t126
3106 core=1 give_isr r=0 y=0 c0=IDLE0 c1=t126
3107 core=0 tick r=1 y=1 c0=t119 c1=t126
3108 core=0 give r=0 y=0 c0=t119 c1=t126
3109 core=1 noop r=0 y=0 c0=t119 c1=t126
3110 core=0 tick r=1 y=1 c0=t125 c1=t126
3111 core=0 create 8 t127 p3 r=1 y=1 c0=t127 c1=t126
3112 core=0 give_isr r=0 y=0 c0=t127 c1=t126
3113 core=1 give r=0 y=0 c0=t127 c1=t126
3114 core=0 yield r=0 y=1 c0=t127 c1=t126
3115 core=1 takeb t126 6 r=1 y=0 c0=t127 c1=t126
3116 core=1 resume t110 r=0 y=0 c0=t127 c1=t126
3117 core=0 delay t127 5 r=0 y=1 c0=t119 c1=t126
3118 core=1 create 9 t128 p1 r=1 y=0 c0=t119 c1=t126
3119 core=0 give_isr r=1 y=0 c0=t119 c1=t126
3120 core=1 delete 7 t124 r=0 y=0 c0=t119 c1=t126
3121 core=1 noop r=0 y=0 c0=t119 c1=t126
3122 core=1 delete 8 t127 r=0 y=0 c0=t119 c1=t126
3123 core=1 give r=0 y=0 c0=t119 c1=t126
3124 core=1 give r=0 y=0 c0=t119 c1=t126
3125 core=0 takeb t119 5 r=1 y=0 c0=t119 c1=t126
3126 core=0 prio t113 2 r=0 y=0 c0=t119 c1=t126
3127 core=0 prio t125 3 r=0 y=1 c0=t125 c1=t126
3128 core=1 noop r=0 y=0 c0=t125 c1=t126
3129 core=1 delay t126 2 r=0 y=2 c0=t125 c1=t128
3130 core=1 takeb t128 4 r=2 y=2 c0=t125 c1=t119
3131 core=1 noop r=0 y=0 c0=t125 c1=t119
3132 core=1 take t119 r=0 y=0 c0=t125 c1=t119
3133 core=1 prio t119 3 r=0 y=0 c0=t125 c1=t119
3134 core=1 noop r=0 y=0 c0=t125 c1=t119
3135 core=0 tick r=1 y=3 c0=t125 c1=t119
3136 core=0 take t125 r=0 y=0 c0=t125 c1=t119
3137 core=0 noop r=0 y=0 c0=t125 c1=t119
3138 core=0 create 7 t129 p2 r=1 y=0 c0=t125 c1=t119
3139 core=1 yield r=0 y=2 c0=t125 c1=t119
3140 core=0 noop r=0 y=0 c0=t125 c1=t119
3141 core=0 resume t118 r=0 y=0 c0=t125 c1=t119
3142 core=1 resume t126 r=0 y=0 c0=t125 c1=t119
3143 core=0 give r=1 y=0 c0=t125 c1=t119
3144 core=0 tick r=1 y=3 c0=t125 c1=t119
3145 core=0 noop r=0 y=0 c0=t125 c1=t119
3146 core=0 take t125 r=1 y=0 c0=t125 c1=t119
3147 core=0 noop r=0 y=0 c0=t125 c1=t119
3148 core=0 suspend t118 r=0 y=0 c0=t125 c1=t119
3149 core=0 resume t119 r=0 y=0 c0=t125 c1=t119
3150 core=1 resume t118 r=0 y=0 c0=t125 c1=t119
3151 core=0 give r=1 y=0 c0=t125 c1=t119
3152 core=0 prio t119 0 r=0 y=2 c0=t125 c1=t129
3153 core=0 tick r=0 y=2 c0=t125 c1=t126
3154 core=1 prio t129 3 r=0 y=2 c0=t125 c1=t129
3155 core=1 resume t113 r=0 y=0 c0=t125 c1=t129
3156 core=0 take t125 r=1 y=0 c0=t125 c1=t129
3157 core=1 delete 6 t110 r=0 y=0 c0=t125 c1=t129
3158 core=0 delete 1 t118 r=0 y=0 c0=t125 c1=t129
3159 core=1 noop r=0 y=0 c0=t125 c1=t129
3160 core=1 resume t126 r=0 y=0 c0=t125 c1=t129
3161 core=1 suspend t128 r=0 y=0 c0=t125 c1=t129
3162 core=0 give_isr r=1 y=0 c0=t125 c1=t129
3163 core=0 resume t129 r=0 y=0 c0=t125 c1=t129
3164 core=0 suspend t129 r=0 y=2 c0=t125 c1=t126
3165 core=1 give r=0 y=0 c0=t125 c1=t126
3166 core=1 delay t126 3 r=0 y=2 c0=t125 c1=t113
3167 core=0 give_isr r=0 y=0 c0=t125 c1=t113
3168 core=1 takeb t113 1 r=1 y=0 c0=t125 c1=t113
3169 core=0 tick r=0 y=0 c0=t125 c1=t113
3170 core=0 give_isr r=1 y=0 c0=t125 c1=t113
3171 core=1 delete 4 t113 r=0 y=2 c0=t125 c1=IDLE1
3172 core=0 noop r=0 y=0 c0=t125 c1=IDLE1
3173 core=1 suspend t128 r=0 y=0 c0=t125 c1=IDLE1
3174 core=1 create 6 t130 p2 r=1 y=2 c0=t125 c1=t130
3175 core=1 delay t130 1 r=0 y=2 c0=t125 c1=IDLE0
3176 core=1 noop r=0 y=0 c0=t125 c1=IDLE0
3177 core=1 noop r=0 y=0 c0=t125 c1=IDLE0
3178 core=1 give r=0 y=0 c0=t125 c1=IDLE0
3179 core=0 suspend t128 r=0 y=0 c0=t125 c1=IDLE0
3180 core=0 take t125 r=1 y=0 c0=t125 c1=IDLE0
3181 core=0 prio t129 0 r=0 y=0 c0=t125 c1=IDLE0
3182 core=0 delay t125 1 r=0 y=1 c0=t119 c1=IDLE0
3183 core=1 suspend t128 r=0 y=0 c0=t119 c1=IDLE0
3184 core=1 suspend t128 r=0 y=0 c0=t119 c1=IDLE0
3185 core=1 noop r=0 y=0 c0=t119 c1=IDLE0
3186 core=0 delay t119 3 r=0 y=1 c0=IDLE1 c1=IDLE0
3187 core=1 give_isr r=1 y=0 c0=IDLE1 c1=IDLE0
3188 core=1 delete 3 t126 r=0 y=0 c0=IDLE1 c1=IDLE0
3189 core=0 noop r=0 y=0 c0=IDLE1 c1=IDLE0
3190 core=0 tick r=1 y=3 c0=t125 c1=t130
3191 core=0 yield r=0 y=1 c0=t125 c1=t130
3192 core=0 tick r=0 y=0 c0=t125 c1=t130
3193 core=0 suspend t125 r=0 y=1 c0=IDLE1 c1=t130
3194 core=1 prio t129 1 r=0 y=0 c0=IDLE1 c1=t130
3195 core=1 give_isr r=0 y=0 c0=IDLE1 c1=t130
3196 core=1 noop r=0 y=0 c0=IDLE1 c1=t130
3197 core=0 give_isr r=0 y=0 c0=IDLE1 c1=t130
3198 core=0 tick r=1 y=1 c0=IDLE0 c1=t130
3199 core=0 resume t128 r=0 y=1 c0=t128 c1=t130
3200 core=1 prio t130 1 r=0 y=2 c0=t128 c1=t130
3201 core=0 cont t128 r=1 y=0 c0=t128 c1=t130
3202 core=0 create 3 t131 p2 r=1 y=2 c0=t128 c1=t131
3203 core=0 noop r=0 y=0 c0=t128 c1=t131
3204 core=0 suspend t128 r=0 y=1 c0=t130 c1=t131
3205 core=0 tick r=0 y=0 c0=t130 c1=t131
3206 core=0 take t130 r=0 y=0 c0=t130 c1=t131
3207 core=1 prio t119 2 r=0 y=1 c0=t119 c1=t131
3208 core=0 suspend t125 r=0 y=0 c0=t119 c1=t131
3209 core=0 resume t131 r=0 y=0 c0=t119 c1=t131
3210 core=0 prio t125 2 r=0 y=0 c0=t119 c1=t131
3211 core=0 tick r=1 y=3 c0=t119 c1=t131
3212 core=1 noop r=0 y=0 c0=t119 c1=t131
3213 core=1 noop r=0 y=0 c0=t119 c1=t131
3214 core=1 noop r=0 y=0 c0=t119 c1=t131
3215 core=1 resume t131 r=0 y=0 c0=t119 c1=t131
3216 core=0 delay t119 1 r=0 y=1 c0=t130 c1=t131
3217 core=1 delay t131 3 r=0 y=2 c0=t130 c1=IDLE1
3218 core=0 prio t130 3 r=0 y=0 c0=t130 c1=IDLE1
3219 core=1 yield r=0 y=2 c0=t130 c1=IDLE0
3220 core=1 noop r=0 y=0 c0=t130 c1=IDLE0
3221 core=0 tick r=0 y=2 c0=t130 c1=t119
3222 core=0 resume t130 r=0 y=0 c0=t130 c1=t119
3223 core=1 give r=1 y=0 c0=t130 c1=t119
3224 core=1 suspend t119 r=0 y=2 c0=t130 c1=IDLE1
3225 core=1 noop r=0 y=0 c0=t130 c1=IDLE1
3226 core=1 prio t125 2 r=0 y=0 c0=t130 c1=IDLE1
3227 core=1 suspend t131 r=0 y=0 c0=t130 c1=IDLE1
3228 core=0 noop r=0 y=0 c0=t130 c1=IDLE1
3229 core=1 suspend t119 r=0 y=0 c0=t130 c1=IDLE1
3230 core=0 delay t130 5 r=0 y=1 c0=IDLE0 c1=IDLE1
3231 core=1 resume t129 r=0 y=2 c0=IDLE0 c1=t129
3232 core=0 noop r=0 y=0 c0=IDLE0 c1=t129
3233 core=0 give_isr r=0 y=0 c0=IDLE0 c1=t129
3234 core=1 give r=0 y=0 c0=IDLE0 c1=t129
3235 core=1 prio t131 1 r=0 y=0 c0=IDLE0 c1=t129
3236 core=1 noop r=0 y=0 c0=IDLE0 c1=t129
3237 core=0 give r=0 y=0 c0=IDLE0 c1=t129
3238 core=0 resume t125 r=0 y=1 c0=t125 c1=t129
3239 core=0 noop r=0 y=0 c0=t125 c1=t129
3240 core=1 noop r=0 y=0 c0=t125 c1=t129
3241 core=0 noop r=0 y=0 c0=t125 c1=t129
3242 core=0 delete 5 t125 r=0 y=1 c0=IDLE1 c1=t129
3243 core=1 prio t131 2 r=0 y=0 c0=IDLE1 c1=t129
3244 core=1 resume t130 r=0 y=0 c0=IDLE1 c1=t129
3245 core=1 give_isr r=0 y=0 c0=IDLE1 c1=t129
3246 core=0 tick r=1 y=1 c0=IDLE0 c1=t129
3247 core=0 give_isr r=0 y=0 c0=IDLE0 c1=t129
3248 core=1 prio t130 3 r=0 y=0 c0=IDLE0 c1=t129
3249 core=1 suspend t128 r=0 y=0 c0=IDLE0 c1=t129
3250 core=0 noop r=0 y=0 c0=IDLE0 c1=t129
3251 core=1 noop r=0 y=0 c0=IDLE0 c1=t129
3252 core=0 noop r=0 y=0 c0=IDLE0 c1=t129
3253 core=0 give_isr r=0 y=0 c0=IDLE0 c1=t129
3254 core=0 noop r=0 y=0 c0=IDLE0 c1=t129
3255 core=1 noop r=0 y=0 c0=IDLE0 c1=t129
3256 core=0 tick r=1 y=1 c0=IDLE1 c1=t129
3257 core=0 create 4 t132 p0 r=1 y=1 c0=IDLE0 c1=t129
3258 core=1 suspend t131 r=0 y=0 c0=IDLE0 c1=t129
3259 core=0 delete 2 t119 r=0 y=0 c0=IDLE0 c1=t129
3260 core=0 tick r=1 y=1 c0=t132 c1=t129
3261 core=1 noop r=0 y=0 c0=t132 c1=t129
3262 core=0 resume t130 r=0 y=0 c0=t132 c1=t129
3263 core=1 give_isr r=0 y=0 c0=t132 c1=t129
3264 core=1 delete 7 t129 r=0 y=2 c0=t132 c1=IDLE1
3265 core=0 create 5 t133 p0 r=1 y=2 c0=t132 c1=IDLE0
3266 core=1 noop r=0 y=0 c0=t132 c1=IDLE0
3267 core=0 delete 9 t128 r=0 y=0 c0=t132 c1=IDLE0
3268 core=0 noop r=0 y=0 c0=t132 c1=IDLE0
3269 core=1 noop r=0 y=0 c0=t132 c1=IDLE0
3270 core=1 resume t133 r=0 y=0 c0=t132 c1=IDLE0
3271 core=1 prio t130 3 r=0 y=0 c0=t132 c1=IDLE0
3272 core=0 noop r=0 y=0 c0=t132 c1=IDLE0
3273 core=1 noop r=0 y=0 c0=t132 c1=IDLE0
3274 core=0 give_isr r=0 y=0 c0=t132 c1=IDLE0
3275 core=0 take t132 r=1 y=0 c0=t132 c1=IDLE0
3276 core=1 noop r=0 y=0 c0=t132 c1=IDLE0
3277 core=1 noop r=0 y=0 c0=t132 c1=IDLE0
3278 core=0 delay t132 4 r=0 y=1 c0=t133 c1=IDLE0
3279 core=1 noop r=0 y=0 c0=t133 c1=IDLE0
3280 core=0 noop r=0 y=0 c0=t133 c1=IDLE0
3281 core=0 suspend t130 r=0 y=0 c0=t133 c1=IDLE0
3282 core=0 delay t133 3 r=0 y=1 c0=IDLE1 c1=IDLE0
3283 core=1 give_isr r=1 y=0 c0=IDLE1 c1=IDLE0
3284 core=1 create 1 t134 p2 r=1 y=2 c0=IDLE1 c1=t134
3285 core=1 yield r=0 y=2 c0=IDLE1 c1=t134
3286 core=0 noop r=0 y=0 c0=IDLE1 c1=t134
3287 core=1 noop r=0 y=0 c0=IDLE1 c1=t134
3288 core=1 give r=0 y=0 c0=IDLE1 c1=t134
3289 core=1 noop r=0 y=0 c0=IDLE1 c1=t134
3290 core=0 tick r=1 y=1 c0=IDLE0 c1=t134
3291 core=0 resume t132 r=0 y=0 c0=IDLE0 c1=t134
3292 core=0 prio t133 1 r=0 y=0 c0=IDLE0 c1=t134
3293 core=0 prio t131 2 r=0 y=0 c0=IDLE0 c1=t134
3294 core=1 noop r=0 y=0 c0=IDLE0 c1=t134
3295 core=1 noop r=0 y=0 c0=IDLE0 c1=t134
3296 core=0 tick r=1 y=1 c0=IDLE1 c1=t134
3297 core=0 tick r=1 y=1 c0=t133 c1=t134
3298 core=1 takeb t134 6 r=1 y=0 c0=t133 c1=t134
3299 core=0 tick r=0 y=0 c0=t133 c1=t134
3300 core=0 tick r=0 y=0 c0=t133 c1=t134
3301 core=0 create 8 t135 p1 r=1 y=0 c0=t133 c1=t134
3302 core=0 give r=1 y=0 c0=t133 c1=t134
3303 core=1 give r=0 y=0 c0=t133 c1=t134
3304 core=0 resume t131 r=0 y=1 c0=t131 c1=t134
3305 core=1 prio t135 1 r=0 y=0 c0=t131 c1=t134
3306 core=1 noop r=0 y=0 c0=t131 c1=t134
3307 core=1 delete 6 t130 r=0 y=0 c0=t131 c1=t134
3308 core=0 tick r=1 y=3 c0=t131 c1=t134
3309 core=1 prio t132 0 r=0 y=0 c0=t131 c1=t134
3310 core=0 noop r=0 y=0 c0=t131 c1=t134
3311 core=1 give_isr r=0 y=0 c0=t131 c1=t134
3312 core=1 give r=0 y=0 c0=t131 c1=t134
3313 core=0 yield r=0 y=1 c0=t131 c1=t134
3314 core=0 yield r=0 y=1 c0=t131 c1=t134
3315 core=1 noop r=0 y=0 c0=t131 c1=t134
3316 core=0 suspend t131 r=0 y=1 c0=t135 c1=t134
3317 core=1 give_isr r=0 y=0 c0=t135 c1=t134
3318 core=1 suspend t134 r=0 y=2 c0=t135 c1=t133
3319 core=1 noop r=0 y=0 c0=t135 c1=t133
3320 core=0 prio t134 2 r=0 y=0 c0=t135 c1=t133
3321 core=1 noop r=0 y=0 c0=t135 c1=t133
3322 core=1 give r=0 y=0 c0=t135 c1=t133
3323 core=0 noop r=0 y=0 c0=t135 c1=t133
3324 core=0 give r=0 y=0 c0=t135 c1=t133
3325 core=1 take t133 r=1 y=0 c0=t135 c1=t133
3326 core=0 give r=1 y=0 c0=t135 c1=t133
3327 core=0 yield r=0 y=1 c0=t135 c1=t133
3328 core=1 create 0 t136 p0 r=1 y=0 c0=t135 c1=t133
3329 core=0 noop r=0 y=0 c0=t135 c1=t133
3330 core=1 give_isr r=0 y=0 c0=t135 c1=t133
3331 core=0 noop r=0 y=0 c0=t135 c1=t133
3332 core=0 tick r=1 y=3 c0=t135 c1=t133
3333 core=0 suspend t133 r=0 y=2 c0=t135 c1=IDLE0
3334 core=0 tick r=0 y=2 c0=t135 c1=IDLE1
3335 core=1 prio t134 3 r=0 y=0 c0=t135 c1=IDLE1
3336 core=1 resume t133 r=0 y=2 c0=t135 c1=t133
3337 core=1 prio t133 1 r=0 y=0 c0=t135 c1=t133
3338 core=1 delay t133 1 r=0 y=2 c0=t135 c1=t132
3339 core=1 resume t132 r=0 y=0 c0=t135 c1=t132
3340 core=0 create 9 t137 p0 r=1 y=0 c0=t135 c1=t132
3341 core=1 delete 9 t137 r=0 y=0 c0=t135 c1=t132
3342 core=0 delete 4 t132 r=0 y=2 c0=t135 c1=t136
3343 core=0 take t135 r=1 y=0 c0=t135 c1=t136
3344 core=1 delay t136 1 r=0 y=2 c0=t135 c1=IDLE0
3345 core=0 tick r=1 y=3 c0=t133 c1=t135
3346 core=0 give_isr r=1 y=0 c0=t133 c1=t135
3347 core=0 tick r=1 y=3 c0=t133 c1=t135
3348 core=1 noop r=0 y=0 c0=t133 c1=t135
3349 core=1 noop r=0 y=0 c0=t133 c1=t135
3350 core=1 give r=0 y=0 c0=t133 c1=t135
3351 core=0 noop r=0 y=0 c0=t133 c1=t135
3352 core=0 noop r=0 y=0 c0=t133 c1=t135
3353 core=1 suspend t131 r=0 y=0 c0=t133 c1=t135
3354 core=0 give_isr r=0 y=0 c0=t133 c1=t135
3355 core=1 suspend t133 r=0 y=1 c0=IDLE1 c1=t135
3356 core=1 noop r=0 y=0 c0=IDLE1 c1=t135
3357 core=0 resume t136 r=0 y=0 c0=IDLE1 c1=t135
3358 core=1 give r=0 y=0 c0=IDLE1 c1=t135
3359 core=1 resume t135 r=0 y=0 c0=IDLE1 c1=t135
3360 core=0 tick r=1 y=1 c0=t136 c1=t135
3361 core=0 tick r=1 y=1 c0=IDLE0 c1=t135
3362 core=0 noop r=0 y=0 c0=IDLE0 c1=t135
3363 core=0 give r=0 y=0 c0=IDLE0 c1=t135
3364 core=1 prio t133 0 r=0 y=0 c0=IDLE0 c1=t135
3365 core=1 noop r=0 y=0 c0=IDLE0 c1=t135
3366 core=1 resume t134 r=0 y=1 c0=t134 c1=t135
3367 core=0 give r=0 y=0 c0=t134 c1=t135
3368 core=1 give r=0 y=0 c0=t134 c1=t135
3369 core=0 suspend t135 r=0 y=2 c0=t134 c1=IDLE1
3370 core=0 noop r=0 y=0 c0=t134 c1=IDLE1
3371 core=0 delay t134 4 r=0 y=1 c0=t136 c1=IDLE1
3372 core=1 noop r=0 y=0 c0=t136 c1=IDLE1
3373 core=0 noop r=0 y=0 c0=t136 c1=IDLE1
3374 core=0 noop r=0 y=0 c0=t136 c1=IDLE1
3375 core=0 noop r=0 y=0 c0=t136 c1=IDLE1
3376 core=0 suspend t135 r=0 y=0 c0=t136 c1=IDLE1
3377 core=0 take t136 r=1 y=0 c0=t136 c1=IDLE1
3378 core=1 noop r=0 y=0 c0=t136 c1=IDLE1
3379 core=0 give r=1 y=0 c0=t136 c1=IDLE1
3380 core=0 give_isr r=0 y=0 c0=t136 c1=IDLE1
3381 core=0 tick r=1 y=3 c0=IDLE0 c1=t136
3382 core=0 noop r=0 y=0 c0=IDLE0 c1=t136
3383 core=0 give r=0 y=0 c0=IDLE0 c1=t136
3384 core=0 give r=0 y=0 c0=IDLE0 c1=t136
3385 core=0 tick r=1 y=3 c0=IDLE1 c1=IDLE0
3386 core=0 noop r=0 y=0 c0=IDLE1 c1=IDLE0
3387 core=0 noop r=0 y=0 c0=IDLE1 c1=IDLE0
3388 core=0 noop r=0 y=0 c0=IDLE1 c1=IDLE0
3389 core=1 give_isr r=0 y=0 c0=IDLE1 c1=IDLE0
3390 core=0 prio t135 1 r=0 y=0 c0=IDLE1 c1=IDLE0
3391 core=0 tick r=1 y=3 c0=t136 c1=IDLE1
3392 core=0 tick r=1 y=3 c0=t134 c1=IDLE0
3393 core=0 suspend t133 r=0 y=0 c0=t134 c1=IDLE0
3394 core=1 resume t133 r=0 y=2 c0=t134 c1=t136
3395 core=0 noop r=0 y=0 c0=t134 c1=t136
3396 core=0 resume t134 r=0 y=0 c0=t134 c1=t136
3397 core=1 noop r=0 y=0 c0=t134 c1=t136
3398 core=0 suspend t134 r=0 y=1 c0=IDLE1 c1=t136
3399 core=0 noop r=0 y=0 c0=IDLE1 c1=t136
3400 core=0 noop r=0 y=0 c0=IDLE1 c1=t136
3401 core=0 give_isr r=0 y=0 c0=IDLE1 c1=t136
3402 core=1 noop r=0 y=0 c0=IDLE1 c1=t136
3403 core=1 delete 1 t134 r=0 y=0 c0=IDLE1 c1=t136
3404 core=0 tick r=1 y=3 c0=t133 c1=IDLE0
3405 core=1 noop r=0 y=0 c0=t133 c1=IDLE0
3406 core=0 tick r=1 y=3 c0=IDLE1 c1=t136
3407 core=0 resume t131 r=0 y=1 c0=t131 c1=t136
3408 core=0 takeb t131 2 r=1 y=0 c0=t131 c1=t136
3409 core=0 delay t131 5 r=0 y=1 c0=t133 c1=t136
3410 core=0 noop r=0 y=0 c0=t133 c1=t136
3411 core=0 takeb t133 3 r=2 y=1 c0=IDLE0 c1=t136
3412 core=1 yield r=0 y=2 c0=IDLE0 c1=IDLE1
3413 core=1 noop r=0 y=0 c0=IDLE0 c1=IDLE1
3414 core=1 suspend t133 r=0 y=0 c0=IDLE0 c1=IDLE1
3415 core=1 noop r=0 y=0 c0=IDLE0 c1=IDLE1
3416 core=0 noop r=0 y=0 c0=IDLE0 c1=IDLE1
3417 core=1 noop r=0 y=0 c0=IDLE0 c1=IDLE1
3418 core=1 noop r=0 y=0 c0=IDLE0 c1=IDLE1
3419 core=1 prio t133 2 r=0 y=0 c0=IDLE0 c1=IDLE1
3420 core=1 noop r=0 y=0 c0=IDLE0 c1=IDLE1
3421 core=1 resume t133 r=0 y=2 c0=IDLE0 c1=t133
3422 core=0 delete 8 t135 r=0 y=0 c0=IDLE0 c1=t133
3423 core=1 cont t133 r=2 y=2 c0=IDLE0 c1=t136
3424 core=0 noop r=0 y=0 c0=IDLE0 c1=t136
3425 core=0 noop r=0 y=0 c0=IDLE0 c1=t136
3426 core=0 create 6 t138 p2 r=1 y=1 c0=t138 c1=t136
3427 core=1 takeb t136 2 r=2 y=2 c0=t138 c1=IDLE1
3428 core=0 give r=1 y=2 c0=t138 c1=t133
3429 core=1 cont t133 r=1 y=0 c0=t138 c1=t133
3430 core=1 takeb t133 6 r=2 y=2 c0=t138 c1=IDLE0
3431 core=1 prio t136 0 r=0 y=0 c0=t138 c1=IDLE0
3432 core=1 noop r=0 y=0 c0=t138 c1=IDLE0
3433 core=1 suspend t136 r=0 y=0 c0=t138 c1=IDLE0
3434 core=0 noop r=0 y=0 c0=t138 c1=IDLE0
3435 core=1 give_isr r=1 y=2 c0=t138 c1=t133
3436 core=0 delete 5 t133 r=0 y=2 c0=t138 c1=IDLE1
3437 core=1 noop r=0 y=0 c0=t138 c1=IDLE1
3438 core=0 tick r=0 y=2 c0=t138 c1=IDLE0
3439 core=1 give_isr r=0 y=0 c0=t138 c1=IDLE0
3440 core=1 noop r=0 y=0 c0=t138 c1=IDLE0
3441 core=0 suspend t136 r=0 y=0 c0=t138 c1=IDLE0
3442 core=0 tick r=0 y=2 c0=t138 c1=IDLE1
3443 core=0 noop r=0 y=0 c0=t138 c1=IDLE1
3444 core=1 noop r=0 y=0 c0=t138 c1=IDLE1
3445 core=1 give r=0 y=0 c0=t138 c1=IDLE1
3446 core=0 noop r=0 y=0 c0=t138 c1=IDLE1
3447 core=1 suspend t131 r=0 y=0 c0=t138 c1=IDLE1
3448 core=1 noop r=0 y=0 c0=t138 c1=IDLE1
3449 core=0 noop r=0 y=0 c0=t138 c1=IDLE1
3450 core=1 noop r=0 y=0 c0=t138 c1=IDLE1
3451 core=1 noop r=0 y=0 c0=t138 c1=IDLE1
3452 core=0 give_isr r=0 y=0 c0=t138 c1=IDLE1
3453 core=1 noop r=0 y=0 c0=t138 c1=IDLE1
3454 core=1 give r=0 y=0 c0=t138 c1=IDLE1
3455 core=1 yield r=0 y=2 c0=t138 c1=IDLE0
3456 core=0 noop r=0 y=0 c0=t138 c1=IDLE0
3457 core=0 create 7 t139 p1 r=1 y=2 c0=t138 c1=t139
3458 core=0 noop r=0 y=0 c0=t138 c1=t139
3459 core=1 delete 0 t136 r=0 y=0 c0=t138 c1=t139
3460 core=1 noop r=0 y=0 c0=t138 c1=t139
3461 core=0 tick r=0 y=0 c0=t138 c1=t139
3462 core=0 delay t138 4 r=0 y=1 c0=IDLE1 c1=t139
3463 core=1 noop r=0 y=0 c0=IDLE1 c1=t139
3464 core=1 take t139 r=1 y=0 c0=IDLE1 c1=t139
3465 core=1 noop r=0 y=0 c0=IDLE1 c1=t139
3466 core=0 tick r=1 y=1 c0=IDLE0 c1=t139
3467 core=0 noop r=0 y=0 c0=IDLE0 c1=t139
3468 core=1 takeb t139 4 r=2 y=2 c0=IDLE0 c1=IDLE1
3469 core=0 delete 6 t138 r=0 y=0 c0=IDLE0 c1=IDLE1
3470 core=1 noop r=0 y=0 c0=IDLE0 c1=IDLE1
3471 core=0 tick r=1 y=3 c0=IDLE0 c1=IDLE1
3472 core=1 noop r=0 y=0 c0=IDLE0 c1=IDLE1
3473 core=1 delete 7 t139 r=0 y=0 c0=IDLE0 c1=IDLE1
3474 core=0 give r=1 y=0 c0=IDLE0 c1=IDLE1
3475 core=0 tick r=1 y=3 c0=IDLE0 c1=IDLE1
3476 core=1 resume t131 r=0 y=2 c0=IDLE0 c1=t131
3477 core=0 noop r=0 y=0 c0=IDLE0 c1=t131
3478 core=1 give r=0 y=0 c0=IDLE0 c1=t131
3479 core=1 yield r=0 y=2 c0=IDLE0 c1=t131
3480 core=1 noop r=0 y=0 c0=IDLE0 c1=t131
3481 core=1 noop r=0 y=0 c0=IDLE0 c1=t131
3482 core=1 give r=0 y=0 c0=IDLE0 c1=t131
3483 core=1 create 1 t140 p0 r=1 y=1 c0=IDLE1 c1=t131
3484 core=0 noop r=0 y=0 c0=IDLE1 c1=t131
3485 core=1 noop r=0 y=0 c0=IDLE1 c1=t131
3486 core=0 yield r=0 y=1 c0=t140 c1=t131
3487 core=0 tick r=1 y=1 c0=IDLE0 c1=t131
3488 core=0 give_isr r=0 y=0 c0=IDLE0 c1=t131
3489 core=0 prio t140 0 r=0 y=0 c0=IDLE0 c1=t131
3490 core=0 tick r=1 y=1 c0=IDLE1 c1=t131
3491 core=0 noop r=0 y=0 c0=IDLE1 c1=t131
3492 core=0 give_isr r=0 y=0 c0=IDLE1 c1=t131
3493 core=0 noop r=0 y=0 c0=IDLE1 c1=t131
3494 core=0 noop r=0 y=0 c0=IDLE1 c1=t131
3495 core=1 delay t131 5 r=0 y=2 c0=IDLE1 c1=t140
3496 core=1 delay t140 2 r=0 y=2 c0=IDLE1 c1=IDLE0
3497 core=1 yield r=0 y=2 c0=IDLE1 c1=IDLE0
3498 core=1 noop r=0 y=0 c0=IDLE1 c1=IDLE0
3499 core=0 suspend t140 r=0 y=0 c0=IDLE1 c1=IDLE0
3500 core=1 give r=0 y=0 c0=IDLE1 c1=IDLE0
3501 core=0 tick r=1 y=3 c0=IDLE1 c1=IDLE0
3502 core=0 yield r=0 y=1 c0=IDLE1 c1=IDLE0
3503 core=0 noop r=0 y=0 c0=IDLE1 c1=IDLE0
3504 core=1 create 5 t141 p1 r=1 y=2 c0=IDLE1 c1=t141
3505 core=1 noop r=0 y=0 c0=IDLE1 c1=t141
3506 core=1 noop r=0 y=0 c0=IDLE1 c1=t141
3507 core=1 give r=0 y=0 c0=IDLE1 c1=t141
3508 core=1 noop r=0 y=0 c0=IDLE1 c1=t141
3509 core=1 noop r=0 y=0 c0=IDLE1 c1=t141
3510 core=0 noop r=0 y=0 c0=IDLE1 c1=t141
3511 core=0 noop r=0 y=0 c0=IDLE1 c1=t141
3512 core=0 give r=0 y=0 c0=IDLE1 c1=t141
3513 core=0 give r=0 y=0 c0=IDLE1 c1=t141
3514 core=1 yield r=0 y=2 c0=IDLE1 c1=t141
3515 core=0 noop r=0 y=0 c0=IDLE1 c1=t141
3516 core=1 noop r=0 y=0 c0=IDLE1 c1=t141
3517 core=1 delete 1 t140 r=0 y=0 c0=IDLE1 c1=t141
3518 core=1 create 6 t142 p2 r=1 y=1 c0=t142 c1=t141
3519 core=0 takeb t142 4 r=1 y=0 c0=t142 c1=t141
3520 core=0 create 1 t143 p2 r=1 y=2 c0=t142 c1=t143
3521 core=1 delay t143 1 r=0 y=2 c0=t142 c1=t141
3522 core=1 noop r=0 y=0 c0=t142 c1=t141
3523 core=0 prio t143 1 r=0 y=0 c0=t142 c1=t141
3524 core=0 tick r=0 y=2 c0=t142 c1=t143
3525 core=1 noop r=0 y=0 c0=t142 c1=t143
3526 core=0 delay t142 3 r=0 y=1 c0=t141 c1=t143
3527 core=0 create 8 t144 p3 r=1 y=2 c0=t141 c1=t144
3528 core=1 create 0 t145 p2 r=1 y=1 c0=t145 c1=t144
3529 core=0 delay t145 3 r=0 y=1 c0=t143 c1=t144
3530 core=0 noop r=0 y=0 c0=t143 c1=t144
3531 core=0 prio t145 3 r=0 y=0 c0=t143 c1=t144
3532 core=1 noop r=0 y=0 c0=t143 c1=t144
3533 core=0 prio t142 2 r=0 y=0 c0=t143 c1=t144
3534 core=1 give r=1 y=0 c0=t143 c1=t144
3535 core=0 takeb t143 6 r=1 y=0 c0=t143 c1=t144
3536 core=0 prio t142 2 r=0 y=0 c0=t143 c1=t144
3537 core=1 noop r=0 y=0 c0=t143 c1=t144
3538 core=0 tick r=1 y=1 c0=t141 c1=t144
3539 core=1 delay t144 1 r=0 y=2 c0=t141 c1=t143
3540 core=0 resume t142 r=0 y=0 c0=t141 c1=t143
3541 core=0 takeb t141 5 r=2 y=1 c0=IDLE0 c1=t143
3542 core=0 yield r=0 y=1 c0=IDLE1 c1=t143
3543 core=0 give_isr r=1 y=1 c0=t141 c1=t143
3544 core=1 create 9 t146 p3 r=1 y=2 c0=t141 c1=t146
3545 core=0 cont t141 r=1 y=0 c0=t141 c1=t146
3546 core=0 give r=1 y=0 c0=t141 c1=t146
3547 core=0 give r=0 y=0 c0=t141 c1=t146
3548 core=1 noop r=0 y=0 c0=t141 c1=t146
3549 core=0 noop r=0 y=0 c0=t141 c1=t146
3550 core=1 noop r=0 y=0 c0=t141 c1=t146
3551 core=1 delay t146 2 r=0 y=2 c0=t141 c1=t143
3552 core=1 delete 3 t131 r=0 y=0 c0=t141 c1=t143
3553 core=0 prio t143 3 r=0 y=0 c0=t141 c1=t143
3554 core=0 delay t141 5 r=0 y=1 c0=IDLE0 c1=t143
3555 core=1 suspend t146 r=0 y=0 c0=IDLE0 c1=t143
3556 core=1 delay t143 2 r=0 y=2 c0=IDLE0 c1=IDLE1
3557 core=0 noop r=0 y=0 c0=IDLE0 c1=IDLE1
3558 core=0 resume t141 r=0 y=0 c0=IDLE0 c1=IDLE1
3559 core=0 give r=0 y=0 c0=IDLE0 c1=IDLE1
3560 core=0 suspend t146 r=0 y=0 c0=IDLE0 c1=IDLE1
3561 core=0 tick r=1 y=3 c0=t144 c1=IDLE0
3562 core=1 noop r=0 y=0 c0=t144 c1=IDLE0
3563 core=1 noop r=0 y=0 c0=t144 c1=IDLE0
3564 core=0 delete 0 t145 r=0 y=0 c0=t144 c1=IDLE0
3565 core=1 give r=0 y=0 c0=t144 c1=IDLE0
3566 core=1 noop r=0 y=0 c0=t144 c1=IDLE0
3567 core=1 resume t142 r=0 y=0 c0=t144 c1=IDLE0
3568 core=0 give r=0 y=0 c0=t144 c1=IDLE0
3569 core=1 noop r=0 y=0 c0=t144 c1=IDLE0
3570 core=0 create 4 t147 p2 r=1 y=2 c0=t144 c1=t147
3571 core=1 delay t147 2 r=0 y=2 c0=t144 c1=IDLE1
3572 core=0 tick r=1 y=3 c0=t143 c1=t144
3573 core=1 give_isr r=0 y=0 c0=t143 c1=t144
3574 core=0 give_isr r=0 y=0 c0=t143 c1=t144
3575 core=0 takeb t143 4 r=1 y=0 c0=t143 c1=t144
3576 core=0 noop r=0 y=0 c0=t143 c1=t144
3577 core=1 delay t144 2 r=0 y=2 c0=t143 c1=t142
3578 core=1 give r=1 y=0 c0=t143 c1=t142
3579 core=0 resume t144 r=0 y=0 c0=t143 c1=t142
3580 core=1 noop r=0 y=0 c0=t143 c1=t142
3581 core=1 noop r=0 y=0 c0=t143 c1=t142
3582 core=0 noop r=0 y=0 c0=t143 c1=t142
3583 core=1 prio t144 3 r=0 y=0 c0=t143 c1=t142
3584 core=1 noop r=0 y=0 c0=t143 c1=t142
3585 core=0 noop r=0 y=0 c0=t143 c1=t142
3586 core=0 yield r=0 y=1 c0=t143 c1=t142
3587 core=0 tick r=0 y=2 c0=t143 c1=t147
3588 core=0 noop r=0 y=0 c0=t143 c1=t147
3589 core=1 give r=0 y=0 c0=t143 c1=t147
3590 core=0 suspend t141 r=0 y=0 c0=t143 c1=t147
3591 core=1 give r=0 y=0 c0=t143 c1=t147
3592 core=0 yield r=0 y=1 c0=t143 c1=t147
3593 core=1 noop r=0 y=0 c0=t143 c1=t147
3594 core=0 takeb t143 1 r=1 y=0 c0=t143 c1=t147
3595 core=0 noop r=0 y=0 c0=t143 c1=t147
3596 core=1 takeb t147 1 r=2 y=2 c0=t143 c1=t142
3597 core=0 tick r=1 y=3 c0=t144 c1=t143
3598 core=1 prio t146 0 r=0 y=0 c0=t144 c1=t143
3599 core=0 noop r=0 y=0 c0=t144 c1=t143
3600 core=1 give_isr r=1 y=0 c0=t144 c1=t143
3601 core=1 delay t143 4 r=0 y=2 c0=t144 c1=t147
3602 core=1 cont t147 r=1 y=0 c0=t144 c1=t147
3603 core=1 suspend t141 r=0 y=0 c0=t144 c1=t147
3604 core=1 prio t142 0 r=0 y=0 c0=t144 c1=t147
3605 core=1 create 7 t148 p3 r=1 y=2 c0=t144 c1=t148
3606 core=1 give_isr r=1 y=0 c0=t144 c1=t148
3607 core=1 yield r=0 y=2 c0=t144 c1=t148
3608 core=0 takeb t144 5 r=1 y=0 c0=t144 c1=t148
3609 core=0 give_isr r=1 y=0 c0=t144 c1=t148
3610 core=0 suspend t146 r=0 y=0 c0=t144 c1=t148
3611 core=1 resume t147 r=0 y=0 c0=t144 c1=t148
3612 core=0 noop r=0 y=0 c0=t144 c1=t148
3613 core=0 delay t144 5 r=0 y=1 c0=t147 c1=t148
3614 core=1 give_isr r=0 y=0 c0=t147 c1=t148
3615 core=1 delay t148 3 r=0 y=2 c0=t147 c1=IDLE0
3616 core=0 give r=0 y=0 c0=t147 c1=IDLE0
3617 core=1 noop r=0 y=0 c0=t147 c1=IDLE0
3618 core=1 noop r=0 y=0 c0=t147 c1=IDLE0
3619 core=0 noop r=0 y=0 c0=t147 c1=IDLE0
3620 core=0 delete 1 t143 r=0 y=0 c0=t147 c1=IDLE0
3621 core=0 give_isr r=0 y=0 c0=t147 c1=IDLE0
3622 core=1 suspend t148 r=0 y=0 c0=t147 c1=IDLE0
3623 core=0 resume t144 r=0 y=0 c0=t147 c1=IDLE0
3624 core=1 noop r=0 y=0 c0=t147 c1=IDLE0
3625 core=1 noop r=0 y=0 c0=t147 c1=IDLE0
3626 core=1 delete 6 t142 r=0 y=0 c0=t147 c1=IDLE0
3627 core=0 give r=0 y=0 c0=t147 c1=IDLE0
3628 core=1 noop r=0 y=0 c0=t147 c1=IDLE0
3629 core=0 tick r=0 y=2 c0=t147 c1=IDLE1
3630 core=0 delay t147 5 r=0 y=1 c0=IDLE0 c1=IDLE1
3631 core=0 give r=0 y=0 c0=IDLE0 c1=IDLE1
3632 core=0 noop r=0 y=0 c0=IDLE0 c1=IDLE1
3633 core=1 noop r=0 y=0 c0=IDLE0 c1=IDLE1
3634 core=0 noop r=0 y=0 c0=IDLE0 c1=IDLE1
3635 core=1 give r=0 y=0 c0=IDLE0 c1=IDLE1
3636 core=1 noop r=0 y=0 c0=IDLE0 c1=IDLE1
3637 core=1 noop r=0 y=0 c0=IDLE0 c1=IDLE1
3638 core=1 prio t141 1 r=0 y=0 c0=IDLE0 c1=IDLE1
3639 core=0 resume t146 r=0 y=2 c0=IDLE0 c1=t146
3640 core=0 noop r=0 y=0 c0=IDLE0 c1=t146
3641 core=1 noop r=0 y=0 c0=IDLE0 c1=t146
3642 core=1 noop r=0 y=0 c0=IDLE0 c1=t146
3643 core=1 noop r=0 y=0 c0=IDLE0 c1=t146
3644 core=1 take t146 r=1 y=0 c0=IDLE0 c1=t146
3645 core=0 tick r=1 y=3 c0=IDLE1 c1=IDLE0
3646 core=0 noop r=0 y=0 c0=IDLE1 c1=IDLE0
3647 core=1 delete 4 t147 r=0 y=0 c0=IDLE1 c1=IDLE0
3648 core=0 noop r=0 y=0 c0=IDLE1 c1=IDLE0
3649 core=0 noop r=0 y=0 c0=IDLE1 c1=IDLE0
3650 core=1 noop r=0 y=0 c0=IDLE1 c1=IDLE0
3651 core=0 give r=1 y=0 c0=IDLE1 c1=IDLE0
3652 core=0 tick r=1 y=3 c0=t146 c1=IDLE1
3653 core=1 resume t146 r=0 y=0 c0=t146 c1=IDLE1
3654 core=0 tick r=1 y=3 c0=IDLE0 c1=t146
3655 core=0 noop r=0 y=0 c0=IDLE0 c1=t146
3656 core=0 noop r=0 y=0 c0=IDLE0 c1=t146
3657 core=1 create 2 t149 p1 r=1 y=1 c0=t149 c1=t146
3658 core=1 noop r=0 y=0 c0=t149 c1=t146
3659 core=1 yield r=0 y=2 c0=t149 c1=IDLE1
3660 core=0 prio t148 2 r=0 y=0 c0=t149 c1=IDLE1
3661 core=0 prio t144 2 r=0 y=0 c0=t149 c1=IDLE1
3662 core=1 create 6 t150 p0 r=1 y=2 c0=t149 c1=IDLE0
3663 core=0 yield r=0 y=1 c0=t149 c1=IDLE0
3664 core=0 resume t141 r=0 y=2 c0=t149 c1=t141
3665 core=1 noop r=0 y=0 c0=t149 c1=t141
3666 core=0 yield r=0 y=1 c0=t149 c1=t141
3667 core=1 delay t141 1 r=0 y=2 c0=t149 c1=t146
3668 core=1 noop r=0 y=0 c0=t149 c1=t146
3669 core=0 delete 9 t146 r=0 y=2 c0=t149 c1=t150
3670 core=0 noop r=0 y=0 c0=t149 c1=t150
3671 core=0 suspend t148 r=0 y=0 c0=t149 c1=t150
3672 core=0 resume t141 r=0 y=0 c0=t149 c1=t150
3673 core=0 delay t149 2 r=0 y=1 c0=IDLE1 c1=t150
3674 core=0 noop r=0 y=0 c0=IDLE1 c1=t150
3675 core=1 give r=0 y=0 c0=IDLE1 c1=t150
3676 core=1 take t150 r=1 y=0 c0=IDLE1 c1=t150
3677 core=1 delay t150 4 r=0 y=2 c0=IDLE1 c1=IDLE0
3678 core=1 give r=1 y=0 c0=IDLE1 c1=IDLE0
3679 core=0 give_isr r=0 y=0 c0=IDLE1 c1=IDLE0
3680 core=0 noop r=0 y=0 c0=IDLE1 c1=IDLE0
3681 core=1 give r=0 y=0 c0=IDLE1 c1=IDLE0
3682 core=0 tick r=1 y=3 c0=t144 c1=t141
3683 core=0 tick r=0 y=2 c0=t144 c1=t149
3684 core=1 takeb t149 3 r=1 y=0 c0=t144 c1=t149
3685 core=1 noop r=0 y=0 c0=t144 c1=t149
3686 core=1 noop r=0 y=0 c0=t144 c1=t149
3687 core=0 give_isr r=1 y=0 c0=t144 c1=t149
3688 core=1 noop r=0 y=0 c0=t144 c1=t149
3689 core=1 yield r=0 y=2 c0=t144 c1=t141
3690 core=0 prio t148 1 r=0 y=0 c0=t144 c1=t141
3691 core=0 prio t141 1 r=0 y=0 c0=t144 c1=t141
3692 core=0 noop r=0 y=0 c0=t144 c1=t141
3693 core=0 yield r=0 y=1 c0=t144 c1=t141
3694 core=1 give r=0 y=0 c0=t144 c1=t141
3695 core=0 tick r=0 y=2 c0=t144 c1=t149
3696 core=0 takeb t144 5 r=1 y=0 c0=t144 c1=t149
3697 core=0 prio t144 2 r=0 y=0 c0=t144 c1=t149
3698 core=0 resume t150 r=0 y=0 c0=t144 c1=t149
3699 core=0 take t144 r=0 y=0 c0=t144 c1=t149
3700 core=0 noop r=0 y=0 c0=t144 c1=t149
3701 core=1 takeb t149 6 r=2 y=2 c0=t144 c1=t141
3702 core=1 delay t141 4 r=0 y=2 c0=t144 c1=IDLE1
3703 core=1 yield r=0 y=2 c0=t144 c1=IDLE0
3704 core=0 tick r=0 y=2 c0=t144 c1=IDLE1
3705 core=0 tick r=0 y=2 c0=t144 c1=t150
3706 core=0 delete 5 t141 r=0 y=0 c0=t144 c1=t150
3707 core=1 noop r=0 y=0 c0=t144 c1=t150
3708 core=0 give r=1 y=2 c0=t144 c1=t149
3709 core=0 noop r=0 y=0 c0=t144 c1=t149
3710 core=0 delay t144 5 r=0 y=1 c0=IDLE0 c1=t149
3711 core=1 cont t149 r=1 y=0 c0=IDLE0 c1=t149
3712 core=0 noop r=0 y=0 c0=IDLE0 c1=t149
3713 core=1 noop r=0 y=0 c0=IDLE0 c1=t149
3714 core=1 yield r=0 y=2 c0=IDLE0 c1=t149
3715 core=1 delay t149 3 r=0 y=2 c0=IDLE0 c1=IDLE1
3716 core=0 tick r=1 y=3 c0=t150 c1=IDLE0
3717 core=1 noop r=0 y=0 c0=t150 c1=IDLE0
3718 core=1 noop r=0 y=0 c0=t150 c1=IDLE0
3719 core=0 noop r=0 y=0 c0=t150 c1=IDLE0
3720 core=0 noop r=0 y=0 c0=t150 c1=IDLE0
3721 core=0 tick r=1 y=3 c0=IDLE1 c1=t150
3722 core=1 give r=1 y=0 c0=IDLE1 c1=t150
3723 core=0 noop r=0 y=0 c0=IDLE1 c1=t150
3724 core=0 noop r=0 y=0 c0=IDLE1 c1=t150
3725 core=1 noop r=0 y=0 c0=IDLE1 c1=t150
3726 core=0 noop r=0 y=0 c0=IDLE1 c1=t150
3727 core=1 give r=0 y=0 c0=IDLE1 c1=t150
3728 core=0 give_isr r=0 y=0 c0=IDLE1 c1=t150
3729 core=1 noop r=0 y=0 c0=IDLE1 c1=t150
3730 core=0 noop r=0 y=0 c0=IDLE1 c1=t150
3731 core=0 give r=0 y=0 c0=IDLE1 c1=t150
3732 core=1 take t150 r=1 y=0 c0=IDLE1 c1=t150
3733 core=1 delay t150 1 r=0 y=2 c0=IDLE1 c1=IDLE0
3734 core=0 resume t149 r=0 y=0 c0=IDLE1 c1=IDLE0
3735 core=1 noop r=0 y=0 c0=IDLE1 c1=IDLE0
3736 core=1 noop r=0 y=0 c0=IDLE1 c1=IDLE0
3737 core=1 create 5 t151 p1 r=1 y=2 c0=IDLE1 c1=t151
3738 core=0 noop r=0 y=0 c0=IDLE1 c1=t151
3739 core=1 give_isr r=1 y=0 c0=IDLE1 c1=t151
3740 core=0 noop r=0 y=0 c0=IDLE1 c1=t151
3741 core=0 give r=0 y=0 c0=IDLE1 c1=t151
3742 core=0 yield r=0 y=1 c0=IDLE0 c1=t151
3743 core=1 resume t149 r=0 y=0 c0=IDLE0 c1=t151
3744 core=0 noop r=0 y=0 c0=IDLE0 c1=t151
3745 core=1 delete 8 t144 r=0 y=0 c0=IDLE0 c1=t151
3746 core=1 delay t151 1 r=0 y=2 c0=IDLE0 c1=IDLE1
3747 core=1 suspend t148 r=0 y=0 c0=IDLE0 c1=IDLE1
3748 core=1 create 4 t152 p1 r=1 y=2 c0=IDLE0 c1=t152
3749 core=0 tick r=1 y=3 c0=t149 c1=t151
3750 core=0 noop r=0 y=0 c0=t149 c1=t151
3751 core=1 give_isr r=0 y=0 c0=t149 c1=t151
3752 core=0 noop r=0 y=0 c0=t149 c1=t151
3753 core=1 yield r=0 y=2 c0=t149 c1=t152
3754 core=1 noop r=0 y=0 c0=t149 c1=t152
3755 core=0 noop r=0 y=0 c0=t149 c1=t152
3756 core=0 yield r=0 y=1 c0=t151 c1=t152
3757 core=1 noop r=0 y=0 c0=t151 c1=t152
3758 core=0 noop r=0 y=0 c0=t151 c1=t152
3759 core=1 give_isr r=0 y=0 c0=t151 c1=t152
3760 core=1 noop r=0 y=0 c0=t151 c1=t152
3761 core=1 create 0 t153 p2 r=1 y=2 c0=t151 c1=t153
3762 core=1 delay t153 3 r=0 y=2 c0=t151 c1=t149
3763 core=0 takeb t151 4 r=1 y=0 c0=t151 c1=t149
3764 core=0 tick r=1 y=3 c0=t152 c1=t151
3765 core=1 give r=1 y=0 c0=t152 c1=t151
3766 core=0 resume t152 r=0 y=0 c0=t152 c1=t151
3767 core=0 noop r=0 y=0 c0=t152 c1=t151
3768 core=0 resume t148 r=0 y=0 c0=t152 c1=t151
3769 core=0 delay t152 2 r=0 y=1 c0=t149 c1=t151
3770 core=0 noop r=0 y=0 c0=t149 c1=t151
3771 core=0 tick r=1 y=3 c0=t148 c1=t149
3772 core=1 noop r=0 y=0 c0=t148 c1=t149
3773 core=1 noop r=0 y=0 c0=t148 c1=t149
3774 core=1 delay t149 3 r=0 y=2 c0=t148 c1=t151
3775 core=0 delete 5 t151 r=0 y=2 c0=t148 c1=IDLE1
3776 core=1 noop r=0 y=0 c0=t148 c1=IDLE1
3777 core=1 noop r=0 y=0 c0=t148 c1=IDLE1
3778 core=0 delay t148 4 r=0 y=1 c0=t150 c1=IDLE1
3779 core=1 resume t149 r=0 y=0 c0=t150 c1=IDLE1
3780 core=1 noop r=0 y=0 c0=t150 c1=IDLE1
3781 core=0 tick r=1 y=3 c0=t153 c1=t152
3782 core=0 create 1 t154 p0 r=1 y=0 c0=t153 c1=t152
3783 core=1 prio t154 3 r=0 y=2 c0=t153 c1=t154
3784 core=1 create 3 t155 p1 r=1 y=0 c0=t153 c1=t154
3785 core=0 give r=0 y=0 c0=t153 c1=t154
3786 core=1 resume t150 r=0 y=0 c0=t153 c1=t154
3787 core=1 noop r=0 y=0 c0=t153 c1=t154
3788 core=0 create 9 t156 p3 r=1 y=1 c0=t156 c1=t154
3789 core=1 suspend t149 r=0 y=0 c0=t156 c1=t154
3790 core=1 resume t155 r=0 y=0 c0=t156 c1=t154
3791 core=0 give_isr r=0 y=0 c0=t156 c1=t154
3792 core=0 delay t156 3 r=0 y=1 c0=t153 c1=t154
3793 core=1 delay t154 5 r=0 y=2 c0=t153 c1=t152
3794 core=1 noop r=0 y=0 c0=t153 c1=t152
3795 core=0 resume t149 r=0 y=0 c0=t153 c1=t152
3796 core=1 noop r=0 y=0 c0=t153 c1=t152
3797 core=1 noop r=0 y=0 c0=t153 c1=t152
3798 core=1 take t152 r=1 y=0 c0=t153 c1=t152
3799 core=0 delete 2 t149 r=0 y=0 c0=t153 c1=t152
3800 core=0 give r=1 y=0 c0=t153 c1=t152
3801 core=0 delete 1 t154 r=0 y=0 c0=t153 c1=t152
3802 core=0 noop r=0 y=0 c0=t153 c1=t152
3803 core=0 tick r=0 y=2 c0=t153 c1=t155
3804 core=1 delete 0 t153 r=0 y=1 c0=t152 c1=t155
3805 core=0 noop r=0 y=0 c0=t152 c1=t155
3806 core=0 noop r=0 y=0 c0=t152 c1=t155
3807 core=1 noop r=0 y=0 c0=t152 c1=t155
3808 core=0 give_isr r=0 y=0 c0=t152 c1=t155
3809 core=1 delay t155 1 r=0 y=2 c0=t152 c1=IDLE0
3810 core=0 give r=0 y=0 c0=t152 c1=IDLE0
3811 core=0 yield r=0 y=1 c0=t152 c1=IDLE0
3812 core=0 tick r=1 y=3 c0=t155 c1=t152
3813 core=0 tick r=1 y=3 c0=t156 c1=t148
3814 core=1 noop r=0 y=0 c0=t156 c1=t148
3815 core=0 noop r=0 y=0 c0=t156 c1=t148
3816 core=0 prio t156 2 r=0 y=1 c0=t156 c1=t148
3817 core=1 create 8 t157 p1 r=1 y=0 c0=t156 c1=t148
3818 core=0 yield r=0 y=1 c0=t156 c1=t148
3819 core=0 tick r=0 y=2 c0=t156 c1=t155
3820 core=1 suspend t157 r=0 y=0 c0=t156 c1=t155
3821 core=0 delay t156 1 r=0 y=1 c0=t152 c1=t155
3822 core=1 noop r=0 y=0 c0=t152 c1=t155
3823 core=0 prio t156 1 r=0 y=0 c0=t152 c1=t155
3824 core=0 delete 8 t157 r=0 y=0 c0=t152 c1=t155
3825 core=0 prio t156 3 r=0 y=0 c0=t152 c1=t155
3826 core=1 create 5 t158 p0 r=1 y=0 c0=t152 c1=t155
3827 core=0 takeb t152 2 r=1 y=0 c0=t152 c1=t155
3828 core=0 suspend t155 r=0 y=2 c0=t152 c1=t148
3829 core=0 noop r=0 y=0 c0=t152 c1=t148
3830 core=0 delay t152 4 r=0 y=1 c0=t150 c1=t148
3831 core=1 takeb t148 3 r=2 y=2 c0=t150 c1=IDLE1
3832 core=1 noop r=0 y=0 c0=t150 c1=IDLE1
3833 core=0 take t150 r=0 y=0 c0=t150 c1=IDLE1
3834 core=0 take t150 r=0 y=0 c0=t150 c1=IDLE1
3835 core=1 noop r=0 y=0 c0=t150 c1=IDLE1
3836 core=0 prio t150 0 r=0 y=0 c0=t150 c1=IDLE1
3837 core=1 noop r=0 y=0 c0=t150 c1=IDLE1
3838 core=0 resume t156 r=0 y=0 c0=t150 c1=IDLE1
3839 core=0 delay t150 5 r=0 y=1 c0=IDLE0 c1=IDLE1
3840 core=0 suspend t152 r=0 y=0 c0=IDLE0 c1=IDLE1
3841 core=0 prio t148 0 r=0 y=0 c0=IDLE0 c1=IDLE1
3842 core=0 tick r=1 y=3 c0=t156 c1=t158
3843 core=1 resume t155 r=0 y=2 c0=t156 c1=t155
3844 core=1 noop r=0 y=0 c0=t156 c1=t155
3845 core=1 resume t158 r=0 y=0 c0=t156 c1=t155
3846 core=1 delay t155 4 r=0 y=2 c0=t156 c1=IDLE0
3847 core=0 give r=1 y=2 c0=t156 c1=IDLE1
3848 core=0 tick r=0 y=2 c0=t156 c1=t158
3849 core=0 noop r=0 y=0 c0=t156 c1=t158
3850 core=1 delay t158 3 r=0 y=2 c0=t156 c1=t148
3851 core=0 prio t152 0 r=0 y=0 c0=t156 c1=t148
3852 core=0 tick r=0 y=2 c0=t156 c1=IDLE0
3853 core=1 noop r=0 y=0 c0=t156 c1=IDLE0
3854 core=0 delay t156 2 r=0 y=1 c0=IDLE1 c1=IDLE0
3855 core=0 noop r=0 y=0 c0=IDLE1 c1=IDLE0
3856 core=1 resume t148 r=0 y=0 c0=IDLE1 c1=IDLE0
3857 core=1 noop r=0 y=0 c0=IDLE1 c1=IDLE0
3858 core=1 noop r=0 y=0 c0=IDLE1 c1=IDLE0
3859 core=1 resume t148 r=0 y=0 c0=IDLE1 c1=IDLE0
3860 core=0 noop r=0 y=0 c0=IDLE1 c1=IDLE0
3861 core=0 tick r=1 y=3 c0=t148 c1=IDLE1
3862 core=1 noop r=0 y=0 c0=t148 c1=IDLE1
3863 core=1 prio t152 1 r=0 y=0 c0=t148 c1=IDLE1
3864 core=0 cont t148 r=1 y=0 c0=t148 c1=IDLE1
3865 core=0 tick r=1 y=3 c0=t156 c1=t155
3866 core=0 yield r=0 y=1 c0=t156 c1=t155
3867 core=1 delay t155 4 r=0 y=2 c0=t156 c1=IDLE0
3868 core=1 noop r=0 y=0 c0=t156 c1=IDLE0
3869 core=0 suspend t148 r=0 y=0 c0=t156 c1=IDLE0
3870 core=0 delay t156 2 r=0 y=1 c0=t150 c1=IDLE0
3871 core=0 resume t148 r=0 y=2 c0=t150 c1=t158
3872 core=1 delay t158 5 r=0 y=2 c0=t150 c1=IDLE1
3873 core=0 delete 9 t156 r=0 y=0 c0=t150 c1=IDLE1
3874 core=0 prio t152 0 r=0 y=0 c0=t150 c1=IDLE1
3875 core=0 create 8 t159 p0 r=1 y=2 c0=t150 c1=t148
3876 core=0 give_isr r=1 y=0 c0=t150 c1=t148
3877 core=0 suspend t150 r=0 y=1 c0=IDLE0 c1=t148
3878 core=0 noop r=0 y=0 c0=IDLE0 c1=t148
3879 core=0 noop r=0 y=0 c0=IDLE0 c1=t148
3880 core=1 resume t158 r=0 y=0 c0=IDLE0 c1=t148
3881 core=0 noop r=0 y=0 c0=IDLE0 c1=t148
3882 core=1 resume t152 r=0 y=1 c0=t159 c1=t148
3883 core=1 suspend t150 r=0 y=0 c0=t159 c1=t148
3884 core=0 suspend t158 r=0 y=0 c0=t159 c1=t148
3885 core=0 yield r=0 y=1 c0=IDLE1 c1=t148
3886 core=1 delete 3 t155 r=0 y=0 c0=IDLE1 c1=t148
3887 core=0 prio t148 3 r=0 y=0 c0=IDLE1 c1=t148
3888 core=0 yield r=0 y=1 c0=t152 c1=t148
3889 core=0 tick r=1 y=1 c0=IDLE0 c1=t148
3890 core=1 suspend t150 r=0 y=0 c0=IDLE0 c1=t148
3891 core=1 delay t148 1 r=0 y=2 c0=IDLE0 c1=t159
3892 core=1 delay t159 5 r=0 y=2 c0=IDLE0 c1=IDLE1
3893 core=0 prio t159 1 r=0 y=0 c0=IDLE0 c1=IDLE1
3894 core=1 give_isr r=0 y=0 c0=IDLE0 c1=IDLE1
3895 core=1 suspend t159 r=0 y=0 c0=IDLE0 c1=IDLE1
3896 core=0 noop r=0 y=0 c0=IDLE0 c1=IDLE1
3897 core=0 noop r=0 y=0 c0=IDLE0 c1=IDLE1
3898 core=0 give r=0 y=0 c0=IDLE0 c1=IDLE1
3899 core=1 noop r=0 y=0 c0=IDLE0 c1=IDLE1
3900 core=1 give r=0 y=0 c0=IDLE0 c1=IDLE1
3901 core=0 noop r=0 y=0 c0=IDLE0 c1=IDLE1
3902 core=1 noop r=0 y=0 c0=IDLE0 c1=IDLE1
3903 core=0 noop r=0 y=0 c0=IDLE0 c1=IDLE1
3904 core=0 noop r=0 y=0 c0=IDLE0 c1=IDLE1
3905 core=1 noop r=0 y=0 c0=IDLE0 c1=IDLE1
3906 core=0 tick r=1 y=3 c0=t148 c1=t152
3907 core=1 delay t152 5 r=0 y=2 c0=t148 c1=IDLE0
3908 core=1 give_isr r=0 y=0 c0=t148 c1=IDLE0
3909 core=0 noop r=0 y=0 c0=t148 c1=IDLE0
3910 core=1 noop r=0 y=0 c0=t148 c1=IDLE0
3911 core=1 noop r=0 y=0 c0=t148 c1=IDLE0
3912 core=1 noop r=0 y=0 c0=t148 c1=IDLE0
3913 core=0 tick r=0 y=2 c0=t148 c1=IDLE1
3914 core=0 tick r=0 y=2 c0=t148 c1=IDLE0
3915 core=1 noop r=0 y=0 c0=t148 c1=IDLE0
3916 core=0 delay t148 3 r=0 y=1 c0=IDLE1 c1=IDLE0
3917 core=1 yield r=0 y=2 c0=IDLE1 c1=IDLE0
3918 core=1 create 2 t160 p0 r=1 y=2 c0=IDLE1 c1=t160
3919 core=1 noop r=0 y=0 c0=IDLE1 c1=t160
3920 core=0 suspend t158 r=0 y=0 c0=IDLE1 c1=t160
3921 core=0 resume t160 r=0 y=0 c0=IDLE1 c1=t160
3922 core=1 give_isr r=0 y=0 c0=IDLE1 c1=t160
3923 core=0 suspend t159 r=0 y=0 c0=IDLE1 c1=t160
3924 core=1 delay t160 1 r=0 y=2 c0=IDLE1 c1=IDLE0
3925 core=1 noop r=0 y=0 c0=IDLE1 c1=IDLE0
3926 core=0 create 1 t161 p2 r=1 y=2 c0=IDLE1 c1=t161
3927 core=0 give r=0 y=0 c0=IDLE1 c1=t161
3928 core=0 prio t150 0 r=0 y=0 c0=IDLE1 c1=t161
3929 core=1 create 9 t162 p2 r=1 y=1 c0=t162 c1=t161
3930 core=1 noop r=0 y=0 c0=t162 c1=t161
3931 core=0 resume t162 r=0 y=0 c0=t162 c1=t161
3932 core=1 noop r=0 y=0 c0=t162 c1=t161
3933 core=0 takeb t162 6 r=1 y=0 c0=t162 c1=t161
3934 core=0 delete 9 t162 r=0 y=1 c0=IDLE0 c1=t161
3935 core=1 yield r=0 y=2 c0=IDLE0 c1=t161
3936 core=1 delay t161 4 r=0 y=2 c0=IDLE0 c1=IDLE1
3937 core=1 noop r=0 y=0 c0=IDLE0 c1=IDLE1
3938 core=0 tick r=1 y=3 c0=t160 c1=IDLE0
3939 core=1 noop r=0 y=0 c0=t160 c1=IDLE0
3940 core=0 resume t150 r=0 y=2 c0=t160 c1=IDLE1
3941 core=1 noop r=0 y=0 c0=t160 c1=IDLE1
3942 core=0 tick r=1 y=3 c0=t150 c1=IDLE0
3943 core=0 take t150 r=0 y=0 c0=t150 c1=IDLE0
3944 core=1 noop r=0 y=0 c0=t150 c1=IDLE0
3945 core=1 noop r=0 y=0 c0=t150 c1=IDLE0
3946 core=0 takeb t150 3 r=2 y=1 c0=t160 c1=IDLE0
3947 core=1 prio t158 3 r=0 y=0 c0=t160 c1=IDLE0
3948 core=0 give r=1 y=2 c0=t160 c1=IDLE1
3949 core=0 tick r=1 y=3 c0=t148 c1=t150
3950 core=0 prio t148 3 r=0 y=0 c0=t148 c1=t150
3951 core=0 tick r=0 y=2 c0=t148 c1=t161
3952 core=0 resume t148 r=0 y=0 c0=t148 c1=t161
3953 core=0 tick r=0 y=0 c0=t148 c1=t161
3954 core=0 tick r=0 y=0 c0=t148 c1=t161
3955 core=0 tick r=0 y=0 c0=t148 c1=t161
3956 core=1 prio t160 1 r=0 y=0 c0=t148 c1=t161
3957 core=0 delay t148 4 r=0 y=1 c0=t160 c1=t161
3958 core=0 give_isr r=0 y=0 c0=t160 c1=t161
3959 core=1 resume t158 r=0 y=1 c0=t158 c1=t161
3960 core=1 delete 1 t161 r=0 y=2 c0=t158 c1=t160
3961 core=1 delete 8 t159 r=0 y=0 c0=t158 c1=t160
3962 core=0 give_isr r=0 y=0 c0=t158 c1=t160
3963 core=0 noop r=0 y=0 c0=t158 c1=t160
3964 core=0 delay t158 3 r=0 y=1 c0=IDLE0 c1=t160
3965 core=1 give_isr r=0 y=0 c0=IDLE0 c1=t160
3966 core=1 noop r=0 y=0 c0=IDLE0 c1=t160
3967 core=1 delay t160 3 r=0 y=2 c0=IDLE0 c1=t152
3968 core=0 prio t148 1 r=0 y=0 c0=IDLE0 c1=t152
3969 core=1 suspend t158 r=0 y=0 c0=IDLE0 c1=t152
3970 core=0 tick r=1 y=3 c0=IDLE1 c1=t150
3971 core=0 delete 2 t160 r=0 y=0 c0=IDLE1 c1=t150
3972 core=0 create 3 t163 p3 r=1 y=1 c0=t163 c1=t150
3973 core=0 delay t163 5 r=0 y=1 c0=IDLE0 c1=t150
3974 core=0 give_isr r=0 y=0 c0=IDLE0 c1=t150
3975 core=0 delete 3 t163 r=0 y=0 c0=IDLE0 c1=t150
3976 core=0 tick r=1 y=3 c0=t152 c1=IDLE1
3977 core=0 noop r=0 y=0 c0=t152 c1=IDLE1
3978 core=1 give_isr r=0 y=0 c0=t152 c1=IDLE1
3979 core=0 noop r=0 y=0 c0=t152 c1=IDLE1
3980 core=1 suspend t148 r=0 y=0 c0=t152 c1=IDLE1
3981 core=0 delay t152 3 r=0 y=1 c0=IDLE0 c1=IDLE1
3982 core=0 tick r=1 y=3 c0=t150 c1=IDLE0
3983 core=1 noop r=0 y=0 c0=t150 c1=IDLE0
3984 core=1 noop r=0 y=0 c0=t150 c1=IDLE0
3985 core=1 prio t152 3 r=0 y=0 c0=t150 c1=IDLE0
3986 core=1 noop r=0 y=0 c0=t150 c1=IDLE0
3987 core=1 noop r=0 y=0 c0=t150 c1=IDLE0
3988 core=1 delete 7 t148 r=0 y=0 c0=t150 c1=IDLE0
3989 core=0 cont t150 r=1 y=0 c0=t150 c1=IDLE0
3990 core=0 noop r=0 y=0 c0=t150 c1=IDLE0
3991 core=0 tick r=1 y=3 c0=IDLE1 c1=t150
3992 core=1 noop r=0 y=0 c0=IDLE1 c1=t150
3993 core=1 give_isr r=1 y=0 c0=IDLE1 c1=t150
3994 core=0 noop r=0 y=0 c0=IDLE1 c1=t150
3995 core=1 noop r=0 y=0 c0=IDLE1 c1=t150
3996 core=1 noop r=0 y=0 c0=IDLE1 c1=t150
3997 core=0 noop r=0 y=0 c0=IDLE1 c1=t150
3998 core=1 give r=0 y=0 c0=IDLE1 c1=t150
3999 core=0 noop r=0 y=0 c0=IDLE1 c1=t150
4000 core=1 suspend t158 r=0 y=0 c0=IDLE1 c1=t150
4001 core=1 give_isr r=0 y=0 c0=IDLE1 c1=t150
4002 core=1 give r=0 y=0 c0=IDLE1 c1=t150
4003 core=1 take t150 r=1 y=0 c0=IDLE1 c1=t150
4004 core=1 give_isr r=1 y=0 c0=IDLE1 c1=t150
4005 core=0 noop r=0 y=0 c0=IDLE1 c1=t150
4006 core=0 noop r=0 y=0 c0=IDLE1 c1=t150
4007 core=0 tick r=1 y=3 c0=t152 c1=IDLE0
4008 core=0 create 3 t164 p3 r=1 y=2 c0=t152 c1=t164
4009 core=0 takeb t152 4 r=1 y=0 c0=t152 c1=t164
4010 core=0 noop r=0 y=0 c0=t152 c1=t164
4011 core=0 prio t164 0 r=0 y=2 c0=t152 c1=IDLE1
4012 core=0 noop r=0 y=0 c0=t152 c1=IDLE1
4013 core=1 noop r=0 y=0 c0=t152 c1=IDLE1
4014 core=0 give_isr r=1 y=0 c0=t152 c1=IDLE1
4015 core=0 tick r=0 y=2 c0=t152 c1=t150
4016 core=0 tick r=0 y=2 c0=t152 c1=IDLE0
4017 core=1 noop r=0 y=0 c0=t152 c1=IDLE0
4018 core=0 tick r=0 y=2 c0=t152 c1=t164
4019 core=1 take t164 r=1 y=0 c0=t152 c1=t164
4020 core=0 delay t152 1 r=0 y=1 c0=IDLE1 c1=t164
4021 core=1 noop r=0 y=0 c0=IDLE1 c1=t164
4022 core=1 resume t150 r=0 y=0 c0=IDLE1 c1=t164
4023 core=1 delete 3 t164 r=0 y=2 c0=IDLE1 c1=t150
4024 core=1 noop r=0 y=0 c0=IDLE1 c1=t150
4025 core=0 noop r=0 y=0 c0=IDLE1 c1=t150
4026 core=1 noop r=0 y=0 c0=IDLE1 c1=t150
4027 core=1 prio t150 3 r=0 y=0 c0=IDLE1 c1=t150
4028 core=1 resume t152 r=0 y=0 c0=IDLE1 c1=t150
4029 core=1 give_isr r=1 y=0 c0=IDLE1 c1=t150
4030 core=1 create 0 t165 p0 r=1 y=1 c0=IDLE0 c1=t150
4031 core=0 noop r=0 y=0 c0=IDLE0 c1=t150
4032 core=0 noop r=0 y=0 c0=IDLE0 c1=t150
4033 core=0 noop r=0 y=0 c0=IDLE0 c1=t150
4034 core=1 take t150 r=1 y=0 c0=IDLE0 c1=t150
4035 core=0 noop r=0 y=0 c0=IDLE0 c1=t150
4036 core=1 create 2 t166 p1 r=1 y=1 c0=t166 c1=t150
4037 core=1 resume t165 r=0 y=0 c0=t166 c1=t150
4038 core=1 noop r=0 y=0 c0=t166 c1=t150
4039 core=1 create 7 t167 p3 r=1 y=1 c0=t167 c1=t150
4040 core=0 tick r=1 y=3 c0=t152 c1=t167
4041 core=1 takeb t167 3 r=2 y=2 c0=t152 c1=t150
4042 core=1 create 9 t168 p1 r=1 y=0 c0=t152 c1=t150
4043 core=1 resume t158 r=0 y=0 c0=t152 c1=t150
4044 core=1 give r=1 y=0 c0=t152 c1=t150
4045 core=1 delay t150 2 r=0 y=2 c0=t152 c1=t158
4046 core=0 prio t150 2 r=0 y=0 c0=t152 c1=t158
4047 core=0 noop r=0 y=0 c0=t152 c1=t158
4048 core=0 prio t168 1 r=0 y=0 c0=t152 c1=t158
4049 core=1 prio t166 2 r=0 y=0 c0=t152 c1=t158
4050 core=0 prio t165 1 r=0 y=0 c0=t152 c1=t158
4051 core=0 delete 0 t165 r=0 y=0 c0=t152 c1=t158
4052 core=0 takeb t152 5 r=1 y=0 c0=t152 c1=t158
4053 core=1 give_isr r=1 y=0 c0=t152 c1=t158
4054 core=1 takeb t158 5 r=1 y=0 c0=t152 c1=t158
4055 core=0 tick r=1 y=3 c0=t167 c1=t152
4056 core=1 noop r=0 y=0 c0=t167 c1=t152
4057 core=1 noop r=0 y=0 c0=t167 c1=t152
4058 core=0 cont t167 r=2 y=1 c0=t158 c1=t152
4059 core=0 yield r=0 y=1 c0=t158 c1=t152
4060 core=0 tick r=1 y=3 c0=t158 c1=t152
4061 core=1 resume t150 r=0 y=0 c0=t158 c1=t152
4062 core=0 give_isr r=1 y=0 c0=t158 c1=t152
4063 core=0 noop r=0 y=0 c0=t158 c1=t152
4064 core=0 noop r=0 y=0 c0=t158 c1=t152
4065 core=0 give_isr r=0 y=0 c0=t158 c1=t152
4066 core=1 suspend t166 r=0 y=0 c0=t158 c1=t152
4067 core=1 delay t152 1 r=0 y=2 c0=t158 c1=t167
4068 core=0 tick r=1 y=3 c0=t152 c1=t158
4069 core=0 noop r=0 y=0 c0=t152 c1=t158
4070 core=0 create 0 t169 p1 r=1 y=0 c0=t152 c1=t158
4071 core=1 delete 4 t152 r=0 y=1 c0=t167 c1=t158
4072 core=1 takeb t158 2 r=1 y=0 c0=t167 c1=t158
4073 core=1 suspend t167 r=0 y=1 c0=t150 c1=t158
4074 core=1 noop r=0 y=0 c0=t150 c1=t158
4075 core=1 noop r=0 y=0 c0=t150 c1=t158
4076 core=1 delete 9 t168 r=0 y=0 c0=t150 c1=t158
4077 core=0 noop r=0 y=0 c0=t150 c1=t158
4078 core=1 noop r=0 y=0 c0=t150 c1=t158
4079 core=1 delay t158 1 r=0 y=2 c0=t150 c1=t169
4080 core=0 give r=1 y=0 c0=t150 c1=t169
4081 core=0 give_isr r=0 y=0 c0=t150 c1=t169
4082 core=1 noop r=0 y=0 c0=t150 c1=t169
4083 core=1 delay t169 2 r=0 y=2 c0=t150 c1=IDLE1
4084 core=0 noop r=0 y=0 c0=t150 c1=IDLE1
4085 core=0 give_isr r=0 y=0 c0=t150 c1=IDLE1
4086 core=0 tick r=0 y=2 c0=t150 c1=t158
4087 core=0 tick r=0 y=0 c0=t150 c1=t158
4088 core=0 delay t150 5 r=0 y=1 c0=t169 c1=t158
4089 core=0 create 1 t170 p1 r=1 y=0 c0=t169 c1=t158
4090 core=1 takeb t158 1 r=1 y=0 c0=t169 c1=t158
4091 core=1 prio t150 2 r=0 y=0 c0=t169 c1=t158
4092 core=0 noop r=0 y=0 c0=t169 c1=t158
4093 core=1 noop r=0 y=0 c0=t169 c1=t158
4094 core=1 takeb t158 3 r=2 y=2 c0=t169 c1=t170
4095 core=0 suspend t170 r=0 y=2 c0=t169 c1=IDLE0
4096 core=1 noop r=0 y=0 c0=t169 c1=IDLE0
4097 core=0 tick r=0 y=2 c0=t169 c1=IDLE1
4098 core=0 takeb t169 4 r=2 y=1 c0=IDLE0 c1=IDLE1
4099 core=0 give r=1 y=2 c0=IDLE0 c1=t158
4100 core=1 cont t158 r=1 y=0 c0=IDLE0 c1=t158
4101 core=0 noop r=0 y=0 c0=IDLE0 c1=t158
4102 core=1 prio t158 2 r=0 y=2 c0=IDLE0 c1=t158
4103 core=0 give_isr r=1 y=1 c0=t169 c1=t158
4104 core=1 noop r=0 y=0 c0=t169 c1=t158
4105 core=0 cont t169 r=1 y=0 c0=t169 c1=t158
4106 core=1 give_isr r=1 y=0 c0=t169 c1=t158
4107 core=1 noop r=0 y=0 c0=t169 c1=t158
4108 core=1 yield r=0 y=2 c0=t169 c1=t158
4109 core=1 delete 5 t158 r=0 y=2 c0=t169 c1=IDLE1
4110 core=0 noop r=0 y=0 c0=t169 c1=IDLE1
4111 core=1 noop r=0 y=0 c0=t169 c1=IDLE1
4112 core=1 give r=0 y=0 c0=t169 c1=IDLE1
4113 core=1 give_isr r=0 y=0 c0=t169 c1=IDLE1
4114 core=1 resume t169 r=0 y=0 c0=t169 c1=IDLE1
4115 core=0 noop r=0 y=0 c0=t169 c1=IDLE1
4116 core=0 tick r=0 y=2 c0=t169 c1=IDLE0
4117 core=0 delete 0 t169 r=0 y=1 c0=IDLE1 c1=IDLE0
4118 core=1 noop r=0 y=0 c0=IDLE1 c1=IDLE0
4119 core=0 noop r=0 y=0 c0=IDLE1 c1=IDLE0
4120 core=0 noop r=0 y=0 c0=IDLE1 c1=IDLE0
4121 core=1 noop r=0 y=0 c0=IDLE1 c1=IDLE0
4122 core=1 prio t170 0 r=0 y=0 c0=IDLE1 c1=IDLE0
4123 core=1 create 5 t171 p2 r=1 y=2 c0=IDLE1 c1=t171
4124 core=0 noop r=0 y=0 c0=IDLE1 c1=t171
4125 core=0 tick r=1 y=1 c0=IDLE0 c1=t171
4126 core=0 yield r=0 y=1 c0=IDLE1 c1=t171
4127 core=1 delete 5 t171 r=0 y=2 c0=IDLE1 c1=IDLE0
4128 core=1 noop r=0 y=0 c0=IDLE1 c1=IDLE0
4129 core=1 give_isr r=0 y=0 c0=IDLE1 c1=IDLE0
4130 core=1 noop r=0 y=0 c0=IDLE1 c1=IDLE0
4131 core=0 create 9 t172 p1 r=1 y=2 c0=IDLE1 c1=t172
4132 core=0 give_isr r=0 y=0 c0=IDLE1 c1=t172
4133 core=0 delete 9 t172 r=0 y=2 c0=IDLE1 c1=IDLE0
4134 core=0 resume t150 r=0 y=0 c0=IDLE1 c1=IDLE0
4135 core=0 noop r=0 y=0 c0=IDLE1 c1=IDLE0
4136 core=0 noop r=0 y=0 c0=IDLE1 c1=IDLE0
4137 core=0 noop r=0 y=0 c0=IDLE1 c1=IDLE0
4138 core=1 noop r=0 y=0 c0=IDLE1 c1=IDLE0
4139 core=0 noop r=0 y=0 c0=IDLE1 c1=IDLE0
4140 core=1 suspend t166 r=0 y=0 c0=IDLE1 c1=IDLE0
4141 core=1 noop r=0 y=0 c0=IDLE1 c1=IDLE0
4142 core=0 delete 1 t170 r=0 y=0 c0=IDLE1 c1=IDLE0
4143 core=0 noop r=0 y=0 c0=IDLE1 c1=IDLE0
4144 core=0 tick r=1 y=3 c0=IDLE1 c1=IDLE0
4145 core=1 noop r=0 y=0 c0=IDLE1 c1=IDLE0
4146 core=0 noop r=0 y=0 c0=IDLE1 c1=IDLE0
4147 core=1 noop r=0 y=0 c0=IDLE1 c1=IDLE0
4148 core=0 tick r=1 y=3 c0=t150 c1=IDLE1
4149 core=0 give r=0 y=0 c0=t150 c1=IDLE1
4150 core=1 noop r=0 y=0 c0=t150 c1=IDLE1
4151 core=0 tick r=0 y=2 c0=t150 c1=IDLE0
4152 core=0 take t150 r=1 y=0 c0=t150 c1=IDLE0
4153 core=0 noop r=0 y=0 c0=t150 c1=IDLE0
4154 core=0 noop r=0 y=0 c0=t150 c1=IDLE0
4155 core=1 suspend t167 r=0 y=0 c0=t150 c1=IDLE0
4156 core=0 noop r=0 y=0 c0=t150 c1=IDLE0
4157 core=0 delay t150 2 r=0 y=1 c0=IDLE1 c1=IDLE0
4158 core=0 noop r=0 y=0 c0=IDLE1 c1=IDLE0
4159 core=0 noop r=0 y=0 c0=IDLE1 c1=IDLE0
4160 core=0 tick r=1 y=3 c0=IDLE1 c1=IDLE0
4161 core=0 give r=1 y=0 c0=IDLE1 c1=IDLE0
4162 core=1 noop r=0 y=0 c0=IDLE1 c1=IDLE0
4163 core=0 noop r=0 y=0 c0=IDLE1 c1=IDLE0
4164 core=1 noop r=0 y=0 c0=IDLE1 c1=IDLE0
4165 core=1 noop r=0 y=0 c0=IDLE1 c1=IDLE0
4166 core=1 noop r=0 y=0 c0=IDLE1 c1=IDLE0
4167 core=0 tick r=1 y=3 c0=t150 c1=IDLE1
4168 core=0 noop r=0 y=0 c0=t150 c1=IDLE1
4169 core=0 tick r=0 y=2 c0=t150 c1=IDLE0
4170 core=1 noop r=0 y=0 c0=t150 c1=IDLE0
4171 core=0 suspend t166 r=0 y=0 c0=t150 c1=IDLE0
4172 core=1 noop r=0 y=0 c0=t150 c1=IDLE0
4173 core=0 delay t150 4 r=0 y=1 c0=IDLE1 c1=IDLE0
4174 core=1 noop r=0 y=0 c0=IDLE1 c1=IDLE0
4175 core=1 give_isr r=0 y=0 c0=IDLE1 c1=IDLE0
4176 core=0 tick r=1 y=3 c0=IDLE1 c1=IDLE0
4177 core=1 noop r=0 y=0 c0=IDLE1 c1=IDLE0
4178 core=0 create 3 t173 p2 r=1 y=2 c0=IDLE1 c1=t173
4179 core=0 noop r=0 y=0 c0=IDLE1 c1=t173
4180 core=0 noop r=0 y=0 c0=IDLE1 c1=t173
4181 core=1 give_isr r=0 y=0 c0=IDLE1 c1=t173
4182 core=1 create 4 t174 p3 r=1 y=1 c0=t174 c1=t173
4183 core=0 delay t174 2 r=0 y=1 c0=IDLE0 c1=t173
4184 core=0 noop r=0 y=0 c0=IDLE0 c1=t173
4185 core=0 tick r=1 y=1 c0=IDLE1 c1=t173
4186 core=0 noop r=0 y=0 c0=IDLE1 c1=t173
4187 core=0 yield r=0 y=1 c0=IDLE0 c1=t173
4188 core=0 noop r=0 y=0 c0=IDLE0 c1=t173
4189 core=1 takeb t173 2 r=1 y=0 c0=IDLE0 c1=t173
4190 core=1 give_isr r=1 y=0 c0=IDLE0 c1=t173
4191 core=1 delete 6 t150 r=0 y=0 c0=IDLE0 c1=t173
4192 core=0 noop r=0 y=0 c0=IDLE0 c1=t173
4193 core=0 tick r=1 y=1 c0=t174 c1=t173
4194 core=0 takeb t174 4 r=1 y=0 c0=t174 c1=t173
4195 core=0 tick r=0 y=0 c0=t174 c1=t173
4196 core=1 give r=1 y=0 c0=t174 c1=t173
4197 core=0 prio t173 0 r=0 y=2 c0=t174 c1=IDLE1
4198 core=1 noop r=0 y=0 c0=t174 c1=IDLE1
4199 core=0 delay t174 3 r=0 y=1 c0=IDLE0 c1=IDLE1
4200 core=1 noop r=0 y=0 c0=IDLE0 c1=IDLE1
4201 core=1 create 0 t175 p0 r=1 y=2 c0=IDLE0 c1=t173
4202 core=1 noop r=0 y=0 c0=IDLE0 c1=t173
4203 core=1 noop r=0 y=0 c0=IDLE0 c1=t173
4204 core=0 noop r=0 y=0 c0=IDLE0 c1=t173
4205 core=0 noop r=0 y=0 c0=IDLE0 c1=t173
4206 core=0 create 1 t176 p3 r=1 y=1 c0=t176 c1=t173
4207 core=0 yield r=0 y=1 c0=t176 c1=t173
4208 core=0 give r=0 y=0 c0=t176 c1=t173
4209 core=0 noop r=0 y=0 c0=t176 c1=t173
4210 core=1 delete 2 t166 r=0 y=0 c0=t176 c1=t173
4211 core=1 give r=0 y=0 c0=t176 c1=t173
4212 core=0 tick r=0 y=2 c0=t176 c1=t175
4213 core=1 yield r=0 y=2 c0=t176 c1=IDLE1
4214 core=1 noop r=0 y=0 c0=t176 c1=IDLE1
4215 core=0 noop r=0 y=0 c0=t176 c1=IDLE1
4216 core=0 suspend t174 r=0 y=0 c0=t176 c1=IDLE1
4217 core=1 noop r=0 y=0 c0=t176 c1=IDLE1
4218 core=1 yield r=0 y=2 c0=t176 c1=IDLE0
4219 core=0 prio t173 0 r=0 y=0 c0=t176 c1=IDLE0
4220 core=0 take t176 r=1 y=0 c0=t176 c1=IDLE0
4221 core=0 resume t175 r=0 y=0 c0=t176 c1=IDLE0
4222 core=0 tick r=0 y=2 c0=t176 c1=t173
4223 core=0 noop r=0 y=0 c0=t176 c1=t173
4224 core=1 noop r=0 y=0 c0=t176 c1=t173
4225 core=0 give r=1 y=0 c0=t176 c1=t173
4226 core=1 noop r=0 y=0 c0=t176 c1=t173
4227 core=0 delete 1 t176 r=0 y=1 c0=t175 c1=t173
4228 core=1 noop r=0 y=0 c0=t175 c1=t173
4229 core=0 tick r=1 y=3 c0=IDLE1 c1=IDLE0
4230 core=0 noop r=0 y=0 c0=IDLE1 c1=IDLE0
4231 core=0 give r=0 y=0 c0=IDLE1 c1=IDLE0
4232 core=0 noop r=0 y=0 c0=IDLE1 c1=IDLE0
4233 core=1 noop r=0 y=0 c0=IDLE1 c1=IDLE0
4234 core=1 noop r=0 y=0 c0=IDLE1 c1=IDLE0
4235 core=0 prio t174 0 r=0 y=0 c0=IDLE1 c1=IDLE0
4236 core=0 noop r=0 y=0 c0=IDLE1 c1=IDLE0
4237 core=0 give_isr r=0 y=0 c0=IDLE1 c1=IDLE0
4238 core=0 suspend t173 r=0 y=0 c0=IDLE1 c1=IDLE0
4239 core=0 noop r=0 y=0 c0=IDLE1 c1=IDLE0
4240 core=1 noop r=0 y=0 c0=IDLE1 c1=IDLE0
4241 core=1 yield r=0 y=2 c0=IDLE1 c1=t175
4242 core=0 noop r=0 y=0 c0=IDLE1 c1=t175
4243 core=1 noop r=0 y=0 c0=IDLE1 c1=t175
4244 core=0 noop r=0 y=0 c0=IDLE1 c1=t175
4245 core=0 resume t173 r=0 y=1 c0=IDLE0 c1=t175
4246 core=1 noop r=0 y=0 c0=IDLE0 c1=t175
4247 core=0 noop r=0 y=0 c0=IDLE0 c1=t175
4248 core=0 noop r=0 y=0 c0=IDLE0 c1=t175
4249 core=1 noop r=0 y=0 c0=IDLE0 c1=t175
4250 core=1 create 2 t177 p1 r=1 y=1 c0=t177 c1=t175
4251 core=0 take t177 r=1 y=0 c0=t177 c1=t175
4252 core=1 prio t174 1 r=0 y=0 c0=t177 c1=t175
4253 core=0 prio t174 2 r=0 y=0 c0=t177 c1=t175
4254 core=0 delay t177 3 r=0 y=1 c0=t173 c1=t175
4255 core=0 noop r=0 y=0 c0=t173 c1=t175
4256 core=0 noop r=0 y=0 c0=t173 c1=t175
4257 core=0 take t173 r=0 y=0 c0=t173 c1=t175
4258 core=1 suspend t174 r=0 y=0 c0=t173 c1=t175
4259 core=1 noop r=0 y=0 c0=t173 c1=t175
4260 core=1 suspend t167 r=0 y=0 c0=t173 c1=t175
4261 core=1 create 9 t178 p0 r=1 y=0 c0=t173 c1=t175
4262 core=0 prio t167 2 r=0 y=0 c0=t173 c1=t175
4263 core=1 give r=1 y=0 c0=t173 c1=t175
4264 core=1 give r=0 y=0 c0=t173 c1=t175
4265 core=1 create 6 t179 p0 r=1 y=0 c0=t173 c1=t175
4266 core=0 tick r=1 y=3 c0=IDLE1 c1=IDLE0
4267 core=0 suspend t178 r=0 y=0 c0=IDLE1 c1=IDLE0
4268 core=1 give r=0 y=0 c0=IDLE1 c1=IDLE0
4269 core=0 suspend t173 r=0 y=0 c0=IDLE1 c1=IDLE0
4270 core=0 tick r=1 y=3 c0=t179 c1=t175
4271 core=1 give r=0 y=0 c0=t179 c1=t175
4272 core=1 noop r=0 y=0 c0=t179 c1=t175
4273 core=0 noop r=0 y=0 c0=t179 c1=t175
4274 core=0 yield r=0 y=1 c0=IDLE1 c1=t175
4275 core=0 noop r=0 y=0 c0=IDLE1 c1=t175
4276 core=1 prio t178 2 r=0 y=0 c0=IDLE1 c1=t175
4277 core=0 tick r=1 y=3 c0=t177 c1=IDLE0
4278 core=0 delay t177 3 r=0 y=1 c0=t179 c1=IDLE0
4279 core=0 tick r=1 y=3 c0=IDLE1 c1=t175
4280 core=0 noop r=0 y=0 c0=IDLE1 c1=t175
4281 core=1 noop r=0 y=0 c0=IDLE1 c1=t175
4282 core=1 takeb t175 3 r=1 y=0 c0=IDLE1 c1=t175
4283 core=1 resume t175 r=0 y=0 c0=IDLE1 c1=t175
4284 core=1 noop r=0 y=0 c0=IDLE1 c1=t175
4285 core=1 takeb t175 3 r=2 y=2 c0=IDLE1 c1=t179
4286 core=1 takeb t179 3 r=2 y=2 c0=IDLE1 c1=IDLE0
4287 core=1 noop r=0 y=0 c0=IDLE1 c1=IDLE0
4288 core=0 noop r=0 y=0 c0=IDLE1 c1=IDLE0
4289 core=1 resume t175 r=0 y=0 c0=IDLE1 c1=IDLE0
4290 core=1 noop r=0 y=0 c0=IDLE1 c1=IDLE0
4291 core=1 create 5 t180 p3 r=1 y=2 c0=IDLE1 c1=t180
4292 core=0 resume t174 r=0 y=1 c0=t174 c1=t180
4293 core=0 delay t174 3 r=0 y=1 c0=IDLE0 c1=t180
4294 core=1 give_isr r=1 y=1 c0=IDLE1 c1=t180
4295 core=0 give_isr r=0 y=0 c0=IDLE1 c1=t180
4296 core=0 tick r=1 y=1 c0=t175 c1=t180
4297 core=0 cont t175 r=1 y=0 c0=t175 c1=t180
4298 core=0 prio t175 0 r=0 y=0 c0=t175 c1=t180
4299 core=1 resume t175 r=0 y=0 c0=t175 c1=t180
4300 core=1 give r=1 y=0 c0=t175 c1=t180
4301 core=0 give r=0 y=0 c0=t175 c1=t180
4302 core=1 suspend t179 r=0 y=0 c0=t175 c1=t180
4303 core=0 takeb t175 6 r=1 y=0 c0=t175 c1=t180
4304 core=1 delay t180 4 r=0 y=2 c0=t175 c1=IDLE0
4305 core=0 suspend t175 r=0 y=1 c0=IDLE1 c1=IDLE0
4306 core=0 suspend t175 r=0 y=0 c0=IDLE1 c1=IDLE0
4307 core=1 noop r=0 y=0 c0=IDLE1 c1=IDLE0
4308 core=0 give r=1 y=0 c0=IDLE1 c1=IDLE0
4309 core=0 give r=0 y=0 c0=IDLE1 c1=IDLE0
4310 core=0 tick r=1 y=3 c0=t177 c1=IDLE1
4311 core=1 delete 5 t180 r=0 y=0 c0=t177 c1=IDLE1
4312 core=1 create 8 t181 p1 r=1 y=2 c0=t177 c1=t181
4313 core=0 suspend t177 r=0 y=1 c0=IDLE0 c1=t181
4314 core=1 create 5 t182 p2 r=1 y=1 c0=t182 c1=t181
4315 core=1 prio t181 3 r=0 y=0 c0=t182 c1=t181
4316 core=1 suspend t167 r=0 y=0 c0=t182 c1=t181
4317 core=1 give_isr r=0 y=0 c0=t182 c1=t181
4318 core=0 give r=0 y=0 c0=t182 c1=t181
4319 core=0 prio t179 2 r=0 y=0 c0=t182 c1=t181
4320 core=1 noop r=0 y=0 c0=t182 c1=t181
4321 core=0 give r=0 y=0 c0=t182 c1=t181
4322 core=0 noop r=0 y=0 c0=t182 c1=t181
4323 core=1 give_isr r=0 y=0 c0=t182 c1=t181
4324 core=0 delay t182 4 r=0 y=1 c0=IDLE1 c1=t181
4325 core=1 prio t182 0 r=0 y=0 c0=IDLE1 c1=t181
4326 core=0 tick r=1 y=1 c0=t174 c1=t181
4327 core=0 noop r=0 y=0 c0=t174 c1=t181
4328 core=1 delete 9 t178 r=0 y=0 c0=t174 c1=t181
4329 core=0 prio t177 1 r=0 y=0 c0=t174 c1=t181
4330 core=0 noop r=0 y=0 c0=t174 c1=t181
4331 core=1 resume t173 r=0 y=0 c0=t174 c1=t181
4332 core=0 tick r=0 y=0 c0=t174 c1=t181
4333 core=1 give_isr r=0 y=0 c0=t174 c1=t181
4334 core=0 takeb t174 4 r=1 y=0 c0=t174 c1=t181
4335 core=0 give r=1 y=0 c0=t174 c1=t181
4336 core=0 takeb t174 4 r=1 y=0 c0=t174 c1=t181
4337 core=1 delete 2 t177 r=0 y=0 c0=t174 c1=t181
4338 core=1 noop r=0 y=0 c0=t174 c1=t181
4339 core=0 create 2 t183 p3 r=1 y=1 c0=t183 c1=t181
4340 core=1 noop r=0 y=0 c0=t183 c1=t181
4341 core=1 delete 0 t175 r=0 y=0 c0=t183 c1=t181
4342 core=1 resume t173 r=0 y=0 c0=t183 c1=t181
4343 core=1 noop r=0 y=0 c0=t183 c1=t181
4344 core=0 resume t167 r=0 y=0 c0=t183 c1=t181
4345 core=0 tick r=1 y=3 c0=t183 c1=t181
4346 core=1 delete 3 t173 r=0 y=0 c0=t183 c1=t181
4347 core=1 delete 8 t181 r=0 y=2 c0=t183 c1=t174
4348 core=0 tick r=0 y=2 c0=t183 c1=t167
4349 core=0 resume t182 r=0 y=0 c0=t183 c1=t167
4350 core=0 tick r=0 y=2 c0=t183 c1=t174
4351 core=0 delay t183 5 r=0 y=1 c0=t167 c1=t174
4352 core=0 tick r=1 y=3 c0=t167 c1=t174
4353 core=0 cont t167 r=0 y=0 c0=t167 c1=t174
4354 core=1 suspend t174 r=0 y=2 c0=t167 c1=IDLE0
4355 core=0 suspend t179 r=0 y=0 c0=t167 c1=IDLE0
4356 core=1 yield r=0 y=2 c0=t167 c1=IDLE1
4357 core=0 suspend t174 r=0 y=0 c0=t167 c1=IDLE1
4358 core=0 give_isr r=1 y=0 c0=t167 c1=IDLE1
4359 core=0 give r=0 y=0 c0=t167 c1=IDLE1
4360 core=1 noop r=0 y=0 c0=t167 c1=IDLE1
4361 core=1 give_isr r=0 y=0 c0=t167 c1=IDLE1
4362 core=0 delay t167 3 r=0 y=1 c0=t182 c1=IDLE1
4363 core=0 noop r=0 y=0 c0=t182 c1=IDLE1
4364 core=0 delay t182 2 r=0 y=1 c0=IDLE0 c1=IDLE1
4365 core=0 delete 4 t174 r=0 y=0 c0=IDLE0 c1=IDLE1
4366 core=1 give r=0 y=0 c0=IDLE0 c1=IDLE1
4367 core=0 noop r=0 y=0 c0=IDLE0 c1=IDLE1
4368 core=1 noop r=0 y=0 c0=IDLE0 c1=IDLE1
4369 core=0 noop r=0 y=0 c0=IDLE0 c1=IDLE1
4370 core=0 noop r=0 y=0 c0=IDLE0 c1=IDLE1
4371 core=0 give_isr r=0 y=0 c0=IDLE0 c1=IDLE1
4372 core=1 noop r=0 y=0 c0=IDLE0 c1=IDLE1
4373 core=1 noop r=0 y=0 c0=IDLE0 c1=IDLE1
4374 core=1 create 9 t184 p0 r=1 y=2 c0=IDLE0 c1=t184
4375 core=0 noop r=0 y=0 c0=IDLE0 c1=t184
4376 core=1 give r=0 y=0 c0=IDLE0 c1=t184
4377 core=1 noop r=0 y=0 c0=IDLE0 c1=t184
4378 core=1 delay t184 3 r=0 y=2 c0=IDLE0 c1=IDLE1
4379 core=1 delete 7 t167 r=0 y=0 c0=IDLE0 c1=IDLE1
4380 core=0 yield r=0 y=1 c0=IDLE0 c1=IDLE1
4381 core=0 noop r=0 y=0 c0=IDLE0 c1=IDLE1
4382 core=0 give r=0 y=0 c0=IDLE0 c1=IDLE1
4383 core=0 noop r=0 y=0 c0=IDLE0 c1=IDLE1
4384 core=1 noop r=0 y=0 c0=IDLE0 c1=IDLE1
4385 core=0 noop r=0 y=0 c0=IDLE0 c1=IDLE1
4386 core=0 resume t184 r=0 y=0 c0=IDLE0 c1=IDLE1
4387 core=1 noop r=0 y=0 c0=IDLE0 c1=IDLE1
4388 core=1 yield r=0 y=2 c0=IDLE0 c1=IDLE1
4389 core=0 noop r=0 y=0 c0=IDLE0 c1=IDLE1
4390 core=0 noop r=0 y=0 c0=IDLE0 c1=IDLE1
4391 core=1 give r=0 y=0 c0=IDLE0 c1=IDLE1
4392 core=0 noop r=0 y=0 c0=IDLE0 c1=IDLE1
4393 core=0 give r=0 y=0 c0=IDLE0 c1=IDLE1
4394 core=0 yield r=0 y=1 c0=IDLE0 c1=IDLE1
4395 core=0 yield r=0 y=1 c0=IDLE0 c1=IDLE1
4396 core=0 noop r=0 y=0 c0=IDLE0 c1=IDLE1
4397 core=1 noop r=0 y=0 c0=IDLE0 c1=IDLE1
4398 core=0 noop r=0 y=0 c0=IDLE0 c1=IDLE1
4399 core=1 noop r=0 y=0 c0=IDLE0 c1=IDLE1
4400 core=1 noop r=0 y=0 c0=IDLE0 c1=IDLE1
4401 core=0 tick r=1 y=3 c0=IDLE0 c1=IDLE1
4402 core=0 tick r=1 y=3 c0=t182 c1=IDLE0
4403 core=1 give_isr r=0 y=0 c0=t182 c1=IDLE0
4404 core=0 noop r=0 y=0 c0=t182 c1=IDLE0
4405 core=1 resume t179 r=0 y=2 c0=t182 c1=t179
4406 core=1 cont t179 r=1 y=0 c0=t182 c1=t179
4407 core=1 resume t184 r=0 y=0 c0=t182 c1=t179
4408 core=1 give_isr r=1 y=0 c0=t182 c1=t179
4409 core=0 tick r=1 y=1 c0=IDLE1 c1=t179
4410 core=1 noop r=0 y=0 c0=IDLE1 c1=t179
4411 core=1 noop r=0 y=0 c0=IDLE1 c1=t179
4412 core=1 takeb t179 2 r=1 y=0 c0=IDLE1 c1=t179
4413 core=1 create 1 t185 p0 r=1 y=1 c0=IDLE0 c1=t179
4414 core=0 give r=1 y=0 c0=IDLE0 c1=t179
4415 core=1 noop r=0 y=0 c0=IDLE0 c1=t179
4416 core=0 tick r=1 y=1 c0=t183 c1=t179
4417 core=0 tick r=0 y=0 c0=t183 c1=t179
4418 core=1 yield r=0 y=2 c0=t183 c1=t179
4419 core=1 suspend t184 r=0 y=0 c0=t183 c1=t179
4420 core=0 tick r=0 y=0 c0=t183 c1=t179
4421 core=0 noop r=0 y=0 c0=t183 c1=t179
4422 core=1 resume t185 r=0 y=0 c0=t183 c1=t179
4423 core=0 noop r=0 y=0 c0=t183 c1=t179
4424 core=1 delay t179 4 r=0 y=2 c0=t183 c1=t182
4425 core=1 noop r=0 y=0 c0=t183 c1=t182
4426 core=0 yield r=0 y=1 c0=t183 c1=t182
4427 core=1 suspend t182 r=0 y=2 c0=t183 c1=t185
4428 core=1 noop r=0 y=0 c0=t183 c1=t185
4429 core=1 prio t183 0 r=0 y=1 c0=IDLE1 c1=t185
4430 core=0 noop r=0 y=0 c0=IDLE1 c1=t185
4431 core=0 give r=0 y=0 c0=IDLE1 c1=t185
4432 core=0 prio t185 2 r=0 y=0 c0=IDLE1 c1=t185
4433 core=0 delete 5 t182 r=0 y=0 c0=IDLE1 c1=t185
4434 core=0 delete 2 t183 r=0 y=0 c0=IDLE1 c1=t185
4435 core=0 noop r=0 y=0 c0=IDLE1 c1=t185
4436 core=0 tick r=1 y=1 c0=IDLE0 c1=t185
4437 core=0 create 8 t186 p1 r=1 y=1 c0=t186 c1=t185
4438 core=0 delete 1 t185 r=0 y=2 c0=t186 c1=IDLE1
4439 core=1 noop r=0 y=0 c0=t186 c1=IDLE1
4440 core=0 give_isr r=0 y=0 c0=t186 c1=IDLE1
4441 core=0 tick r=0 y=2 c0=t186 c1=IDLE0
4442 core=1 create 7 t187 p3 r=1 y=2 c0=t186 c1=t187
4443 core=0 noop r=0 y=0 c0=t186 c1=t187
4444 core=0 give r=0 y=0 c0=t186 c1=t187
4445 core=1 delay t187 2 r=0 y=2 c0=t186 c1=IDLE1
4446 core=0 tick r=0 y=2 c0=t186 c1=IDLE0
4447 core=0 takeb t186 5 r=1 y=0 c0=t186 c1=IDLE0
4448 core=1 give r=1 y=0 c0=t186 c1=IDLE0
4449 core=1 noop r=0 y=0 c0=t186 c1=IDLE0
4450 core=1 noop r=0 y=0 c0=t186 c1=IDLE0
4451 core=1 resume t184 r=0 y=2 c0=t186 c1=IDLE1
4452 core=1 noop r=0 y=0 c0=t186 c1=IDLE1
4453 core=1 prio t186 3 r=0 y=0 c0=t186 c1=IDLE1
4454 core=0 prio t179 1 r=0 y=0 c0=t186 c1=IDLE1
4455 core=1 delete 9 t184 r=0 y=0 c0=t186 c1=IDLE1
4456 core=1 give r=0 y=0 c0=t186 c1=IDLE1
4457 core=0 suspend t187 r=0 y=0 c0=t186 c1=IDLE1
4458 core=0 resume t186 r=0 y=0 c0=t186 c1=IDLE1
4459 core=0 take t186 r=1 y=0 c0=t186 c1=IDLE1
4460 core=1 noop r=0 y=0 c0=t186 c1=IDLE1
4461 core=0 noop r=0 y=0 c0=t186 c1=IDLE1
4462 core=1 noop r=0 y=0 c0=t186 c1=IDLE1
4463 core=0 delay t186 3 r=0 y=1 c0=IDLE0 c1=IDLE1
4464 core=0 yield r=0 y=1 c0=IDLE0 c1=IDLE1
4465 core=1 give r=1 y=0 c0=IDLE0 c1=IDLE1
4466 core=0 give r=0 y=0 c0=IDLE0 c1=IDLE1
4467 core=1 resume t186 r=0 y=0 c0=IDLE0 c1=IDLE1
4468 core=0 give r=0 y=0 c0=IDLE0 c1=IDLE1
4469 core=0 noop r=0 y=0 c0=IDLE0 c1=IDLE1
4470 core=0 tick r=1 y=3 c0=t179 c1=IDLE0
4471 core=0 delay t179 5 r=0 y=1 c0=IDLE1 c1=IDLE0
4472 core=0 tick r=1 y=3 c0=IDLE1 c1=IDLE0
4473 core=0 give r=0 y=0 c0=IDLE1 c1=IDLE0
4474 core=0 noop r=0 y=0 c0=IDLE1 c1=IDLE0
4475 core=0 noop r=0 y=0 c0=IDLE1 c1=IDLE0
4476 core=0 noop r=0 y=0 c0=IDLE1 c1=IDLE0
4477 core=1 noop r=0 y=0 c0=IDLE1 c1=IDLE0
4478 core=0 tick r=1 y=3 c0=t186 c1=IDLE1
4479 core=1 give r=0 y=0 c0=t186 c1=IDLE1
4480 core=0 delete 7 t187 r=0 y=0 c0=t186 c1=IDLE1
4481 core=1 noop r=0 y=0 c0=t186 c1=IDLE1
4482 core=0 noop r=0 y=0 c0=t186 c1=IDLE1
4483 core=0 noop r=0 y=0 c0=t186 c1=IDLE1
4484 core=1 create 1 t188 p1 r=1 y=2 c0=t186 c1=t188
4485 core=0 prio t179 3 r=0 y=0 c0=t186 c1=t188
4486 core=0 takeb t186 6 r=1 y=0 c0=t186 c1=t188
4487 core=0 noop r=0 y=0 c0=t186 c1=t188
4488 core=0 yield r=0 y=1 c0=t186 c1=t188
4489 core=1 give r=1 y=0 c0=t186 c1=t188
4490 core=1 takeb t188 6 r=1 y=0 c0=t186 c1=t188
4491 core=0 give r=1 y=0 c0=t186 c1=t188
4492 core=1 yield r=0 y=2 c0=t186 c1=t188
4493 core=0 tick r=0 y=0 c0=t186 c1=t188
4494 core=0 prio t186 0 r=0 y=1 c0=IDLE0 c1=t188
4495 core=1 give_isr r=0 y=0 c0=IDLE0 c1=t188
4496 core=0 noop r=0 y=0 c0=IDLE0 c1=t188
4497 core=1 create 2 t189 p1 r=1 y=1 c0=t189 c1=t188
4498 core=1 delay t188 5 r=0 y=2 c0=t189 c1=IDLE1
4499 core=1 noop r=0 y=0 c0=t189 c1=IDLE1
4500 core=0 delay t189 1 r=0 y=1 c0=t186 c1=IDLE1
4501 core=0 give r=0 y=0 c0=t186 c1=IDLE1
4502 core=0 noop r=0 y=0 c0=t186 c1=IDLE1
4503 core=0 delete 8 t186 r=0 y=1 c0=IDLE0 c1=IDLE1
4504 core=0 noop r=0 y=0 c0=IDLE0 c1=IDLE1
4505 core=0 tick r=1 y=3 c0=t189 c1=IDLE0
4506 core=1 give r=0 y=0 c0=t189 c1=IDLE0
4507 core=0 noop r=0 y=0 c0=t189 c1=IDLE0
4508 core=1 give r=0 y=0 c0=t189 c1=IDLE0
4509 core=1 create 5 t190 p2 r=1 y=2 c0=t189 c1=t190
4510 core=1 resume t179 r=0 y=0 c0=t189 c1=t190
4511 core=0 take t189 r=1 y=0 c0=t189 c1=t190
4512 core=1 give r=1 y=0 c0=t189 c1=t190
4513 core=1 resume t190 r=0 y=0 c0=t189 c1=t190
4514 core=0 delay t189 4 r=0 y=1 c0=IDLE1 c1=t190
4515 core=0 noop r=0 y=0 c0=IDLE1 c1=t190
4516 core=0 tick r=1 y=1 c0=t179 c1=t190
4517 core=1 noop r=0 y=0 c0=t179 c1=t190
4518 core=0 suspend t188 r=0 y=0 c0=t179 c1=t190
4519 core=1 create 0 t191 p1 r=1 y=0 c0=t179 c1=t190
4520 core=1 resume t191 r=0 y=0 c0=t179 c1=t190
4521 core=1 noop r=0 y=0 c0=t179 c1=t190
4522 core=0 delay t179 2 r=0 y=1 c0=t191 c1=t190
4523 core=1 noop r=0 y=0 c0=t191 c1=t190
4524 core=1 noop r=0 y=0 c0=t191 c1=t190
4525 core=1 noop r=0 y=0 c0=t191 c1=t190
4526 core=0 noop r=0 y=0 c0=t191 c1=t190
4527 core=0 delay t191 4 r=0 y=1 c0=IDLE0 c1=t190
4528 core=1 noop r=0 y=0 c0=IDLE0 c1=t190
4529 core=1 create 7 t192 p3 r=1 y=1 c0=t192 c1=t190
4530 core=0 suspend t191 r=0 y=0 c0=t192 c1=t190
4531 core=0 resume t190 r=0 y=0 c0=t192 c1=t190
4532 core=0 noop r=0 y=0 c0=t192 c1=t190
4533 core=1 prio t179 0 r=0 y=0 c0=t192 c1=t190
4534 core=0 tick r=0 y=0 c0=t192 c1=t190
4535 core=1 noop r=0 y=0 c0=t192 c1=t190
4536 core=1 suspend t188 r=0 y=0 c0=t192 c1=t190
4537 core=0 yield r=0 y=1 c0=t192 c1=t190
4538 core=1 resume t191 r=0 y=0 c0=t192 c1=t190
4539 core=0 takeb t192 2 r=1 y=0 c0=t192 c1=t190
4540 core=0 tick r=0 y=0 c0=t192 c1=t190
4541 core=1 yield r=0 y=2 c0=t192 c1=t190
4542 core=1 delay t190 4 r=0 y=2 c0=t192 c1=t191
4543 core=1 noop r=0 y=0 c0=t192 c1=t191
4544 core=0 delete 1 t188 r=0 y=0 c0=t192 c1=t191
4545 core=1 resume t179 r=0 y=0 c0=t192 c1=t191
4546 core=1 noop r=0 y=0 c0=t192 c1=t191
4547 core=1 noop r=0 y=0 c0=t192 c1=t191
4548 core=0 give r=1 y=0 c0=t192 c1=t191
4549 core=0 resume t190 r=0 y=0 c0=t192 c1=t191
4550 core=0 tick r=0 y=2 c0=t192 c1=t189
4551 core=1 delay t189 3 r=0 y=2 c0=t192 c1=t191
4552 core=0 suspend t189 r=0 y=0 c0=t192 c1=t191
4553 core=0 noop r=0 y=0 c0=t192 c1=t191
4554 core=1 noop r=0 y=0 c0=t192 c1=t191
4555 core=0 noop r=0 y=0 c0=t192 c1=t191
4556 core=1 create 1 t193 p3 r=1 y=2 c0=t192 c1=t193
4557 core=0 take t192 r=1 y=0 c0=t192 c1=t193
4558 core=0 noop r=0 y=0 c0=t192 c1=t193
4559 core=1 suspend t190 r=0 y=0 c0=t192 c1=t193
4560 core=1 noop r=0 y=0 c0=t192 c1=t193
4561 core=1 delay t193 2 r=0 y=2 c0=t192 c1=t191
4562 core=1 noop r=0 y=0 c0=t192 c1=t191
4563 core=0 give_isr r=1 y=0 c0=t192 c1=t191
4564 core=0 delete 6 t179 r=0 y=0 c0=t192 c1=t191
4565 core=0 delete 5 t190 r=0 y=0 c0=t192 c1=t191
4566 core=0 noop r=0 y=0 c0=t192 c1=t191
4567 core=0 tick r=0 y=0 c0=t192 c1=t191
4568 core=0 tick r=1 y=3 c0=t193 c1=t192
4569 core=1 give r=0 y=0 c0=t193 c1=t192
4570 core=0 delay t193 5 r=0 y=1 c0=t191 c1=t192
4571 core=1 noop r=0 y=0 c0=t191 c1=t192
4572 core=1 noop r=0 y=0 c0=t191 c1=t192
4573 core=0 give_isr r=0 y=0 c0=t191 c1=t192
4574 core=1 take t192 r=1 y=0 c0=t191 c1=t192
4575 core=0 noop r=0 y=0 c0=t191 c1=t192
4576 core=0 noop r=0 y=0 c0=t191 c1=t192
4577 core=0 noop r=0 y=0 c0=t191 c1=t192
4578 core=0 takeb t191 3 r=2 y=1 c0=IDLE1 c1=t192
4579 core=0 noop r=0 y=0 c0=IDLE1 c1=t192
4580 core=1 give r=1 y=1 c0=t191 c1=t192
4581 core=1 give_isr r=0 y=0 c0=t191 c1=t192
4582 core=1 delay t192 3 r=0 y=2 c0=t191 c1=IDLE0
4583 core=0 cont t191 r=1 y=0 c0=t191 c1=IDLE0
4584 core=1 noop r=0 y=0 c0=t191 c1=IDLE0
4585 core=0 tick r=0 y=2 c0=t191 c1=IDLE1
4586 core=1 prio t193 3 r=0 y=0 c0=t191 c1=IDLE1
4587 core=0 noop r=0 y=0 c0=t191 c1=IDLE1
4588 core=0 give_isr r=1 y=0 c0=t191 c1=IDLE1
4589 core=1 noop r=0 y=0 c0=t191 c1=IDLE1
4590 core=0 create 3 t194 p3 r=1 y=2 c0=t191 c1=t194
4591 core=0 prio t192 0 r=0 y=0 c0=t191 c1=t194
4592 core=1 noop r=0 y=0 c0=t191 c1=t194
4593 core=1 take t194 r=1 y=0 c0=t191 c1=t194
4594 core=0 prio t194 0 r=0 y=2 c0=t191 c1=IDLE0
4595 core=0 yield r=0 y=1 c0=t191 c1=IDLE0
4596 core=0 noop r=0 y=0 c0=t191 c1=IDLE0
4597 core=0 tick r=0 y=2 c0=t191 c1=IDLE1
4598 core=0 delay t191 5 r=0 y=1 c0=t194 c1=IDLE1
4599 core=0 noop r=0 y=0 c0=t194 c1=IDLE1
4600 core=0 delay t194 2 r=0 y=1 c0=IDLE0 c1=IDLE1
4601 core=0 give_isr r=1 y=0 c0=IDLE0 c1=IDLE1
4602 core=0 tick r=1 y=3 c0=t192 c1=IDLE0
4603 core=0 give_isr r=0 y=0 c0=t192 c1=IDLE0
4604 core=0 noop r=0 y=0 c0=t192 c1=IDLE0
4605 core=1 give r=0 y=0 c0=t192 c1=IDLE0
4606 core=1 resume t194 r=0 y=0 c0=t192 c1=IDLE0
4607 core=1 noop r=0 y=0 c0=t192 c1=IDLE0
4608 core=0 noop r=0 y=0 c0=t192 c1=IDLE0
4609 core=1 give_isr r=0 y=0 c0=t192 c1=IDLE0
4610 core=0 give_isr r=0 y=0 c0=t192 c1=IDLE0
4611 core=1 suspend t192 r=0 y=1 c0=IDLE1 c1=IDLE0
4612 core=0 noop r=0 y=0 c0=IDLE1 c1=IDLE0
4613 core=0 noop r=0 y=0 c0=IDLE1 c1=IDLE0
4614 core=1 noop r=0 y=0 c0=IDLE1 c1=IDLE0
4615 core=0 noop r=0 y=0 c0=IDLE1 c1=IDLE0
4616 core=0 give_isr r=0 y=0 c0=IDLE1 c1=IDLE0
4617 core=0 resume t192 r=0 y=2 c0=IDLE1 c1=t192
4618 core=1 noop r=0 y=0 c0=IDLE1 c1=t192
4619 core=1 noop r=0 y=0 c0=IDLE1 c1=t192
4620 core=0 resume t191 r=0 y=0 c0=IDLE1 c1=t192
4621 core=0 give r=0 y=0 c0=IDLE1 c1=t192
4622 core=0 give_isr r=0 y=0 c0=IDLE1 c1=t192
4623 core=1 give r=0 y=0 c0=IDLE1 c1=t192
4624 core=0 tick r=1 y=3 c0=IDLE0 c1=t194
4625 core=0 tick r=1 y=3 c0=t193 c1=IDLE1
4626 core=0 tick r=0 y=2 c0=t193 c1=t192
4627 core=0 noop r=0 y=0 c0=t193 c1=t192
4628 core=0 prio t194 0 r=0 y=0 c0=t193 c1=t192
4629 core=1 resume t191 r=0 y=0 c0=t193 c1=t192
4630 core=1 delete 2 t189 r=0 y=0 c0=t193 c1=t192
4631 core=0 suspend t194 r=0 y=0 c0=t193 c1=t192
4632 core=1 give_isr r=0 y=0 c0=t193 c1=t192
4633 core=1 delay t192 5 r=0 y=2 c0=t193 c1=IDLE0
4634 core=0 delay t193 1 r=0 y=1 c0=IDLE1 c1=IDLE0
4635 core=0 noop r=0 y=0 c0=IDLE1 c1=IDLE0
4636 core=1 suspend t194 r=0 y=0 c0=IDLE1 c1=IDLE0
4637 core=0 noop r=0 y=0 c0=IDLE1 c1=IDLE0
4638 core=1 suspend t193 r=0 y=0 c0=IDLE1 c1=IDLE0
4639 core=0 create 2 t195 p3 r=1 y=2 c0=IDLE1 c1=t195
4640 core=1 suspend t193 r=0 y=0 c0=IDLE1 c1=t195
4641 core=1 give r=0 y=0 c0=IDLE1 c1=t195
4642 core=1 prio t195 0 r=0 y=2 c0=IDLE1 c1=IDLE0
4643 core=0 prio t192 1 r=0 y=0 c0=IDLE1 c1=IDLE0
4644 core=0 noop r=0 y=0 c0=IDLE1 c1=IDLE0
4645 core=0 suspend t193 r=0 y=0 c0=IDLE1 c1=IDLE0
4646 core=1 delete 0 t191 r=0 y=0 c0=IDLE1 c1=IDLE0
4647 core=0 noop r=0 y=0 c0=IDLE1 c1=IDLE0
4648 core=0 noop r=0 y=0 c0=IDLE1 c1=IDLE0
4649 core=0 tick r=1 y=3 c0=t195 c1=IDLE1
4650 core=0 delay t195 4 r=0 y=1 c0=IDLE0 c1=IDLE1
4651 core=0 noop r=0 y=0 c0=IDLE0 c1=IDLE1
4652 core=1 resume t194 r=0 y=2 c0=IDLE0 c1=t194
4653 core=0 noop r=0 y=0 c0=IDLE0 c1=t194
4654 core=0 noop r=0 y=0 c0=IDLE0 c1=t194
4655 core=1 noop r=0 y=0 c0=IDLE0 c1=t194
4656 core=0 create 0 t196 p2 r=1 y=1 c0=t196 c1=t194
4657 core=0 give r=0 y=0 c0=t196 c1=t194
4658 core=1 takeb t194 2 r=1 y=0 c0=t196 c1=t194
4659 core=1 prio t192 1 r=0 y=0 c0=t196 c1=t194
4660 core=1 take t194 r=0 y=0 c0=t196 c1=t194
4661 core=0 noop r=0 y=0 c0=t196 c1=t194
4662 core=1 noop r=0 y=0 c0=t196 c1=t194
4663 core=0 take t196 r=0 y=0 c0=t196 c1=t194
4664 core=0 noop r=0 y=0 c0=t196 c1=t194
4665 core=1 delay t194 5 r=0 y=2 c0=t196 c1=IDLE1
4666 core=0 takeb t196 1 r=2 y=1 c0=IDLE0 c1=IDLE1
4667 core=0 noop r=0 y=0 c0=IDLE0 c1=IDLE1
4668 core=1 noop r=0 y=0 c0=IDLE0 c1=IDLE1
4669 core=0 yield r=0 y=1 c0=IDLE0 c1=IDLE1
4670 core=1 noop r=0 y=0 c0=IDLE0 c1=IDLE1
4671 core=1 noop r=0 y=0 c0=IDLE0 c1=IDLE1
4672 core=1 resume t193 r=0 y=2 c0=IDLE0 c1=t193
4673 core=0 noop r=0 y=0 c0=IDLE0 c1=t193
4674 core=0 noop r=0 y=0 c0=IDLE0 c1=t193
4675 core=1 noop r=0 y=0 c0=IDLE0 c1=t193
4676 core=0 delete 2 t195 r=0 y=0 c0=IDLE0 c1=t193
4677 core=0 delete 3 t194 r=0 y=0 c0=IDLE0 c1=t193
4678 core=1 create 2 t197 p2 r=1 y=1 c0=t197 c1=t193
4679 core=1 noop r=0 y=0 c0=t197 c1=t193
4680 core=1 delay t193 2 r=0 y=2 c0=t197 c1=IDLE1
4681 core=1 give_isr r=1 y=2 c0=t197 c1=t196
4682 core=1 cont t196 r=1 y=0 c0=t197 c1=t196
4683 core=0 tick r=1 y=3 c0=t197 c1=t196
4684 core=1 noop r=0 y=0 c0=t197 c1=t196
4685 core=0 create 3 t198 p2 r=1 y=0 c0=t197 c1=t196
4686 core=1 prio t196 2 r=0 y=0 c0=t197 c1=t196
4687 core=0 tick r=1 y=3 c0=t193 c1=t198
4688 core=1 give r=1 y=0 c0=t193 c1=t198
4689 core=0 give_isr r=0 y=0 c0=t193 c1=t198
4690 core=1 create 6 t199 p2 r=1 y=0 c0=t193 c1=t198
4691 core=0 takeb t193 2 r=1 y=0 c0=t193 c1=t198
4692 core=0 takeb t193 5 r=2 y=1 c0=t197 c1=t198
4693 core=1 resume t199 r=0 y=0 c0=t197 c1=t198
4694 core=0 tick r=1 y=3 c0=t196 c1=t199
4695 core=0 tick r=1 y=3 c0=t197 c1=t198
4696 core=0 noop r=0 y=0 c0=t197 c1=t198
4697 core=1 delete 6 t199 r=0 y=0 c0=t197 c1=t198
4698 core=0 suspend t198 r=0 y=2 c0=t197 c1=t196
4699 core=1 delete 1 t193 r=0 y=0 c0=t197 c1=t196
4700 core=0 noop r=0 y=0 c0=t197 c1=t196
4701 core=0 delay t197 4 r=0 y=1 c0=t192 c1=t196
4702 core=1 yield r=0 y=2 c0=t192 c1=t196
4703 core=0 tick r=0 y=0 c0=t192 c1=t196
4704 core=0 takeb t192 2 r=2 y=1 c0=IDLE0 c1=t196
4705 core=0 give r=1 y=1 c0=t192 c1=t196
4706 core=0 cont t192 r=1 y=0 c0=t192 c1=t196
4707 core=0 create 1 t200 p2 r=1 y=1 c0=t200 c1=t196
4708 core=1 yield r=0 y=2 c0=t200 c1=t196
4709 core=1 noop r=0 y=0 c0=t200 c1=t196
4710 core=1 noop r=0 y=0 c0=t200 c1=t196
4711 core=0 give_isr r=1 y=0 c0=t200 c1=t196
4712 core=1 delay t196 3 r=0 y=2 c0=t200 c1=t192
4713 core=0 delay t200 1 r=0 y=1 c0=IDLE1 c1=t192
4714 core=0 noop r=0 y=0 c0=IDLE1 c1=t192
4715 core=1 prio t196 1 r=0 y=0 c0=IDLE1 c1=t192
4716 core=0 suspend t197 r=0 y=0 c0=IDLE1 c1=t192
4717 core=0 noop r=0 y=0 c0=IDLE1 c1=t192
4718 core=0 suspend t198 r=0 y=0 c0=IDLE1 c1=t192
4719 core=1 delay t192 4 r=0 y=2 c0=IDLE1 c1=IDLE0
4720 core=1 noop r=0 y=0 c0=IDLE1 c1=IDLE0
4721 core=0 noop r=0 y=0 c0=IDLE1 c1=IDLE0
4722 core=1 resume t192 r=0 y=0 c0=IDLE1 c1=IDLE0
4723 core=1 noop r=0 y=0 c0=IDLE1 c1=IDLE0
4724 core=1 give r=0 y=0 c0=IDLE1 c1=IDLE0
4725 core=0 give_isr r=0 y=0 c0=IDLE1 c1=IDLE0
4726 core=0 noop r=0 y=0 c0=IDLE1 c1=IDLE0
4727 core=0 give r=0 y=0 c0=IDLE1 c1=IDLE0
4728 core=0 tick r=1 y=3 c0=t200 c1=IDLE1
4729 core=0 noop r=0 y=0 c0=t200 c1=IDLE1
4730 core=1 noop r=0 y=0 c0=t200 c1=IDLE1
4731 core=0 delay t200 4 r=0 y=1 c0=IDLE0 c1=IDLE1
4732 core=0 give r=0 y=0 c0=IDLE0 c1=IDLE1
4733 core=1 suspend t196 r=0 y=0 c0=IDLE0 c1=IDLE1
4734 core=0 give r=0 y=0 c0=IDLE0 c1=IDLE1
4735 core=1 noop r=0 y=0 c0=IDLE0 c1=IDLE1
4736 core=1 noop r=0 y=0 c0=IDLE0 c1=IDLE1
4737 core=1 noop r=0 y=0 c0=IDLE0 c1=IDLE1
4738 core=1 noop r=0 y=0 c0=IDLE0 c1=IDLE1
4739 core=1 noop r=0 y=0 c0=IDLE0 c1=IDLE1
4740 core=0 resume t192 r=0 y=0 c0=IDLE0 c1=IDLE1
4741 core=0 noop r=0 y=0 c0=IDLE0 c1=IDLE1
4742 core=0 tick r=1 y=3 c0=IDLE0 c1=IDLE1
4743 core=1 noop r=0 y=0 c0=IDLE0 c1=IDLE1
4744 core=1 noop r=0 y=0 c0=IDLE0 c1=IDLE1
4745 core=0 tick r=1 y=3 c0=IDLE0 c1=IDLE1
4746 core=1 create 4 t201 p2 r=1 y=2 c0=IDLE0 c1=t201
4747 core=0 give_isr r=0 y=0 c0=IDLE0 c1=t201
4748 core=0 noop r=0 y=0 c0=IDLE0 c1=t201
4749 core=1 give r=0 y=0 c0=IDLE0 c1=t201
4750 core=1 prio t201 0 r=0 y=2 c0=IDLE0 c1=IDLE1
4751 core=1 noop r=0 y=0 c0=IDLE0 c1=IDLE1
4752 core=1 noop r=0 y=0 c0=IDLE0 c1=IDLE1
4753 core=0 prio t201 0 r=0 y=0 c0=IDLE0 c1=IDLE1
4754 core=1 give r=0 y=0 c0=IDLE0 c1=IDLE1
4755 core=0 noop r=0 y=0 c0=IDLE0 c1=IDLE1
4756 core=1 suspend t200 r=0 y=0 c0=IDLE0 c1=IDLE1
4757 core=0 noop r=0 y=0 c0=IDLE0 c1=IDLE1
4758 core=1 noop r=0 y=0 c0=IDLE0 c1=IDLE1
4759 core=0 tick r=1 y=3 c0=t192 c1=t201
4760 core=1 delay t201 4 r=0 y=2 c0=t192 c1=IDLE0
4761 core=0 tick r=0 y=2 c0=t192 c1=IDLE1
4762 core=0 prio t196 1 r=0 y=0 c0=t192 c1=IDLE1
4763 core=0 tick r=0 y=2 c0=t192 c1=IDLE0
4764 core=0 takeb t192 2 r=1 y=0 c0=t192 c1=IDLE0
4765 core=1 noop r=0 y=0 c0=t192 c1=IDLE0
4766 core=1 noop r=0 y=0 c0=t192 c1=IDLE0
4767 core=0 tick r=0 y=2 c0=t192 c1=IDLE1
4768 core=0 tick r=0 y=2 c0=t192 c1=IDLE0
4769 core=0 delay t192 4 r=0 y=1 c0=t201 c1=IDLE0
4770 core=1 create 9 t202 p0 r=1 y=2 c0=t201 c1=IDLE1
4771 core=0 noop r=0 y=0 c0=t201 c1=IDLE1
4772 core=0 take t201 r=0 y=0 c0=t201 c1=IDLE1
4773 core=1 noop r=0 y=0 c0=t201 c1=IDLE1
4774 core=0 tick r=1 y=3 c0=t202 c1=IDLE0
4775 core=0 tick r=1 y=3 c0=t201 c1=IDLE1
4776 core=0 noop r=0 y=0 c0=t201 c1=IDLE1
4777 core=0 tick r=1 y=3 c0=t202 c1=IDLE0
4778 core=0 delay t202 3 r=0 y=1 c0=t201 c1=IDLE0
4779 core=0 delay t201 3 r=0 y=1 c0=IDLE1 c1=IDLE0
4780 core=0 noop r=0 y=0 c0=IDLE1 c1=IDLE0
4781 core=1 noop r=0 y=0 c0=IDLE1 c1=IDLE0
4782 core=0 resume t192 r=0 y=0 c0=IDLE1 c1=IDLE0
4783 core=0 give_isr r=1 y=0 c0=IDLE1 c1=IDLE0
4784 core=1 delete 4 t201 r=0 y=0 c0=IDLE1 c1=IDLE0
4785 core=0 tick r=1 y=3 c0=t192 c1=IDLE1
4786 core=0 noop r=0 y=0 c0=t192 c1=IDLE1
4787 core=0 delay t192 1 r=0 y=1 c0=IDLE0 c1=IDLE1
4788 core=0 noop r=0 y=0 c0=IDLE0 c1=IDLE1
4789 core=0 noop r=0 y=0 c0=IDLE0 c1=IDLE1
4790 core=1 resume t202 r=0 y=0 c0=IDLE0 c1=IDLE1
4791 core=0 noop r=0 y=0 c0=IDLE0 c1=IDLE1
4792 core=0 tick r=1 y=3 c0=t192 c1=IDLE0
4793 core=1 resume t200 r=0 y=2 c0=t192 c1=t200
4794 core=1 takeb t200 6 r=1 y=0 c0=t192 c1=t200
4795 core=0 give_isr r=1 y=0 c0=t192 c1=t200
4796 core=0 give r=0 y=0 c0=t192 c1=t200
4797 core=0 suspend t200 r=0 y=2 c0=t192 c1=IDLE1
4798 core=0 takeb t192 3 r=1 y=0 c0=t192 c1=IDLE1
4799 core=0 noop r=0 y=0 c0=t192 c1=IDLE1
4800 core=0 delay t192 2 r=0 y=1 c0=IDLE0 c1=IDLE1
4801 core=1 noop r=0 y=0 c0=IDLE0 c1=IDLE1
4802 core=1 resume t200 r=0 y=2 c0=IDLE0 c1=t200
4803 core=1 prio t202 1 r=0 y=0 c0=IDLE0 c1=t200
4804 core=0 suspend t202 r=0 y=0 c0=IDLE0 c1=t200
4805 core=1 suspend t192 r=0 y=0 c0=IDLE0 c1=t200
4806 core=1 noop r=0 y=0 c0=IDLE0 c1=t200
4807 core=1 delay t200 4 r=0 y=2 c0=IDLE0 c1=IDLE1
4808 core=1 give r=1 y=0 c0=IDLE0 c1=IDLE1
4809 core=1 noop r=0 y=0 c0=IDLE0 c1=IDLE1
4810 core=1 give_isr r=0 y=0 c0=IDLE0 c1=IDLE1
4811 core=0 noop r=0 y=0 c0=IDLE0 c1=IDLE1
4812 core=0 create 6 t203 p3 r=1 y=2 c0=IDLE0 c1=t203
4813 core=0 give r=0 y=0 c0=IDLE0 c1=t203
4814 core=1 noop r=0 y=0 c0=IDLE0 c1=t203
4815 core=0 delete 9 t202 r=0 y=0 c0=IDLE0 c1=t203
4816 core=1 give_isr r=0 y=0 c0=IDLE0 c1=t203
4817 core=1 give_isr r=0 y=0 c0=IDLE0 c1=t203
4818 core=0 noop r=0 y=0 c0=IDLE0 c1=t203
4819 core=1 delay t203 2 r=0 y=2 c0=IDLE0 c1=IDLE1
4820 core=0 give r=0 y=0 c0=IDLE0 c1=IDLE1
4821 core=0 resume t192 r=0 y=2 c0=IDLE0 c1=t192
4822 core=0 give r=0 y=0 c0=IDLE0 c1=t192
4823 core=1 prio t200 2 r=0 y=0 c0=IDLE0 c1=t192
4824 core=0 give r=0 y=0 c0=IDLE0 c1=t192
4825 core=0 give_isr r=0 y=0 c0=IDLE0 c1=t192
4826 core=0 tick r=1 y=1 c0=IDLE1 c1=t192
4827 core=0 tick r=1 y=1 c0=t203 c1=t192
4828 core=0 take t203 r=1 y=0 c0=t203 c1=t192
4829 core=1 delete 0 t196 r=0 y=0 c0=t203 c1=t192
4830 core=0 create 8 t204 p0 r=1 y=0 c0=t203 c1=t192
4831 core=0 give_isr r=1 y=0 c0=t203 c1=t192
4832 core=0 tick r=0 y=0 c0=t203 c1=t192
4833 core=1 suspend t192 r=0 y=2 c0=t203 c1=IDLE0
4834 core=0 suspend t200 r=0 y=0 c0=t203 c1=IDLE0
4835 core=0 noop r=0 y=0 c0=t203 c1=IDLE0
4836 core=1 noop r=0 y=0 c0=t203 c1=IDLE0
4837 core=1 noop r=0 y=0 c0=t203 c1=IDLE0
4838 core=0 delay t203 3 r=0 y=1 c0=IDLE1 c1=IDLE0
4839 core=0 noop r=0 y=0 c0=IDLE1 c1=IDLE0
4840 core=1 resume t203 r=0 y=0 c0=IDLE1 c1=IDLE0
4841 core=1 prio t197 2 r=0 y=0 c0=IDLE1 c1=IDLE0
4842 core=1 suspend t197 r=0 y=0 c0=IDLE1 c1=IDLE0
4843 core=0 noop r=0 y=0 c0=IDLE1 c1=IDLE0
4844 core=1 noop r=0 y=0 c0=IDLE1 c1=IDLE0
4845 core=0 create 9 t205 p0 r=1 y=2 c0=IDLE1 c1=t204
4846 core=0 tick r=1 y=3 c0=t205 c1=IDLE0
4847 core=0 tick r=1 y=3 c0=IDLE1 c1=t204
4848 core=0 noop r=0 y=0 c0=IDLE1 c1=t204
4849 core=0 create 4 t206 p1 r=1 y=1 c0=t206 c1=t204
4850 core=1 give_isr r=0 y=0 c0=t206 c1=t204
4851 core=0 tick r=0 y=2 c0=t206 c1=t203
4852 core=1 prio t204 2 r=0 y=1 c0=t204 c1=t203
4853 core=1 noop r=0 y=0 c0=t204 c1=t203
4854 core=0 tick r=0 y=0 c0=t204 c1=t203
4855 core=0 tick r=0 y=0 c0=t204 c1=t203
4856 core=0 give_isr r=0 y=0 c0=t204 c1=t203
4857 core=0 delay t204 1 r=0 y=1 c0=t206 c1=t203
4858 core=0 yield r=0 y=1 c0=t206 c1=t203
4859 core=1 resume t204 r=0 y=0 c0=t206 c1=t203
4860 core=1 give_isr r=0 y=0 c0=t206 c1=t203
4861 core=0 delay t206 4 r=0 y=1 c0=t205 c1=t203
4862 core=0 create 5 t207 p0 r=1 y=0 c0=t205 c1=t203
4863 core=0 give_isr r=0 y=0 c0=t205 c1=t203
4864 core=1 suspend t205 r=0 y=1 c0=IDLE0 c1=t203
4865 core=1 noop r=0 y=0 c0=IDLE0 c1=t203
4866 core=1 resume t207 r=0 y=0 c0=IDLE0 c1=t203
4867 core=0 give r=0 y=0 c0=IDLE0 c1=t203
4868 core=0 noop r=0 y=0 c0=IDLE0 c1=t203
4869 core=1 prio t206 0 r=0 y=0 c0=IDLE0 c1=t203
4870 core=0 noop r=0 y=0 c0=IDLE0 c1=t203
4871 core=0 noop r=0 y=0 c0=IDLE0 c1=t203
4872 core=1 noop r=0 y=0 c0=IDLE0 c1=t203
4873 core=0 noop r=0 y=0 c0=IDLE0 c1=t203
4874 core=0 resume t204 r=0 y=0 c0=IDLE0 c1=t203
4875 core=1 resume t205 r=0 y=1 c0=IDLE1 c1=t203
4876 core=0 resume t192 r=0 y=1 c0=t192 c1=t203
4877 core=1 noop r=0 y=0 c0=t192 c1=t203
4878 core=0 give_isr r=0 y=0 c0=t192 c1=t203
4879 core=0 tick r=1 y=1 c0=t204 c1=t203
4880 core=0 prio t198 1 r=0 y=0 c0=t204 c1=t203
4881 core=1 prio t204 2 r=0 y=0 c0=t204 c1=t203
4882 core=1 suspend t206 r=0 y=0 c0=t204 c1=t203
4883 core=0 prio t206 2 r=0 y=0 c0=t204 c1=t203
4884 core=0 yield r=0 y=1 c0=t204 c1=t203
4885 core=1 give r=0 y=0 c0=t204 c1=t203
4886 core=1 give r=0 y=0 c0=t204 c1=t203
4887 core=0 noop r=0 y=0 c0=t204 c1=t203
4888 core=1 noop r=0 y=0 c0=t204 c1=t203
4889 core=0 delete 5 t207 r=0 y=0 c0=t204 c1=t203
4890 core=0 suspend t206 r=0 y=0 c0=t204 c1=t203
4891 core=1 noop r=0 y=0 c0=t204 c1=t203
4892 core=0 resume t203 r=0 y=0 c0=t204 c1=t203
4893 core=1 noop r=0 y=0 c0=t204 c1=t203
4894 core=1 resume t197 r=0 y=0 c0=t204 c1=t203
4895 core=1 give_isr r=0 y=0 c0=t204 c1=t203
4896 core=0 delay t204 1 r=0 y=1 c0=t197 c1=t203
4897 core=0 give r=0 y=0 c0=t197 c1=t203
4898 core=0 takeb t197 4 r=1 y=0 c0=t197 c1=t203
4899 core=1 suspend t205 r=0 y=0 c0=t197 c1=t203
4900 core=1 delay t203 5 r=0 y=2 c0=t197 c1=t192
4901 core=0 tick r=1 y=3 c0=t204 c1=t197
4902 core=1 prio t203 0 r=0 y=0 c0=t204 c1=t197
4903 core=0 tick r=1 y=3 c0=t204 c1=t197
4904 core=1 noop r=0 y=0 c0=t204 c1=t197
4905 core=1 noop r=0 y=0 c0=t204 c1=t197
4906 core=1 suspend t206 r=0 y=0 c0=t204 c1=t197
4907 core=1 delete 6 t203 r=0 y=0 c0=t204 c1=t197
4908 core=0 suspend t192 r=0 y=0 c0=t204 c1=t197
4909 core=1 prio t206 2 r=0 y=0 c0=t204 c1=t197
4910 core=1 noop r=0 y=0 c0=t204 c1=t197
4911 core=0 takeb t204 2 r=2 y=1 c0=IDLE0 c1=t197
4912 core=1 suspend t192 r=0 y=0 c0=IDLE0 c1=t197
4913 core=1 noop r=0 y=0 c0=IDLE0 c1=t197
4914 core=0 tick r=1 y=1 c0=IDLE1 c1=t197
4915 core=0 noop r=0 y=0 c0=IDLE1 c1=t197
4916 core=0 noop r=0 y=0 c0=IDLE1 c1=t197
4917 core=0 prio t200 3 r=0 y=0 c0=IDLE1 c1=t197
4918 core=0 noop r=0 y=0 c0=IDLE1 c1=t197
4919 core=0 noop r=0 y=0 c0=IDLE1 c1=t197
4920 core=0 suspend t206 r=0 y=0 c0=IDLE1 c1=t197
4921 core=1 delay t197 4 r=0 y=2 c0=IDLE1 c1=IDLE0
4922 core=0 tick r=1 y=3 c0=t204 c1=IDLE1
4923 core=1 noop r=0 y=0 c0=t204 c1=IDLE1
4924 core=0 cont t204 r=0 y=0 c0=t204 c1=IDLE1
4925 core=0 delay t204 5 r=0 y=1 c0=IDLE0 c1=IDLE1
4926 core=1 give_isr r=1 y=0 c0=IDLE0 c1=IDLE1
4927 core=1 prio t200 0 r=0 y=0 c0=IDLE0 c1=IDLE1
4928 core=1 noop r=0 y=0 c0=IDLE0 c1=IDLE1
4929 core=0 noop r=0 y=0 c0=IDLE0 c1=IDLE1
4930 core=0 noop r=0 y=0 c0=IDLE0 c1=IDLE1
4931 core=0 tick r=1 y=3 c0=IDLE0 c1=IDLE1
4932 core=1 prio t197 2 r=0 y=0 c0=IDLE0 c1=IDLE1
4933 core=1 prio t206 0 r=0 y=0 c0=IDLE0 c1=IDLE1
4934 core=1 noop r=0 y=0 c0=IDLE0 c1=IDLE1
4935 core=1 noop r=0 y=0 c0=IDLE0 c1=IDLE1
4936 core=0 tick r=1 y=3 c0=IDLE0 c1=IDLE1
4937 core=0 noop r=0 y=0 c0=IDLE0 c1=IDLE1
4938 core=0 prio t206 3 r=0 y=0 c0=IDLE0 c1=IDLE1
4939 core=0 tick r=1 y=3 c0=t197 c1=IDLE0
4940 core=1 prio t205 2 r=0 y=0 c0=t197 c1=IDLE0
4941 core=1 suspend t206 r=0 y=0 c0=t197 c1=IDLE0
4942 core=1 yield r=0 y=2 c0=t197 c1=IDLE1
4943 core=1 noop r=0 y=0 c0=t197 c1=IDLE1
4944 core=0 noop r=0 y=0 c0=t197 c1=IDLE1
4945 core=0 take t197 r=1 y=0 c0=t197 c1=IDLE1
4946 core=1 give_isr r=1 y=0 c0=t197 c1=IDLE1
4947 core=0 tick r=0 y=2 c0=t197 c1=IDLE0
4948 core=0 give_isr r=0 y=0 c0=t197 c1=IDLE0
4949 core=0 delay t197 3 r=0 y=1 c0=IDLE1 c1=IDLE0
4950 core=1 noop r=0 y=0 c0=IDLE1 c1=IDLE0
4951 core=1 resume t205 r=0 y=2 c0=IDLE1 c1=t205
4952 core=1 noop r=0 y=0 c0=IDLE1 c1=t205
4953 core=1 noop r=0 y=0 c0=IDLE1 c1=t205
4954 core=0 noop r=0 y=0 c0=IDLE1 c1=t205
4955 core=0 noop r=0 y=0 c0=IDLE1 c1=t205
4956 core=0 noop r=0 y=0 c0=IDLE1 c1=t205
4957 core=1 delay t205 2 r=0 y=2 c0=IDLE1 c1=IDLE0
4958 core=1 prio t206 1 r=0 y=0 c0=IDLE1 c1=IDLE0
4959 core=0 give r=0 y=0 c0=IDLE1 c1=IDLE0
4960 core=1 give_isr r=0 y=0 c0=IDLE1 c1=IDLE0
4961 core=0 tick r=1 y=3 c0=t204 c1=IDLE1
4962 core=1 noop r=0 y=0 c0=t204 c1=IDLE1
4963 core=1 noop r=0 y=0 c0=t204 c1=IDLE1
4964 core=1 suspend t206 r=0 y=0 c0=t204 c1=IDLE1
4965 core=0 tick r=1 y=3 c0=t205 c1=t204
4966 core=0 prio t205 2 r=0 y=0 c0=t205 c1=t204
4967 core=1 give r=0 y=0 c0=t205 c1=t204
4968 core=0 suspend t198 r=0 y=0 c0=t205 c1=t204
4969 core=0 give r=0 y=0 c0=t205 c1=t204
4970 core=0 create 6 t208 p0 r=1 y=0 c0=t205 c1=t204
4971 core=0 noop r=0 y=0 c0=t205 c1=t204
4972 core=1 suspend t204 r=0 y=2 c0=t205 c1=IDLE0
4973 core=1 prio t204 1 r=0 y=0 c0=t205 c1=IDLE0
4974 core=0 give_isr r=0 y=0 c0=t205 c1=IDLE0
4975 core=0 prio t206 2 r=0 y=0 c0=t205 c1=IDLE0
4976 core=0 tick r=1 y=3 c0=t197 c1=t205
4977 core=1 takeb t205 6 r=1 y=0 c0=t197 c1=t205
4978 core=0 resume t197 r=0 y=0 c0=t197 c1=t205
4979 core=0 give r=1 y=0 c0=t197 c1=t205
4980 core=0 give_isr r=0 y=0 c0=t197 c1=t205
4981 core=0 tick r=1 y=3 c0=t197 c1=t205
4982 core=0 tick r=1 y=3 c0=t197 c1=t205
4983 core=0 prio t200 3 r=0 y=0 c0=t197 c1=t205
4984 core=1 resume t205 r=0 y=0 c0=t197 c1=t205
4985 core=1 delay t205 2 r=0 y=2 c0=t197 c1=IDLE1
4986 core=0 take t197 r=1 y=0 c0=t197 c1=IDLE1
4987 core=1 give r=1 y=0 c0=t197 c1=IDLE1
4988 core=1 create 0 t209 p0 r=1 y=2 c0=t197 c1=t208
4989 core=0 takeb t197 4 r=1 y=0 c0=t197 c1=t208
4990 core=0 delete 0 t209 r=0 y=0 c0=t197 c1=t208
4991 core=0 tick r=0 y=2 c0=t197 c1=IDLE0
4992 core=0 prio t204 0 r=0 y=0 c0=t197 c1=IDLE0
4993 core=0 delay t197 3 r=0 y=1 c0=IDLE1 c1=IDLE0
4994 core=1 prio t192 0 r=0 y=0 c0=IDLE1 c1=IDLE0
4995 core=0 tick r=1 y=3 c0=t205 c1=t208
4996 core=0 tick r=0 y=2 c0=t205 c1=IDLE1
4997 core=1 suspend t206 r=0 y=0 c0=t205 c1=IDLE1
4998 core=0 prio t192 3 r=0 y=0 c0=t205 c1=IDLE1
4999 core=1 prio t198 1 r=0 y=0 c0=t205 c1=IDLE1
5000 core=1 give r=1 y=0 c0=t205 c1=IDLE1
5001 core=1 give r=0 y=0 c0=t205 c1=IDLE1
5002 core=0 resume t192 r=0 y=2 c0=t205 c1=t192
5003 core=1 takeb t192 2 r=1 y=0 c0=t205 c1=t192
5004 core=0 create 0 t210 p3 r=1 y=1 c0=t210 c1=t192
5005 core=1 delete 1 t200 r=0 y=0 c0=t210 c1=t192
5006 core=1 take t192 r=0 y=0 c0=t210 c1=t192
5007 core=0 prio t205 2 r=0 y=0 c0=t210 c1=t192
5008 core=0 resume t197 r=0 y=0 c0=t210 c1=t192
5009 core=1 delete 7 t192 r=0 y=2 c0=t210 c1=t205
5010 core=0 resume t197 r=0 y=0 c0=t210 c1=t205
5011 core=1 yield r=0 y=2 c0=t210 c1=t205
5012 core=0 give r=1 y=0 c0=t210 c1=t205
5013 core=0 resume t205 r=0 y=0 c0=t210 c1=t205
5014 core=0 prio t210 3 r=0 y=0 c0=t210 c1=t205
5015 core=0 give r=0 y=0 c0=t210 c1=t205
5016 core=1 noop r=0 y=0 c0=t210 c1=t205
5017 core=0 tick r=0 y=2 c0=t210 c1=t197
5018 core=0 suspend t205 r=0 y=0 c0=t210 c1=t197
5019 core=1 noop r=0 y=0 c0=t210 c1=t197
5020 core=1 delete 2 t197 r=0 y=2 c0=t210 c1=IDLE0
5021 core=0 resume t198 r=0 y=2 c0=t210 c1=t198
5022 core=1 give r=0 y=0 c0=t210 c1=t198
5023 core=0 give_isr r=0 y=0 c0=t210 c1=t198
5024 core=0 suspend t208 r=0 y=0 c0=t210 c1=t198
5025 core=0 delay t210 4 r=0 y=1 c0=IDLE1 c1=t198
5026 core=1 noop r=0 y=0 c0=IDLE1 c1=t198
5027 core=0 noop r=0 y=0 c0=IDLE1 c1=t198
5028 core=1 give r=0 y=0 c0=IDLE1 c1=t198
5029 core=0 prio t210 1 r=0 y=0 c0=IDLE1 c1=t198
5030 core=1 noop r=0 y=0 c0=IDLE1 c1=t198
5031 core=0 noop r=0 y=0 c0=IDLE1 c1=t198
5032 core=0 resume t198 r=0 y=0 c0=IDLE1 c1=t198
5033 core=1 noop r=0 y=0 c0=IDLE1 c1=t198
5034 core=0 suspend t204 r=0 y=0 c0=IDLE1 c1=t198
5035 core=1 takeb t198 5 r=1 y=0 c0=IDLE1 c1=t198
5036 core=0 noop r=0 y=0 c0=IDLE1 c1=t198
5037 core=0 give_isr r=1 y=0 c0=IDLE1 c1=t198
5038 core=1 give_isr r=0 y=0 c0=IDLE1 c1=t198
5039 core=0 noop r=0 y=0 c0=IDLE1 c1=t198
5040 core=0 noop r=0 y=0 c0=IDLE1 c1=t198
5041 core=0 create 2 t211 p2 r=1 y=1 c0=t211 c1=t198
5042 core=0 delay t211 2 r=0 y=1 c0=IDLE0 c1=t198
5043 core=0 noop r=0 y=0 c0=IDLE0 c1=t198
5044 core=0 tick r=1 y=1 c0=IDLE1 c1=t198
5045 core=1 take t198 r=1 y=0 c0=IDLE1 c1=t198
5046 core=0 noop r=0 y=0 c0=IDLE1 c1=t198
5047 core=1 suspend t204 r=0 y=0 c0=IDLE1 c1=t198
5048 core=1 delete 8 t204 r=0 y=0 c0=IDLE1 c1=t198
5049 core=0 noop r=0 y=0 c0=IDLE1 c1=t198
5050 core=1 suspend t211 r=0 y=0 c0=IDLE1 c1=t198
5051 core=0 noop r=0 y=0 c0=IDLE1 c1=t198
5052 core=0 prio t205 1 r=0 y=0 c0=IDLE1 c1=t198
5053 core=1 noop r=0 y=0 c0=IDLE1 c1=t198
5054 core=0 tick r=1 y=1 c0=IDLE0 c1=t198
5055 core=0 noop r=0 y=0 c0=IDLE0 c1=t198
5056 core=1 prio t205 2 r=0 y=0 c0=IDLE0 c1=t198
5057 core=0 noop r=0 y=0 c0=IDLE0 c1=t198
5058 core=1 noop r=0 y=0 c0=IDLE0 c1=t198
5059 core=1 noop r=0 y=0 c0=IDLE0 c1=t198
5060 core=0 noop r=0 y=0 c0=IDLE0 c1=t198
5061 core=0 prio t206 2 r=0 y=0 c0=IDLE0 c1=t198
5062 core=0 suspend t206 r=0 y=0 c0=IDLE0 c1=t198
5063 core=1 delay t198 5 r=0 y=2 c0=IDLE0 c1=IDLE1
5064 core=0 noop r=0 y=0 c0=IDLE0 c1=IDLE1
5065 core=1 noop r=0 y=0 c0=IDLE0 c1=IDLE1
5066 core=0 prio t210 3 r=0 y=0 c0=IDLE0 c1=IDLE1
5067 core=1 noop r=0 y=0 c0=IDLE0 c1=IDLE1
5068 core=0 give r=1 y=0 c0=IDLE0 c1=IDLE1
5069 core=0 tick r=1 y=3 c0=IDLE0 c1=IDLE1
5070 core=1 noop r=0 y=0 c0=IDLE0 c1=IDLE1
5071 core=0 give_isr r=0 y=0 c0=IDLE0 c1=IDLE1
5072 core=0 resume t205 r=0 y=2 c0=IDLE0 c1=t205
5073 core=0 tick r=1 y=1 c0=t210 c1=t205
5074 core=0 tick r=0 y=0 c0=t210 c1=t205
5075 core=0 yield r=0 y=1 c0=t210 c1=t205
5076 core=1 prio t206 1 r=0 y=0 c0=t210 c1=t205
5077 core=0 delay t210 1 r=0 y=1 c0=IDLE1 c1=t205
5078 core=1 suspend t210 r=0 y=0 c0=IDLE1 c1=t205
5079 core=1 give_isr r=0 y=0 c0=IDLE1 c1=t205
5080 core=0 tick r=1 y=1 c0=IDLE0 c1=t205
5081 core=0 noop r=0 y=0 c0=IDLE0 c1=t205
5082 core=0 noop r=0 y=0 c0=IDLE0 c1=t205
5083 core=0 noop r=0 y=0 c0=IDLE0 c1=t205
5084 core=0 prio t211 2 r=0 y=0 c0=IDLE0 c1=t205
5085 core=1 resume t205 r=0 y=0 c0=IDLE0 c1=t205
5086 core=0 noop r=0 y=0 c0=IDLE0 c1=t205
5087 core=1 noop r=0 y=0 c0=IDLE0 c1=t205
5088 core=1 yield r=0 y=2 c0=IDLE0 c1=t205
5089 core=1 noop r=0 y=0 c0=IDLE0 c1=t205
5090 core=0 prio t210 3 r=0 y=0 c0=IDLE0 c1=t205
5091 core=0 noop r=0 y=0 c0=IDLE0 c1=t205
5092 core=0 give_isr r=0 y=0 c0=IDLE0 c1=t205
5093 core=1 prio t211 3 r=0 y=0 c0=IDLE0 c1=t205
5094 core=0 yield r=0 y=1 c0=IDLE1 c1=t205
5095 core=0 noop r=0 y=0 c0=IDLE1 c1=t205
5096 core=1 resume t211 r=0 y=1 c0=t211 c1=t205
5097 core=1 resume t211 r=0 y=0 c0=t211 c1=t205
5098 core=0 give r=0 y=0 c0=t211 c1=t205
5099 core=0 noop r=0 y=0 c0=t211 c1=t205
5100 core=0 suspend t205 r=0 y=2 c0=t211 c1=IDLE0
5101 core=0 noop r=0 y=0 c0=t211 c1=IDLE0
5102 core=1 give_isr r=0 y=0 c0=t211 c1=IDLE0
5103 core=1 noop r=0 y=0 c0=t211 c1=IDLE0
5104 core=0 noop r=0 y=0 c0=t211 c1=IDLE0
5105 core=1 give r=0 y=0 c0=t211 c1=IDLE0
5106 core=1 suspend t206 r=0 y=0 c0=t211 c1=IDLE0
5107 core=1 noop r=0 y=0 c0=t211 c1=IDLE0
5108 core=0 tick r=0 y=2 c0=t211 c1=t198
5109 core=0 noop r=0 y=0 c0=t211 c1=t198
5110 core=1 prio t198 1 r=0 y=0 c0=t211 c1=t198
5111 core=0 suspend t206 r=0 y=0 c0=t211 c1=t198
5112 core=0 tick r=0 y=0 c0=t211 c1=t198
5113 core=1 noop r=0 y=0 c0=t211 c1=t198
5114 core=1 prio t211 2 r=0 y=1 c0=t211 c1=t198
5115 core=0 tick r=0 y=0 c0=t211 c1=t198
5116 core=0 prio t211 0 r=0 y=1 c0=IDLE1 c1=t198
5117 core=0 tick r=1 y=1 c0=IDLE0 c1=t198
5118 core=0 give r=0 y=0 c0=IDLE0 c1=t198
5119 core=0 delete 4 t206 r=0 y=0 c0=IDLE0 c1=t198
5120 core=0 noop r=0 y=0 c0=IDLE0 c1=t198
5121 core=0 noop r=0 y=0 c0=IDLE0 c1=t198
5122 core=1 give_isr r=0 y=0 c0=IDLE0 c1=t198
5123 core=1 delay t198 1 r=0 y=2 c0=IDLE0 c1=t211
5124 core=0 yield r=0 y=1 c0=IDLE1 c1=t211
5125 core=1 yield r=0 y=2 c0=IDLE1 c1=IDLE0
5126 core=0 noop r=0 y=0 c0=IDLE1 c1=IDLE0
5127 core=1 yield r=0 y=2 c0=IDLE1 c1=t211
5128 core=1 give_isr r=0 y=0 c0=IDLE1 c1=t211
5129 core=1 give_isr r=0 y=0 c0=IDLE1 c1=t211
5130 core=1 create 4 t212 p3 r=1 y=1 c0=t212 c1=t211
5131 core=1 prio t210 0 r=0 y=0 c0=t212 c1=t211
5132 core=1 noop r=0 y=0 c0=t212 c1=t211
5133 core=1 resume t205 r=0 y=2 c0=t212 c1=t205
5134 core=0 tick r=0 y=0 c0=t212 c1=t205
5135 core=0 tick r=0 y=0 c0=t212 c1=t205
5136 core=1 take t205 r=1 y=0 c0=t212 c1=t205
5137 core=1 noop r=0 y=0 c0=t212 c1=t205
5138 core=0 give_isr r=1 y=0 c0=t212 c1=t205
5139 core=0 noop r=0 y=0 c0=t212 c1=t205
5140 core=1 noop r=0 y=0 c0=t212 c1=t205
5141 core=1 noop r=0 y=0 c0=t212 c1=t205
5142 core=1 give r=0 y=0 c0=t212 c1=t205
5143 core=1 noop r=0 y=0 c0=t212 c1=t205
5144 core=0 noop r=0 y=0 c0=t212 c1=t205
5145 core=1 suspend t210 r=0 y=0 c0=t212 c1=t205
5146 core=0 resume t212 r=0 y=0 c0=t212 c1=t205
5147 core=0 prio t208 1 r=0 y=0 c0=t212 c1=t205
5148 core=0 suspend t210 r=0 y=0 c0=t212 c1=t205
5149 core=1 delay t205 4 r=0 y=2 c0=t212 c1=t198
5150 core=1 noop r=0 y=0 c0=t212 c1=t198
5151 core=1 noop r=0 y=0 c0=t212 c1=t198
5152 core=0 tick r=0 y=0 c0=t212 c1=t198
5153 core=0 takeb t212 1 r=1 y=0 c0=t212 c1=t198
5154 core=1 noop r=0 y=0 c0=t212 c1=t198
5155 core=0 delete 3 t198 r=0 y=2 c0=t212 c1=IDLE0
5156 core=0 prio t212 0 r=0 y=1 c0=IDLE1 c1=IDLE0
5157 core=1 give r=1 y=0 c0=IDLE1 c1=IDLE0
5158 core=1 noop r=0 y=0 c0=IDLE1 c1=IDLE0
5159 core=0 suspend t205 r=0 y=0 c0=IDLE1 c1=IDLE0
5160 core=1 noop r=0 y=0 c0=IDLE1 c1=IDLE0
5161 core=0 give_isr r=0 y=0 c0=IDLE1 c1=IDLE0
5162 core=0 noop r=0 y=0 c0=IDLE1 c1=IDLE0
5163 core=0 noop r=0 y=0 c0=IDLE1 c1=IDLE0
5164 core=0 noop r=0 y=0 c0=IDLE1 c1=IDLE0
5165 core=0 tick r=1 y=3 c0=t211 c1=t212
5166 core=1 give r=0 y=0 c0=t211 c1=t212
5167 core=1 suspend t205 r=0 y=0 c0=t211 c1=t212
5168 core=1 delay t212 3 r=0 y=2 c0=t211 c1=IDLE1
5169 core=1 yield r=0 y=2 c0=t211 c1=IDLE0
5170 core=1 give r=0 y=0 c0=t211 c1=IDLE0
5171 core=1 noop r=0 y=0 c0=t211 c1=IDLE0
5172 core=0 resume t205 r=0 y=2 c0=t211 c1=t205
5173 core=0 noop r=0 y=0 c0=t211 c1=t205
5174 core=0 give r=0 y=0 c0=t211 c1=t205
5175 core=0 delete 2 t211 r=0 y=1 c0=IDLE1 c1=t205
5176 core=0 prio t212 0 r=0 y=0 c0=IDLE1 c1=t205
5177 core=1 noop r=0 y=0 c0=IDLE1 c1=t205
5178 core=0 noop r=0 y=0 c0=IDLE1 c1=t205
5179 core=1 takeb t205 1 r=1 y=0 c0=IDLE1 c1=t205
5180 core=0 suspend t205 r=0 y=2 c0=IDLE1 c1=IDLE0
5181 core=1 noop r=0 y=0 c0=IDLE1 c1=IDLE0
5182 core=0 noop r=0 y=0 c0=IDLE1 c1=IDLE0
5183 core=0 suspend t205 r=0 y=0 c0=IDLE1 c1=IDLE0
5184 core=1 delete 9 t205 r=0 y=0 c0=IDLE1 c1=IDLE0
5185 core=0 noop r=0 y=0 c0=IDLE1 c1=IDLE0
5186 core=1 noop r=0 y=0 c0=IDLE1 c1=IDLE0
5187 core=0 create 7 t213 p3 r=1 y=2 c0=IDLE1 c1=t213
5188 core=1 noop r=0 y=0 c0=IDLE1 c1=t213
5189 core=0 noop r=0 y=0 c0=IDLE1 c1=t213
5190 core=0 noop r=0 y=0 c0=IDLE1 c1=t213
5191 core=0 tick r=1 y=1 c0=IDLE0 c1=t213
5192 core=0 noop r=0 y=0 c0=IDLE0 c1=t213
5193 core=0 tick r=1 y=1 c0=IDLE1 c1=t213
5194 core=1 noop r=0 y=0 c0=IDLE1 c1=t213
5195 core=0 give_isr r=1 y=0 c0=IDLE1 c1=t213
5196 core=0 give r=0 y=0 c0=IDLE1 c1=t213
5197 core=0 prio t210 0 r=0 y=0 c0=IDLE1 c1=t213
5198 core=0 give_isr r=0 y=0 c0=IDLE1 c1=t213
5199 core=1 give_isr r=0 y=0 c0=IDLE1 c1=t213
5200 core=0 noop r=0 y=0 c0=IDLE1 c1=t213
5201 core=0 create 9 t214 p1 r=1 y=1 c0=t214 c1=t213
5202 core=1 noop r=0 y=0 c0=t214 c1=t213
5203 core=1 prio t210 3 r=0 y=0 c0=t214 c1=t213
5204 core=1 give r=0 y=0 c0=t214 c1=t213
5205 core=0 noop r=0 y=0 c0=t214 c1=t213
5206 core=1 noop r=0 y=0 c0=t214 c1=t213
5207 core=1 noop r=0 y=0 c0=t214 c1=t213
5208 core=0 create 8 t215 p1 r=1 y=0 c0=t214 c1=t213
5209 core=0 noop r=0 y=0 c0=t214 c1=t213
5210 core=0 tick r=1 y=1 c0=t215 c1=t213
5211 core=0 yield r=0 y=1 c0=t214 c1=t213
5212 core=1 delay t213 1 r=0 y=2 c0=t214 c1=t215
5213 core=1 takeb t215 3 r=1 y=0 c0=t214 c1=t215
5214 core=1 noop r=0 y=0 c0=t214 c1=t215
5215 core=1 suspend t215 r=0 y=2 c0=t214 c1=IDLE0
5216 core=1 noop r=0 y=0 c0=t214 c1=IDLE0
5217 core=1 delete 4 t212 r=0 y=0 c0=t214 c1=IDLE0
5218 core=1 noop r=0 y=0 c0=t214 c1=IDLE0
5219 core=0 tick r=0 y=2 c0=t214 c1=t213
5220 core=0 noop r=0 y=0 c0=t214 c1=t213
5221 core=0 noop r=0 y=0 c0=t214 c1=t213
5222 core=1 takeb t213 5 r=2 y=2 c0=t214 c1=IDLE1
5223 core=1 give r=1 y=2 c0=t214 c1=t213
5224 core=0 yield r=0 y=1 c0=t214 c1=t213
5225 core=0 give r=0 y=0 c0=t214 c1=t213
5226 core=0 noop r=0 y=0 c0=t214 c1=t213
5227 core=0 yield r=0 y=1 c0=t214 c1=t213
5228 core=0 delete 0 t210 r=0 y=0 c0=t214 c1=t213
5229 core=0 takeb t214 1 r=1 y=0 c0=t214 c1=t213
5230 core=0 delay t214 1 r=0 y=1 c0=IDLE0 c1=t213
5231 core=0 give_isr r=1 y=0 c0=IDLE0 c1=t213
5232 core=1 cont t213 r=1 y=0 c0=IDLE0 c1=t213
5233 core=1 noop r=0 y=0 c0=IDLE0 c1=t213
5234 core=1 noop r=0 y=0 c0=IDLE0 c1=t213
5235 core=0 noop r=0 y=0 c0=IDLE0 c1=t213
5236 core=1 noop r=0 y=0 c0=IDLE0 c1=t213
5237 core=1 noop r=0 y=0 c0=IDLE0 c1=t213
5238 core=0 yield r=0 y=1 c0=IDLE1 c1=t213
5239 core=0 noop r=0 y=0 c0=IDLE1 c1=t213
5240 core=0 tick r=1 y=1 c0=t214 c1=t213
5241 core=1 delay t213 4 r=0 y=2 c0=t214 c1=IDLE0
5242 core=1 create 2 t216 p0 r=1 y=2 c0=t214 c1=IDLE1
5243 core=0 noop r=0 y=0 c0=t214 c1=IDLE1
5244 core=0 takeb t214 1 r=2 y=1 c0=t216 c1=IDLE1
5245 core=1 noop r=0 y=0 c0=t216 c1=IDLE1
5246 core=1 noop r=0 y=0 c0=t216 c1=IDLE1
5247 core=0 tick r=1 y=3 c0=t214 c1=IDLE0
5248 core=0 cont t214 r=0 y=0 c0=t214 c1=IDLE0
5249 core=0 delay t214 5 r=0 y=1 c0=t216 c1=IDLE0
5250 core=1 noop r=0 y=0 c0=t216 c1=IDLE0
5251 core=0 noop r=0 y=0 c0=t216 c1=IDLE0
5252 core=1 create 4 t217 p2 r=1 y=2 c0=t216 c1=t217
5253 core=0 tick r=1 y=1 c0=IDLE1 c1=t217
5254 core=1 noop r=0 y=0 c0=IDLE1 c1=t217
5255 core=1 noop r=0 y=0 c0=IDLE1 c1=t217
5256 core=0 resume t217 r=0 y=0 c0=IDLE1 c1=t217
5257 core=0 noop r=0 y=0 c0=IDLE1 c1=t217
5258 core=1 delay t217 5 r=0 y=2 c0=IDLE1 c1=IDLE0
5259 core=1 noop r=0 y=0 c0=IDLE1 c1=IDLE0
5260 core=0 noop r=0 y=0 c0=IDLE1 c1=IDLE0
5261 core=1 noop r=0 y=0 c0=IDLE1 c1=IDLE0
5262 core=0 noop r=0 y=0 c0=IDLE1 c1=IDLE0
5263 core=1 give r=1 y=0 c0=IDLE1 c1=IDLE0
5264 core=1 prio t216 1 r=0 y=2 c0=IDLE1 c1=t216
5265 core=0 tick r=1 y=1 c0=IDLE0 c1=t216
5266 core=1 give r=0 y=0 c0=IDLE0 c1=t216
5267 core=0 resume t215 r=0 y=1 c0=t215 c1=t216
5268 core=1 give r=0 y=0 c0=t215 c1=t216
5269 core=0 tick r=1 y=3 c0=t213 c1=t215
5270 core=0 take t213 r=1 y=0 c0=t213 c1=t215
5271 core=1 takeb t215 1 r=2 y=2 c0=t213 c1=t216
5272 core=0 delay t213 4 r=0 y=1 c0=IDLE1 c1=t216
5273 core=1 noop r=0 y=0 c0=IDLE1 c1=t216
5274 core=0 resume t214 r=0 y=0 c0=IDLE1 c1=t216
5275 core=1 noop r=0 y=0 c0=IDLE1 c1=t216
5276 core=0 give_isr r=1 y=1 c0=t215 c1=t216
5277 core=1 delay t216 1 r=0 y=2 c0=t215 c1=IDLE0
5278 core=0 cont t215 r=1 y=0 c0=t215 c1=IDLE0
5279 core=1 prio t217 3 r=0 y=0 c0=t215 c1=IDLE0
5280 core=1 prio t208 2 r=0 y=0 c0=t215 c1=IDLE0
5281 core=0 prio t208 0 r=0 y=0 c0=t215 c1=IDLE0
5282 core=0 give_isr r=1 y=0 c0=t215 c1=IDLE0
5283 core=0 delay t215 1 r=0 y=1 c0=IDLE1 c1=IDLE0
5284 core=0 give r=0 y=0 c0=IDLE1 c1=IDLE0
5285 core=1 delete 9 t214 r=0 y=0 c0=IDLE1 c1=IDLE0
5286 core=0 noop r=0 y=0 c0=IDLE1 c1=IDLE0
5287 core=1 yield r=0 y=2 c0=IDLE1 c1=IDLE0
5288 core=1 suspend t217 r=0 y=0 c0=IDLE1 c1=IDLE0
5289 core=0 tick r=1 y=3 c0=t216 c1=t215
5290 core=0 yield r=0 y=1 c0=t216 c1=t215
5291 core=1 noop r=0 y=0 c0=t216 c1=t215
5292 core=0 tick r=1 y=3 c0=t216 c1=t215
5293 core=0 noop r=0 y=0 c0=t216 c1=t215
5294 core=1 delete 4 t217 r=0 y=0 c0=t216 c1=t215
5295 core=1 noop r=0 y=0 c0=t216 c1=t215
5296 core=0 give_isr r=0 y=0 c0=t216 c1=t215
5297 core=1 prio t216 0 r=0 y=1 c0=IDLE1 c1=t215
5298 core=1 resume t215 r=0 y=0 c0=IDLE1 c1=t215
5299 core=0 prio t215 3 r=0 y=0 c0=IDLE1 c1=t215
5300 core=0 noop r=0 y=0 c0=IDLE1 c1=t215
5301 core=0 noop r=0 y=0 c0=IDLE1 c1=t215
5302 core=0 give_isr r=0 y=0 c0=IDLE1 c1=t215
5303 core=0 create 9 t218 p0 r=1 y=1 c0=IDLE0 c1=t215
5304 core=0 noop r=0 y=0 c0=IDLE0 c1=t215
5305 core=0 tick r=1 y=1 c0=t216 c1=t215
5306 core=1 create 4 t219 p2 r=1 y=1 c0=t219 c1=t215
5307 core=1 suspend t216 r=0 y=0 c0=t219 c1=t215
5308 core=1 take t215 r=1 y=0 c0=t219 c1=t215
5309 core=1 create 1 t220 p0 r=1 y=0 c0=t219 c1=t215
5310 core=1 create 5 t221 p2 r=1 y=0 c0=t219 c1=t215
5311 core=0 resume t218 r=0 y=0 c0=t219 c1=t215
5312 core=0 prio t208 1 r=0 y=0 c0=t219 c1=t215
5313 core=0 tick r=1 y=3 c0=t213 c1=t215
5314 core=0 tick r=1 y=3 c0=t213 c1=t215
5315 core=0 delay t213 2 r=0 y=1 c0=t221 c1=t215
5316 core=0 noop r=0 y=0 c0=t221 c1=t215
5317 core=1 delay t215 1 r=0 y=2 c0=t221 c1=t219
5318 core=1 noop r=0 y=0 c0=t221 c1=t219
5319 core=1 resume t220 r=0 y=0 c0=t221 c1=t219
5320 core=0 give_isr r=1 y=0 c0=t221 c1=t219
5321 core=0 noop r=0 y=0 c0=t221 c1=t219
5322 core=1 suspend t221 r=0 y=1 c0=t218 c1=t219
5323 core=1 noop r=0 y=0 c0=t218 c1=t219
5324 core=1 suspend t220 r=0 y=0 c0=t218 c1=t219
5325 core=1 noop r=0 y=0 c0=t218 c1=t219
5326 core=1 give r=0 y=0 c0=t218 c1=t219
5327 core=1 noop r=0 y=0 c0=t218 c1=t219
5328 core=1 give r=0 y=0 c0=t218 c1=t219
5329 core=1 prio t220 3 r=0 y=0 c0=t218 c1=t219
5330 core=0 prio t213 3 r=0 y=0 c0=t218 c1=t219
5331 core=1 create 0 t222 p2 r=1 y=1 c0=t222 c1=t219
5332 core=0 delete 0 t222 r=0 y=1 c0=IDLE1 c1=t219
5333 core=1 suspend t221 r=0 y=0 c0=IDLE1 c1=t219
5334 core=0 tick r=1 y=1 c0=t215 c1=t219
5335 core=0 noop r=0 y=0 c0=t215 c1=t219
5336 core=0 prio t215 3 r=0 y=0 c0=t215 c1=t219
5337 core=0 resume t218 r=0 y=0 c0=t215 c1=t219
5338 core=0 tick r=1 y=3 c0=t213 c1=t215
5339 core=0 take t213 r=1 y=0 c0=t213 c1=t215
5340 core=0 delay t213 5 r=0 y=1 c0=t219 c1=t215
5341 core=0 give r=1 y=0 c0=t219 c1=t215
5342 core=0 give r=0 y=0 c0=t219 c1=t215
5343 core=0 give_isr r=0 y=0 c0=t219 c1=t215
5344 core=0 take t219 r=1 y=0 c0=t219 c1=t215
5345 core=0 noop r=0 y=0 c0=t219 c1=t215
5346 core=1 delay t215 1 r=0 y=2 c0=t219 c1=IDLE0
5347 core=0 noop r=0 y=0 c0=t219 c1=IDLE0
5348 core=1 resume t219 r=0 y=0 c0=t219 c1=IDLE0
5349 core=1 resume t215 r=0 y=0 c0=t219 c1=IDLE0
5350 core=0 delete 8 t215 r=0 y=0 c0=t219 c1=IDLE0
5351 core=1 delete 7 t213 r=0 y=0 c0=t219 c1=IDLE0
5352 core=1 noop r=0 y=0 c0=t219 c1=IDLE0
5353 core=1 noop r=0 y=0 c0=t219 c1=IDLE0
5354 core=1 noop r=0 y=0 c0=t219 c1=IDLE0
5355 core=0 noop r=0 y=0 c0=t219 c1=IDLE0
5356 core=0 tick r=0 y=2 c0=t219 c1=t218
5357 core=0 noop r=0 y=0 c0=t219 c1=t218
5358 core=0 prio t220 0 r=0 y=0 c0=t219 c1=t218
5359 core=0 resume t208 r=0 y=2 c0=t219 c1=t208
5360 core=1 noop r=0 y=0 c0=t219 c1=t208
5361 core=0 give r=1 y=0 c0=t219 c1=t208
5362 core=1 delay t208 2 r=0 y=2 c0=t219 c1=IDLE1
5363 core=0 take t219 r=1 y=0 c0=t219 c1=IDLE1
5364 core=0 tick r=0 y=2 c0=t219 c1=IDLE0
5365 core=0 noop r=0 y=0 c0=t219 c1=IDLE0
5366 core=1 create 8 t223 p0 r=1 y=2 c0=t219 c1=t218
5367 core=0 noop r=0 y=0 c0=t219 c1=t218
5368 core=1 prio t221 2 r=0 y=0 c0=t219 c1=t218
5369 core=0 suspend t220 r=0 y=0 c0=t219 c1=t218
5370 core=0 tick r=0 y=2 c0=t219 c1=t208
5371 core=0 delay t219 3 r=0 y=1 c0=IDLE1 c1=t208
5372 core=0 yield r=0 y=1 c0=t223 c1=t208
5373 core=0 give_isr r=1 y=0 c0=t223 c1=t208
5374 core=0 resume t220 r=0 y=0 c0=t223 c1=t208
5375 core=1 resume t216 r=0 y=0 c0=t223 c1=t208
5376 core=1 delay t208 5 r=0 y=2 c0=t223 c1=IDLE0
5377 core=0 give r=0 y=0 c0=t223 c1=IDLE0
5378 core=1 noop r=0 y=0 c0=t223 c1=IDLE0
5379 core=1 resume t221 r=0 y=2 c0=t223 c1=t221
5380 core=1 suspend t218 r=0 y=0 c0=t223 c1=t221
5381 core=0 create 7 t224 p3 r=1 y=1 c0=t224 c1=t221
5382 core=0 suspend t220 r=0 y=0 c0=t224 c1=t221
5383 core=0 take t224 r=1 y=0 c0=t224 c1=t221
5384 core=0 create 3 t225 p3 r=1 y=2 c0=t224 c1=t225
5385 core=1 noop r=0 y=0 c0=t224 c1=t225
5386 core=0 resume t216 r=0 y=0 c0=t224 c1=t225
5387 core=1 noop r=0 y=0 c0=t224 c1=t225
5388 core=1 prio t220 2 r=0 y=0 c0=t224 c1=t225
5389 core=0 give r=1 y=0 c0=t224 c1=t225
5390 core=1 delay t225 5 r=0 y=2 c0=t224 c1=t221
5391 core=1 take t221 r=1 y=0 c0=t224 c1=t221
5392 core=0 give r=1 y=0 c0=t224 c1=t221
5393 core=1 resume t216 r=0 y=0 c0=t224 c1=t221
5394 core=1 prio t221 0 r=0 y=2 c0=t224 c1=IDLE1
5395 core=0 delete 5 t221 r=0 y=0 c0=t224 c1=IDLE1
5396 core=0 noop r=0 y=0 c0=t224 c1=IDLE1
5397 core=1 noop r=0 y=0 c0=t224 c1=IDLE1
5398 core=1 give r=0 y=0 c0=t224 c1=IDLE1
5399 core=0 resume t220 r=0 y=2 c0=t224 c1=t220
5400 core=0 prio t225 2 r=0 y=0 c0=t224 c1=t220
5401 core=1 prio t223 1 r=0 y=0 c0=t224 c1=t220
5402 core=1 take t220 r=1 y=0 c0=t224 c1=t220
5403 core=1 give_isr r=1 y=0 c0=t224 c1=t220
5404 core=1 resume t225 r=0 y=0 c0=t224 c1=t220
5405 core=1 noop r=0 y=0 c0=t224 c1=t220
5406 core=1 delay t220 2 r=0 y=2 c0=t224 c1=t223
5407 core=0 delay t224 4 r=0 y=1 c0=t216 c1=t223
5408 core=1 suspend t223 r=0 y=2 c0=t216 c1=IDLE0
5409 core=0 delay t216 5 r=0 y=1 c0=IDLE1 c1=IDLE0
5410 core=1 noop r=0 y=0 c0=IDLE1 c1=IDLE0
5411 core=0 tick r=1 y=3 c0=IDLE1 c1=IDLE0
5412 core=1 noop r=0 y=0 c0=IDLE1 c1=IDLE0
5413 core=1 suspend t208 r=0 y=0 c0=IDLE1 c1=IDLE0
5414 core=0 prio t218 2 r=0 y=0 c0=IDLE1 c1=IDLE0
5415 core=0 delete 7 t224 r=0 y=0 c0=IDLE1 c1=IDLE0
5416 core=0 prio t220 0 r=0 y=0 c0=IDLE1 c1=IDLE0
5417 core=0 delete 9 t218 r=0 y=0 c0=IDLE1 c1=IDLE0
5418 core=1 give r=0 y=0 c0=IDLE1 c1=IDLE0
5419 core=0 noop r=0 y=0 c0=IDLE1 c1=IDLE0
5420 core=0 tick r=1 y=3 c0=t220 c1=IDLE1
5421 core=0 tick r=1 y=3 c0=t219 c1=IDLE0
5422 core=0 noop r=0 y=0 c0=t219 c1=IDLE0
5423 core=0 give r=0 y=0 c0=t219 c1=IDLE0
5424 core=1 noop r=0 y=0 c0=t219 c1=IDLE0
5425 core=1 noop r=0 y=0 c0=t219 c1=IDLE0
5426 core=0 tick r=0 y=2 c0=t219 c1=t220
5427 core=1 noop r=0 y=0 c0=t219 c1=t220
5428 core=1 noop r=0 y=0 c0=t219 c1=t220
5429 core=0 noop r=0 y=0 c0=t219 c1=t220
5430 core=1 delay t220 2 r=0 y=2 c0=t219 c1=IDLE1
5431 core=0 delay t219 1 r=0 y=1 c0=IDLE0 c1=IDLE1
5432 core=0 give_isr r=0 y=0 c0=IDLE0 c1=IDLE1
5433 core=1 noop r=0 y=0 c0=IDLE0 c1=IDLE1
5434 core=1 noop r=0 y=0 c0=IDLE0 c1=IDLE1
5435 core=0 noop r=0 y=0 c0=IDLE0 c1=IDLE1
5436 core=0 noop r=0 y=0 c0=IDLE0 c1=IDLE1
5437 core=0 prio t223 2 r=0 y=0 c0=IDLE0 c1=IDLE1
5438 core=1 prio t216 3 r=0 y=0 c0=IDLE0 c1=IDLE1
5439 core=1 noop r=0 y=0 c0=IDLE0 c1=IDLE1
5440 core=0 prio t223 0 r=0 y=0 c0=IDLE0 c1=IDLE1
5441 core=1 prio t219 1 r=0 y=0 c0=IDLE0 c1=IDLE1
5442 core=0 noop r=0 y=0 c0=IDLE0 c1=IDLE1
5443 core=0 prio t220 3 r=0 y=0 c0=IDLE0 c1=IDLE1
5444 core=1 give_isr r=0 y=0 c0=IDLE0 c1=IDLE1
5445 core=0 suspend t208 r=0 y=0 c0=IDLE0 c1=IDLE1
5446 core=1 give r=0 y=0 c0=IDLE0 c1=IDLE1
5447 core=0 resume t208 r=0 y=2 c0=IDLE0 c1=t208
5448 core=0 noop r=0 y=0 c0=IDLE0 c1=t208
5449 core=0 noop r=0 y=0 c0=IDLE0 c1=t208
5450 core=0 suspend t223 r=0 y=0 c0=IDLE0 c1=t208
5451 core=0 noop r=0 y=0 c0=IDLE0 c1=t208
5452 core=0 noop r=0 y=0 c0=IDLE0 c1=t208
5453 core=1 prio t208 2 r=0 y=0 c0=IDLE0 c1=t208
5454 core=1 noop r=0 y=0 c0=IDLE0 c1=t208
5455 core=0 tick r=1 y=3 c0=t216 c1=t225
5456 core=1 resume t223 r=0 y=0 c0=t216 c1=t225
5457 core=0 tick r=1 y=3 c0=t220 c1=t216
5458 core=1 delay t216 5 r=0 y=2 c0=t220 c1=t208
5459 core=1 give r=0 y=0 c0=t220 c1=t208
5460 core=0 tick r=0 y=2 c0=t220 c1=t225
5461 core=0 tick r=0 y=2 c0=t220 c1=t208
5462 core=1 noop r=0 y=0 c0=t220 c1=t208
5463 core=1 give_isr r=0 y=0 c0=t220 c1=t208
5464 core=0 delete 1 t220 r=0 y=1 c0=t225 c1=t208
5465 core=0 noop r=0 y=0 c0=t225 c1=t208
5466 core=0 give_isr r=0 y=0 c0=t225 c1=t208
5467 core=0 noop r=0 y=0 c0=t225 c1=t208
5468 core=1 give_isr r=0 y=0 c0=t225 c1=t208
5469 core=0 noop r=0 y=0 c0=t225 c1=t208
5470 core=0 noop r=0 y=0 c0=t225 c1=t208
5471 core=0 delay t225 3 r=0 y=1 c0=t219 c1=t208
5472 core=0 delay t219 3 r=0 y=1 c0=IDLE1 c1=t208
5473 core=0 give r=0 y=0 c0=IDLE1 c1=t208
5474 core=1 noop r=0 y=0 c0=IDLE1 c1=t208
5475 core=0 noop r=0 y=0 c0=IDLE1 c1=t208
5476 core=0 tick r=1 y=1 c0=IDLE0 c1=t208
5477 core=0 tick r=1 y=1 c0=t223 c1=t208
5478 core=1 give_isr r=0 y=0 c0=t223 c1=t208
5479 core=1 noop r=0 y=0 c0=t223 c1=t208
5480 core=1 create 0 t226 p2 r=1 y=1 c0=t226 c1=t208
5481 core=0 delay t226 2 r=0 y=1 c0=IDLE1 c1=t208
5482 core=1 resume t226 r=0 y=0 c0=IDLE1 c1=t208
5483 core=1 noop r=0 y=0 c0=IDLE1 c1=t208
5484 core=0 noop r=0 y=0 c0=IDLE1 c1=t208
5485 core=1 prio t219 0 r=0 y=0 c0=IDLE1 c1=t208
5486 core=1 noop r=0 y=0 c0=IDLE1 c1=t208
5487 core=0 give r=0 y=0 c0=IDLE1 c1=t208
5488 core=1 give r=0 y=0 c0=IDLE1 c1=t208
5489 core=0 noop r=0 y=0 c0=IDLE1 c1=t208
5490 core=1 noop r=0 y=0 c0=IDLE1 c1=t208
5491 core=0 give r=0 y=0 c0=IDLE1 c1=t208
5492 core=0 noop r=0 y=0 c0=IDLE1 c1=t208
5493 core=0 prio t208 1 r=0 y=2 c0=IDLE1 c1=t208
5494 core=0 noop r=0 y=0 c0=IDLE1 c1=t208
5495 core=0 give r=0 y=0 c0=IDLE1 c1=t208
5496 core=1 suspend t208 r=0 y=2 c0=IDLE1 c1=IDLE0
5497 core=0 tick r=1 y=3 c0=t216 c1=t225
5498 core=0 noop r=0 y=0 c0=t216 c1=t225
5499 core=0 tick r=0 y=2 c0=t216 c1=t226
5500 core=0 give_isr r=0 y=0 c0=t216 c1=t226
5501 core=1 resume t216 r=0 y=0 c0=t216 c1=t226
5502 core=1 suspend t208 r=0 y=0 c0=t216 c1=t226
5503 core=0 noop r=0 y=0 c0=t216 c1=t226
5504 core=1 takeb t226 6 r=1 y=0 c0=t216 c1=t226
5505 core=0 delay t216 1 r=0 y=1 c0=t225 c1=t226
5506 core=0 delete 6 t208 r=0 y=0 c0=t225 c1=t226
5507 core=0 tick r=1 y=3 c0=t216 c1=t225
5508 core=0 resume t226 r=0 y=0 c0=t216 c1=t225
5509 core=1 noop r=0 y=0 c0=t216 c1=t225
5510 core=0 tick r=0 y=2 c0=t216 c1=t226
5511 core=0 noop r=0 y=0 c0=t216 c1=t226
5512 core=1 noop r=0 y=0 c0=t216 c1=t226
5513 core=1 noop r=0 y=0 c0=t216 c1=t226
5514 core=1 noop r=0 y=0 c0=t216 c1=t226
5515 core=1 noop r=0 y=0 c0=t216 c1=t226
5516 core=1 delay t226 1 r=0 y=2 c0=t216 c1=t225
5517 core=0 delete 8 t223 r=0 y=0 c0=t216 c1=t225
5518 core=1 takeb t225 2 r=2 y=2 c0=t216 c1=t219
5519 core=0 takeb t216 3 r=2 y=1 c0=IDLE1 c1=t219
5520 core=0 resume t225 r=0 y=0 c0=IDLE1 c1=t219
5521 core=0 suspend t225 r=0 y=0 c0=IDLE1 c1=t219
5522 core=1 resume t216 r=0 y=0 c0=IDLE1 c1=t219
5523 core=1 noop r=0 y=0 c0=IDLE1 c1=t219
5524 core=0 noop r=0 y=0 c0=IDLE1 c1=t219
5525 core=1 give r=1 y=1 c0=t216 c1=t219
5526 core=0 tick r=0 y=2 c0=t216 c1=t226
5527 core=0 cont t216 r=1 y=0 c0=t216 c1=t226
5528 core=0 noop r=0 y=0 c0=t216 c1=t226
5529 core=0 delay t216 3 r=0 y=1 c0=IDLE0 c1=t226
5530 core=0 noop r=0 y=0 c0=IDLE0 c1=t226
5531 core=1 noop r=0 y=0 c0=IDLE0 c1=t226
5532 core=0 create 8 t227 p0 r=1 y=1 c0=IDLE1 c1=t226
5533 core=1 give r=1 y=0 c0=IDLE1 c1=t226
5534 core=0 noop r=0 y=0 c0=IDLE1 c1=t226
5535 core=1 suspend t225 r=0 y=0 c0=IDLE1 c1=t226
5536 core=0 noop r=0 y=0 c0=IDLE1 c1=t226
5537 core=1 suspend t216 r=0 y=0 c0=IDLE1 c1=t226
5538 core=1 noop r=0 y=0 c0=IDLE1 c1=t226
5539 core=1 delay t226 5 r=0 y=2 c0=IDLE1 c1=t219
5540 core=1 give r=0 y=0 c0=IDLE1 c1=t219
5541 core=1 noop r=0 y=0 c0=IDLE1 c1=t219
5542 core=1 noop r=0 y=0 c0=IDLE1 c1=t219
5543 core=1 takeb t219 1 r=1 y=0 c0=IDLE1 c1=t219
5544 core=1 noop r=0 y=0 c0=IDLE1 c1=t219
5545 core=0 noop r=0 y=0 c0=IDLE1 c1=t219
5546 core=1 noop r=0 y=0 c0=IDLE1 c1=t219
5547 core=0 tick r=1 y=3 c0=t227 c1=IDLE0
5548 core=1 suspend t227 r=0 y=1 c0=IDLE1 c1=IDLE0
5549 core=0 create 1 t228 p0 r=1 y=2 c0=IDLE1 c1=t219
5550 core=0 prio t219 3 r=0 y=0 c0=IDLE1 c1=t219
5551 core=0 give r=1 y=0 c0=IDLE1 c1=t219
5552 core=1 delete 4 t219 r=0 y=2 c0=IDLE1 c1=t228
5553 core=0 noop r=0 y=0 c0=IDLE1 c1=t228
5554 core=0 resume t226 r=0 y=0 c0=IDLE1 c1=t228
5555 core=0 noop r=0 y=0 c0=IDLE1 c1=t228
5556 core=1 prio t226 2 r=0 y=0 c0=IDLE1 c1=t228
5557 core=0 resume t227 r=0 y=1 c0=IDLE0 c1=t228
5558 core=0 tick r=1 y=3 c0=t227 c1=IDLE1
5559 core=1 noop r=0 y=0 c0=t227 c1=IDLE1
5560 core=0 noop r=0 y=0 c0=t227 c1=IDLE1
5561 core=1 noop r=0 y=0 c0=t227 c1=IDLE1
5562 core=0 suspend t228 r=0 y=0 c0=t227 c1=IDLE1
5563 core=0 noop r=0 y=0 c0=t227 c1=IDLE1
5564 core=1 prio t216 2 r=0 y=0 c0=t227 c1=IDLE1
5565 core=0 delete 1 t228 r=0 y=0 c0=t227 c1=IDLE1
5566 core=0 give r=0 y=0 c0=t227 c1=IDLE1
5567 core=1 noop r=0 y=0 c0=t227 c1=IDLE1
5568 core=0 takeb t227 6 r=1 y=0 c0=t227 c1=IDLE1
5569 core=1 noop r=0 y=0 c0=t227 c1=IDLE1
5570 core=0 takeb t227 3 r=2 y=1 c0=IDLE0 c1=IDLE1
5571 core=0 noop r=0 y=0 c0=IDLE0 c1=IDLE1
5572 core=0 noop r=0 y=0 c0=IDLE0 c1=IDLE1
5573 core=1 noop r=0 y=0 c0=IDLE0 c1=IDLE1
5574 core=1 noop r=0 y=0 c0=IDLE0 c1=IDLE1
5575 core=0 noop r=0 y=0 c0=IDLE0 c1=IDLE1
5576 core=0 create 7 t229 p3 r=1 y=2 c0=IDLE0 c1=t229
5577 core=0 tick r=1 y=1 c0=IDLE1 c1=t229
5578 core=0 tick r=1 y=1 c0=IDLE0 c1=t229
5579 core=0 tick r=1 y=1 c0=t226 c1=t229
5580 core=1 delete 0 t226 r=0 y=1 c0=IDLE1 c1=t229
5581 core=1 noop r=0 y=0 c0=IDLE1 c1=t229
5582 core=1 delay t229 5 r=0 y=2 c0=IDLE1 c1=t227
5583 core=1 cont t227 r=0 y=0 c0=IDLE1 c1=t227
5584 core=1 give_isr r=1 y=0 c0=IDLE1 c1=t227
5585 core=0 noop r=0 y=0 c0=IDLE1 c1=t227
5586 core=0 tick r=1 y=3 c0=IDLE0 c1=IDLE1
5587 core=1 noop r=0 y=0 c0=IDLE0 c1=IDLE1
5588 core=0 tick r=1 y=3 c0=t227 c1=IDLE0
5589 core=0 noop r=0 y=0 c0=t227 c1=IDLE0
5590 core=0 tick r=1 y=3 c0=IDLE1 c1=t227
5591 core=0 tick r=1 y=3 c0=IDLE0 c1=IDLE1
5592 core=0 give_isr r=0 y=0 c0=IDLE0 c1=IDLE1
5593 core=1 suspend t225 r=0 y=0 c0=IDLE0 c1=IDLE1
5594 core=0 tick r=1 y=3 c0=t229 c1=t227
5595 core=1 noop r=0 y=0 c0=t229 c1=t227
5596 core=0 give_isr r=0 y=0 c0=t229 c1=t227
5597 core=1 give r=0 y=0 c0=t229 c1=t227
5598 core=0 delay t229 4 r=0 y=1 c0=IDLE0 c1=t227
5599 core=0 give r=0 y=0 c0=IDLE0 c1=t227
5600 core=0 yield r=0 y=1 c0=IDLE1 c1=t227
5601 core=0 create 0 t230 p2 r=1 y=1 c0=t230 c1=t227
5602 core=0 tick r=0 y=2 c0=t230 c1=IDLE0
5603 core=0 create 4 t231 p3 r=1 y=2 c0=t230 c1=t231
5604 core=0 give r=0 y=0 c0=t230 c1=t231
5605 core=0 noop r=0 y=0 c0=t230 c1=t231
5606 core=1 noop r=0 y=0 c0=t230 c1=t231
5607 core=0 suspend t225 r=0 y=0 c0=t230 c1=t231
5608 core=0 prio t225 3 r=0 y=0 c0=t230 c1=t231
5609 core=0 tick r=0 y=0 c0=t230 c1=t231
5610 core=0 noop r=0 y=0 c0=t230 c1=t231
5611 core=0 tick r=0 y=0 c0=t230 c1=t231
5612 core=1 delay t231 1 r=0 y=2 c0=t230 c1=IDLE1
5613 core=1 noop r=0 y=0 c0=t230 c1=IDLE1
5614 core=0 take t230 r=1 y=0 c0=t230 c1=IDLE1
5615 core=1 noop r=0 y=0 c0=t230 c1=IDLE1
5616 core=0 noop r=0 y=0 c0=t230 c1=IDLE1
5617 core=1 noop r=0 y=0 c0=t230 c1=IDLE1
5618 core=0 tick r=1 y=3 c0=t229 c1=t231
5619 core=0 noop r=0 y=0 c0=t229 c1=t231
5620 core=0 noop r=0 y=0 c0=t229 c1=t231
5621 core=1 give_isr r=1 y=0 c0=t229 c1=t231
5622 core=1 noop r=0 y=0 c0=t229 c1=t231
5623 core=1 noop r=0 y=0 c0=t229 c1=t231
5624 core=1 prio t216 3 r=0 y=0 c0=t229 c1=t231
5625 core=1 resume t229 r=0 y=0 c0=t229 c1=t231
5626 core=0 resume t216 r=0 y=0 c0=t229 c1=t231
5627 core=1 give r=0 y=0 c0=t229 c1=t231
5628 core=1 noop r=0 y=0 c0=t229 c1=t231
5629 core=1 suspend t225 r=0 y=0 c0=t229 c1=t231
5630 core=1 suspend t225 r=0 y=0 c0=t229 c1=t231
5631 core=1 create 6 t232 p2 r=1 y=0 c0=t229 c1=t231
5632 core=0 resume t232 r=0 y=0 c0=t229 c1=t231
5633 core=0 resume t232 r=0 y=0 c0=t229 c1=t231
5634 core=0 delay t229 5 r=0 y=1 c0=t216 c1=t231
5635 core=0 delete 3 t225 r=0 y=0 c0=t216 c1=t231
5636 core=1 take t231 r=1 y=0 c0=t216 c1=t231
5637 core=1 noop r=0 y=0 c0=t216 c1=t231
5638 core=0 noop r=0 y=0 c0=t216 c1=t231
5639 core=1 yield r=0 y=2 c0=t216 c1=t231
5640 core=1 give r=1 y=0 c0=t216 c1=t231
5641 core=1 delete 8 t227 r=0 y=0 c0=t216 c1=t231
5642 core=1 noop r=0 y=0 c0=t216 c1=t231
5643 core=1 give_isr r=0 y=0 c0=t216 c1=t231
5644 core=1 resume t231 r=0 y=0 c0=t216 c1=t231
5645 core=0 take t216 r=1 y=0 c0=t216 c1=t231
5646 core=0 noop r=0 y=0 c0=t216 c1=t231
5647 core=0 tick r=1 y=3 c0=t216 c1=t231
5648 core=0 give_isr r=1 y=0 c0=t216 c1=t231
5649 core=1 resume t230 r=0 y=0 c0=t216 c1=t231
5650 core=0 create 3 t233 p3 r=1 y=0 c0=t216 c1=t231
5651 core=0 create 1 t234 p3 r=1 y=0 c0=t216 c1=t231
5652 core=1 resume t231 r=0 y=0 c0=t216 c1=t231
5653 core=0 delay t216 1 r=0 y=1 c0=t233 c1=t231
5654 core=0 suspend t229 r=0 y=0 c0=t233 c1=t231
5655 core=0 tick r=1 y=3 c0=t234 c1=t216
5656 core=1 give r=0 y=0 c0=t234 c1=t216
5657 core=1 delay t216 2 r=0 y=2 c0=t234 c1=t233
5658 core=0 noop r=0 y=0 c0=t234 c1=t233
5659 core=1 resume t233 r=0 y=0 c0=t234 c1=t233
5660 core=1 noop r=0 y=0 c0=t234 c1=t233
5661 core=0 tick r=1 y=3 c0=t231 c1=t234
5662 core=1 prio t216 1 r=0 y=0 c0=t231 c1=t234
5663 core=1 give_isr r=0 y=0 c0=t231 c1=t234
5664 core=1 noop r=0 y=0 c0=t231 c1=t234
5665 core=1 give r=0 y=0 c0=t231 c1=t234
5666 core=0 give_isr r=0 y=0 c0=t231 c1=t234
5667 core=1 resume t216 r=0 y=0 c0=t231 c1=t234
5668 core=0 take t231 r=1 y=0 c0=t231 c1=t234
5669 core=1 suspend t233 r=0 y=0 c0=t231 c1=t234
5670 core=1 resume t216 r=0 y=0 c0=t231 c1=t234
5671 core=1 create 8 t235 p2 r=1 y=0 c0=t231 c1=t234
5672 core=1 noop r=0 y=0 c0=t231 c1=t234
5673 core=1 delete 0 t230 r=0 y=0 c0=t231 c1=t234
5674 core=0 tick r=1 y=3 c0=t231 c1=t234
5675 core=0 give_isr r=1 y=0 c0=t231 c1=t234
5676 core=0 give r=0 y=0 c0=t231 c1=t234
5677 core=0 suspend t216 r=0 y=0 c0=t231 c1=t234
5678 core=0 give_isr r=0 y=0 c0=t231 c1=t234
5679 core=1 takeb t234 1 r=1 y=0 c0=t231 c1=t234
5680 core=0 delay t231 5 r=0 y=1 c0=t232 c1=t234
5681 core=0 noop r=0 y=0 c0=t232 c1=t234
5682 core=0 delete 6 t232 r=0 y=1 c0=t235 c1=t234
5683 core=1 noop r=0 y=0 c0=t235 c1=t234
5684 core=1 suspend t231 r=0 y=0 c0=t235 c1=t234
5685 core=0 delay t235 1 r=0 y=1 c0=IDLE0 c1=t234
5686 core=1 noop r=0 y=0 c0=IDLE0 c1=t234
5687 core=0 noop r=0 y=0 c0=IDLE0 c1=t234
5688 core=1 suspend t233 r=0 y=0 c0=IDLE0 c1=t234
5689 core=1 suspend t233 r=0 y=0 c0=IDLE0 c1=t234
5690 core=1 noop r=0 y=0 c0=IDLE0 c1=t234
5691 core=1 noop r=0 y=0 c0=IDLE0 c1=t234
5692 core=0 noop r=0 y=0 c0=IDLE0 c1=t234
5693 core=1 resume t229 r=0 y=1 c0=t229 c1=t234
5694 core=0 delay t229 1 r=0 y=1 c0=IDLE1 c1=t234
5695 core=1 resume t233 r=0 y=1 c0=t233 c1=t234
5696 core=0 noop r=0 y=0 c0=t233 c1=t234
5697 core=1 resume t216 r=0 y=0 c0=t233 c1=t234
5698 core=0 resume t231 r=0 y=0 c0=t233 c1=t234
5699 core=1 resume t234 r=0 y=0 c0=t233 c1=t234
5700 core=1 give r=1 y=0 c0=t233 c1=t234
5701 core=1 yield r=0 y=2 c0=t233 c1=t231
5702 core=1 give r=0 y=0 c0=t233 c1=t231
5703 core=0 noop r=0 y=0 c0=t233 c1=t231
5704 core=0 noop r=0 y=0 c0=t233 c1=t231
5705 core=0 delay t233 3 r=0 y=1 c0=t234 c1=t231
5706 core=1 noop r=0 y=0 c0=t234 c1=t231
5707 core=1 delete 1 t234 r=0 y=1 c0=t216 c1=t231
5708 core=1 create 1 t236 p2 r=1 y=1 c0=t236 c1=t231
5709 core=1 noop r=0 y=0 c0=t236 c1=t231
5710 core=1 resume t235 r=0 y=0 c0=t236 c1=t231
5711 core=0 give r=0 y=0 c0=t236 c1=t231
5712 core=1 resume t235 r=0 y=0 c0=t236 c1=t231
5713 core=0 noop r=0 y=0 c0=t236 c1=t231
5714 core=1 delay t231 3 r=0 y=2 c0=t236 c1=t216
5715 core=0 suspend t233 r=0 y=0 c0=t236 c1=t216
5716 core=0 noop r=0 y=0 c0=t236 c1=t216
5717 core=1 give r=0 y=0 c0=t236 c1=t216
5718 core=0 tick r=1 y=3 c0=t229 c1=t235
5719 core=0 noop r=0 y=0 c0=t229 c1=t235
5720 core=1 takeb t235 3 r=1 y=0 c0=t229 c1=t235
5721 core=1 noop r=0 y=0 c0=t229 c1=t235
5722 core=0 resume t229 r=0 y=0 c0=t229 c1=t235
5723 core=0 noop r=0 y=0 c0=t229 c1=t235
5724 core=0 tick r=0 y=2 c0=t229 c1=t236
5725 core=0 tick r=1 y=3 c0=t231 c1=t229
5726 core=1 resume t231 r=0 y=0 c0=t231 c1=t229
5727 core=0 takeb t231 6 r=2 y=1 c0=t235 c1=t229
5728 core=0 noop r=0 y=0 c0=t235 c1=t229
5729 core=1 give r=1 y=1 c0=t231 c1=t229
5730 core=1 give_isr r=0 y=0 c0=t231 c1=t229
5731 core=1 prio t229 0 r=0 y=2 c0=t231 c1=t236
5732 core=1 resume t235 r=0 y=0 c0=t231 c1=t236
5733 core=1 noop r=0 y=0 c0=t231 c1=t236
5734 core=1 create 9 t237 p1 r=1 y=0 c0=t231 c1=t236
5735 core=1 suspend t235 r=0 y=0 c0=t231 c1=t236
5736 core=0 cont t231 r=1 y=0 c0=t231 c1=t236
5737 core=1 noop r=0 y=0 c0=t231 c1=t236
5738 core=0 tick r=0 y=0 c0=t231 c1=t236
5739 core=1 delete 9 t237 r=0 y=0 c0=t231 c1=t236
5740 core=1 give_isr r=1 y=0 c0=t231 c1=t236
5741 core=0 tick r=0 y=0 c0=t231 c1=t236
5742 core=0 delay t231 3 r=0 y=1 c0=t216 c1=t236
5743 core=1 delay t236 3 r=0 y=2 c0=t216 c1=IDLE0
5744 core=0 prio t229 3 r=0 y=2 c0=t216 c1=t229
5745 core=1 noop r=0 y=0 c0=t216 c1=t229
5746 core=0 delay t216 1 r=0 y=1 c0=IDLE1 c1=t229
5747 core=1 suspend t231 r=0 y=0 c0=IDLE1 c1=t229
5748 core=0 prio t233 1 r=0 y=0 c0=IDLE1 c1=t229
5749 core=0 prio t216 2 r=0 y=0 c0=IDLE1 c1=t229
5750 core=0 noop r=0 y=0 c0=IDLE1 c1=t229
5751 core=0 noop r=0 y=0 c0=IDLE1 c1=t229
5752 core=1 noop r=0 y=0 c0=IDLE1 c1=t229
5753 core=0 noop r=0 y=0 c0=IDLE1 c1=t229
5754 core=1 yield r=0 y=2 c0=IDLE1 c1=t229
5755 core=0 give r=0 y=0 c0=IDLE1 c1=t229
5756 core=0 noop r=0 y=0 c0=IDLE1 c1=t229
5757 core=0 suspend t236 r=0 y=0 c0=IDLE1 c1=t229
5758 core=1 delay t229 5 r=0 y=2 c0=IDLE1 c1=IDLE0
5759 core=1 prio t236 0 r=0 y=0 c0=IDLE1 c1=IDLE0
5760 core=1 noop r=0 y=0 c0=IDLE1 c1=IDLE0
5761 core=1 noop r=0 y=0 c0=IDLE1 c1=IDLE0
5762 core=0 give r=0 y=0 c0=IDLE1 c1=IDLE0
5763 core=1 noop r=0 y=0 c0=IDLE1 c1=IDLE0
5764 core=0 noop r=0 y=0 c0=IDLE1 c1=IDLE0
5765 core=1 noop r=0 y=0 c0=IDLE1 c1=IDLE0
5766 core=1 prio t235 0 r=0 y=0 c0=IDLE1 c1=IDLE0
5767 core=1 create 9 t238 p2 r=1 y=2 c0=IDLE1 c1=t238
5768 core=0 yield r=0 y=1 c0=IDLE0 c1=t238
5769 core=1 takeb t238 6 r=1 y=0 c0=IDLE0 c1=t238
5770 core=1 resume t235 r=0 y=1 c0=IDLE1 c1=t238
5771 core=0 yield r=0 y=1 c0=t235 c1=t238
5772 core=0 takeb t235 2 r=2 y=1 c0=IDLE0 c1=t238
5773 core=1 take t238 r=0 y=0 c0=IDLE0 c1=t238
5774 core=0 noop r=0 y=0 c0=IDLE0 c1=t238
5775 core=0 prio t229 2 r=0 y=0 c0=IDLE0 c1=t238
5776 core=1 give r=1 y=1 c0=IDLE1 c1=t238
5777 core=0 tick r=1 y=3 c0=t216 c1=t238
5778 core=1 takeb t238 5 r=1 y=0 c0=t216 c1=t238
5779 core=1 give_isr r=1 y=0 c0=t216 c1=t238
5780 core=0 takeb t216 6 r=1 y=0 c0=t216 c1=t238
5781 core=0 noop r=0 y=0 c0=t216 c1=t238
5782 core=0 tick r=1 y=3 c0=t216 c1=t238
5783 core=1 delay t238 4 r=0 y=2 c0=t216 c1=t235
5784 core=0 tick r=0 y=2 c0=t216 c1=IDLE0
5785 core=0 prio t231 1 r=0 y=0 c0=t216 c1=IDLE0
5786 core=1 give_isr r=1 y=0 c0=t216 c1=IDLE0
5787 core=0 tick r=0 y=2 c0=t216 c1=IDLE1
5788 core=1 suspend t238 r=0 y=0 c0=t216 c1=IDLE1
5789 core=1 noop r=0 y=0 c0=t216 c1=IDLE1
5790 core=1 noop r=0 y=0 c0=t216 c1=IDLE1
5791 core=1 noop r=0 y=0 c0=t216 c1=IDLE1
5792 core=0 prio t216 2 r=0 y=0 c0=t216 c1=IDLE1
5793 core=1 noop r=0 y=0 c0=t216 c1=IDLE1
5794 core=0 tick r=1 y=3 c0=t229 c1=t216
5795 core=0 prio t233 2 r=0 y=0 c0=t229 c1=t216
5796 core=0 resume t229 r=0 y=0 c0=t229 c1=t216
5797 core=1 give r=0 y=0 c0=t229 c1=t216
5798 core=0 tick r=1 y=3 c0=t229 c1=t216
5799 core=1 resume t216 r=0 y=0 c0=t229 c1=t216
5800 core=1 give r=0 y=0 c0=t229 c1=t216
5801 core=0 suspend t216 r=0 y=2 c0=t229 c1=t235
5802 core=0 prio t238 2 r=0 y=0 c0=t229 c1=t235
5803 core=0 takeb t229 1 r=1 y=0 c0=t229 c1=t235
5804 core=1 cont t235 r=0 y=0 c0=t229 c1=t235
5805 core=0 tick r=0 y=2 c0=t229 c1=IDLE0
5806 core=0 prio t231 3 r=0 y=0 c0=t229 c1=IDLE0
5807 core=0 noop r=0 y=0 c0=t229 c1=IDLE0
5808 core=0 tick r=0 y=2 c0=t229 c1=IDLE1
5809 core=0 tick r=0 y=2 c0=t229 c1=t235
5810 core=0 tick r=0 y=2 c0=t229 c1=IDLE0
5811 core=1 give r=1 y=0 c0=t229 c1=IDLE0
5812 core=0 noop r=0 y=0 c0=t229 c1=IDLE0
5813 core=0 take t229 r=1 y=0 c0=t229 c1=IDLE0
5814 core=0 delete 8 t235 r=0 y=0 c0=t229 c1=IDLE0
5815 core=1 prio t231 0 r=0 y=0 c0=t229 c1=IDLE0
5816 core=1 noop r=0 y=0 c0=t229 c1=IDLE0
5817 core=0 resume t236 r=0 y=2 c0=t229 c1=IDLE1
5818 core=0 tick r=0 y=2 c0=t229 c1=t236
5819 core=1 noop r=0 y=0 c0=t229 c1=t236
5820 core=0 tick r=0 y=2 c0=t229 c1=IDLE0
5821 core=0 prio t236 3 r=0 y=2 c0=t229 c1=t236
5822 core=1 resume t233 r=0 y=0 c0=t229 c1=t236
5823 core=1 give r=1 y=0 c0=t229 c1=t236
5824 core=0 prio t231 0 r=0 y=0 c0=t229 c1=t236
5825 core=1 delay t236 1 r=0 y=2 c0=t229 c1=t233
5826 core=1 give r=0 y=0 c0=t229 c1=t233
5827 core=0 tick r=1 y=3 c0=t236 c1=t229
5828 core=1 give_isr r=0 y=0 c0=t236 c1=t229
5829 core=0 delete 4 t231 r=0 y=0 c0=t236 c1=t229
5830 core=0 takeb t236 1 r=1 y=0 c0=t236 c1=t229
5831 core=0 give_isr r=1 y=0 c0=t236 c1=t229
5832 core=0 noop r=0 y=0 c0=t236 c1=t229
5833 core=0 give_isr r=0 y=0 c0=t236 c1=t229
5834 core=1 give_isr r=0 y=0 c0=t236 c1=t229
5835 core=1 prio t236 0 r=0 y=1 c0=t233 c1=t229
5836 core=0 prio t216 0 r=0 y=0 c0=t233 c1=t229
5837 core=0 noop r=0 y=0 c0=t233 c1=t229
5838 core=1 delay t229 4 r=0 y=2 c0=t233 c1=IDLE1
5839 core=1 noop r=0 y=0 c0=t233 c1=IDLE1
5840 core=0 noop r=0 y=0 c0=t233 c1=IDLE1
5841 core=0 give_isr r=0 y=0 c0=t233 c1=IDLE1
5842 core=1 noop r=0 y=0 c0=t233 c1=IDLE1
5843 core=1 noop r=0 y=0 c0=t233 c1=IDLE1
5844 core=1 noop r=0 y=0 c0=t233 c1=IDLE1
5845 core=0 noop r=0 y=0 c0=t233 c1=IDLE1
5846 core=1 give_isr r=0 y=0 c0=t233 c1=IDLE1
5847 core=1 prio t238 0 r=0 y=0 c0=t233 c1=IDLE1
5848 core=1 give_isr r=0 y=0 c0=t233 c1=IDLE1
5849 core=1 give r=0 y=0 c0=t233 c1=IDLE1
5850 core=1 noop r=0 y=0 c0=t233 c1=IDLE1
5851 core=0 tick r=0 y=2 c0=t233 c1=IDLE0
5852 core=0 noop r=0 y=0 c0=t233 c1=IDLE0
5853 core=0 give_isr r=0 y=0 c0=t233 c1=IDLE0
5854 core=1 noop r=0 y=0 c0=t233 c1=IDLE0
5855 core=1 noop r=0 y=0 c0=t233 c1=IDLE0
5856 core=1 yield r=0 y=2 c0=t233 c1=t236
5857 core=1 prio t236 1 r=0 y=0 c0=t233 c1=t236
5858 core=0 noop r=0 y=0 c0=t233 c1=t236
5859 core=1 give r=0 y=0 c0=t233 c1=t236
5860 core=0 suspend t236 r=0 y=2 c0=t233 c1=IDLE1
5861 core=1 give r=0 y=0 c0=t233 c1=IDLE1
5862 core=0 noop r=0 y=0 c0=t233 c1=IDLE1
5863 core=0 delay t233 3 r=0 y=1 c0=IDLE0 c1=IDLE1
5864 core=1 yield r=0 y=2 c0=IDLE0 c1=IDLE1
5865 core=0 noop r=0 y=0 c0=IDLE0 c1=IDLE1
5866 core=0 create 0 t239 p0 r=1 y=2 c0=IDLE0 c1=t239
5867 core=1 delay t239 1 r=0 y=2 c0=IDLE0 c1=IDLE1
5868 core=0 prio t216 0 r=0 y=0 c0=IDLE0 c1=IDLE1
5869 core=0 noop r=0 y=0 c0=IDLE0 c1=IDLE1
5870 core=1 noop r=0 y=0 c0=IDLE0 c1=IDLE1
5871 core=0 yield r=0 y=1 c0=IDLE0 c1=IDLE1
5872 core=1 noop r=0 y=0 c0=IDLE0 c1=IDLE1
5873 core=0 noop r=0 y=0 c0=IDLE0 c1=IDLE1
5874 core=0 resume t216 r=0 y=2 c0=IDLE0 c1=t216
5875 core=1 delay t216 1 r=0 y=2 c0=IDLE0 c1=IDLE1
5876 core=1 noop r=0 y=0 c0=IDLE0 c1=IDLE1
5877 core=1 yield r=0 y=2 c0=IDLE0 c1=IDLE1
5878 core=1 noop r=0 y=0 c0=IDLE0 c1=IDLE1
5879 core=1 give_isr r=0 y=0 c0=IDLE0 c1=IDLE1
5880 core=0 noop r=0 y=0 c0=IDLE0 c1=IDLE1
5881 core=1 suspend t238 r=0 y=0 c0=IDLE0 c1=IDLE1
5882 core=0 noop r=0 y=0 c0=IDLE0 c1=IDLE1
5883 core=1 resume t233 r=0 y=0 c0=IDLE0 c1=IDLE1
5884 core=0 noop r=0 y=0 c0=IDLE0 c1=IDLE1
5885 core=0 create 8 t240 p0 r=1 y=2 c0=IDLE0 c1=t240
5886 core=1 resume t236 r=0 y=1 c0=t236 c1=t240
5887 core=1 resume t229 r=0 y=0 c0=t236 c1=t240
5888 core=1 create 6 t241 p2 r=1 y=2 c0=t236 c1=t241
5889 core=0 resume t236 r=0 y=0 c0=t236 c1=t241
5890 core=0 noop r=0 y=0 c0=t236 c1=t241
5891 core=1 take t241 r=1 y=0 c0=t236 c1=t241
5892 core=1 resume t229 r=0 y=0 c0=t236 c1=t241
5893 core=0 prio t216 2 r=0 y=0 c0=t236 c1=t241
5894 core=1 delay t241 2 r=0 y=2 c0=t236 c1=IDLE1
5895 core=1 delete 6 t241 r=0 y=0 c0=t236 c1=IDLE1
5896 core=0 resume t239 r=0 y=0 c0=t236 c1=IDLE1
5897 core=1 noop r=0 y=0 c0=t236 c1=IDLE1
5898 core=0 suspend t238 r=0 y=0 c0=t236 c1=IDLE1
5899 core=0 resume t229 r=0 y=0 c0=t236 c1=IDLE1
5900 core=1 suspend t238 r=0 y=0 c0=t236 c1=IDLE1
5901 core=0 resume t229 r=0 y=0 c0=t236 c1=IDLE1
5902 core=0 yield r=0 y=1 c0=t236 c1=IDLE1
5903 core=1 give r=1 y=0 c0=t236 c1=IDLE1
5904 core=1 give_isr r=0 y=0 c0=t236 c1=IDLE1
5905 core=0 noop r=0 y=0 c0=t236 c1=IDLE1
5906 core=0 tick r=1 y=3 c0=t216 c1=t236
5907 core=1 prio t236 1 r=0 y=0 c0=t216 c1=t236
5908 core=1 takeb t236 6 r=1 y=0 c0=t216 c1=t236
5909 core=0 create 4 t242 p3 r=1 y=2 c0=t216 c1=t242
5910 core=0 tick r=0 y=0 c0=t216 c1=t242
5911 core=1 noop r=0 y=0 c0=t216 c1=t242
5912 core=1 resume t216 r=0 y=0 c0=t216 c1=t242
5913 core=0 give r=1 y=0 c0=t216 c1=t242
5914 core=1 delete 1 t236 r=0 y=0 c0=t216 c1=t242
5915 core=0 tick r=1 y=1 c0=t229 c1=t242
5916 core=0 noop r=0 y=0 c0=t229 c1=t242
5917 core=1 suspend t216 r=0 y=0 c0=t229 c1=t242
5918 core=1 suspend t240 r=0 y=0 c0=t229 c1=t242
5919 core=0 delay t229 1 r=0 y=1 c0=t233 c1=t242
5920 core=0 delay t233 5 r=0 y=1 c0=IDLE0 c1=t242
5921 core=0 noop r=0 y=0 c0=IDLE0 c1=t242
5922 core=1 prio t229 0 r=0 y=0 c0=IDLE0 c1=t242
5923 core=1 give_isr r=0 y=0 c0=IDLE0 c1=t242
5924 core=1 noop r=0 y=0 c0=IDLE0 c1=t242
5925 core=0 noop r=0 y=0 c0=IDLE0 c1=t242
5926 core=1 delete 0 t239 r=0 y=0 c0=IDLE0 c1=t242
5927 core=1 take t242 r=1 y=0 c0=IDLE0 c1=t242
5928 core=0 create 1 t243 p1 r=1 y=1 c0=t243 c1=t242
5929 core=1 prio t216 1 r=0 y=0 c0=t243 c1=t242
5930 core=0 tick r=0 y=0 c0=t243 c1=t242
5931 core=0 delay t243 2 r=0 y=1 c0=IDLE1 c1=t242
5932 core=0 resume t238 r=0 y=1 c0=IDLE0 c1=t242
5933 core=0 resume t243 r=0 y=0 c0=IDLE0 c1=t242
5934 core=1 delete 2 t216 r=0 y=0 c0=IDLE0 c1=t242
5935 core=1 noop r=0 y=0 c0=IDLE0 c1=t242
5936 core=0 noop r=0 y=0 c0=IDLE0 c1=t242
5937 core=0 tick r=1 y=1 c0=t229 c1=t242
5938 core=1 delete 7 t229 r=0 y=1 c0=t238 c1=t242
5939 core=1 create 2 t244 p2 r=1 y=1 c0=t244 c1=t242
5940 core=0 resume t233 r=0 y=0 c0=t244 c1=t242
5941 core=1 takeb t242 4 r=2 y=2 c0=t244 c1=IDLE1
5942 core=1 prio t242 3 r=0 y=0 c0=t244 c1=IDLE1
5943 core=1 suspend t238 r=0 y=0 c0=t244 c1=IDLE1
5944 core=0 noop r=0 y=0 c0=t244 c1=IDLE1
5945 core=0 give r=1 y=2 c0=t244 c1=t242
5946 core=1 cont t242 r=1 y=0 c0=t244 c1=t242
5947 core=1 noop r=0 y=0 c0=t244 c1=t242
5948 core=0 noop r=0 y=0 c0=t244 c1=t242
5949 core=0 noop r=0 y=0 c0=t244 c1=t242
5950 core=0 take t244 r=0 y=0 c0=t244 c1=t242
5951 core=1 takeb t242 2 r=2 y=2 c0=t244 c1=IDLE0
5952 core=1 suspend t242 r=0 y=0 c0=t244 c1=IDLE0
5953 core=1 noop r=0 y=0 c0=t244 c1=IDLE0
5954 core=1 suspend t244 r=0 y=1 c0=IDLE1 c1=IDLE0
5955 core=0 noop r=0 y=0 c0=IDLE1 c1=IDLE0
5956 core=1 noop r=0 y=0 c0=IDLE1 c1=IDLE0
5957 core=1 suspend t233 r=0 y=0 c0=IDLE1 c1=IDLE0
5958 core=0 suspend t238 r=0 y=0 c0=IDLE1 c1=IDLE0
5959 core=1 noop r=0 y=0 c0=IDLE1 c1=IDLE0
5960 core=1 suspend t240 r=0 y=0 c0=IDLE1 c1=IDLE0
5961 core=0 resume t243 r=0 y=0 c0=IDLE1 c1=IDLE0
5962 core=0 noop r=0 y=0 c0=IDLE1 c1=IDLE0
5963 core=1 noop r=0 y=0 c0=IDLE1 c1=IDLE0
5964 core=1 noop r=0 y=0 c0=IDLE1 c1=IDLE0
5965 core=1 noop r=0 y=0 c0=IDLE1 c1=IDLE0
5966 core=0 yield r=0 y=1 c0=IDLE1 c1=IDLE0
5967 core=0 give r=1 y=0 c0=IDLE1 c1=IDLE0
5968 core=0 tick r=1 y=3 c0=t243 c1=IDLE1
5969 core=1 noop r=0 y=0 c0=t243 c1=IDLE1
5970 core=1 suspend t242 r=0 y=0 c0=t243 c1=IDLE1
5971 core=1 noop r=0 y=0 c0=t243 c1=IDLE1
5972 core=1 prio t238 0 r=0 y=0 c0=t243 c1=IDLE1
5973 core=1 noop r=0 y=0 c0=t243 c1=IDLE1
5974 core=1 noop r=0 y=0 c0=t243 c1=IDLE1
5975 core=0 noop r=0 y=0 c0=t243 c1=IDLE1
5976 core=1 yield r=0 y=2 c0=t243 c1=IDLE0
5977 core=1 noop r=0 y=0 c0=t243 c1=IDLE0
5978 core=0 give_isr r=0 y=0 c0=t243 c1=IDLE0
5979 core=1 noop r=0 y=0 c0=t243 c1=IDLE0
5980 core=1 create 6 t245 p3 r=1 y=2 c0=t243 c1=t245
5981 core=0 take t243 r=1 y=0 c0=t243 c1=t245
5982 core=1 takeb t245 6 r=2 y=2 c0=t243 c1=IDLE1
5983 core=0 noop r=0 y=0 c0=t243 c1=IDLE1
5984 core=0 noop r=0 y=0 c0=t243 c1=IDLE1
5985 core=1 resume t242 r=0 y=2 c0=t243 c1=t242
5986 core=0 noop r=0 y=0 c0=t243 c1=t242
5987 core=1 cont t242 r=2 y=2 c0=t243 c1=IDLE0
5988 core=0 takeb t243 2 r=2 y=1 c0=IDLE1 c1=IDLE0
5989 core=1 noop r=0 y=0 c0=IDLE1 c1=IDLE0
5990 core=0 noop r=0 y=0 c0=IDLE1 c1=IDLE0
5991 core=0 resume t243 r=0 y=0 c0=IDLE1 c1=IDLE0
5992 core=0 yield r=0 y=1 c0=IDLE1 c1=IDLE0
5993 core=1 delete 8 t240 r=0 y=0 c0=IDLE1 c1=IDLE0
5994 core=0 prio t243 1 r=0 y=0 c0=IDLE1 c1=IDLE0
5995 core=0 yield r=0 y=1 c0=IDLE1 c1=IDLE0
5996 core=0 tick r=1 y=3 c0=t242 c1=IDLE1
5997 core=0 tick r=0 y=2 c0=t242 c1=t243
5998 core=0 cont t242 r=0 y=0 c0=t242 c1=t243
5999 core=1 cont t243 r=0 y=0 c0=t242 c1=t243
6000 core=0 give_isr r=1 y=2 c0=t242 c1=t245
6001 core=1 cont t245 r=1 y=0 c0=t242 c1=t245
6002 core=0 delay t242 1 r=0 y=1 c0=t243 c1=t245
6003 core=1 noop r=0 y=0 c0=t243 c1=t245
6004 core=0 tick r=1 y=3 c0=t242 c1=t245
6005 core=1 takeb t245 5 r=2 y=2 c0=t242 c1=t243
6006 core=0 noop r=0 y=0 c0=t242 c1=t243
6007 core=0 takeb t242 3 r=2 y=1 c0=IDLE0 c1=t243
6008 core=1 delay t243 2 r=0 y=2 c0=IDLE0 c1=IDLE1
6009 core=0 noop r=0 y=0 c0=IDLE0 c1=IDLE1
6010 core=0 noop r=0 y=0 c0=IDLE0 c1=IDLE1
6011 core=0 tick r=1 y=3 c0=IDLE0 c1=IDLE1
6012 core=1 noop r=0 y=0 c0=IDLE0 c1=IDLE1
6013 core=1 noop r=0 y=0 c0=IDLE0 c1=IDLE1
6014 core=1 noop r=0 y=0 c0=IDLE0 c1=IDLE1
6015 core=0 noop r=0 y=0 c0=IDLE0 c1=IDLE1
6016 core=1 suspend t242 r=0 y=0 c0=IDLE0 c1=IDLE1
6017 core=0 give r=1 y=2 c0=IDLE0 c1=t245
6018 core=1 cont t245 r=1 y=0 c0=IDLE0 c1=t245
6019 core=1 give_isr r=1 y=0 c0=IDLE0 c1=t245
6020 core=0 noop r=0 y=0 c0=IDLE0 c1=t245
6021 core=1 delete 2 t244 r=0 y=0 c0=IDLE0 c1=t245
6022 core=0 noop r=0 y=0 c0=IDLE0 c1=t245
6023 core=1 resume t233 r=0 y=1 c0=t233 c1=t245
6024 core=0 noop r=0 y=0 c0=t233 c1=t245
6025 core=1 noop r=0 y=0 c0=t233 c1=t245
6026 core=0 tick r=0 y=0 c0=t233 c1=t245
6027 core=0 tick r=0 y=0 c0=t233 c1=t245
6028 core=0 tick r=0 y=0 c0=t233 c1=t245
6029 core=1 takeb t245 2 r=1 y=0 c0=t233 c1=t245
6030 core=0 tick r=0 y=0 c0=t233 c1=t245
6031 core=0 takeb t233 1 r=2 y=1 c0=t243 c1=t245
6032 core=0 take t243 r=0 y=0 c0=t243 c1=t245
6033 core=0 tick r=1 y=1 c0=t233 c1=t245
6034 core=0 cont t233 r=0 y=0 c0=t233 c1=t245
6035 core=1 delay t245 2 r=0 y=2 c0=t233 c1=t243
6036 core=0 give_isr r=1 y=0 c0=t233 c1=t243
6037 core=0 take t233 r=1 y=0 c0=t233 c1=t243
6038 core=1 noop r=0 y=0 c0=t233 c1=t243
6039 core=0 create 7 t246 p3 r=1 y=2 c0=t233 c1=t246
6040 core=1 give r=1 y=0 c0=t233 c1=t246
6041 core=0 noop r=0 y=0 c0=t233 c1=t246
6042 core=0 tick r=0 y=0 c0=t233 c1=t246
6043 core=1 delete 7 t246 r=0 y=2 c0=t233 c1=t243
6044 core=1 suspend t245 r=0 y=0 c0=t233 c1=t243
6045 core=0 yield r=0 y=1 c0=t233 c1=t243
6046 core=0 yield r=0 y=1 c0=t233 c1=t243
6047 core=1 suspend t233 r=0 y=1 c0=IDLE1 c1=t243
6048 core=1 noop r=0 y=0 c0=IDLE1 c1=t243
6049 core=1 delete 6 t245 r=0 y=0 c0=IDLE1 c1=t243
6050 core=1 give r=0 y=0 c0=IDLE1 c1=t243
6051 core=0 noop r=0 y=0 c0=IDLE1 c1=t243
6052 core=0 give r=0 y=0 c0=IDLE1 c1=t243
6053 core=1 suspend t238 r=0 y=0 c0=IDLE1 c1=t243
6054 core=0 create 7 t247 p1 r=1 y=1 c0=t247 c1=t243
6055 core=1 give_isr r=0 y=0 c0=t247 c1=t243
6056 core=0 take t247 r=1 y=0 c0=t247 c1=t243
6057 core=1 resume t238 r=0 y=0 c0=t247 c1=t243
6058 core=1 give r=1 y=0 c0=t247 c1=t243
6059 core=0 resume t247 r=0 y=0 c0=t247 c1=t243
6060 core=0 give r=0 y=0 c0=t247 c1=t243
6061 core=1 prio t247 0 r=0 y=1 c0=IDLE0 c1=t243
6062 core=0 give r=0 y=0 c0=IDLE0 c1=t243
6063 core=0 suspend t247 r=0 y=0 c0=IDLE0 c1=t243
6064 core=1 prio t242 1 r=0 y=0 c0=IDLE0 c1=t243
6065 core=0 noop r=0 y=0 c0=IDLE0 c1=t243
6066 core=0 yield r=0 y=1 c0=IDLE1 c1=t243
6067 core=0 tick r=1 y=1 c0=t238 c1=t243
6068 core=1 noop r=0 y=0 c0=t238 c1=t243
6069 core=0 give r=0 y=0 c0=t238 c1=t243
6070 core=1 delay t243 1 r=0 y=2 c0=t238 c1=IDLE0
6071 core=0 create 2 t248 p2 r=1 y=2 c0=t238 c1=t248
6072 core=0 tick r=1 y=1 c0=t243 c1=t248
6073 core=1 create 5 t249 p3 r=1 y=1 c0=t249 c1=t248
6074 core=0 prio t233 2 r=0 y=0 c0=t249 c1=t248
6075 core=0 tick r=0 y=0 c0=t249 c1=t248
6076 core=0 give r=0 y=0 c0=t249 c1=t248
6077 core=1 give_isr r=0 y=0 c0=t249 c1=t248
6078 core=0 tick r=0 y=0 c0=t249 c1=t248
6079 core=0 tick r=0 y=0 c0=t249 c1=t248
6080 core=1 delay t248 1 r=0 y=2 c0=t249 c1=t243
6081 core=0 delay t249 5 r=0 y=1 c0=IDLE1 c1=t243
6082 core=0 tick r=1 y=1 c0=t248 c1=t243
6083 core=1 noop r=0 y=0 c0=t248 c1=t243
6084 core=0 suspend t233 r=0 y=0 c0=t248 c1=t243
6085 core=0 suspend t233 r=0 y=0 c0=t248 c1=t243
6086 core=0 noop r=0 y=0 c0=t248 c1=t243
6087 core=1 noop r=0 y=0 c0=t248 c1=t243
6088 core=1 delay t243 2 r=0 y=2 c0=t248 c1=IDLE0
6089 core=1 noop r=0 y=0 c0=t248 c1=IDLE0
6090 core=0 noop r=0 y=0 c0=t248 c1=IDLE0
6091 core=0 noop r=0 y=0 c0=t248 c1=IDLE0
6092 core=0 noop r=0 y=0 c0=t248 c1=IDLE0
6093 core=1 suspend t243 r=0 y=0 c0=t248 c1=IDLE0
6094 core=1 resume t247 r=0 y=2 c0=t248 c1=t238
6095 core=0 suspend t249 r=0 y=0 c0=t248 c1=t238
6096 core=0 noop r=0 y=0 c0=t248 c1=t238
6097 core=0 tick r=0 y=2 c0=t248 c1=IDLE1
6098 core=1 noop r=0 y=0 c0=t248 c1=IDLE1
6099 core=1 give_isr r=0 y=0 c0=t248 c1=IDLE1
6100 core=0 noop r=0 y=0 c0=t248 c1=IDLE1
6101 core=1 prio t248 1 r=0 y=1 c0=t248 c1=IDLE1
6102 core=1 yield r=0 y=2 c0=t248 c1=t247
6103 core=0 give r=0 y=0 c0=t248 c1=t247
6104 core=0 delete 4 t242 r=0 y=0 c0=t248 c1=t247
6105 core=0 prio t249 1 r=0 y=0 c0=t248 c1=t247
6106 core=0 tick r=0 y=2 c0=t248 c1=IDLE0
6107 core=1 prio t249 2 r=0 y=0 c0=t248 c1=IDLE0
6108 core=1 noop r=0 y=0 c0=t248 c1=IDLE0
6109 core=1 give_isr r=0 y=0 c0=t248 c1=IDLE0
6110 core=0 takeb t248 4 r=1 y=0 c0=t248 c1=IDLE0
6111 core=1 prio t243 1 r=0 y=0 c0=t248 c1=IDLE0
6112 core=1 noop r=0 y=0 c0=t248 c1=IDLE0
6113 core=1 noop r=0 y=0 c0=t248 c1=IDLE0
6114 core=1 give r=1 y=0 c0=t248 c1=IDLE0
6115 core=0 noop r=0 y=0 c0=t248 c1=IDLE0
6116 core=1 suspend t248 r=0 y=1 c0=t238 c1=IDLE0
6117 core=1 noop r=0 y=0 c0=t238 c1=IDLE0
6118 core=0 noop r=0 y=0 c0=t238 c1=IDLE0
6119 core=0 delay t238 1 r=0 y=1 c0=IDLE1 c1=IDLE0
6120 core=1 noop r=0 y=0 c0=IDLE1 c1=IDLE0
6121 core=1 noop r=0 y=0 c0=IDLE1 c1=IDLE0
6122 core=1 noop r=0 y=0 c0=IDLE1 c1=IDLE0
6123 core=1 noop r=0 y=0 c0=IDLE1 c1=IDLE0
6124 core=1 noop r=0 y=0 c0=IDLE1 c1=IDLE0
6125 core=0 tick r=1 y=3 c0=t247 c1=t238
6126 core=1 noop r=0 y=0 c0=t247 c1=t238
6127 core=0 yield r=0 y=1 c0=IDLE1 c1=t238
6128 core=0 give_isr r=0 y=0 c0=IDLE1 c1=t238
6129 core=0 delete 1 t243 r=0 y=0 c0=IDLE1 c1=t238
6130 core=0 noop r=0 y=0 c0=IDLE1 c1=t238
6131 core=1 delay t238 1 r=0 y=2 c0=IDLE1 c1=IDLE0
6132 core=1 give_isr r=0 y=0 c0=IDLE1 c1=IDLE0
6133 core=0 tick r=1 y=3 c0=t247 c1=t238
6134 core=1 delay t238 1 r=0 y=2 c0=t247 c1=IDLE1
6135 core=0 give r=0 y=0 c0=t247 c1=IDLE1
6136 core=0 tick r=1 y=3 c0=IDLE0 c1=t238
6137 core=0 noop r=0 y=0 c0=IDLE0 c1=t238
6138 core=1 delay t238 5 r=0 y=2 c0=IDLE0 c1=t247
6139 core=0 tick r=1 y=3 c0=IDLE1 c1=IDLE0
6140 core=1 noop r=0 y=0 c0=IDLE1 c1=IDLE0
6141 core=0 noop r=0 y=0 c0=IDLE1 c1=IDLE0
6142 core=0 give_isr r=0 y=0 c0=IDLE1 c1=IDLE0
6143 core=1 noop r=0 y=0 c0=IDLE1 c1=IDLE0
6144 core=1 resume t248 r=0 y=2 c0=IDLE1 c1=t248
6145 core=1 noop r=0 y=0 c0=IDLE1 c1=t248
6146 core=0 noop r=0 y=0 c0=IDLE1 c1=t248
6147 core=0 noop r=0 y=0 c0=IDLE1 c1=t248
6148 core=1 create 6 t250 p3 r=1 y=1 c0=t250 c1=t248
6149 core=1 take t248 r=1 y=0 c0=t250 c1=t248
6150 core=1 yield r=0 y=2 c0=t250 c1=t248
6151 core=0 resume t250 r=0 y=0 c0=t250 c1=t248
6152 core=0 tick r=0 y=0 c0=t250 c1=t248
6153 core=1 delay t248 4 r=0 y=2 c0=t250 c1=t247
6154 core=0 takeb t250 3 r=2 y=1 c0=IDLE0 c1=t247
6155 core=0 noop r=0 y=0 c0=IDLE0 c1=t247
6156 core=1 delete 2 t248 r=0 y=0 c0=IDLE0 c1=t247
6157 core=1 takeb t247 3 r=2 y=2 c0=IDLE0 c1=IDLE1
6158 core=0 noop r=0 y=0 c0=IDLE0 c1=IDLE1
6159 core=1 create 4 t251 p0 r=1 y=2 c0=IDLE0 c1=t251
6160 core=1 delay t251 1 r=0 y=2 c0=IDLE0 c1=IDLE1
6161 core=0 noop r=0 y=0 c0=IDLE0 c1=IDLE1
6162 core=1 give r=1 y=2 c0=IDLE0 c1=t250
6163 core=1 cont t250 r=1 y=0 c0=IDLE0 c1=t250
6164 core=0 delete 9 t238 r=0 y=0 c0=IDLE0 c1=t250
6165 core=0 tick r=1 y=1 c0=IDLE1 c1=t250
6166 core=1 delay t250 3 r=0 y=2 c0=IDLE1 c1=t251
6167 core=0 resume t250 r=0 y=0 c0=IDLE1 c1=t251
6168 core=1 delay t251 3 r=0 y=2 c0=IDLE1 c1=IDLE0
6169 core=0 noop r=0 y=0 c0=IDLE1 c1=IDLE0
6170 core=1 noop r=0 y=0 c0=IDLE1 c1=IDLE0
6171 core=1 noop r=0 y=0 c0=IDLE1 c1=IDLE0
6172 core=0 tick r=1 y=3 c0=IDLE1 c1=IDLE0
6173 core=1 noop r=0 y=0 c0=IDLE1 c1=IDLE0
6174 core=1 resume t233 r=0 y=2 c0=IDLE1 c1=t233
6175 core=1 delay t233 3 r=0 y=2 c0=IDLE1 c1=IDLE0
6176 core=0 noop r=0 y=0 c0=IDLE1 c1=IDLE0
6177 core=0 delete 7 t247 r=0 y=0 c0=IDLE1 c1=IDLE0
6178 core=0 noop r=0 y=0 c0=IDLE1 c1=IDLE0
6179 core=1 noop r=0 y=0 c0=IDLE1 c1=IDLE0
6180 core=0 give r=1 y=0 c0=IDLE1 c1=IDLE0
6181 core=1 noop r=0 y=0 c0=IDLE1 c1=IDLE0
6182 core=0 noop r=0 y=0 c0=IDLE1 c1=IDLE0
6183 core=1 noop r=0 y=0 c0=IDLE1 c1=IDLE0
6184 core=0 suspend t250 r=0 y=0 c0=IDLE1 c1=IDLE0
6185 core=1 suspend t251 r=0 y=0 c0=IDLE1 c1=IDLE0
6186 core=0 yield r=0 y=1 c0=IDLE1 c1=IDLE0
6187 core=1 noop r=0 y=0 c0=IDLE1 c1=IDLE0
6188 core=1 delete 6 t250 r=0 y=0 c0=IDLE1 c1=IDLE0
6189 core=1 create 0 t252 p3 r=1 y=2 c0=IDLE1 c1=t252
6190 core=0 yield r=0 y=1 c0=IDLE0 c1=t252
6191 core=0 tick r=1 y=1 c0=IDLE1 c1=t252
6192 core=0 noop r=0 y=0 c0=IDLE1 c1=t252
6193 core=0 give_isr r=0 y=0 c0=IDLE1 c1=t252
6194 core=0 suspend t251 r=0 y=0 c0=IDLE1 c1=t252
6195 core=0 give r=0 y=0 c0=IDLE1 c1=t252
6196 core=0 give r=0 y=0 c0=IDLE1 c1=t252
6197 core=1 delay t252 1 r=0 y=2 c0=IDLE1 c1=IDLE0
6198 core=0 tick r=1 y=3 c0=t252 c1=IDLE1
6199 core=1 create 6 t253 p3 r=1 y=2 c0=t252 c1=t253
6200 core=1 noop r=0 y=0 c0=t252 c1=t253
6201 core=1 create 7 t254 p2 r=1 y=0 c0=t252 c1=t253
6202 core=1 give_isr r=0 y=0 c0=t252 c1=t253
6203 core=1 takeb t253 2 r=1 y=0 c0=t252 c1=t253
6204 core=1 prio t233 1 r=0 y=0 c0=t252 c1=t253
6205 core=1 resume t249 r=0 y=0 c0=t252 c1=t253
6206 core=1 noop r=0 y=0 c0=t252 c1=t253
6207 core=1 noop r=0 y=0 c0=t252 c1=t253
6208 core=1 resume t253 r=0 y=0 c0=t252 c1=t253
6209 core=0 give r=1 y=0 c0=t252 c1=t253
6210 core=0 prio t252 0 r=0 y=1 c0=t254 c1=t253
6211 core=1 noop r=0 y=0 c0=t254 c1=t253
6212 core=0 prio t253 3 r=0 y=0 c0=t254 c1=t253
6213 core=1 delay t253 5 r=0 y=2 c0=t254 c1=t249
6214 core=0 noop r=0 y=0 c0=t254 c1=t249
6215 core=1 delay t249 3 r=0 y=2 c0=t254 c1=IDLE0
6216 core=1 give r=0 y=0 c0=t254 c1=IDLE0
6217 core=1 give_isr r=0 y=0 c0=t254 c1=IDLE0
6218 core=1 noop r=0 y=0 c0=t254 c1=IDLE0
6219 core=0 give_isr r=0 y=0 c0=t254 c1=IDLE0
6220 core=0 noop r=0 y=0 c0=t254 c1=IDLE0
6221 core=1 give r=0 y=0 c0=t254 c1=IDLE0
6222 core=0 resume t251 r=0 y=2 c0=t254 c1=IDLE1
6223 core=0 tick r=0 y=2 c0=t254 c1=t233
6224 core=0 yield r=0 y=1 c0=t254 c1=t233
6225 core=0 delete 6 t253 r=0 y=0 c0=t254 c1=t233
6226 core=0 suspend t252 r=0 y=0 c0=t254 c1=t233
6227 core=1 delay t233 2 r=0 y=2 c0=t254 c1=t251
6228 core=1 noop r=0 y=0 c0=t254 c1=t251
6229 core=0 yield r=0 y=1 c0=t254 c1=t251
6230 core=0 give_isr r=0 y=0 c0=t254 c1=t251
6231 core=1 give r=0 y=0 c0=t254 c1=t251
6232 core=0 noop r=0 y=0 c0=t254 c1=t251
6233 core=0 delay t254 4 r=0 y=1 c0=IDLE0 c1=t251
6234 core=1 delete 7 t254 r=0 y=0 c0=IDLE0 c1=t251
6235 core=1 delay t251 3 r=0 y=2 c0=IDLE0 c1=IDLE1
6236 core=1 give_isr r=0 y=0 c0=IDLE0 c1=IDLE1
6237 core=1 noop r=0 y=0 c0=IDLE0 c1=IDLE1
6238 core=1 noop r=0 y=0 c0=IDLE0 c1=IDLE1
6239 core=0 noop r=0 y=0 c0=IDLE0 c1=IDLE1
6240 core=0 tick r=1 y=3 c0=IDLE0 c1=IDLE1
6241 core=1 noop r=0 y=0 c0=IDLE0 c1=IDLE1
6242 core=0 resume t233 r=0 y=0 c0=IDLE0 c1=IDLE1
6243 core=0 suspend t251 r=0 y=0 c0=IDLE0 c1=IDLE1
6244 core=0 give r=0 y=0 c0=IDLE0 c1=IDLE1
6245 core=1 suspend t233 r=0 y=0 c0=IDLE0 c1=IDLE1
6246 core=1 noop r=0 y=0 c0=IDLE0 c1=IDLE1
6247 core=1 noop r=0 y=0 c0=IDLE0 c1=IDLE1
6248 core=0 noop r=0 y=0 c0=IDLE0 c1=IDLE1
6249 core=0 delete 0 t252 r=0 y=0 c0=IDLE0 c1=IDLE1
6250 core=0 give r=0 y=0 c0=IDLE0 c1=IDLE1
6251 core=0 noop r=0 y=0 c0=IDLE0 c1=IDLE1
6252 core=0 give r=0 y=0 c0=IDLE0 c1=IDLE1
6253 core=1 noop r=0 y=0 c0=IDLE0 c1=IDLE1
6254 core=0 noop r=0 y=0 c0=IDLE0 c1=IDLE1
6255 core=0 tick r=1 y=3 c0=t249 c1=IDLE0
6256 core=1 give_isr r=0 y=0 c0=t249 c1=IDLE0
6257 core=1 delete 5 t249 r=0 y=1 c0=IDLE1 c1=IDLE0
6258 core=0 give_isr r=0 y=0 c0=IDLE1 c1=IDLE0
6259 core=0 noop r=0 y=0 c0=IDLE1 c1=IDLE0
6260 core=0 noop r=0 y=0 c0=IDLE1 c1=IDLE0
6261 core=0 noop r=0 y=0 c0=IDLE1 c1=IDLE0
6262 core=1 noop r=0 y=0 c0=IDLE1 c1=IDLE0
6263 core=1 suspend t251 r=0 y=0 c0=IDLE1 c1=IDLE0
6264 core=1 give_isr r=0 y=0 c0=IDLE1 c1=IDLE0
6265 core=0 tick r=1 y=3 c0=IDLE1 c1=IDLE0
6266 core=0 noop r=0 y=0 c0=IDLE1 c1=IDLE0
6267 core=0 tick r=1 y=3 c0=IDLE1 c1=IDLE0
6268 core=0 noop r=0 y=0 c0=IDLE1 c1=IDLE0
6269 core=1 noop r=0 y=0 c0=IDLE1 c1=IDLE0
6270 core=0 resume t251 r=0 y=2 c0=IDLE1 c1=t251
6271 core=0 give_isr r=0 y=0 c0=IDLE1 c1=t251
6272 core=0 noop r=0 y=0 c0=IDLE1 c1=t251
6273 core=1 suspend t233 r=0 y=0 c0=IDLE1 c1=t251
6274 core=0 noop r=0 y=0 c0=IDLE1 c1=t251
6275 core=0 noop r=0 y=0 c0=IDLE1 c1=t251
6276 core=0 noop r=0 y=0 c0=IDLE1 c1=t251
6277 core=0 give_isr r=0 y=0 c0=IDLE1 c1=t251
6278 core=1 noop r=0 y=0 c0=IDLE1 c1=t251
6279 core=0 noop r=0 y=0 c0=IDLE1 c1=t251
6280 core=0 tick r=1 y=3 c0=IDLE0 c1=IDLE1
6281 core=1 noop r=0 y=0 c0=IDLE0 c1=IDLE1
6282 core=0 give r=0 y=0 c0=IDLE0 c1=IDLE1
6283 core=0 resume t251 r=0 y=0 c0=IDLE0 c1=IDLE1
6284 core=1 create 0 t255 p0 r=1 y=2 c0=IDLE0 c1=t251
6285 core=0 noop r=0 y=0 c0=IDLE0 c1=t251
6286 core=1 noop r=0 y=0 c0=IDLE0 c1=t251
6287 core=0 give r=0 y=0 c0=IDLE0 c1=t251
6288 core=1 noop r=0 y=0 c0=IDLE0 c1=t251
6289 core=1 suspend t251 r=0 y=2 c0=IDLE0 c1=t255
6290 core=0 noop r=0 y=0 c0=IDLE0 c1=t255
6291 core=1 noop r=0 y=0 c0=IDLE0 c1=t255
6292 core=0 noop r=0 y=0 c0=IDLE0 c1=t255
6293 core=0 give_isr r=0 y=0 c0=IDLE0 c1=t255
6294 core=1 create 2 t256 p2 r=1 y=1 c0=t256 c1=t255
6295 core=0 give_isr r=0 y=0 c0=t256 c1=t255
6296 core=1 give r=0 y=0 c0=t256 c1=t255
6297 core=1 noop r=0 y=0 c0=t256 c1=t255
6298 core=0 suspend t255 r=0 y=2 c0=t256 c1=IDLE1
6299 core=0 delay t256 3 r=0 y=1 c0=IDLE0 c1=IDLE1
6300 core=1 suspend t255 r=0 y=0 c0=IDLE0 c1=IDLE1
6301 core=0 create 1 t257 p1 r=1 y=2 c0=IDLE0 c1=t257
6302 core=0 tick r=1 y=1 c0=IDLE1 c1=t257
6303 core=1 delay t257 4 r=0 y=2 c0=IDLE1 c1=IDLE0
6304 core=1 give_isr r=0 y=0 c0=IDLE1 c1=IDLE0
6305 core=0 noop r=0 y=0 c0=IDLE1 c1=IDLE0
6306 core=1 resume t255 r=0 y=2 c0=IDLE1 c1=t255
6307 core=1 prio t233 1 r=0 y=0 c0=IDLE1 c1=t255
6308 core=0 noop r=0 y=0 c0=IDLE1 c1=t255
6309 core=1 noop r=0 y=0 c0=IDLE1 c1=t255
6310 core=0 suspend t251 r=0 y=0 c0=IDLE1 c1=t255
6311 core=1 give_isr r=0 y=0 c0=IDLE1 c1=t255
6312 core=0 tick r=1 y=3 c0=IDLE0 c1=IDLE1
6313 core=1 resume t257 r=0 y=0 c0=IDLE0 c1=IDLE1
6314 core=0 noop r=0 y=0 c0=IDLE0 c1=IDLE1
6315 core=1 create 9 t258 p1 r=1 y=2 c0=IDLE0 c1=t258
6316 core=1 give r=0 y=0 c0=IDLE0 c1=t258
6317 core=0 noop r=0 y=0 c0=IDLE0 c1=t258
6318 core=0 noop r=0 y=0 c0=IDLE0 c1=t258
6319 core=0 noop r=0 y=0 c0=IDLE0 c1=t258
6320 core=1 noop r=0 y=0 c0=IDLE0 c1=t258
6321 core=0 noop r=0 y=0 c0=IDLE0 c1=t258
6322 core=0 tick r=1 y=1 c0=t256 c1=t258
6323 core=0 noop r=0 y=0 c0=t256 c1=t258
6324 core=1 noop r=0 y=0 c0=t256 c1=t258
6325 core=1 prio t255 1 r=0 y=0 c0=t256 c1=t258
6326 core=1 noop r=0 y=0 c0=t256 c1=t258
6327 core=1 delay t258 2 r=0 y=2 c0=t256 c1=t255
6328 core=1 give r=0 y=0 c0=t256 c1=t255
6329 core=0 resume t255 r=0 y=0 c0=t256 c1=t255
6330 core=1 delay t255 5 r=0 y=2 c0=t256 c1=IDLE1
6331 core=1 prio t256 3 r=0 y=0 c0=t256 c1=IDLE1
6332 core=1 noop r=0 y=0 c0=t256 c1=IDLE1
6333 core=1 resume t257 r=0 y=0 c0=t256 c1=IDLE1
6334 core=0 delay t256 1 r=0 y=1 c0=IDLE0 c1=IDLE1
6335 core=1 prio t257 3 r=0 y=0 c0=IDLE0 c1=IDLE1
6336 core=1 noop r=0 y=0 c0=IDLE0 c1=IDLE1
6337 core=0 noop r=0 y=0 c0=IDLE0 c1=IDLE1
6338 core=1 create 6 t259 p3 r=1 y=2 c0=IDLE0 c1=t259
6339 core=1 yield r=0 y=2 c0=IDLE0 c1=t259
6340 core=0 tick r=1 y=3 c0=t256 c1=t259
6341 core=1 resume t258 r=0 y=0 c0=t256 c1=t259
6342 core=1 take t259 r=1 y=0 c0=t256 c1=t259
6343 core=0 tick r=1 y=3 c0=t257 c1=t256
6344 core=0 delay t257 2 r=0 y=1 c0=t259 c1=t256
6345 core=0 noop r=0 y=0 c0=t259 c1=t256
6346 core=0 noop r=0 y=0 c0=t259 c1=t256
6347 core=1 delay t256 4 r=0 y=2 c0=t259 c1=t258
6348 core=0 noop r=0 y=0 c0=t259 c1=t258
6349 core=0 give r=1 y=0 c0=t259 c1=t258
6350 core=0 takeb t259 2 r=1 y=0 c0=t259 c1=t258
6351 core=1 resume t251 r=0 y=0 c0=t259 c1=t258
6352 core=1 prio t257 3 r=0 y=0 c0=t259 c1=t258
6353 core=1 prio t257 1 r=0 y=0 c0=t259 c1=t258
6354 core=0 give r=1 y=0 c0=t259 c1=t258
6355 core=1 noop r=0 y=0 c0=t259 c1=t258
6356 core=1 delete 2 t256 r=0 y=0 c0=t259 c1=t258
6357 core=1 delay t258 3 r=0 y=2 c0=t259 c1=IDLE1
6358 core=0 tick r=0 y=2 c0=t259 c1=IDLE0
6359 core=0 suspend t258 r=0 y=0 c0=t259 c1=IDLE0
6360 core=1 noop r=0 y=0 c0=t259 c1=IDLE0
6361 core=1 give r=0 y=0 c0=t259 c1=IDLE0
6362 core=1 noop r=0 y=0 c0=t259 c1=IDLE0
6363 core=0 noop r=0 y=0 c0=t259 c1=IDLE0
6364 core=1 noop r=0 y=0 c0=t259 c1=IDLE0
6365 core=1 delete 3 t233 r=0 y=0 c0=t259 c1=IDLE0
6366 core=0 tick r=0 y=2 c0=t259 c1=t257
6367 core=0 give r=0 y=0 c0=t259 c1=t257
6368 core=1 delay t257 3 r=0 y=2 c0=t259 c1=t251
6369 core=1 noop r=0 y=0 c0=t259 c1=t251
6370 core=1 noop r=0 y=0 c0=t259 c1=t251
6371 core=1 yield r=0 y=2 c0=t259 c1=IDLE1
6372 core=1 give r=0 y=0 c0=t259 c1=IDLE1
6373 core=1 create 3 t260 p0 r=1 y=2 c0=t259 c1=IDLE0
6374 core=1 noop r=0 y=0 c0=t259 c1=IDLE0
6375 core=0 take t259 r=1 y=0 c0=t259 c1=IDLE0
6376 core=1 noop r=0 y=0 c0=t259 c1=IDLE0
6377 core=0 takeb t259 4 r=2 y=1 c0=t251 c1=IDLE0
6378 core=1 noop r=0 y=0 c0=t251 c1=IDLE0
6379 core=1 noop r=0 y=0 c0=t251 c1=IDLE0
6380 core=0 noop r=0 y=0 c0=t251 c1=IDLE0
6381 core=0 tick r=1 y=3 c0=t255 c1=t260
6382 core=1 delay t260 1 r=0 y=2 c0=t255 c1=IDLE1
6383 core=0 noop r=0 y=0 c0=t255 c1=IDLE1
6384 core=0 delay t255 3 r=0 y=1 c0=t251 c1=IDLE1
6385 core=0 resume t259 r=0 y=0 c0=t251 c1=IDLE1
6386 core=1 suspend t251 r=0 y=1 c0=IDLE0 c1=IDLE1
6387 core=1 give_isr r=1 y=2 c0=IDLE0 c1=t259
6388 core=0 noop r=0 y=0 c0=IDLE0 c1=t259
6389 core=1 cont t259 r=1 y=0 c0=IDLE0 c1=t259
6390 core=0 give_isr r=1 y=0 c0=IDLE0 c1=t259
6391 core=0 tick r=1 y=1 c0=IDLE1 c1=t259
6392 core=0 noop r=0 y=0 c0=IDLE1 c1=t259
6393 core=0 noop r=0 y=0 c0=IDLE1 c1=t259
6394 core=0 noop r=0 y=0 c0=IDLE1 c1=t259
6395 core=0 noop r=0 y=0 c0=IDLE1 c1=t259
6396 core=0 tick r=1 y=1 c0=t257 c1=t259
6397 core=0 prio t258 2 r=0 y=0 c0=t257 c1=t259
6398 core=0 prio t259 1 r=0 y=2 c0=t257 c1=t259
6399 core=1 give r=0 y=0 c0=t257 c1=t259
6400 core=0 delete 3 t260 r=0 y=0 c0=t257 c1=t259
6401 core=1 give_isr r=0 y=0 c0=t257 c1=t259
6402 core=0 suspend t259 r=0 y=2 c0=t257 c1=IDLE0
6403 core=0 noop r=0 y=0 c0=t257 c1=IDLE0
6404 core=0 tick r=1 y=3 c0=t255 c1=t257
6405 core=1 noop r=0 y=0 c0=t255 c1=t257
6406 core=0 tick r=1 y=3 c0=t255 c1=t257
6407 core=1 create 5 t261 p2 r=1 y=2 c0=t255 c1=t261
6408 core=1 delay t261 1 r=0 y=2 c0=t255 c1=t257
6409 core=0 give r=0 y=0 c0=t255 c1=t257
6410 core=1 suspend t251 r=0 y=0 c0=t255 c1=t257
6411 core=0 suspend t261 r=0 y=0 c0=t255 c1=t257
6412 core=0 yield r=0 y=1 c0=t255 c1=t257
6413 core=1 takeb t257 1 r=1 y=0 c0=t255 c1=t257
6414 core=0 yield r=0 y=1 c0=t255 c1=t257
6415 core=0 suspend t251 r=0 y=0 c0=t255 c1=t257
6416 core=1 prio t255 2 r=0 y=0 c0=t255 c1=t257
6417 core=0 tick r=0 y=0 c0=t255 c1=t257
6418 core=1 delay t257 3 r=0 y=2 c0=t255 c1=IDLE1
6419 core=0 noop r=0 y=0 c0=t255 c1=IDLE1
6420 core=0 give_isr r=1 y=0 c0=t255 c1=IDLE1
6421 core=0 tick r=0 y=2 c0=t255 c1=IDLE0
6422 core=0 tick r=0 y=2 c0=t255 c1=IDLE1
6423 core=1 prio t255 2 r=0 y=0 c0=t255 c1=IDLE1
6424 core=1 create 8 t262 p3 r=1 y=2 c0=t255 c1=t262
6425 core=1 give r=0 y=0 c0=t255 c1=t262
6426 core=0 delete 5 t261 r=0 y=0 c0=t255 c1=t262
6427 core=0 give_isr r=0 y=0 c0=t255 c1=t262
6428 core=0 suspend t255 r=0 y=1 c0=IDLE0 c1=t262
6429 core=1 give_isr r=0 y=0 c0=IDLE0 c1=t262
6430 core=0 suspend t255 r=0 y=0 c0=IDLE0 c1=t262
6431 core=0 give r=0 y=0 c0=IDLE0 c1=t262
6432 core=1 give_isr r=0 y=0 c0=IDLE0 c1=t262
6433 core=1 delete 8 t262 r=0 y=2 c0=IDLE0 c1=IDLE1
6434 core=1 noop r=0 y=0 c0=IDLE0 c1=IDLE1
6435 core=1 give r=0 y=0 c0=IDLE0 c1=IDLE1
6436 core=0 noop r=0 y=0 c0=IDLE0 c1=IDLE1
6437 core=1 give r=0 y=0 c0=IDLE0 c1=IDLE1
6438 core=1 prio t257 2 r=0 y=0 c0=IDLE0 c1=IDLE1
6439 core=1 noop r=0 y=0 c0=IDLE0 c1=IDLE1
6440 core=1 noop r=0 y=0 c0=IDLE0 c1=IDLE1
6441 core=0 resume t258 r=0 y=2 c0=IDLE0 c1=t258
6442 core=1 noop r=0 y=0 c0=IDLE0 c1=t258
6443 core=1 give_isr r=0 y=0 c0=IDLE0 c1=t258
6444 core=1 give r=0 y=0 c0=IDLE0 c1=t258
6445 core=0 tick r=1 y=3 c0=t257 c1=t258
6446 core=0 create 7 t263 p1 r=1 y=0 c0=t257 c1=t258
6447 core=1 yield r=0 y=2 c0=t257 c1=t258
6448 core=1 take t258 r=1 y=0 c0=t257 c1=t258
6449 core=0 suspend t259 r=0 y=0 c0=t257 c1=t258
6450 core=0 give r=1 y=0 c0=t257 c1=t258
6451 core=1 give r=0 y=0 c0=t257 c1=t258
6452 core=0 tick r=1 y=3 c0=t257 c1=t258
6453 core=0 tick r=1 y=3 c0=t257 c1=t258
6454 core=0 delete 4 t251 r=0 y=0 c0=t257 c1=t258
6455 core=1 noop r=0 y=0 c0=t257 c1=t258
6456 core=0 tick r=1 y=3 c0=t257 c1=t258
6457 core=0 take t257 r=1 y=0 c0=t257 c1=t258
6458 core=1 noop r=0 y=0 c0=t257 c1=t258
6459 core=0 yield r=0 y=1 c0=t257 c1=t258
6460 core=1 prio t258 1 r=0 y=2 c0=t257 c1=t263
6461 core=1 delay t263 5 r=0 y=2 c0=t257 c1=t258
6462 core=0 noop r=0 y=0 c0=t257 c1=t258
6463 core=0 yield r=0 y=1 c0=t257 c1=t258
6464 core=0 tick r=0 y=0 c0=t257 c1=t258
6465 core=1 prio t263 2 r=0 y=0 c0=t257 c1=t258
6466 core=1 noop r=0 y=0 c0=t257 c1=t258
6467 core=0 give_isr r=1 y=0 c0=t257 c1=t258
6468 core=0 noop r=0 y=0 c0=t257 c1=t258
6469 core=0 prio t258 3 r=0 y=0 c0=t257 c1=t258
6470 core=0 noop r=0 y=0 c0=t257 c1=t258
6471 core=1 noop r=0 y=0 c0=t257 c1=t258
6472 core=1 prio t257 0 r=0 y=1 c0=IDLE1 c1=t258
6473 core=1 yield r=0 y=2 c0=IDLE1 c1=t258
6474 core=1 noop r=0 y=0 c0=IDLE1 c1=t258
6475 core=0 tick r=1 y=1 c0=IDLE0 c1=t258
6476 core=1 suspend t258 r=0 y=2 c0=IDLE0 c1=t257
6477 core=0 prio t263 1 r=0 y=0 c0=IDLE0 c1=t257
6478 core=1 takeb t257 1 r=1 y=0 c0=IDLE0 c1=t257
6479 core=1 give r=1 y=0 c0=IDLE0 c1=t257
6480 core=1 create 8 t264 p0 r=1 y=1 c0=IDLE1 c1=t257
6481 core=0 noop r=0 y=0 c0=IDLE1 c1=t257
6482 core=1 delay t257 5 r=0 y=2 c0=IDLE1 c1=t264
6483 core=0 noop r=0 y=0 c0=IDLE1 c1=t264
6484 core=1 prio t264 0 r=0 y=0 c0=IDLE1 c1=t264
6485 core=0 noop r=0 y=0 c0=IDLE1 c1=t264
6486 core=1 noop r=0 y=0 c0=IDLE1 c1=t264
6487 core=1 delay t264 5 r=0 y=2 c0=IDLE1 c1=IDLE0
6488 core=1 resume t255 r=0 y=2 c0=IDLE1 c1=t255
6489 core=0 noop r=0 y=0 c0=IDLE1 c1=t255
6490 core=1 resume t258 r=0 y=1 c0=t258 c1=t255
6491 core=1 noop r=0 y=0 c0=t258 c1=t255
6492 core=0 create 2 t265 p3 r=1 y=2 c0=t258 c1=t265
6493 core=0 create 5 t266 p0 r=1 y=0 c0=t258 c1=t265
6494 core=1 suspend t258 r=0 y=1 c0=t255 c1=t265
6495 core=1 resume t257 r=0 y=0 c0=t255 c1=t265
6496 core=0 give r=0 y=0 c0=t255 c1=t265
6497 core=0 give r=0 y=0 c0=t255 c1=t265
6498 core=0 noop r=0 y=0 c0=t255 c1=t265
6499 core=1 delay t265 5 r=0 y=2 c0=t255 c1=IDLE0
6500 core=1 yield r=0 y=2 c0=t255 c1=IDLE1
6501 core=0 delay t255 2 r=0 y=1 c0=t266 c1=IDLE1
6502 core=0 tick r=1 y=3 c0=IDLE0 c1=t266
6503 core=0 give r=0 y=0 c0=IDLE0 c1=t266
6504 core=0 noop r=0 y=0 c0=IDLE0 c1=t266
6505 core=0 noop r=0 y=0 c0=IDLE0 c1=t266
6506 core=0 delete 7 t263 r=0 y=0 c0=IDLE0 c1=t266
6507 core=0 give r=0 y=0 c0=IDLE0 c1=t266
6508 core=0 noop r=0 y=0 c0=IDLE0 c1=t266
6509 core=0 noop r=0 y=0 c0=IDLE0 c1=t266
6510 core=1 yield r=0 y=2 c0=IDLE0 c1=IDLE1
6511 core=0 tick r=1 y=3 c0=t255 c1=t266
6512 core=0 tick r=0 y=2 c0=t255 c1=IDLE0
6513 core=0 noop r=0 y=0 c0=t255 c1=IDLE0
6514 core=0 resume t259 r=0 y=2 c0=t255 c1=t259
6515 core=0 prio t257 2 r=0 y=0 c0=t255 c1=t259
6516 core=0 give_isr r=0 y=0 c0=t255 c1=t259
6517 core=1 noop r=0 y=0 c0=t255 c1=t259
6518 core=1 resume t255 r=0 y=0 c0=t255 c1=t259
6519 core=0 give r=0 y=0 c0=t255 c1=t259
6520 core=1 noop r=0 y=0 c0=t255 c1=t259
6521 core=0 delete 9 t258 r=0 y=0 c0=t255 c1=t259
6522 core=0 give r=0 y=0 c0=t255 c1=t259
6523 core=0 takeb t255 2 r=1 y=0 c0=t255 c1=t259
6524 core=0 create 4 t267 p3 r=1 y=2 c0=t255 c1=t267
6525 core=0 yield r=0 y=1 c0=t255 c1=t267
6526 core=1 give_isr r=1 y=0 c0=t255 c1=t267
6527 core=0 takeb t255 2 r=1 y=0 c0=t255 c1=t267
6528 core=0 noop r=0 y=0 c0=t255 c1=t267
6529 core=1 delete 6 t259 r=0 y=0 c0=t255 c1=t267
6530 core=0 noop r=0 y=0 c0=t255 c1=t267
6531 core=0 yield r=0 y=1 c0=t255 c1=t267
6532 core=0 takeb t255 3 r=2 y=1 c0=IDLE1 c1=t267
6533 core=1 give r=1 y=1 c0=t255 c1=t267
6534 core=0 cont t255 r=1 y=0 c0=t255 c1=t267
6535 core=1 noop r=0 y=0 c0=t255 c1=t267
6536 core=0 tick r=0 y=0 c0=t255 c1=t267
6537 core=1 yield r=0 y=2 c0=t255 c1=t267
6538 core=0 give r=1 y=0 c0=t255 c1=t267
6539 core=1 delete 2 t265 r=0 y=0 c0=t255 c1=t267
6540 core=0 tick r=1 y=1 c0=t257 c1=t267
6541 core=1 create 7 t268 p1 r=1 y=0 c0=t257 c1=t267
6542 core=0 suspend t255 r=0 y=0 c0=t257 c1=t267
6543 core=0 tick r=0 y=0 c0=t257 c1=t267
6544 core=0 tick r=0 y=0 c0=t257 c1=t267
6545 core=1 resume t264 r=0 y=0 c0=t257 c1=t267
6546 core=0 resume t268 r=0 y=0 c0=t257 c1=t267
6547 core=1 prio t266 0 r=0 y=0 c0=t257 c1=t267
6548 core=1 noop r=0 y=0 c0=t257 c1=t267
6549 core=0 noop r=0 y=0 c0=t257 c1=t267
6550 core=1 give r=0 y=0 c0=t257 c1=t267
6551 core=0 noop r=0 y=0 c0=t257 c1=t267
6552 core=0 give r=0 y=0 c0=t257 c1=t267
6553 core=0 give r=0 y=0 c0=t257 c1=t267
6554 core=1 noop r=0 y=0 c0=t257 c1=t267
6555 core=0 tick r=0 y=0 c0=t257 c1=t267
6556 core=0 tick r=0 y=0 c0=t257 c1=t267
6557 core=0 give r=0 y=0 c0=t257 c1=t267
6558 core=1 delete 8 t264 r=0 y=0 c0=t257 c1=t267
6559 core=1 noop r=0 y=0 c0=t257 c1=t267
6560 core=1 noop r=0 y=0 c0=t257 c1=t267
6561 core=0 tick r=0 y=0 c0=t257 c1=t267
6562 core=1 yield r=0 y=2 c0=t257 c1=t267
6563 core=1 create 6 t269 p2 r=1 y=0 c0=t257 c1=t267
6564 core=1 suspend t268 r=0 y=0 c0=t257 c1=t267
6565 core=0 suspend t269 r=0 y=0 c0=t257 c1=t267
6566 core=1 delay t267 1 r=0 y=2 c0=t257 c1=t266
6567 core=0 give r=0 y=0 c0=t257 c1=t266
6568 core=1 prio t255 1 r=0 y=0 c0=t257 c1=t266
6569 core=0 give_isr r=0 y=0 c0=t257 c1=t266
6570 core=1 prio t257 3 r=0 y=0 c0=t257 c1=t266
6571 core=0 tick r=1 y=3 c0=t267 c1=t257
6572 core=0 prio t255 1 r=0 y=0 c0=t267 c1=t257
6573 core=1 noop r=0 y=0 c0=t267 c1=t257
6574 core=0 delay t267 5 r=0 y=1 c0=IDLE0 c1=t257
6575 core=0 yield r=0 y=1 c0=IDLE1 c1=t257
6576 core=0 noop r=0 y=0 c0=IDLE1 c1=t257
6577 core=0 give r=0 y=0 c0=IDLE1 c1=t257
6578 core=0 tick r=1 y=1 c0=t266 c1=t257
6579 core=0 delete 4 t267 r=0 y=0 c0=t266 c1=t257
6580 core=0 noop r=0 y=0 c0=t266 c1=t257
6581 core=1 take t257 r=1 y=0 c0=t266 c1=t257
6582 core=0 yield r=0 y=1 c0=IDLE0 c1=t257
6583 core=0 delete 6 t269 r=0 y=0 c0=IDLE0 c1=t257
6584 core=0 create 3 t270 p2 r=1 y=1 c0=t270 c1=t257
6585 core=1 noop r=0 y=0 c0=t270 c1=t257
6586 core=1 create 8 t271 p3 r=1 y=1 c0=t271 c1=t257
6587 core=0 tick r=1 y=3 c0=t271 c1=t257
6588 core=0 give r=1 y=0 c0=t271 c1=t257
6589 core=1 give r=0 y=0 c0=t271 c1=t257
6590 core=0 delay t271 4 r=0 y=1 c0=t270 c1=t257
6591 core=0 noop r=0 y=0 c0=t270 c1=t257
6592 core=0 noop r=0 y=0 c0=t270 c1=t257
6593 core=1 delay t257 5 r=0 y=2 c0=t270 c1=IDLE1
6594 core=1 give_isr r=0 y=0 c0=t270 c1=IDLE1
6595 core=0 tick r=0 y=2 c0=t270 c1=t266
6596 core=0 noop r=0 y=0 c0=t270 c1=t266
6597 core=0 noop r=0 y=0 c0=t270 c1=t266
6598 core=0 take t270 r=1 y=0 c0=t270 c1=t266
6599 core=0 noop r=0 y=0 c0=t270 c1=t266
6600 core=0 delete 8 t271 r=0 y=0 c0=t270 c1=t266
6601 core=1 give r=1 y=0 c0=t270 c1=t266
6602 core=1 yield r=0 y=2 c0=t270 c1=IDLE0
6603 core=1 resume t268 r=0 y=2 c0=t270 c1=t268
6604 core=1 noop r=0 y=0 c0=t270 c1=t268
6605 core=1 give r=0 y=0 c0=t270 c1=t268
6606 core=0 delay t270 1 r=0 y=1 c0=IDLE1 c1=t268
6607 core=1 give r=0 y=0 c0=IDLE1 c1=t268
6608 core=0 noop r=0 y=0 c0=IDLE1 c1=t268
6609 core=1 give r=0 y=0 c0=IDLE1 c1=t268
6610 core=1 noop r=0 y=0 c0=IDLE1 c1=t268
6611 core=1 give_isr r=0 y=0 c0=IDLE1 c1=t268
6612 core=1 takeb t268 6 r=1 y=0 c0=IDLE1 c1=t268
6613 core=0 noop r=0 y=0 c0=IDLE1 c1=t268
6614 core=1 noop r=0 y=0 c0=IDLE1 c1=t268
6615 core=1 give r=1 y=0 c0=IDLE1 c1=t268
6616 core=0 suspend t255 r=0 y=0 c0=IDLE1 c1=t268
6617 core=0 noop r=0 y=0 c0=IDLE1 c1=t268
6618 core=1 noop r=0 y=0 c0=IDLE1 c1=t268
6619 core=0 noop r=0 y=0 c0=IDLE1 c1=t268
6620 core=0 resume t268 r=0 y=0 c0=IDLE1 c1=t268
6621 core=1 delete 5 t266 r=0 y=0 c0=IDLE1 c1=t268
6622 core=0 noop r=0 y=0 c0=IDLE1 c1=t268
6623 core=1 takeb t268 5 r=1 y=0 c0=IDLE1 c1=t268
6624 core=0 noop r=0 y=0 c0=IDLE1 c1=t268
6625 core=1 create 6 t272 p3 r=1 y=1 c0=t272 c1=t268
6626 core=1 noop r=0 y=0 c0=t272 c1=t268
6627 core=0 noop r=0 y=0 c0=t272 c1=t268
6628 core=0 tick r=0 y=2 c0=t272 c1=t270
6629 core=0 tick r=0 y=0 c0=t272 c1=t270
6630 core=1 suspend t255 r=0 y=0 c0=t272 c1=t270
6631 core=0 tick r=0 y=0 c0=t272 c1=t270
6632 core=1 noop r=0 y=0 c0=t272 c1=t270
6633 core=0 prio t255 3 r=0 y=0 c0=t272 c1=t270
6634 core=0 noop r=0 y=0 c0=t272 c1=t270
6635 core=0 noop r=0 y=0 c0=t272 c1=t270
6636 core=0 noop r=0 y=0 c0=t272 c1=t270
6637 core=0 noop r=0 y=0 c0=t272 c1=t270
6638 core=0 noop r=0 y=0 c0=t272 c1=t270
6639 core=0 create 2 t273 p1 r=1 y=0 c0=t272 c1=t270
6640 core=0 delete 6 t272 r=0 y=1 c0=t268 c1=t270
6641 core=0 delay t268 1 r=0 y=1 c0=t273 c1=t270
6642 core=0 create 6 t274 p1 r=1 y=0 c0=t273 c1=t270
6643 core=0 noop r=0 y=0 c0=t273 c1=t270
6644 core=1 noop r=0 y=0 c0=t273 c1=t270
6645 core=1 suspend t257 r=0 y=0 c0=t273 c1=t270
6646 core=0 noop r=0 y=0 c0=t273 c1=t270
6647 core=0 noop r=0 y=0 c0=t273 c1=t270
6648 core=1 delay t270 1 r=0 y=2 c0=t273 c1=t274
6649 core=0 take t273 r=0 y=0 c0=t273 c1=t274
6650 core=0 delay t273 1 r=0 y=1 c0=IDLE0 c1=t274
6651 core=1 noop r=0 y=0 c0=IDLE0 c1=t274
6652 core=1 give_isr r=1 y=0 c0=IDLE0 c1=t274
6653 core=0 yield r=0 y=1 c0=IDLE1 c1=t274
6654 core=1 noop r=0 y=0 c0=IDLE1 c1=t274
6655 core=1 give r=0 y=0 c0=IDLE1 c1=t274
6656 core=1 noop r=0 y=0 c0=IDLE1 c1=t274
6657 core=0 noop r=0 y=0 c0=IDLE1 c1=t274
6658 core=0 yield r=0 y=1 c0=IDLE0 c1=t274
6659 core=1 create 4 t275 p3 r=1 y=1 c0=t275 c1=t274
6660 core=0 prio t255 3 r=0 y=0 c0=t275 c1=t274
6661 core=0 give_isr r=0 y=0 c0=t275 c1=t274
6662 core=1 prio t273 3 r=0 y=0 c0=t275 c1=t274
6663 core=1 noop r=0 y=0 c0=t275 c1=t274
6664 core=0 tick r=1 y=3 c0=t273 c1=t275
6665 core=0 noop r=0 y=0 c0=t273 c1=t275
6666 core=1 prio t268 2 r=0 y=0 c0=t273 c1=t275
6667 core=1 suspend t270 r=0 y=0 c0=t273 c1=t275
6668 core=1 delay t275 2 r=0 y=2 c0=t273 c1=t268
6669 core=1 noop r=0 y=0 c0=t273 c1=t268
6670 core=1 prio t273 1 r=0 y=1 c0=t274 c1=t268
6671 core=1 delay t268 4 r=0 y=2 c0=t274 c1=t273
6672 core=1 noop r=0 y=0 c0=t274 c1=t273
6673 core=0 tick r=1 y=3 c0=t274 c1=t273
6674 core=0 noop r=0 y=0 c0=t274 c1=t273
6675 core=0 noop r=0 y=0 c0=t274 c1=t273
6676 core=1 noop r=0 y=0 c0=t274 c1=t273
6677 core=0 delay t274 5 r=0 y=1 c0=IDLE1 c1=t273
6678 core=0 prio t255 3 r=0 y=0 c0=IDLE1 c1=t273
6679 core=0 give r=0 y=0 c0=IDLE1 c1=t273
6680 core=0 noop r=0 y=0 c0=IDLE1 c1=t273
6681 core=0 noop r=0 y=0 c0=IDLE1 c1=t273
6682 core=0 give r=0 y=0 c0=IDLE1 c1=t273
6683 core=1 takeb t273 5 r=1 y=0 c0=IDLE1 c1=t273
6684 core=1 give_isr r=1 y=0 c0=IDLE1 c1=t273
6685 core=1 resume t275 r=0 y=0 c0=IDLE1 c1=t273
6686 core=0 tick r=1 y=1 c0=t275 c1=t273
6687 core=0 delete 1 t257 r=0 y=0 c0=t275 c1=t273
6688 core=1 takeb t273 5 r=1 y=0 c0=t275 c1=t273
6689 core=1 delay t273 1 r=0 y=2 c0=t275 c1=IDLE0
6690 core=0 give r=1 y=0 c0=t275 c1=IDLE0
6691 core=1 resume t268 r=0 y=0 c0=t275 c1=IDLE0
6692 core=0 resume t268 r=0 y=0 c0=t275 c1=IDLE0
6693 core=1 noop r=0 y=0 c0=t275 c1=IDLE0
6694 core=1 suspend t270 r=0 y=0 c0=t275 c1=IDLE0
6695 core=1 noop r=0 y=0 c0=t275 c1=IDLE0
6696 core=1 give r=0 y=0 c0=t275 c1=IDLE0
6697 core=0 resume t270 r=0 y=2 c0=t275 c1=t270
6698 core=1 noop r=0 y=0 c0=t275 c1=t270
6699 core=1 give r=0 y=0 c0=t275 c1=t270
6700 core=1 create 8 t276 p3 r=1 y=2 c0=t275 c1=t276
6701 core=1 noop r=0 y=0 c0=t275 c1=t276
6702 core=1 delay t276 3 r=0 y=2 c0=t275 c1=t270
6703 core=1 delay t270 3 r=0 y=2 c0=t275 c1=IDLE1
6704 core=0 suspend t268 r=0 y=0 c0=t275 c1=IDLE1
6705 core=0 noop r=0 y=0 c0=t275 c1=IDLE1
6706 core=1 give r=0 y=0 c0=t275 c1=IDLE1
6707 core=0 resume t255 r=0 y=2 c0=t275 c1=t255
6708 core=1 noop r=0 y=0 c0=t275 c1=t255
6709 core=0 noop r=0 y=0 c0=t275 c1=t255
6710 core=0 noop r=0 y=0 c0=t275 c1=t255
6711 core=0 prio t270 0 r=0 y=0 c0=t275 c1=t255
6712 core=0 tick r=1 y=3 c0=t275 c1=t255
6713 core=1 delay t255 4 r=0 y=2 c0=t275 c1=t273
6714 core=0 noop r=0 y=0 c0=t275 c1=t273
6715 core=1 resume t270 r=0 y=0 c0=t275 c1=t273
6716 core=1 delay t273 1 r=0 y=2 c0=t275 c1=IDLE0
6717 core=0 noop r=0 y=0 c0=t275 c1=IDLE0
6718 core=1 prio t255 2 r=0 y=0 c0=t275 c1=IDLE0
6719 core=0 tick r=0 y=2 c0=t275 c1=t273
6720 core=0 noop r=0 y=0 c0=t275 c1=t273
6721 core=0 suspend t255 r=0 y=0 c0=t275 c1=t273
6722 core=1 give r=0 y=0 c0=t275 c1=t273
6723 core=1 take t273 r=1 y=0 c0=t275 c1=t273
6724 core=1 delete 4 t275 r=0 y=1 c0=IDLE1 c1=t273
6725 core=0 prio t255 3 r=0 y=0 c0=IDLE1 c1=t273
6726 core=1 prio t273 1 r=0 y=0 c0=IDLE1 c1=t273
6727 core=0 noop r=0 y=0 c0=IDLE1 c1=t273
6728 core=1 suspend t274 r=0 y=0 c0=IDLE1 c1=t273
6729 core=0 noop r=0 y=0 c0=IDLE1 c1=t273
6730 core=0 prio t270 1 r=0 y=0 c0=IDLE1 c1=t273
6731 core=1 takeb t273 5 r=2 y=2 c0=IDLE1 c1=IDLE0
6732 core=0 create 1 t277 p2 r=1 y=2 c0=IDLE1 c1=t277
6733 core=1 takeb t277 5 r=2 y=2 c0=IDLE1 c1=IDLE0
6734 core=0 tick r=1 y=3 c0=t276 c1=t270
6735 core=0 tick r=0 y=0 c0=t276 c1=t270
6736 core=1 noop r=0 y=0 c0=t276 c1=t270
6737 core=0 resume t268 r=0 y=2 c0=t276 c1=t268
6738 core=0 give r=1 y=0 c0=t276 c1=t268
6739 core=0 takeb t276 4 r=1 y=0 c0=t276 c1=t268
6740 core=0 tick r=0 y=2 c0=t276 c1=t277
6741 core=0 prio t277 2 r=0 y=0 c0=t276 c1=t277
6742 core=0 takeb t276 5 r=2 y=1 c0=t268 c1=t277
6743 core=1 cont t277 r=2 y=2 c0=t268 c1=t270
6744 core=1 take t270 r=0 y=0 c0=t268 c1=t270
6745 core=0 noop r=0 y=0 c0=t268 c1=t270
6746 core=1 give_isr r=1 y=2 c0=t268 c1=t276
6747 core=1 cont t276 r=1 y=0 c0=t268 c1=t276
6748 core=0 noop r=0 y=0 c0=t268 c1=t276
6749 core=1 give r=1 y=0 c0=t268 c1=t276
6750 core=0 prio t273 3 r=0 y=0 c0=t268 c1=t276
6751 core=1 give_isr r=0 y=0 c0=t268 c1=t276
6752 core=1 suspend t276 r=0 y=2 c0=t268 c1=t277
6753 core=0 take t268 r=1 y=0 c0=t268 c1=t277
6754 core=0 create 4 t278 p0 r=1 y=0 c0=t268 c1=t277
6755 core=0 delay t268 3 r=0 y=1 c0=t270 c1=t277
6756 core=0 delete 1 t277 r=0 y=2 c0=t270 c1=IDLE1
6757 core=0 delay t270 2 r=0 y=1 c0=IDLE0 c1=IDLE1
6758 core=0 give r=1 y=2 c0=IDLE0 c1=t273
6759 core=1 cont t273 r=1 y=0 c0=IDLE0 c1=t273
6760 core=0 yield r=0 y=1 c0=t278 c1=t273
6761 core=1 suspend t268 r=0 y=0 c0=t278 c1=t273
6762 core=1 suspend t274 r=0 y=0 c0=t278 c1=t273
6763 core=0 delay t278 1 r=0 y=1 c0=IDLE1 c1=t273
6764 core=1 noop r=0 y=0 c0=IDLE1 c1=t273
6765 core=0 noop r=0 y=0 c0=IDLE1 c1=t273
6766 core=0 give_isr r=1 y=0 c0=IDLE1 c1=t273
6767 core=1 prio t273 2 r=0 y=2 c0=IDLE1 c1=t273
6768 core=0 tick r=1 y=1 c0=IDLE0 c1=t273
6769 core=0 give r=0 y=0 c0=IDLE0 c1=t273
6770 core=0 noop r=0 y=0 c0=IDLE0 c1=t273
6771 core=1 noop r=0 y=0 c0=IDLE0 c1=t273
6772 core=1 delay t273 3 r=0 y=2 c0=IDLE0 c1=t278
6773 core=0 tick r=1 y=3 c0=t270 c1=IDLE1
6774 core=0 give_isr r=0 y=0 c0=t270 c1=IDLE1
6775 core=0 tick r=0 y=2 c0=t270 c1=IDLE0
6776 core=1 yield r=0 y=2 c0=t270 c1=t278
6777 core=0 resume t268 r=0 y=2 c0=t270 c1=t268
6778 core=1 resume t268 r=0 y=0 c0=t270 c1=t268
6779 core=1 resume t274 r=0 y=0 c0=t270 c1=t268
6780 core=0 prio t255 2 r=0 y=0 c0=t270 c1=t268
6781 core=1 take t268 r=1 y=0 c0=t270 c1=t268
6782 core=0 delete 2 t273 r=0 y=0 c0=t270 c1=t268
6783 core=1 resume t278 r=0 y=0 c0=t270 c1=t268
6784 core=1 noop r=0 y=0 c0=t270 c1=t268
6785 core=1 takeb t268 6 r=2 y=2 c0=t270 c1=t274
6786 core=0 noop r=0 y=0 c0=t270 c1=t274
6787 core=0 takeb t270 6 r=2 y=1 c0=IDLE1 c1=t274
6788 core=1 give r=1 y=1 c0=t268 c1=t274
6789 core=0 cont t268 r=1 y=0 c0=t268 c1=t274
6790 core=0 give r=1 y=0 c0=t268 c1=t274
6791 core=0 noop r=0 y=0 c0=t268 c1=t274
6792 core=1 noop r=0 y=0 c0=t268 c1=t274
6793 core=0 yield r=0 y=1 c0=t268 c1=t274
6794 core=0 resume t274 r=0 y=0 c0=t268 c1=t274
6795 core=1 yield r=0 y=2 c0=t268 c1=t270
6796 core=1 cont t270 r=1 y=0 c0=t268 c1=t270
6797 core=1 noop r=0 y=0 c0=t268 c1=t270
6798 core=1 suspend t274 r=0 y=0 c0=t268 c1=t270
6799 core=0 noop r=0 y=0 c0=t268 c1=t270
6800 core=1 noop r=0 y=0 c0=t268 c1=t270
6801 core=0 yield r=0 y=1 c0=t268 c1=t270
6802 core=1 delay t270 4 r=0 y=2 c0=t268 c1=IDLE0
6803 core=0 give_isr r=1 y=0 c0=t268 c1=IDLE0
6804 core=0 suspend t255 r=0 y=0 c0=t268 c1=IDLE0
6805 core=1 delete 7 t268 r=0 y=1 c0=t278 c1=IDLE0
6806 core=0 tick r=1 y=3 c0=IDLE1 c1=t278
6807 core=1 noop r=0 y=0 c0=IDLE1 c1=t278
6808 core=1 delay t278 5 r=0 y=2 c0=IDLE1 c1=IDLE0
6809 core=0 noop r=0 y=0 c0=IDLE1 c1=IDLE0
6810 core=1 delete 3 t270 r=0 y=0 c0=IDLE1 c1=IDLE0
6811 core=1 prio t278 3 r=0 y=0 c0=IDLE1 c1=IDLE0
6812 core=0 yield r=0 y=1 c0=IDLE1 c1=IDLE0
6813 core=0 resume t255 r=0 y=2 c0=IDLE1 c1=t255
6814 core=1 take t255 r=1 y=0 c0=IDLE1 c1=t255
6815 core=0 noop r=0 y=0 c0=IDLE1 c1=t255
6816 core=0 noop r=0 y=0 c0=IDLE1 c1=t255
6817 core=0 prio t274 3 r=0 y=0 c0=IDLE1 c1=t255
6818 core=1 suspend t274 r=0 y=0 c0=IDLE1 c1=t255
6819 core=1 suspend t255 r=0 y=2 c0=IDLE1 c1=IDLE0
6820 core=0 noop r=0 y=0 c0=IDLE1 c1=IDLE0
6821 core=1 yield r=0 y=2 c0=IDLE1 c1=IDLE0
6822 core=0 create 7 t279 p2 r=1 y=2 c0=IDLE1 c1=t279
6823 core=0 tick r=1 y=1 c0=IDLE0 c1=t279
6824 core=1 give_isr r=1 y=0 c0=IDLE0 c1=t279
6825 core=0 yield r=0 y=1 c0=IDLE1 c1=t279
6826 core=0 create 5 t280 p0 r=1 y=1 c0=IDLE0 c1=t279
6827 core=1 give_isr r=0 y=0 c0=IDLE0 c1=t279
6828 core=0 noop r=0 y=0 c0=IDLE0 c1=t279
6829 core=0 noop r=0 y=0 c0=IDLE0 c1=t279
6830 core=0 create 1 t281 p0 r=1 y=1 c0=t280 c1=t279
6831 core=1 give_isr r=0 y=0 c0=t280 c1=t279
6832 core=1 give r=0 y=0 c0=t280 c1=t279
6833 core=1 noop r=0 y=0 c0=t280 c1=t279
6834 core=1 suspend t281 r=0 y=0 c0=t280 c1=t279
6835 core=1 create 3 t282 p2 r=1 y=1 c0=t282 c1=t279
6836 core=1 delay t279 4 r=0 y=2 c0=t282 c1=IDLE1
6837 core=1 noop r=0 y=0 c0=t282 c1=IDLE1
6838 core=1 delete 4 t278 r=0 y=0 c0=t282 c1=IDLE1
6839 core=0 resume t281 r=0 y=2 c0=t282 c1=IDLE0
6840 core=1 suspend t255 r=0 y=0 c0=t282 c1=IDLE0
6841 core=1 noop r=0 y=0 c0=t282 c1=IDLE0
6842 core=1 noop r=0 y=0 c0=t282 c1=IDLE0
6843 core=1 create 4 t283 p2 r=1 y=2 c0=t282 c1=t283
6844 core=0 resume t283 r=0 y=0 c0=t282 c1=t283
6845 core=0 noop r=0 y=0 c0=t282 c1=t283
6846 core=0 noop r=0 y=0 c0=t282 c1=t283
6847 core=1 noop r=0 y=0 c0=t282 c1=t283
6848 core=0 takeb t282 2 r=1 y=0 c0=t282 c1=t283
6849 core=1 takeb t283 6 r=2 y=2 c0=t282 c1=t280
6850 core=1 prio t255 1 r=0 y=0 c0=t282 c1=t280
6851 core=1 takeb t280 2 r=2 y=2 c0=t282 c1=t281
6852 core=0 tick r=0 y=2 c0=t282 c1=IDLE1
6853 core=0 yield r=0 y=1 c0=t282 c1=IDLE1
6854 core=1 noop r=0 y=0 c0=t282 c1=IDLE1
6855 core=1 suspend t282 r=0 y=1 c0=IDLE0 c1=IDLE1
6856 core=0 noop r=0 y=0 c0=IDLE0 c1=IDLE1
6857 core=1 suspend t282 r=0 y=0 c0=IDLE0 c1=IDLE1
6858 core=0 resume t280 r=0 y=0 c0=IDLE0 c1=IDLE1
6859 core=0 suspend t281 r=0 y=0 c0=IDLE0 c1=IDLE1
6860 core=0 noop r=0 y=0 c0=IDLE0 c1=IDLE1
6861 core=0 prio t282 3 r=0 y=0 c0=IDLE0 c1=IDLE1
6862 core=1 noop r=0 y=0 c0=IDLE0 c1=IDLE1
6863 core=0 noop r=0 y=0 c0=IDLE0 c1=IDLE1
6864 core=1 give r=1 y=2 c0=IDLE0 c1=t283
6865 core=0 yield r=0 y=1 c0=IDLE1 c1=t283
6866 core=1 cont t283 r=1 y=0 c0=IDLE1 c1=t283
6867 core=0 noop r=0 y=0 c0=IDLE1 c1=t283
6868 core=1 suspend t280 r=0 y=0 c0=IDLE1 c1=t283
6869 core=0 noop r=0 y=0 c0=IDLE1 c1=t283
6870 core=0 delete 8 t276 r=0 y=0 c0=IDLE1 c1=t283
6871 core=0 tick r=1 y=1 c0=IDLE0 c1=t283
6872 core=1 suspend t279 r=0 y=0 c0=IDLE0 c1=t283
6873 core=1 noop r=0 y=0 c0=IDLE0 c1=t283
6874 core=0 give r=1 y=0 c0=IDLE0 c1=t283
6875 core=1 suspend t282 r=0 y=0 c0=IDLE0 c1=t283
6876 core=1 suspend t279 r=0 y=0 c0=IDLE0 c1=t283
6877 core=0 tick r=1 y=1 c0=IDLE1 c1=t283
6878 core=1 yield r=0 y=2 c0=IDLE1 c1=t283
6879 core=1 resume t281 r=0 y=1 c0=IDLE0 c1=t283
6880 core=1 give_isr r=0 y=0 c0=IDLE0 c1=t283
6881 core=1 delay t283 1 r=0 y=2 c0=IDLE0 c1=t281
6882 core=1 give r=0 y=0 c0=IDLE0 c1=t281
6883 core=1 give_isr r=0 y=0 c0=IDLE0 c1=t281
6884 core=1 give r=0 y=0 c0=IDLE0 c1=t281
6885 core=0 noop r=0 y=0 c0=IDLE0 c1=t281
6886 core=1 yield r=0 y=2 c0=IDLE0 c1=IDLE1
6887 core=0 create 9 t284 p2 r=1 y=2 c0=IDLE0 c1=t284
6888 core=1 noop r=0 y=0 c0=IDLE0 c1=t284
6889 core=1 delay t284 3 r=0 y=2 c0=IDLE0 c1=t281
6890 core=0 noop r=0 y=0 c0=IDLE0 c1=t281
6891 core=0 tick r=1 y=3 c0=t283 c1=IDLE1
6892 core=1 noop r=0 y=0 c0=t283 c1=IDLE1
6893 core=1 delete 1 t281 r=0 y=0 c0=t283 c1=IDLE1
6894 core=1 noop r=0 y=0 c0=t283 c1=IDLE1
6895 core=0 delay t283 4 r=0 y=1 c0=IDLE0 c1=IDLE1
6896 core=0 give_isr r=0 y=0 c0=IDLE0 c1=IDLE1
6897 core=0 delete 9 t284 r=0 y=0 c0=IDLE0 c1=IDLE1
6898 core=0 give r=0 y=0 c0=IDLE0 c1=IDLE1
6899 core=1 noop r=0 y=0 c0=IDLE0 c1=IDLE1
6900 core=1 noop r=0 y=0 c0=IDLE0 c1=IDLE1
6901 core=1 resume t283 r=0 y=0 c0=IDLE0 c1=IDLE1
6902 core=0 noop r=0 y=0 c0=IDLE0 c1=IDLE1
6903 core=1 give r=0 y=0 c0=IDLE0 c1=IDLE1
6904 core=0 prio t282 3 r=0 y=0 c0=IDLE0 c1=IDLE1
6905 core=0 prio t274 3 r=0 y=0 c0=IDLE0 c1=IDLE1
6906 core=0 noop r=0 y=0 c0=IDLE0 c1=IDLE1
6907 core=1 resume t280 r=0 y=2 c0=IDLE0 c1=t280
6908 core=1 cont t280 r=1 y=0 c0=IDLE0 c1=t280
6909 core=0 noop r=0 y=0 c0=IDLE0 c1=t280
6910 core=1 resume t274 r=0 y=1 c0=t274 c1=t280
6911 core=0 noop r=0 y=0 c0=t274 c1=t280
6912 core=1 give r=1 y=0 c0=t274 c1=t280
6913 core=0 create 9 t285 p2 r=1 y=2 c0=t274 c1=t285
6914 core=1 suspend t255 r=0 y=0 c0=t274 c1=t285
6915 core=0 give_isr r=0 y=0 c0=t274 c1=t285
6916 core=1 noop r=0 y=0 c0=t274 c1=t285
6917 core=1 noop r=0 y=0 c0=t274 c1=t285
6918 core=0 suspend t274 r=0 y=1 c0=IDLE1 c1=t285
6919 core=0 create 2 t286 p3 r=1 y=1 c0=t286 c1=t285
6920 core=1 delete 2 t286 r=0 y=1 c0=IDLE0 c1=t285
6921 core=1 give_isr r=0 y=0 c0=IDLE0 c1=t285
6922 core=0 noop r=0 y=0 c0=IDLE0 c1=t285
6923 core=1 suspend t255 r=0 y=0 c0=IDLE0 c1=t285
6924 core=1 resume t255 r=0 y=1 c0=t255 c1=t285
6925 core=1 create 2 t287 p1 r=1 y=0 c0=t255 c1=t285
6926 core=0 suspend t283 r=0 y=0 c0=t255 c1=t285
6927 core=1 delete 9 t285 r=0 y=2 c0=t255 c1=t287
6928 core=0 tick r=1 y=3 c0=t255 c1=t287
6929 core=1 yield r=0 y=2 c0=t255 c1=t287
6930 core=0 suspend t279 r=0 y=0 c0=t255 c1=t287
6931 core=0 give r=0 y=0 c0=t255 c1=t287
6932 core=1 create 1 t288 p1 r=1 y=0 c0=t255 c1=t287
6933 core=0 tick r=1 y=3 c0=t288 c1=t255
6934 core=0 noop r=0 y=0 c0=t288 c1=t255
6935 core=1 prio t255 0 r=0 y=2 c0=t288 c1=t287
6936 core=1 resume t280 r=0 y=0 c0=t288 c1=t287
6937 core=1 prio t280 2 r=0 y=2 c0=t288 c1=t280
6938 core=1 give_isr r=0 y=0 c0=t288 c1=t280
6939 core=0 suspend t280 r=0 y=2 c0=t288 c1=t287
6940 core=1 delay t287 1 r=0 y=2 c0=t288 c1=IDLE1
6941 core=0 takeb t288 5 r=1 y=0 c0=t288 c1=IDLE1
6942 core=0 noop r=0 y=0 c0=t288 c1=IDLE1
6943 core=1 create 8 t289 p3 r=1 y=2 c0=t288 c1=t289
6944 core=1 suspend t274 r=0 y=0 c0=t288 c1=t289
6945 core=0 prio t287 1 r=0 y=0 c0=t288 c1=t289
6946 core=0 noop r=0 y=0 c0=t288 c1=t289
6947 core=0 suspend t280 r=0 y=0 c0=t288 c1=t289
6948 core=1 give_isr r=1 y=0 c0=t288 c1=t289
6949 core=1 noop r=0 y=0 c0=t288 c1=t289
6950 core=1 resume t255 r=0 y=0 c0=t288 c1=t289
6951 core=1 suspend t282 r=0 y=0 c0=t288 c1=t289
6952 core=0 delete 7 t279 r=0 y=0 c0=t288 c1=t289
6953 core=0 take t288 r=1 y=0 c0=t288 c1=t289
6954 core=0 tick r=1 y=1 c0=t287 c1=t289
6955 core=0 delete 3 t282 r=0 y=0 c0=t287 c1=t289
6956 core=0 give r=1 y=0 c0=t287 c1=t289
6957 core=0 delay t287 5 r=0 y=1 c0=t288 c1=t289
6958 core=1 give_isr r=0 y=0 c0=t288 c1=t289
6959 core=0 takeb t288 2 r=1 y=0 c0=t288 c1=t289
6960 core=0 noop r=0 y=0 c0=t288 c1=t289
6961 core=0 yield r=0 y=1 c0=t288 c1=t289
6962 core=0 noop r=0 y=0 c0=t288 c1=t289
6963 core=0 prio t288 1 r=0 y=0 c0=t288 c1=t289
6964 core=1 noop r=0 y=0 c0=t288 c1=t289
6965 core=1 suspend t280 r=0 y=0 c0=t288 c1=t289
6966 core=1 noop r=0 y=0 c0=t288 c1=t289
6967 core=0 noop r=0 y=0 c0=t288 c1=t289
6968 core=1 prio t287 3 r=0 y=0 c0=t288 c1=t289
6969 core=0 tick r=0 y=0 c0=t288 c1=t289
6970 core=0 tick r=0 y=0 c0=t288 c1=t289
6971 core=0 noop r=0 y=0 c0=t288 c1=t289
6972 core=1 takeb t289 2 r=2 y=2 c0=t288 c1=IDLE0
6973 core=0 yield r=0 y=1 c0=t288 c1=IDLE0
6974 core=0 tick r=0 y=2 c0=t288 c1=t255
6975 core=0 noop r=0 y=0 c0=t288 c1=t255
6976 core=1 delay t255 2 r=0 y=2 c0=t288 c1=IDLE1
6977 core=0 takeb t288 6 r=2 y=1 c0=IDLE0 c1=IDLE1
6978 core=1 prio t255 2 r=0 y=0 c0=IDLE0 c1=IDLE1
6979 core=0 noop r=0 y=0 c0=IDLE0 c1=IDLE1
6980 core=0 prio t289 1 r=0 y=0 c0=IDLE0 c1=IDLE1
6981 core=0 give r=1 y=2 c0=IDLE0 c1=t289
6982 core=1 cont t289 r=1 y=0 c0=IDLE0 c1=t289
6983 core=0 give r=1 y=1 c0=t288 c1=t289
6984 core=0 cont t288 r=1 y=0 c0=t288 c1=t289
6985 core=1 suspend t283 r=0 y=0 c0=t288 c1=t289
6986 core=0 resume t287 r=0 y=0 c0=t288 c1=t289
6987 core=0 resume t274 r=0 y=2 c0=t288 c1=t274
6988 core=1 prio t288 0 r=0 y=1 c0=t289 c1=t274
6989 core=0 resume t287 r=0 y=0 c0=t289 c1=t274
6990 core=1 noop r=0 y=0 c0=t289 c1=t274
6991 core=0 give_isr r=1 y=0 c0=t289 c1=t274
6992 core=0 noop r=0 y=0 c0=t289 c1=t274
6993 core=0 suspend t289 r=0 y=1 c0=IDLE1 c1=t274
6994 core=1 prio t289 3 r=0 y=0 c0=IDLE1 c1=t274
6995 core=1 prio t289 1 r=0 y=0 c0=IDLE1 c1=t274
6996 core=1 prio t274 1 r=0 y=2 c0=IDLE1 c1=t274
6997 core=1 delete 2 t287 r=0 y=0 c0=IDLE1 c1=t274
6998 core=1 noop r=0 y=0 c0=IDLE1 c1=t274
6999 core=0 noop r=0 y=0 c0=IDLE1 c1=t274
7000 core=0 resume t280 r=0 y=1 c0=t280 c1=t274
7001 core=1 delete 4 t283 r=0 y=0 c0=t280 c1=t274
7002 core=1 delete 8 t289 r=0 y=0 c0=t280 c1=t274
7003 core=1 give_isr r=0 y=0 c0=t280 c1=t274
7004 core=1 noop r=0 y=0 c0=t280 c1=t274
7005 core=0 take t280 r=1 y=0 c0=t280 c1=t274
7006 core=0 tick r=0 y=0 c0=t280 c1=t274
7007 core=0 yield r=0 y=1 c0=t280 c1=t274
7008 core=0 tick r=1 y=3 c0=t255 c1=t280
7009 core=1 create 9 t290 p0 r=1 y=0 c0=t255 c1=t280
7010 core=1 delay t280 3 r=0 y=2 c0=t255 c1=t274
7011 core=0 resume t255 r=0 y=0 c0=t255 c1=t274
7012 core=0 tick r=0 y=0 c0=t255 c1=t274
7013 core=0 give_isr r=1 y=0 c0=t255 c1=t274
7014 core=1 yield r=0 y=2 c0=t255 c1=t274
7015 core=0 tick r=0 y=0 c0=t255 c1=t274
7016 core=0 tick r=1 y=3 c0=t280 c1=t255
7017 core=0 yield r=0 y=1 c0=t280 c1=t255
7018 core=1 take t255 r=1 y=0 c0=t280 c1=t255
7019 core=1 suspend t255 r=0 y=2 c0=t280 c1=t274
7020 core=1 noop r=0 y=0 c0=t280 c1=t274
7021 core=1 noop r=0 y=0 c0=t280 c1=t274
7022 core=1 give r=1 y=0 c0=t280 c1=t274
7023 core=1 give r=0 y=0 c0=t280 c1=t274
7024 core=0 noop r=0 y=0 c0=t280 c1=t274
7025 core=0 noop r=0 y=0 c0=t280 c1=t274
7026 core=1 give r=0 y=0 c0=t280 c1=t274
7027 core=1 noop r=0 y=0 c0=t280 c1=t274
7028 core=0 tick r=0 y=0 c0=t280 c1=t274
7029 core=0 give_isr r=0 y=0 c0=t280 c1=t274
7030 core=1 noop r=0 y=0 c0=t280 c1=t274
7031 core=0 give_isr r=0 y=0 c0=t280 c1=t274
7032 core=0 tick r=0 y=0 c0=t280 c1=t274
7033 core=1 create 8 t291 p1 r=1 y=0 c0=t280 c1=t274
7034 core=0 delete 1 t288 r=0 y=0 c0=t280 c1=t274
7035 core=0 create 4 t292 p3 r=1 y=2 c0=t280 c1=t292
7036 core=1 noop r=0 y=0 c0=t280 c1=t292
7037 core=0 noop r=0 y=0 c0=t280 c1=t292
7038 core=1 noop r=0 y=0 c0=t280 c1=t292
7039 core=0 prio t291 1 r=0 y=0 c0=t280 c1=t292
7040 core=1 resume t280 r=0 y=0 c0=t280 c1=t292
7041 core=0 noop r=0 y=0 c0=t280 c1=t292
7042 core=0 noop r=0 y=0 c0=t280 c1=t292
7043 core=0 give r=0 y=0 c0=t280 c1=t292
7044 core=0 delay t280 3 r=0 y=1 c0=t291 c1=t292
7045 core=0 delay t291 2 r=0 y=1 c0=t274 c1=t292
7046 core=1 resume t280 r=0 y=0 c0=t274 c1=t292
7047 core=1 give r=0 y=0 c0=t274 c1=t292
7048 core=0 delay t274 2 r=0 y=1 c0=IDLE0 c1=t292
7049 core=1 noop r=0 y=0 c0=IDLE0 c1=t292
7050 core=0 create 7 t293 p2 r=1 y=1 c0=t293 c1=t292
7051 core=1 noop r=0 y=0 c0=t293 c1=t292
7052 core=0 noop r=0 y=0 c0=t293 c1=t292
7053 core=0 prio t291 0 r=0 y=0 c0=t293 c1=t292
7054 core=1 delay t292 3 r=0 y=2 c0=t293 c1=IDLE1
7055 core=0 delay t293 4 r=0 y=1 c0=t290 c1=IDLE1
7056 core=1 noop r=0 y=0 c0=t290 c1=IDLE1
7057 core=0 suspend t255 r=0 y=0 c0=t290 c1=IDLE1
7058 core=1 give_isr r=0 y=0 c0=t290 c1=IDLE1
7059 core=1 resume t291 r=0 y=0 c0=t290 c1=IDLE1
7060 core=1 delete 6 t274 r=0 y=0 c0=t290 c1=IDLE1
7061 core=0 suspend t280 r=0 y=0 c0=t290 c1=IDLE1
7062 core=0 tick r=1 y=3 c0=IDLE0 c1=t290
7063 core=0 suspend t280 r=0 y=0 c0=IDLE0 c1=t290
7064 core=0 delete 9 t290 r=0 y=2 c0=IDLE0 c1=IDLE1
7065 core=0 noop r=0 y=0 c0=IDLE0 c1=IDLE1
7066 core=0 noop r=0 y=0 c0=IDLE0 c1=IDLE1
7067 core=1 suspend t280 r=0 y=0 c0=IDLE0 c1=IDLE1
7068 core=0 noop r=0 y=0 c0=IDLE0 c1=IDLE1
7069 core=0 tick r=1 y=3 c0=t291 c1=IDLE0
7070 core=1 resume t255 r=0 y=2 c0=t291 c1=t255
7071 core=1 delete 7 t293 r=0 y=0 c0=t291 c1=t255
7072 core=1 create 6 t294 p3 r=1 y=1 c0=t294 c1=t255
7073 core=0 noop r=0 y=0 c0=t294 c1=t255
7074 core=1 noop r=0 y=0 c0=t294 c1=t255
7075 core=0 give r=0 y=0 c0=t294 c1=t255
7076 core=0 tick r=1 y=3 c0=t292 c1=t294
7077 core=0 tick r=1 y=3 c0=t292 c1=t294
7078 core=1 give r=0 y=0 c0=t292 c1=t294
7079 core=0 takeb t292 4 r=1 y=0 c0=t292 c1=t294
7080 core=0 prio t280 0 r=0 y=0 c0=t292 c1=t294
7081 core=1 delay t294 1 r=0 y=2 c0=t292 c1=t255
7082 core=0 delay t292 2 r=0 y=1 c0=IDLE1 c1=t255
7083 core=0 prio t280 2 r=0 y=0 c0=IDLE1 c1=t255
7084 core=0 prio t280 0 r=0 y=0 c0=IDLE1 c1=t255
7085 core=1 takeb t255 3 r=2 y=2 c0=IDLE1 c1=IDLE0
7086 core=0 yield r=0 y=1 c0=t291 c1=IDLE0
7087 core=1 noop r=0 y=0 c0=t291 c1=IDLE0
7088 core=0 tick r=1 y=3 c0=t294 c1=IDLE1
7089 core=0 delete 8 t291 r=0 y=0 c0=t294 c1=IDLE1
7090 core=0 tick r=1 y=3 c0=t292 c1=t294
7091 core=1 noop r=0 y=0 c0=t292 c1=t294
7092 core=0 give r=1 y=0 c0=t292 c1=t294
7093 core=0 tick r=1 y=3 c0=t292 c1=t294
7094 core=1 resume t292 r=0 y=0 c0=t292 c1=t294
7095 core=1 noop r=0 y=0 c0=t292 c1=t294
7096 core=0 give r=0 y=0 c0=t292 c1=t294
7097 core=1 delay t294 5 r=0 y=2 c0=t292 c1=t255
7098 core=0 noop r=0 y=0 c0=t292 c1=t255
7099 core=0 takeb t292 2 r=1 y=0 c0=t292 c1=t255
7100 core=1 cont t255 r=0 y=0 c0=t292 c1=t255
7101 core=0 noop r=0 y=0 c0=t292 c1=t255
7102 core=0 noop r=0 y=0 c0=t292 c1=t255
7103 core=1 noop r=0 y=0 c0=t292 c1=t255
7104 core=0 noop r=0 y=0 c0=t292 c1=t255
7105 core=1 noop r=0 y=0 c0=t292 c1=t255
7106 core=0 noop r=0 y=0 c0=t292 c1=t255
7107 core=0 suspend t280 r=0 y=0 c0=t292 c1=t255
7108 core=1 resume t280 r=0 y=0 c0=t292 c1=t255
7109 core=0 tick r=0 y=0 c0=t292 c1=t255
7110 core=1 suspend t294 r=0 y=0 c0=t292 c1=t255
7111 core=0 noop r=0 y=0 c0=t292 c1=t255
7112 core=0 create 7 t295 p0 r=1 y=0 c0=t292 c1=t255
7113 core=0 noop r=0 y=0 c0=t292 c1=t255
7114 core=1 give r=1 y=0 c0=t292 c1=t255
7115 core=1 noop r=0 y=0 c0=t292 c1=t255
7116 core=1 resume t292 r=0 y=0 c0=t292 c1=t255
7117 core=0 give_isr r=0 y=0 c0=t292 c1=t255
7118 core=0 noop r=0 y=0 c0=t292 c1=t255
7119 core=0 noop r=0 y=0 c0=t292 c1=t255
7120 core=1 noop r=0 y=0 c0=t292 c1=t255
7121 core=1 noop r=0 y=0 c0=t292 c1=t255
7122 core=0 noop r=0 y=0 c0=t292 c1=t255
7123 core=1 delay t255 5 r=0 y=2 c0=t292 c1=IDLE0
7124 core=0 prio t294 1 r=0 y=0 c0=t292 c1=IDLE0
7125 core=0 give r=0 y=0 c0=t292 c1=IDLE0
7126 core=1 delete 5 t280 r=0 y=0 c0=t292 c1=IDLE0
7127 core=0 give r=0 y=0 c0=t292 c1=IDLE0
7128 core=1 noop r=0 y=0 c0=t292 c1=IDLE0
7129 core=1 create 3 t296 p2 r=1 y=2 c0=t292 c1=t296
7130 core=0 give r=0 y=0 c0=t292 c1=t296
7131 core=1 create 5 t297 p1 r=1 y=0 c0=t292 c1=t296
7132 core=0 noop r=0 y=0 c0=t292 c1=t296
7133 core=1 delete 5 t297 r=0 y=0 c0=t292 c1=t296
7134 core=1 noop r=0 y=0 c0=t292 c1=t296
7135 core=1 noop r=0 y=0 c0=t292 c1=t296
7136 core=1 suspend t292 r=0 y=1 c0=IDLE1 c1=t296
7137 core=1 noop r=0 y=0 c0=IDLE1 c1=t296
7138 core=1 yield r=0 y=2 c0=IDLE1 c1=t296
7139 core=0 give_isr r=0 y=0 c0=IDLE1 c1=t296
7140 core=0 noop r=0 y=0 c0=IDLE1 c1=t296
7141 core=0 noop r=0 y=0 c0=IDLE1 c1=t296
7142 core=1 delay t296 4 r=0 y=2 c0=IDLE1 c1=t295
7143 core=1 resume t294 r=0 y=1 c0=t294 c1=t295
7144 core=1 create 1 t298 p1 r=1 y=2 c0=t294 c1=t298
7145 core=0 give_isr r=0 y=0 c0=t294 c1=t298
7146 core=1 takeb t298 5 r=1 y=0 c0=t294 c1=t298
7147 core=1 resume t298 r=0 y=0 c0=t294 c1=t298
7148 core=1 prio t294 2 r=0 y=0 c0=t294 c1=t298
7149 core=0 give r=1 y=0 c0=t294 c1=t298
7150 core=1 delete 0 t255 r=0 y=0 c0=t294 c1=t298
7151 core=0 delete 1 t298 r=0 y=2 c0=t294 c1=IDLE0
7152 core=1 noop r=0 y=0 c0=t294 c1=IDLE0
7153 core=1 noop r=0 y=0 c0=t294 c1=IDLE0
7154 core=0 give r=0 y=0 c0=t294 c1=IDLE0
7155 core=1 give_isr r=0 y=0 c0=t294 c1=IDLE0
7156 core=1 noop r=0 y=0 c0=t294 c1=IDLE0
7157 core=0 yield r=0 y=1 c0=t294 c1=IDLE0
7158 core=0 tick r=0 y=2 c0=t294 c1=IDLE1
7159 core=0 tick r=0 y=2 c0=t294 c1=t295
7160 core=0 resume t294 r=0 y=0 c0=t294 c1=t295
7161 core=1 give r=0 y=0 c0=t294 c1=t295
7162 core=1 noop r=0 y=0 c0=t294 c1=t295
7163 core=0 create 8 t299 p3 r=1 y=2 c0=t294 c1=t299
7164 core=0 delay t294 2 r=0 y=1 c0=IDLE0 c1=t299
7165 core=1 give_isr r=0 y=0 c0=IDLE0 c1=t299
7166 core=0 suspend t299 r=0 y=2 c0=IDLE0 c1=IDLE1
7167 core=1 delete 7 t295 r=0 y=0 c0=IDLE0 c1=IDLE1
7168 core=0 prio t299 1 r=0 y=0 c0=IDLE0 c1=IDLE1
7169 core=0 give r=0 y=0 c0=IDLE0 c1=IDLE1
7170 core=0 noop r=0 y=0 c0=IDLE0 c1=IDLE1
7171 core=0 create 0 t300 p3 r=1 y=2 c0=IDLE0 c1=t300
7172 core=0 resume t300 r=0 y=0 c0=IDLE0 c1=t300
7173 core=1 resume t294 r=0 y=0 c0=IDLE0 c1=t300
7174 core=0 noop r=0 y=0 c0=IDLE0 c1=t300
7175 core=0 tick r=1 y=1 c0=IDLE1 c1=t300
7176 core=1 noop r=0 y=0 c0=IDLE1 c1=t300
7177 core=1 resume t300 r=0 y=0 c0=IDLE1 c1=t300
7178 core=0 noop r=0 y=0 c0=IDLE1 c1=t300
7179 core=0 tick r=1 y=1 c0=t296 c1=t300
7180 core=0 takeb t296 6 r=1 y=0 c0=t296 c1=t300
7181 core=0 prio t292 0 r=0 y=0 c0=t296 c1=t300
7182 core=1 noop r=0 y=0 c0=t296 c1=t300
7183 core=1 noop r=0 y=0 c0=t296 c1=t300
7184 core=0 noop r=0 y=0 c0=t296 c1=t300
7185 core=1 takeb t300 2 r=2 y=2 c0=t296 c1=t294
7186 core=1 delay t294 2 r=0 y=2 c0=t296 c1=IDLE0
7187 core=0 yield r=0 y=1 c0=t296 c1=IDLE0
7188 core=0 noop r=0 y=0 c0=t296 c1=IDLE0
7189 core=0 tick r=0 y=2 c0=t296 c1=IDLE1
7190 core=0 tick r=1 y=3 c0=t300 c1=t294
7191 core=0 cont t300 r=0 y=0 c0=t300 c1=t294
7192 core=0 give r=1 y=0 c0=t300 c1=t294
7193 core=1 delete 3 t296 r=0 y=0 c0=t300 c1=t294
7194 core=0 resume t292 r=0 y=0 c0=t300 c1=t294
7195 core=1 noop r=0 y=0 c0=t300 c1=t294
7196 core=1 takeb t294 6 r=1 y=0 c0=t300 c1=t294
7197 core=0 delay t300 5 r=0 y=1 c0=IDLE0 c1=t294
7198 core=0 tick r=1 y=1 c0=IDLE1 c1=t294
7199 core=0 tick r=1 y=1 c0=t292 c1=t294
7200 core=1 noop r=0 y=0 c0=t292 c1=t294
7201 core=1 suspend t292 r=0 y=1 c0=IDLE0 c1=t294
7202 core=0 noop r=0 y=0 c0=IDLE0 c1=t294
7203 core=0 noop r=0 y=0 c0=IDLE0 c1=t294
7204 core=1 resume t294 r=0 y=0 c0=IDLE0 c1=t294
7205 core=1 give r=1 y=0 c0=IDLE0 c1=t294
7206 core=1 give_isr r=0 y=0 c0=IDLE0 c1=t294
7207 core=0 noop r=0 y=0 c0=IDLE0 c1=t294
7208 core=1 delay t294 2 r=0 y=2 c0=IDLE0 c1=IDLE1
7209 core=0 noop r=0 y=0 c0=IDLE0 c1=IDLE1
7210 core=0 tick r=1 y=3 c0=IDLE0 c1=IDLE1
7211 core=0 give r=0 y=0 c0=IDLE0 c1=IDLE1
7212 core=1 noop r=0 y=0 c0=IDLE0 c1=IDLE1
7213 core=0 give r=0 y=0 c0=IDLE0 c1=IDLE1
7214 core=0 prio t299 0 r=0 y=0 c0=IDLE0 c1=IDLE1
7215 core=1 create 2 t301 p0 r=1 y=2 c0=IDLE0 c1=t301
7216 core=0 noop r=0 y=0 c0=IDLE0 c1=t301
7217 core=1 noop r=0 y=0 c0=IDLE0 c1=t301
7218 core=1 noop r=0 y=0 c0=IDLE0 c1=t301
7219 core=1 noop r=0 y=0 c0=IDLE0 c1=t301
7220 core=1 yield r=0 y=2 c0=IDLE0 c1=IDLE1
7221 core=1 suspend t299 r=0 y=0 c0=IDLE0 c1=IDLE1
7222 core=1 noop r=0 y=0 c0=IDLE0 c1=IDLE1
7223 core=1 prio t292 0 r=0 y=0 c0=IDLE0 c1=IDLE1
7224 core=0 suspend t292 r=0 y=0 c0=IDLE0 c1=IDLE1
7225 core=1 resume t300 r=0 y=0 c0=IDLE0 c1=IDLE1
7226 core=0 give_isr r=0 y=0 c0=IDLE0 c1=IDLE1
7227 core=1 yield r=0 y=2 c0=IDLE0 c1=t301
7228 core=0 prio t301 0 r=0 y=0 c0=IDLE0 c1=t301
7229 core=1 resume t301 r=0 y=0 c0=IDLE0 c1=t301
7230 core=1 noop r=0 y=0 c0=IDLE0 c1=t301
7231 core=0 create 7 t302 p0 r=1 y=1 c0=IDLE1 c1=t301
7232 core=0 noop r=0 y=0 c0=IDLE1 c1=t301
7233 core=1 delay t301 5 r=0 y=2 c0=IDLE1 c1=t302
7234 core=1 create 3 t303 p0 r=1 y=1 c0=IDLE0 c1=t302
7235 core=1 takeb t302 5 r=1 y=0 c0=IDLE0 c1=t302
7236 core=1 create 9 t304 p1 r=1 y=1 c0=t304 c1=t302
7237 core=0 delay t304 4 r=0 y=1 c0=t303 c1=t302
7238 core=0 delay t303 4 r=0 y=1 c0=IDLE1 c1=t302
7239 core=0 delete 6 t294 r=0 y=0 c0=IDLE1 c1=t302
7240 core=1 takeb t302 1 r=2 y=2 c0=IDLE1 c1=IDLE0
7241 core=0 noop r=0 y=0 c0=IDLE1 c1=IDLE0
7242 core=1 prio t302 2 r=0 y=0 c0=IDLE1 c1=IDLE0
7243 core=1 noop r=0 y=0 c0=IDLE1 c1=IDLE0
7244 core=1 suspend t300 r=0 y=0 c0=IDLE1 c1=IDLE0
7245 core=0 noop r=0 y=0 c0=IDLE1 c1=IDLE0
7246 core=0 give r=1 y=2 c0=IDLE1 c1=t302
7247 core=0 noop r=0 y=0 c0=IDLE1 c1=t302
7248 core=1 cont t302 r=1 y=0 c0=IDLE1 c1=t302
7249 core=1 suspend t301 r=0 y=0 c0=IDLE1 c1=t302
7250 core=0 tick r=1 y=1 c0=IDLE0 c1=t302
7251 core=0 noop r=0 y=0 c0=IDLE0 c1=t302
7252 core=1 delay t302 3 r=0 y=2 c0=IDLE0 c1=IDLE1
7253 core=1 resume t292 r=0 y=2 c0=IDLE0 c1=t292
7254 core=1 suspend t302 r=0 y=0 c0=IDLE0 c1=t292
7255 core=0 give r=1 y=0 c0=IDLE0 c1=t292
7256 core=1 resume t302 r=0 y=1 c0=t302 c1=t292
7257 core=0 take t302 r=1 y=0 c0=t302 c1=t292
7258 core=0 give r=1 y=0 c0=t302 c1=t292
7259 core=0 delay t302 2 r=0 y=1 c0=IDLE1 c1=t292
7260 core=1 give r=0 y=0 c0=IDLE1 c1=t292
7261 core=1 delay t292 2 r=0 y=2 c0=IDLE1 c1=IDLE0
7262 core=0 noop r=0 y=0 c0=IDLE1 c1=IDLE0
7263 core=1 noop r=0 y=0 c0=IDLE1 c1=IDLE0
7264 core=0 noop r=0 y=0 c0=IDLE1 c1=IDLE0
7265 core=1 noop r=0 y=0 c0=IDLE1 c1=IDLE0
7266 core=0 noop r=0 y=0 c0=IDLE1 c1=IDLE0
7267 core=0 noop r=0 y=0 c0=IDLE1 c1=IDLE0
7268 core=0 resume t301 r=0 y=2 c0=IDLE1 c1=t301
7269 core=0 delete 3 t303 r=0 y=0 c0=IDLE1 c1=t301
7270 core=0 noop r=0 y=0 c0=IDLE1 c1=t301
7271 core=1 take t301 r=1 y=0 c0=IDLE1 c1=t301
7272 core=1 give r=1 y=0 c0=IDLE1 c1=t301
7273 core=0 suspend t304 r=0 y=0 c0=IDLE1 c1=t301
7274 core=0 create 3 t305 p1 r=1 y=1 c0=t305 c1=t301
7275 core=0 prio t292 2 r=0 y=0 c0=t305 c1=t301
7276 core=0 takeb t305 5 r=1 y=0 c0=t305 c1=t301
7277 core=0 suspend t300 r=0 y=0 c0=t305 c1=t301
7278 core=1 resume t299 r=0 y=0 c0=t305 c1=t301
7279 core=0 yield r=0 y=1 c0=t305 c1=t301
7280 core=0 resume t305 r=0 y=0 c0=t305 c1=t301
7281 core=0 delay t305 5 r=0 y=1 c0=IDLE0 c1=t301
7282 core=0 noop r=0 y=0 c0=IDLE0 c1=t301
7283 core=0 give_isr r=1 y=0 c0=IDLE0 c1=t301
7284 core=0 noop r=0 y=0 c0=IDLE0 c1=t301
7285 core=1 suspend t304 r=0 y=0 c0=IDLE0 c1=t301
7286 core=1 prio t305 1 r=0 y=0 c0=IDLE0 c1=t301
7287 core=0 resume t301 r=0 y=0 c0=IDLE0 c1=t301
7288 core=1 noop r=0 y=0 c0=IDLE0 c1=t301
7289 core=0 give_isr r=0 y=0 c0=IDLE0 c1=t301
7290 core=0 noop r=0 y=0 c0=IDLE0 c1=t301
7291 core=0 give r=0 y=0 c0=IDLE0 c1=t301
7292 core=0 noop r=0 y=0 c0=IDLE0 c1=t301
7293 core=0 noop r=0 y=0 c0=IDLE0 c1=t301
7294 core=1 give_isr r=0 y=0 c0=IDLE0 c1=t301
7295 core=1 give r=0 y=0 c0=IDLE0 c1=t301
7296 core=0 noop r=0 y=0 c0=IDLE0 c1=t301
7297 core=0 noop r=0 y=0 c0=IDLE0 c1=t301
7298 core=1 noop r=0 y=0 c0=IDLE0 c1=t301
7299 core=1 delay t301 3 r=0 y=2 c0=IDLE0 c1=IDLE1
7300 core=1 give_isr r=0 y=0 c0=IDLE0 c1=IDLE1
7301 core=1 noop r=0 y=0 c0=IDLE0 c1=IDLE1
7302 core=0 give r=0 y=0 c0=IDLE0 c1=IDLE1
7303 core=0 tick r=1 y=3 c0=t299 c1=IDLE0
7304 core=1 yield r=0 y=2 c0=t299 c1=IDLE1
7305 core=0 prio t301 3 r=0 y=0 c0=t299 c1=IDLE1
7306 core=1 suspend t305 r=0 y=0 c0=t299 c1=IDLE1
7307 core=0 noop r=0 y=0 c0=t299 c1=IDLE1
7308 core=1 noop r=0 y=0 c0=t299 c1=IDLE1
7309 core=0 suspend t301 r=0 y=0 c0=t299 c1=IDLE1
7310 core=0 suspend t302 r=0 y=0 c0=t299 c1=IDLE1
7311 core=0 noop r=0 y=0 c0=t299 c1=IDLE1
7312 core=0 tick r=1 y=3 c0=t292 c1=IDLE0
7313 core=1 resume t305 r=0 y=2 c0=t292 c1=t305
7314 core=0 noop r=0 y=0 c0=t292 c1=t305
7315 core=0 create 5 t306 p1 r=1 y=0 c0=t292 c1=t305
7316 core=0 delay t292 2 r=0 y=1 c0=t306 c1=t305
7317 core=0 suspend t292 r=0 y=0 c0=t306 c1=t305
7318 core=0 suspend t292 r=0 y=0 c0=t306 c1=t305
7319 core=0 prio t305 0 r=0 y=2 c0=t306 c1=t299
7320 core=0 resume t299 r=0 y=0 c0=t306 c1=t299
7321 core=1 give_isr r=0 y=0 c0=t306 c1=t299
7322 core=1 delete 4 t292 r=0 y=0 c0=t306 c1=t299
7323 core=0 noop r=0 y=0 c0=t306 c1=t299
7324 core=1 delay t299 4 r=0 y=2 c0=t306 c1=IDLE1
7325 core=0 give_isr r=0 y=0 c0=t306 c1=IDLE1
7326 core=1 noop r=0 y=0 c0=t306 c1=IDLE1
7327 core=1 delete 2 t301 r=0 y=0 c0=t306 c1=IDLE1
7328 core=1 suspend t300 r=0 y=0 c0=t306 c1=IDLE1
7329 core=0 give r=0 y=0 c0=t306 c1=IDLE1
7330 core=0 prio t304 3 r=0 y=0 c0=t306 c1=IDLE1
7331 core=1 create 1 t307 p3 r=1 y=2 c0=t306 c1=t307
7332 core=1 noop r=0 y=0 c0=t306 c1=t307
7333 core=1 suspend t299 r=0 y=0 c0=t306 c1=t307
7334 core=1 delete 1 t307 r=0 y=2 c0=t306 c1=IDLE0
7335 core=0 prio t306 0 r=0 y=1 c0=t305 c1=IDLE0
7336 core=1 give r=0 y=0 c0=t305 c1=IDLE0
7337 core=1 delete 7 t302 r=0 y=0 c0=t305 c1=IDLE0
7338 core=0 noop r=0 y=0 c0=t305 c1=IDLE0
7339 core=1 delete 0 t300 r=0 y=0 c0=t305 c1=IDLE0
7340 core=0 tick r=1 y=3 c0=IDLE1 c1=t306
7341 core=0 noop r=0 y=0 c0=IDLE1 c1=t306
7342 core=0 create 2 t308 p3 r=1 y=1 c0=t308 c1=t306
7343 core=0 give r=0 y=0 c0=t308 c1=t306
7344 core=1 noop r=0 y=0 c0=t308 c1=t306
7345 core=0 delay t308 2 r=0 y=1 c0=t305 c1=t306
7346 core=1 give r=0 y=0 c0=t305 c1=t306
7347 core=0 create 7 t309 p3 r=1 y=2 c0=t305 c1=t309
7348 core=0 prio t299 0 r=0 y=0 c0=t305 c1=t309
7349 core=0 resume t299 r=0 y=0 c0=t305 c1=t309
7350 core=0 tick r=1 y=1 c0=IDLE0 c1=t309
7351 core=1 give r=0 y=0 c0=IDLE0 c1=t309
7352 core=1 noop r=0 y=0 c0=IDLE0 c1=t309
7353 core=1 noop r=0 y=0 c0=IDLE0 c1=t309
7354 core=1 resume t308 r=0 y=0 c0=IDLE0 c1=t309
7355 core=0 yield r=0 y=1 c0=IDLE1 c1=t309
7356 core=0 noop r=0 y=0 c0=IDLE1 c1=t309
7357 core=0 tick r=1 y=3 c0=t308 c1=t309
7358 core=1 takeb t309 3 r=1 y=0 c0=t308 c1=t309
7359 core=1 give_isr r=1 y=0 c0=t308 c1=t309
7360 core=0 noop r=0 y=0 c0=t308 c1=t309
7361 core=0 tick r=1 y=3 c0=t308 c1=t309
7362 core=1 noop r=0 y=0 c0=t308 c1=t309
7363 core=0 tick r=1 y=3 c0=t308 c1=t309
7364 core=0 prio t305 3 r=0 y=0 c0=t308 c1=t309
7365 core=1 take t309 r=1 y=0 c0=t308 c1=t309
7366 core=0 yield r=0 y=1 c0=t305 c1=t309
7367 core=1 noop r=0 y=0 c0=t305 c1=t309
7368 core=1 give r=1 y=0 c0=t305 c1=t309
7369 core=0 delay t305 3 r=0 y=1 c0=t308 c1=t309
7370 core=1 yield r=0 y=2 c0=t308 c1=t309
7371 core=0 tick r=1 y=3 c0=t308 c1=t309
7372 core=0 noop r=0 y=0 c0=t308 c1=t309
7373 core=1 noop r=0 y=0 c0=t308 c1=t309
7374 core=1 noop r=0 y=0 c0=t308 c1=t309
7375 core=1 resume t305 r=0 y=0 c0=t308 c1=t309
7376 core=1 resume t306 r=0 y=0 c0=t308 c1=t309
7377 core=0 delay t308 5 r=0 y=1 c0=t306 c1=t309
7378 core=0 noop r=0 y=0 c0=t306 c1=t309
7379 core=0 noop r=0 y=0 c0=t306 c1=t309
7380 core=0 delay t306 4 r=0 y=1 c0=t299 c1=t309
7381 core=1 create 6 t310 p1 r=1 y=1 c0=t310 c1=t309
7382 core=1 delete 8 t299 r=0 y=0 c0=t310 c1=t309
7383 core=1 resume t304 r=0 y=1 c0=t304 c1=t309
7384 core=1 noop r=0 y=0 c0=t304 c1=t309
7385 core=1 takeb t309 3 r=1 y=0 c0=t304 c1=t309
7386 core=1 give r=1 y=0 c0=t304 c1=t309
7387 core=0 noop r=0 y=0 c0=t304 c1=t309
7388 core=0 delete 2 t308 r=0 y=0 c0=t304 c1=t309
7389 core=1 delay t309 5 r=0 y=2 c0=t304 c1=t310
7390 core=1 suspend t310 r=0 y=2 c0=t304 c1=IDLE0
7391 core=0 noop r=0 y=0 c0=t304 c1=IDLE0
7392 core=1 noop r=0 y=0 c0=t304 c1=IDLE0
7393 core=1 noop r=0 y=0 c0=t304 c1=IDLE0
7394 core=1 prio t304 2 r=0 y=1 c0=t304 c1=IDLE0
7395 core=1 prio t305 2 r=0 y=0 c0=t304 c1=IDLE0
7396 core=1 yield r=0 y=2 c0=t304 c1=IDLE1
7397 core=0 delete 7 t309 r=0 y=0 c0=t304 c1=IDLE1
7398 core=0 noop r=0 y=0 c0=t304 c1=IDLE1
7399 core=0 take t304 r=1 y=0 c0=t304 c1=IDLE1
7400 core=1 give_isr r=1 y=0 c0=t304 c1=IDLE1
7401 core=0 delete 3 t305 r=0 y=0 c0=t304 c1=IDLE1
7402 core=0 give_isr r=0 y=0 c0=t304 c1=IDLE1
7403 core=0 create 2 t311 p1 r=1 y=2 c0=t304 c1=t311
7404 core=0 give_isr r=0 y=0 c0=t304 c1=t311
7405 core=0 delay t304 4 r=0 y=1 c0=IDLE0 c1=t311
7406 core=1 noop r=0 y=0 c0=IDLE0 c1=t311
7407 core=0 create 4 t312 p2 r=1 y=1 c0=t312 c1=t311
7408 core=0 create 0 t313 p2 r=1 y=2 c0=t312 c1=t313
7409 core=0 noop r=0 y=0 c0=t312 c1=t313
7410 core=1 takeb t313 4 r=1 y=0 c0=t312 c1=t313
7411 core=1 takeb t313 6 r=2 y=2 c0=t312 c1=t311
7412 core=1 delay t311 1 r=0 y=2 c0=t312 c1=IDLE1
7413 core=1 noop r=0 y=0 c0=t312 c1=IDLE1
7414 core=0 tick r=0 y=2 c0=t312 c1=t311
7415 core=0 give_isr r=1 y=2 c0=t312 c1=t313
7416 core=1 cont t313 r=1 y=0 c0=t312 c1=t313
7417 core=0 give_isr r=1 y=0 c0=t312 c1=t313
7418 core=1 give r=0 y=0 c0=t312 c1=t313
7419 core=1 noop r=0 y=0 c0=t312 c1=t313
7420 core=0 take t312 r=1 y=0 c0=t312 c1=t313
7421 core=0 give r=1 y=0 c0=t312 c1=t313
7422 core=0 tick r=1 y=3 c0=t312 c1=t313
7423 core=1 takeb t313 4 r=1 y=0 c0=t312 c1=t313
7424 core=0 suspend t306 r=0 y=0 c0=t312 c1=t313
7425 core=0 resume t312 r=0 y=0 c0=t312 c1=t313
7426 core=0 give r=1 y=0 c0=t312 c1=t313
7427 core=0 delay t312 1 r=0 y=1 c0=t311 c1=t313
7428 core=0 tick r=1 y=3 c0=t312 c1=t313
7429 core=0 prio t313 3 r=0 y=0 c0=t312 c1=t313
7430 core=1 takeb t313 6 r=1 y=0 c0=t312 c1=t313
7431 core=1 yield r=0 y=2 c0=t312 c1=t313
7432 core=1 take t313 r=0 y=0 c0=t312 c1=t313
7433 core=0 give_isr r=1 y=0 c0=t312 c1=t313
7434 core=0 delay t312 5 r=0 y=1 c0=t311 c1=t313
7435 core=1 resume t312 r=0 y=0 c0=t311 c1=t313
7436 core=1 noop r=0 y=0 c0=t311 c1=t313
7437 core=0 takeb t311 1 r=1 y=0 c0=t311 c1=t313
7438 core=1 noop r=0 y=0 c0=t311 c1=t313
7439 core=0 noop r=0 y=0 c0=t311 c1=t313
7440 core=0 noop r=0 y=0 c0=t311 c1=t313
7441 core=1 takeb t313 3 r=2 y=2 c0=t311 c1=IDLE0
7442 core=1 resume t313 r=0 y=0 c0=t311 c1=IDLE0
7443 core=0 suspend t313 r=0 y=0 c0=t311 c1=IDLE0
7444 core=1 suspend t311 r=0 y=1 c0=IDLE1 c1=IDLE0
7445 core=1 create 3 t314 p0 r=1 y=2 c0=IDLE1 c1=t314
7446 core=1 create 8 t315 p2 r=1 y=1 c0=t315 c1=t314
7447 core=0 tick r=1 y=3 c0=t304 c1=t315
7448 core=1 take t315 r=0 y=0 c0=t304 c1=t315
7449 core=0 delete 8 t315 r=0 y=2 c0=t304 c1=IDLE0
7450 core=1 give r=1 y=0 c0=t304 c1=IDLE0
7451 core=1 noop r=0 y=0 c0=t304 c1=IDLE0
7452 core=1 create 7 t316 p2 r=1 y=2 c0=t304 c1=t316
7453 core=0 prio t314 1 r=0 y=0 c0=t304 c1=t316
7454 core=0 resume t304 r=0 y=0 c0=t304 c1=t316
7455 core=0 noop r=0 y=0 c0=t304 c1=t316
7456 core=0 suspend t310 r=0 y=0 c0=t304 c1=t316
7457 core=1 resume t306 r=0 y=0 c0=t304 c1=t316
7458 core=0 takeb t304 1 r=1 y=0 c0=t304 c1=t316
7459 core=1 give r=1 y=0 c0=t304 c1=t316
7460 core=0 take t304 r=1 y=0 c0=t304 c1=t316
7461 core=0 suspend t310 r=0 y=0 c0=t304 c1=t316
7462 core=1 delay t316 4 r=0 y=2 c0=t304 c1=t314
7463 core=1 takeb t314 1 r=2 y=2 c0=t304 c1=IDLE1
7464 core=1 noop r=0 y=0 c0=t304 c1=IDLE1
7465 core=0 tick r=0 y=2 c0=t304 c1=t314
7466 core=1 cont t314 r=0 y=0 c0=t304 c1=t314
7467 core=0 tick r=0 y=0 c0=t304 c1=t314
7468 core=0 suspend t310 r=0 y=0 c0=t304 c1=t314
7469 core=0 tick r=0 y=0 c0=t304 c1=t314
7470 core=1 resume t313 r=0 y=2 c0=t304 c1=t313
7471 core=0 noop r=0 y=0 c0=t304 c1=t313
7472 core=1 cont t313 r=0 y=0 c0=t304 c1=t313
7473 core=0 create 8 t317 p1 r=1 y=0 c0=t304 c1=t313
7474 core=1 noop r=0 y=0 c0=t304 c1=t313
7475 core=1 take t313 r=0 y=0 c0=t304 c1=t313
7476 core=1 delete 0 t313 r=0 y=2 c0=t304 c1=t314
7477 core=0 give r=1 y=0 c0=t304 c1=t314
7478 core=1 takeb t314 4 r=1 y=0 c0=t304 c1=t314
7479 core=1 delay t314 2 r=0 y=2 c0=t304 c1=t317
7480 core=1 resume t304 r=0 y=0 c0=t304 c1=t317
7481 core=1 prio t317 0 r=0 y=2 c0=t304 c1=IDLE0
7482 core=0 yield r=0 y=1 c0=t304 c1=IDLE0
7483 core=0 delete 5 t306 r=0 y=0 c0=t304 c1=IDLE0
7484 core=1 suspend t310 r=0 y=0 c0=t304 c1=IDLE0
7485 core=0 give_isr r=1 y=0 c0=t304 c1=IDLE0
7486 core=0 noop r=0 y=0 c0=t304 c1=IDLE0
7487 core=0 noop r=0 y=0 c0=t304 c1=IDLE0
7488 core=0 give r=0 y=0 c0=t304 c1=IDLE0
7489 core=0 noop r=0 y=0 c0=t304 c1=IDLE0
7490 core=1 give r=0 y=0 c0=t304 c1=IDLE0
7491 core=1 noop r=0 y=0 c0=t304 c1=IDLE0
7492 core=1 delete 3 t314 r=0 y=0 c0=t304 c1=IDLE0
7493 core=0 delay t304 1 r=0 y=1 c0=IDLE1 c1=IDLE0
7494 core=1 noop r=0 y=0 c0=IDLE1 c1=IDLE0
7495 core=0 delete 8 t317 r=0 y=0 c0=IDLE1 c1=IDLE0
7496 core=0 tick r=1 y=3 c0=t312 c1=t316
7497 core=1 prio t304 3 r=0 y=2 c0=t312 c1=t304
7498 core=0 noop r=0 y=0 c0=t312 c1=t304
7499 core=0 suspend t310 r=0 y=0 c0=t312 c1=t304
7500 core=0 tick r=1 y=1 c0=t316 c1=t304
7501 core=0 give_isr r=0 y=0 c0=t316 c1=t304
7502 core=0 take t316 r=1 y=0 c0=t316 c1=t304
7503 core=0 create 3 t318 p1 r=1 y=0 c0=t316 c1=t304
7504 core=0 takeb t316 3 r=2 y=1 c0=t312 c1=t304
7505 core=1 takeb t304 6 r=2 y=2 c0=t312 c1=t318
7506 core=1 delay t318 5 r=0 y=2 c0=t312 c1=IDLE1
7507 core=0 delete 7 t316 r=0 y=0 c0=t312 c1=IDLE1
7508 core=1 noop r=0 y=0 c0=t312 c1=IDLE1
7509 core=0 create 5 t319 p3 r=1 y=2 c0=t312 c1=t319
7510 core=0 delete 5 t319 r=0 y=2 c0=t312 c1=IDLE0
7511 core=0 noop r=0 y=0 c0=t312 c1=IDLE0
7512 core=0 delay t312 5 r=0 y=1 c0=IDLE1 c1=IDLE0
7513 core=0 tick r=1 y=3 c0=IDLE1 c1=IDLE0
7514 core=1 prio t318 1 r=0 y=0 c0=IDLE1 c1=IDLE0
7515 core=1 create 7 t320 p0 r=1 y=2 c0=IDLE1 c1=t320
7516 core=1 suspend t318 r=0 y=0 c0=IDLE1 c1=t320
7517 core=1 prio t310 3 r=0 y=0 c0=IDLE1 c1=t320
7518 core=0 tick r=1 y=3 c0=IDLE0 c1=IDLE1
7519 core=1 suspend t320 r=0 y=0 c0=IDLE0 c1=IDLE1
7520 core=1 noop r=0 y=0 c0=IDLE0 c1=IDLE1
7521 core=0 tick r=1 y=3 c0=IDLE0 c1=IDLE1
7522 core=1 delete 9 t304 r=0 y=0 c0=IDLE0 c1=IDLE1
7523 core=0 prio t320 3 r=0 y=0 c0=IDLE0 c1=IDLE1
7524 core=1 noop r=0 y=0 c0=IDLE0 c1=IDLE1
7525 core=1 yield r=0 y=2 c0=IDLE0 c1=IDLE1
7526 core=0 tick r=1 y=3 c0=IDLE0 c1=IDLE1
7527 core=0 noop r=0 y=0 c0=IDLE0 c1=IDLE1
7528 core=0 noop r=0 y=0 c0=IDLE0 c1=IDLE1
7529 core=0 tick r=1 y=3 c0=t312 c1=IDLE0
7530 core=1 noop r=0 y=0 c0=t312 c1=IDLE0
7531 core=0 give_isr r=1 y=0 c0=t312 c1=IDLE0
7532 core=1 resume t312 r=0 y=0 c0=t312 c1=IDLE0
7533 core=1 noop r=0 y=0 c0=t312 c1=IDLE0
7534 core=0 noop r=0 y=0 c0=t312 c1=IDLE0
7535 core=0 delay t312 3 r=0 y=1 c0=IDLE1 c1=IDLE0
7536 core=1 suspend t311 r=0 y=0 c0=IDLE1 c1=IDLE0
7537 core=1 noop r=0 y=0 c0=IDLE1 c1=IDLE0
7538 core=1 noop r=0 y=0 c0=IDLE1 c1=IDLE0
7539 core=1 suspend t310 r=0 y=0 c0=IDLE1 c1=IDLE0
7540 core=1 noop r=0 y=0 c0=IDLE1 c1=IDLE0
7541 core=0 tick r=1 y=3 c0=IDLE1 c1=IDLE0
7542 core=1 give r=0 y=0 c0=IDLE1 c1=IDLE0
7543 core=1 resume t318 r=0 y=2 c0=IDLE1 c1=t318
7544 core=1 noop r=0 y=0 c0=IDLE1 c1=t318
7545 core=0 yield r=0 y=1 c0=IDLE0 c1=t318
7546 core=0 suspend t318 r=0 y=2 c0=IDLE0 c1=IDLE1
7547 core=0 noop r=0 y=0 c0=IDLE0 c1=IDLE1
7548 core=1 suspend t311 r=0 y=0 c0=IDLE0 c1=IDLE1
7549 core=1 give_isr r=0 y=0 c0=IDLE0 c1=IDLE1
7550 core=1 resume t320 r=0 y=2 c0=IDLE0 c1=t320
7551 core=0 tick r=1 y=1 c0=IDLE1 c1=t320
7552 core=0 delete 7 t320 r=0 y=2 c0=IDLE1 c1=IDLE0
7553 core=1 noop r=0 y=0 c0=IDLE1 c1=IDLE0
7554 core=0 prio t318 3 r=0 y=0 c0=IDLE1 c1=IDLE0
7555 core=0 noop r=0 y=0 c0=IDLE1 c1=IDLE0
7556 core=1 noop r=0 y=0 c0=IDLE1 c1=IDLE0
7557 core=0 prio t318 1 r=0 y=0 c0=IDLE1 c1=IDLE0
7558 core=1 noop r=0 y=0 c0=IDLE1 c1=IDLE0
7559 core=0 noop r=0 y=0 c0=IDLE1 c1=IDLE0
7560 core=1 suspend t311 r=0 y=0 c0=IDLE1 c1=IDLE0
7561 core=0 tick r=1 y=3 c0=t312 c1=IDLE1
7562 core=1 yield r=0 y=2 c0=t312 c1=IDLE0
7563 core=1 noop r=0 y=0 c0=t312 c1=IDLE0
7564 core=0 takeb t312 2 r=1 y=0 c0=t312 c1=IDLE0
7565 core=0 noop r=0 y=0 c0=t312 c1=IDLE0
7566 core=1 noop r=0 y=0 c0=t312 c1=IDLE0
7567 core=0 takeb t312 2 r=2 y=1 c0=IDLE1 c1=IDLE0
7568 core=1 noop r=0 y=0 c0=IDLE1 c1=IDLE0
7569 core=0 noop r=0 y=0 c0=IDLE1 c1=IDLE0
7570 core=1 create 7 t321 p1 r=1 y=2 c0=IDLE1 c1=t321
7571 core=0 prio t321 3 r=0 y=0 c0=IDLE1 c1=t321
7572 core=0 prio t318 1 r=0 y=0 c0=IDLE1 c1=t321
7573 core=0 noop r=0 y=0 c0=IDLE1 c1=t321
7574 core=0 suspend t310 r=0 y=0 c0=IDLE1 c1=t321
7575 core=0 prio t321 2 r=0 y=2 c0=IDLE1 c1=t321
7576 core=0 resume t321 r=0 y=0 c0=IDLE1 c1=t321
7577 core=0 give r=1 y=1 c0=t312 c1=t321
7578 core=0 tick r=1 y=3 c0=t312 c1=t321
7579 core=1 noop r=0 y=0 c0=t312 c1=t321
7580 core=1 noop r=0 y=0 c0=t312 c1=t321
7581 core=0 cont t312 r=1 y=0 c0=t312 c1=t321
7582 core=0 noop r=0 y=0 c0=t312 c1=t321
7583 core=0 give r=1 y=0 c0=t312 c1=t321
7584 core=1 noop r=0 y=0 c0=t312 c1=t321
7585 core=0 noop r=0 y=0 c0=t312 c1=t321
7586 core=0 tick r=1 y=3 c0=t312 c1=t321
7587 core=1 prio t312 1 r=0 y=1 c0=t312 c1=t321
7588 core=1 takeb t321 6 r=1 y=0 c0=t312 c1=t321
7589 core=0 tick r=0 y=0 c0=t312 c1=t321
7590 core=0 tick r=0 y=0 c0=t312 c1=t321
7591 core=0 noop r=0 y=0 c0=t312 c1=t321
7592 core=1 delay t321 2 r=0 y=2 c0=t312 c1=IDLE0
7593 core=0 resume t321 r=0 y=0 c0=t312 c1=IDLE0
7594 core=0 delete 6 t310 r=0 y=0 c0=t312 c1=IDLE0
7595 core=0 prio t321 3 r=0 y=0 c0=t312 c1=IDLE0
7596 core=0 delay t312 2 r=0 y=1 c0=IDLE1 c1=IDLE0
7597 core=0 tick r=1 y=3 c0=IDLE1 c1=IDLE0
7598 core=1 prio t318 2 r=0 y=0 c0=IDLE1 c1=IDLE0
7599 core=0 tick r=1 y=3 c0=t321 c1=t312
7600 core=1 noop r=0 y=0 c0=t321 c1=t312
7601 core=1 suspend t312 r=0 y=2 c0=t321 c1=IDLE1
7602 core=0 tick r=0 y=2 c0=t321 c1=IDLE0
7603 core=0 tick r=0 y=2 c0=t321 c1=IDLE1
7604 core=0 delay t321 2 r=0 y=1 c0=IDLE0 c1=IDLE1
7605 core=1 noop r=0 y=0 c0=IDLE0 c1=IDLE1
7606 core=0 resume t312 r=0 y=2 c0=IDLE0 c1=t312
7607 core=0 prio t311 1 r=0 y=0 c0=IDLE0 c1=t312
7608 core=1 noop r=0 y=0 c0=IDLE0 c1=t312
7609 core=1 delay t312 5 r=0 y=2 c0=IDLE0 c1=IDLE1
7610 core=1 noop r=0 y=0 c0=IDLE0 c1=IDLE1
7611 core=0 noop r=0 y=0 c0=IDLE0 c1=IDLE1
7612 core=0 tick r=1 y=3 c0=IDLE0 c1=IDLE1
7613 core=0 suspend t318 r=0 y=0 c0=IDLE0 c1=IDLE1
7614 core=0 noop r=0 y=0 c0=IDLE0 c1=IDLE1
7615 core=0 noop r=0 y=0 c0=IDLE0 c1=IDLE1
7616 core=0 noop r=0 y=0 c0=IDLE0 c1=IDLE1
7617 core=1 noop r=0 y=0 c0=IDLE0 c1=IDLE1
7618 core=1 noop r=0 y=0 c0=IDLE0 c1=IDLE1
7619 core=1 noop r=0 y=0 c0=IDLE0 c1=IDLE1
7620 core=1 prio t318 0 r=0 y=0 c0=IDLE0 c1=IDLE1
7621 core=1 resume t321 r=0 y=0 c0=IDLE0 c1=IDLE1
7622 core=1 suspend t312 r=0 y=0 c0=IDLE0 c1=IDLE1
7623 core=1 noop r=0 y=0 c0=IDLE0 c1=IDLE1
7624 core=1 create 8 t322 p3 r=1 y=2 c0=IDLE0 c1=t322
7625 core=1 noop r=0 y=0 c0=IDLE0 c1=t322
7626 core=1 noop r=0 y=0 c0=IDLE0 c1=t322
7627 core=1 noop r=0 y=0 c0=IDLE0 c1=t322
7628 core=0 create 5 t323 p0 r=1 y=1 c0=IDLE1 c1=t322
7629 core=0 delete 5 t323 r=0 y=0 c0=IDLE1 c1=t322
7630 core=0 noop r=0 y=0 c0=IDLE1 c1=t322
7631 core=0 tick r=1 y=3 c0=t321 c1=t322
7632 core=1 noop r=0 y=0 c0=t321 c1=t322
7633 core=1 noop r=0 y=0 c0=t321 c1=t322
7634 core=0 yield r=0 y=1 c0=t321 c1=t322
7635 core=0 suspend t322 r=0 y=2 c0=t321 c1=IDLE0
7636 core=0 noop r=0 y=0 c0=t321 c1=IDLE0
7637 core=0 give r=1 y=0 c0=t321 c1=IDLE0
7638 core=1 noop r=0 y=0 c0=t321 c1=IDLE0
7639 core=0 delay t321 3 r=0 y=1 c0=IDLE1 c1=IDLE0
7640 core=1 noop r=0 y=0 c0=IDLE1 c1=IDLE0
7641 core=0 give_isr r=0 y=0 c0=IDLE1 c1=IDLE0
7642 core=0 tick r=1 y=3 c0=IDLE1 c1=IDLE0
7643 core=1 noop r=0 y=0 c0=IDLE1 c1=IDLE0
7644 core=0 give r=0 y=0 c0=IDLE1 c1=IDLE0
7645 core=1 noop r=0 y=0 c0=IDLE1 c1=IDLE0
7646 core=0 tick r=1 y=3 c0=IDLE1 c1=IDLE0
7647 core=0 noop r=0 y=0 c0=IDLE1 c1=IDLE0
7648 core=1 delete 4 t312 r=0 y=0 c0=IDLE1 c1=IDLE0
7649 core=1 noop r=0 y=0 c0=IDLE1 c1=IDLE0
7650 core=0 yield r=0 y=1 c0=IDLE1 c1=IDLE0
7651 core=1 noop r=0 y=0 c0=IDLE1 c1=IDLE0
7652 core=0 give r=0 y=0 c0=IDLE1 c1=IDLE0
7653 core=1 give r=0 y=0 c0=IDLE1 c1=IDLE0
7654 core=0 suspend t311 r=0 y=0 c0=IDLE1 c1=IDLE0
7655 core=0 noop r=0 y=0 c0=IDLE1 c1=IDLE0
7656 core=0 tick r=1 y=3 c0=t321 c1=IDLE1
7657 core=1 yield r=0 y=2 c0=t321 c1=IDLE0
7658 core=1 noop r=0 y=0 c0=t321 c1=IDLE0
7659 core=1 noop r=0 y=0 c0=t321 c1=IDLE0
7660 core=1 noop r=0 y=0 c0=t321 c1=IDLE0
7661 core=0 yield r=0 y=1 c0=t321 c1=IDLE0
7662 core=0 create 0 t324 p1 r=1 y=2 c0=t321 c1=t324
7663 core=1 takeb t324 1 r=1 y=0 c0=t321 c1=t324
7664 core=1 yield r=0 y=2 c0=t321 c1=t324
7665 core=1 prio t311 3 r=0 y=0 c0=t321 c1=t324
7666 core=0 create 6 t325 p0 r=1 y=0 c0=t321 c1=t324
7667 core=0 delay t321 2 r=0 y=1 c0=IDLE1 c1=t324
7668 core=1 noop r=0 y=0 c0=IDLE1 c1=t324
7669 core=0 resume t325 r=0 y=0 c0=IDLE1 c1=t324
7670 core=1 noop r=0 y=0 c0=IDLE1 c1=t324
7671 core=1 noop r=0 y=0 c0=IDLE1 c1=t324
7672 core=0 resume t322 r=0 y=1 c0=t322 c1=t324
7673 core=1 noop r=0 y=0 c0=t322 c1=t324
7674 core=1 suspend t318 r=0 y=0 c0=t322 c1=t324
7675 core=1 noop r=0 y=0 c0=t322 c1=t324
7676 core=0 resume t321 r=0 y=0 c0=t322 c1=t324
7677 core=1 noop r=0 y=0 c0=t322 c1=t324
7678 core=0 resume t325 r=0 y=0 c0=t322 c1=t324
7679 core=0 resume t324 r=0 y=0 c0=t322 c1=t324
7680 core=1 delay t324 3 r=0 y=2 c0=t322 c1=IDLE0
7681 core=0 tick r=0 y=2 c0=t322 c1=t325
7682 core=0 noop r=0 y=0 c0=t322 c1=t325
7683 core=1 suspend t311 r=0 y=0 c0=t322 c1=t325
7684 core=0 noop r=0 y=0 c0=t322 c1=t325
7685 core=1 noop r=0 y=0 c0=t322 c1=t325
7686 core=1 give r=1 y=0 c0=t322 c1=t325
7687 core=1 takeb t325 5 r=1 y=0 c0=t322 c1=t325
7688 core=1 noop r=0 y=0 c0=t322 c1=t325
7689 core=0 delete 2 t311 r=0 y=0 c0=t322 c1=t325
7690 core=1 give r=1 y=0 c0=t322 c1=t325
7691 core=1 takeb t325 4 r=1 y=0 c0=t322 c1=t325
7692 core=1 noop r=0 y=0 c0=t322 c1=t325
7693 core=1 noop r=0 y=0 c0=t322 c1=t325
7694 core=0 tick r=1 y=3 c0=t321 c1=t322
7695 core=0 noop r=0 y=0 c0=t321 c1=t322
7696 core=1 noop r=0 y=0 c0=t321 c1=t322
7697 core=1 suspend t324 r=0 y=0 c0=t321 c1=t322
7698 core=0 yield r=0 y=1 c0=t321 c1=t322
7699 core=1 takeb t322 5 r=2 y=2 c0=t321 c1=IDLE1
7700 core=0 delay t321 2 r=0 y=1 c0=IDLE0 c1=IDLE1
7701 core=0 noop r=0 y=0 c0=IDLE0 c1=IDLE1
7702 core=0 noop r=0 y=0 c0=IDLE0 c1=IDLE1
7703 core=1 noop r=0 y=0 c0=IDLE0 c1=IDLE1
7704 core=0 noop r=0 y=0 c0=IDLE0 c1=IDLE1
7705 core=0 suspend t321 r=0 y=0 c0=IDLE0 c1=IDLE1
7706 core=0 resume t322 r=0 y=0 c0=IDLE0 c1=IDLE1
7707 core=0 prio t321 0 r=0 y=0 c0=IDLE0 c1=IDLE1
7708 core=1 noop r=0 y=0 c0=IDLE0 c1=IDLE1
7709 core=0 resume t322 r=0 y=0 c0=IDLE0 c1=IDLE1
7710 core=0 noop r=0 y=0 c0=IDLE0 c1=IDLE1
7711 core=1 prio t325 0 r=0 y=0 c0=IDLE0 c1=IDLE1
7712 core=1 yield r=0 y=2 c0=IDLE0 c1=t325
7713 core=0 noop r=0 y=0 c0=IDLE0 c1=t325
7714 core=0 suspend t321 r=0 y=0 c0=IDLE0 c1=t325
7715 core=0 noop r=0 y=0 c0=IDLE0 c1=t325
7716 core=0 give_isr r=1 y=1 c0=t322 c1=t325
7717 core=1 give r=0 y=0 c0=t322 c1=t325
7718 core=1 give_isr r=0 y=0 c0=t322 c1=t325
7719 core=0 cont t322 r=1 y=0 c0=t322 c1=t325
7720 core=1 prio t318 0 r=0 y=0 c0=t322 c1=t325
7721 core=0 noop r=0 y=0 c0=t322 c1=t325
7722 core=1 noop r=0 y=0 c0=t322 c1=t325
7723 core=1 suspend t324 r=0 y=0 c0=t322 c1=t325
7724 core=1 suspend t324 r=0 y=0 c0=t322 c1=t325
7725 core=1 delay t325 5 r=0 y=2 c0=t322 c1=IDLE1
7726 core=1 resume t321 r=0 y=2 c0=t322 c1=IDLE0
7727 core=1 delete 8 t322 r=0 y=1 c0=t321 c1=IDLE0
7728 core=1 noop r=0 y=0 c0=t321 c1=IDLE0
7729 core=0 suspend t318 r=0 y=0 c0=t321 c1=IDLE0
7730 core=1 suspend t321 r=0 y=1 c0=IDLE1 c1=IDLE0
7731 core=1 noop r=0 y=0 c0=IDLE1 c1=IDLE0
7732 core=0 tick r=1 y=3 c0=IDLE1 c1=IDLE0
7733 core=1 noop r=0 y=0 c0=IDLE1 c1=IDLE0
7734 core=0 delete 7 t321 r=0 y=0 c0=IDLE1 c1=IDLE0
7735 core=0 noop r=0 y=0 c0=IDLE1 c1=IDLE0
7736 core=1 give r=1 y=0 c0=IDLE1 c1=IDLE0
7737 core=1 create 1 t326 p1 r=1 y=2 c0=IDLE1 c1=t326
7738 core=1 noop r=0 y=0 c0=IDLE1 c1=t326
7739 core=0 noop r=0 y=0 c0=IDLE1 c1=t326
7740 core=0 give r=0 y=0 c0=IDLE1 c1=t326
7741 core=0 tick r=1 y=1 c0=IDLE0 c1=t326
7742 core=0 noop r=0 y=0 c0=IDLE0 c1=t326
7743 core=1 noop r=0 y=0 c0=IDLE0 c1=t326
7744 core=0 noop r=0 y=0 c0=IDLE0 c1=t326
7745 core=1 noop r=0 y=0 c0=IDLE0 c1=t326
7746 core=0 resume t326 r=0 y=0 c0=IDLE0 c1=t326
7747 core=1 noop r=0 y=0 c0=IDLE0 c1=t326
7748 core=1 take t326 r=1 y=0 c0=IDLE0 c1=t326
7749 core=0 noop r=0 y=0 c0=IDLE0 c1=t326
7750 core=0 noop r=0 y=0 c0=IDLE0 c1=t326
7751 core=0 suspend t324 r=0 y=0 c0=IDLE0 c1=t326
7752 core=1 noop r=0 y=0 c0=IDLE0 c1=t326
7753 core=1 give r=1 y=0 c0=IDLE0 c1=t326
7754 core=1 noop r=0 y=0 c0=IDLE0 c1=t326
7755 core=0 delete 0 t324 r=0 y=0 c0=IDLE0 c1=t326
7756 core=1 noop r=0 y=0 c0=IDLE0 c1=t326
7757 core=0 noop r=0 y=0 c0=IDLE0 c1=t326
7758 core=0 noop r=0 y=0 c0=IDLE0 c1=t326
7759 core=1 noop r=0 y=0 c0=IDLE0 c1=t326
7760 core=0 noop r=0 y=0 c0=IDLE0 c1=t326
7761 core=0 noop r=0 y=0 c0=IDLE0 c1=t326
7762 core=1 delay t326 5 r=0 y=2 c0=IDLE0 c1=IDLE1
7763 core=1 noop r=0 y=0 c0=IDLE0 c1=IDLE1
7764 core=0 create 5 t327 p0 r=1 y=2 c0=IDLE0 c1=t327
7765 core=0 give_isr r=0 y=0 c0=IDLE0 c1=t327
7766 core=1 prio t325 0 r=0 y=0 c0=IDLE0 c1=t327
7767 core=1 create 0 t328 p0 r=1 y=1 c0=IDLE1 c1=t327
7768 core=1 suspend t318 r=0 y=0 c0=IDLE1 c1=t327
7769 core=1 noop r=0 y=0 c0=IDLE1 c1=t327
7770 core=0 noop r=0 y=0 c0=IDLE1 c1=t327
7771 core=0 noop r=0 y=0 c0=IDLE1 c1=t327
7772 core=0 noop r=0 y=0 c0=IDLE1 c1=t327
7773 core=1 delete 0 t328 r=0 y=0 c0=IDLE1 c1=t327
7774 core=1 resume t327 r=0 y=0 c0=IDLE1 c1=t327
7775 core=0 suspend t318 r=0 y=0 c0=IDLE1 c1=t327
7776 core=0 give r=0 y=0 c0=IDLE1 c1=t327
7777 core=0 yield r=0 y=1 c0=IDLE0 c1=t327
7778 core=0 give_isr r=0 y=0 c0=IDLE0 c1=t327
7779 core=1 noop r=0 y=0 c0=IDLE0 c1=t327
7780 core=0 delete 3 t318 r=0 y=0 c0=IDLE0 c1=t327
7781 core=1 delay t327 5 r=0 y=2 c0=IDLE0 c1=IDLE1
7782 core=1 noop r=0 y=0 c0=IDLE0 c1=IDLE1
7783 core=1 noop r=0 y=0 c0=IDLE0 c1=IDLE1
7784 core=1 create 9 t329 p2 r=1 y=2 c0=IDLE0 c1=t329
7785 core=1 noop r=0 y=0 c0=IDLE0 c1=t329
7786 core=0 noop r=0 y=0 c0=IDLE0 c1=t329
7787 core=1 yield r=0 y=2 c0=IDLE0 c1=t329
7788 core=0 give_isr r=0 y=0 c0=IDLE0 c1=t329
7789 core=1 create 4 t330 p3 r=1 y=1 c0=t330 c1=t329
7790 core=1 delay t329 5 r=0 y=2 c0=t330 c1=IDLE1
7791 core=0 tick r=0 y=2 c0=t330 c1=IDLE0
7792 core=1 noop r=0 y=0 c0=t330 c1=IDLE0
7793 core=0 suspend t327 r=0 y=0 c0=t330 c1=IDLE0
7794 core=0 delete 4 t330 r=0 y=1 c0=IDLE1 c1=IDLE0
7795 core=0 noop r=0 y=0 c0=IDLE1 c1=IDLE0
7796 core=1 noop r=0 y=0 c0=IDLE1 c1=IDLE0
7797 core=0 noop r=0 y=0 c0=IDLE1 c1=IDLE0
7798 core=0 noop r=0 y=0 c0=IDLE1 c1=IDLE0
7799 core=1 create 2 t331 p0 r=1 y=2 c0=IDLE1 c1=t331
7800 core=1 resume t331 r=0 y=0 c0=IDLE1 c1=t331
7801 core=0 tick r=1 y=3 c0=IDLE0 c1=IDLE1
7802 core=1 noop r=0 y=0 c0=IDLE0 c1=IDLE1
7803 core=0 tick r=1 y=3 c0=t331 c1=t325
7804 core=0 delay t331 2 r=0 y=1 c0=IDLE0 c1=t325
7805 core=1 give r=0 y=0 c0=IDLE0 c1=t325
7806 core=0 tick r=1 y=3 c0=IDLE1 c1=IDLE0
7807 core=0 noop r=0 y=0 c0=IDLE1 c1=IDLE0
7808 core=1 resume t331 r=0 y=0 c0=IDLE1 c1=IDLE0
7809 core=0 resume t331 r=0 y=0 c0=IDLE1 c1=IDLE0
7810 core=1 suspend t326 r=0 y=0 c0=IDLE1 c1=IDLE0
7811 core=0 tick r=1 y=3 c0=t329 c1=t325
7812 core=1 noop r=0 y=0 c0=t329 c1=t325
7813 core=1 resume t331 r=0 y=0 c0=t329 c1=t325
7814 core=1 delay t325 4 r=0 y=2 c0=t329 c1=t331
7815 core=0 noop r=0 y=0 c0=t329 c1=t331
7816 core=0 prio t329 3 r=0 y=0 c0=t329 c1=t331
7817 core=0 prio t325 3 r=0 y=0 c0=t329 c1=t331
7818 core=1 give_isr r=0 y=0 c0=t329 c1=t331
7819 core=0 give r=0 y=0 c0=t329 c1=t331
7820 core=1 noop r=0 y=0 c0=t329 c1=t331
7821 core=1 delay t331 5 r=0 y=2 c0=t329 c1=IDLE1
7822 core=1 create 8 t332 p2 r=1 y=2 c0=t329 c1=t332
7823 core=0 delete 8 t332 r=0 y=2 c0=t329 c1=IDLE0
7824 core=0 takeb t329 3 r=1 y=0 c0=t329 c1=IDLE0
7825 core=0 take t329 r=0 y=0 c0=t329 c1=IDLE0
7826 core=1 noop r=0 y=0 c0=t329 c1=IDLE0
7827 core=0 prio t329 0 r=0 y=1 c0=IDLE1 c1=IDLE0
7828 core=1 noop r=0 y=0 c0=IDLE1 c1=IDLE0
7829 core=0 delete 1 t326 r=0 y=0 c0=IDLE1 c1=IDLE0
7830 core=1 give r=1 y=0 c0=IDLE1 c1=IDLE0
7831 core=1 noop r=0 y=0 c0=IDLE1 c1=IDLE0
7832 core=0 give_isr r=0 y=0 c0=IDLE1 c1=IDLE0
7833 core=1 suspend t331 r=0 y=0 c0=IDLE1 c1=IDLE0
7834 core=0 suspend t329 r=0 y=0 c0=IDLE1 c1=IDLE0
7835 core=0 create 8 t333 p1 r=1 y=2 c0=IDLE1 c1=t333
7836 core=1 noop r=0 y=0 c0=IDLE1 c1=t333
7837 core=0 tick r=1 y=1 c0=IDLE0 c1=t333
7838 core=1 suspend t329 r=0 y=0 c0=IDLE0 c1=t333
7839 core=0 tick r=1 y=1 c0=IDLE1 c1=t333
7840 core=1 delete 6 t325 r=0 y=0 c0=IDLE1 c1=t333
7841 core=0 delete 8 t333 r=0 y=2 c0=IDLE1 c1=IDLE0
7842 core=0 delete 9 t329 r=0 y=0 c0=IDLE1 c1=IDLE0
7843 core=0 suspend t327 r=0 y=0 c0=IDLE1 c1=IDLE0
7844 core=0 tick r=1 y=3 c0=IDLE1 c1=IDLE0
7845 core=0 create 9 t334 p3 r=1 y=2 c0=IDLE1 c1=t334
7846 core=1 takeb t334 4 r=1 y=0 c0=IDLE1 c1=t334
7847 core=0 give_isr r=1 y=0 c0=IDLE1 c1=t334
7848 core=1 noop r=0 y=0 c0=IDLE1 c1=t334
7849 core=0 delete 9 t334 r=0 y=2 c0=IDLE1 c1=IDLE0
7850 core=1 noop r=0 y=0 c0=IDLE1 c1=IDLE0
7851 core=0 create 3 t335 p3 r=1 y=2 c0=IDLE1 c1=t335
7852 core=1 give r=0 y=0 c0=IDLE1 c1=t335
7853 core=0 resume t335 r=0 y=0 c0=IDLE1 c1=t335
7854 core=0 resume t327 r=0 y=1 c0=IDLE0 c1=t335
7855 core=1 delay t335 2 r=0 y=2 c0=IDLE0 c1=t327
7856 core=1 noop r=0 y=0 c0=IDLE0 c1=t327
7857 core=1 noop r=0 y=0 c0=IDLE0 c1=t327
7858 core=0 give_isr r=0 y=0 c0=IDLE0 c1=t327
7859 core=1 delay t327 2 r=0 y=2 c0=IDLE0 c1=IDLE1
7860 core=1 create 8 t336 p0 r=1 y=2 c0=IDLE0 c1=t336
7861 core=1 delay t336 1 r=0 y=2 c0=IDLE0 c1=IDLE1
7862 core=0 noop r=0 y=0 c0=IDLE0 c1=IDLE1
7863 core=0 tick r=1 y=3 c0=t336 c1=IDLE0
7864 core=0 tick r=1 y=3 c0=t335 c1=IDLE1
7865 core=1 noop r=0 y=0 c0=t335 c1=IDLE1
7866 core=0 resume t331 r=0 y=2 c0=t335 c1=t327
7867 core=1 noop r=0 y=0 c0=t335 c1=t327
7868 core=1 noop r=0 y=0 c0=t335 c1=t327
7869 core=1 resume t336 r=0 y=0 c0=t335 c1=t327
7870 core=0 tick r=0 y=2 c0=t335 c1=t336
7871 core=0 give r=0 y=0 c0=t335 c1=t336
7872 core=1 suspend t331 r=0 y=0 c0=t335 c1=t336
7873 core=0 prio t336 1 r=0 y=0 c0=t335 c1=t336
7874 core=0 give_isr r=0 y=0 c0=t335 c1=t336
7875 core=0 tick r=0 y=0 c0=t335 c1=t336
7876 core=1 noop r=0 y=0 c0=t335 c1=t336
7877 core=1 yield r=0 y=2 c0=t335 c1=t336
7878 core=1 takeb t336 4 r=1 y=0 c0=t335 c1=t336
7879 core=0 tick r=0 y=0 c0=t335 c1=t336
7880 core=0 give r=1 y=0 c0=t335 c1=t336
7881 core=1 noop r=0 y=0 c0=t335 c1=t336
7882 core=0 noop r=0 y=0 c0=t335 c1=t336
7883 core=1 delay t336 2 r=0 y=2 c0=t335 c1=IDLE0
7884 core=0 prio t336 2 r=0 y=0 c0=t335 c1=IDLE0
7885 core=1 noop r=0 y=0 c0=t335 c1=IDLE0
7886 core=0 give r=0 y=0 c0=t335 c1=IDLE0
7887 core=0 create 0 t337 p2 r=1 y=2 c0=t335 c1=t337
7888 core=1 take t337 r=1 y=0 c0=t335 c1=t337
7889 core=1 take t337 r=0 y=0 c0=t335 c1=t337
7890 core=0 delete 2 t331 r=0 y=0 c0=t335 c1=t337
7891 core=1 suspend t335 r=0 y=1 c0=IDLE1 c1=t337
7892 core=0 give_isr r=1 y=0 c0=IDLE1 c1=t337
7893 core=1 noop r=0 y=0 c0=IDLE1 c1=t337
7894 core=0 give_isr r=0 y=0 c0=IDLE1 c1=t337
7895 core=0 noop r=0 y=0 c0=IDLE1 c1=t337
7896 core=0 create 2 t338 p2 r=1 y=1 c0=t338 c1=t337
7897 core=0 delay t338 4 r=0 y=1 c0=t327 c1=t337
7898 core=0 noop r=0 y=0 c0=t327 c1=t337
7899 core=1 create 6 t339 p2 r=1 y=1 c0=t339 c1=t337
7900 core=0 resume t336 r=0 y=0 c0=t339 c1=t337
7901 core=1 take t337 r=1 y=0 c0=t339 c1=t337
7902 core=1 noop r=0 y=0 c0=t339 c1=t337
7903 core=1 takeb t337 6 r=2 y=2 c0=t339 c1=IDLE0
7904 core=0 create 9 t340 p1 r=1 y=2 c0=t339 c1=t340
7905 core=0 noop r=0 y=0 c0=t339 c1=t340
7906 core=0 tick r=0 y=0 c0=t339 c1=t340
7907 core=1 give r=1 y=2 c0=t339 c1=t337
7908 core=0 resume t339 r=0 y=0 c0=t339 c1=t337
7909 core=1 cont t337 r=1 y=0 c0=t339 c1=t337
7910 core=1 suspend t336 r=0 y=0 c0=t339 c1=t337
7911 core=1 takeb t337 4 r=2 y=2 c0=t339 c1=t340
7912 core=1 noop r=0 y=0 c0=t339 c1=t340
7913 core=0 delete 6 t339 r=0 y=1 c0=IDLE1 c1=t340
7914 core=0 noop r=0 y=0 c0=IDLE1 c1=t340
7915 core=1 prio t335 3 r=0 y=0 c0=IDLE1 c1=t340
7916 core=1 give r=1 y=1 c0=t337 c1=t340
7917 core=0 cont t337 r=1 y=0 c0=t337 c1=t340
7918 core=0 noop r=0 y=0 c0=t337 c1=t340
7919 core=1 resume t340 r=0 y=0 c0=t337 c1=t340
7920 core=0 noop r=0 y=0 c0=t337 c1=t340
7921 core=0 takeb t337 6 r=2 y=1 c0=t327 c1=t340
7922 core=1 delay t340 1 r=0 y=2 c0=t327 c1=IDLE0
7923 core=0 noop r=0 y=0 c0=t327 c1=IDLE0
7924 core=1 noop r=0 y=0 c0=t327 c1=IDLE0
7925 core=0 tick r=1 y=3 c0=t340 c1=IDLE1
7926 core=1 prio t336 0 r=0 y=0 c0=t340 c1=IDLE1
7927 core=0 noop r=0 y=0 c0=t340 c1=IDLE1
7928 core=1 noop r=0 y=0 c0=t340 c1=IDLE1
7929 core=0 delete 9 t340 r=0 y=1 c0=t327 c1=IDLE1
7930 core=1 noop r=0 y=0 c0=t327 c1=IDLE1
7931 core=1 noop r=0 y=0 c0=t327 c1=IDLE1
7932 core=0 delete 8 t336 r=0 y=0 c0=t327 c1=IDLE1
7933 core=1 delete 0 t337 r=0 y=0 c0=t327 c1=IDLE1
7934 core=1 noop r=0 y=0 c0=t327 c1=IDLE1
7935 core=1 delete 5 t327 r=0 y=1 c0=IDLE0 c1=IDLE1
7936 core=0 tick r=1 y=3 c0=IDLE0 c1=IDLE1
7937 core=0 noop r=0 y=0 c0=IDLE0 c1=IDLE1
7938 core=0 tick r=1 y=3 c0=t338 c1=IDLE0
7939 core=1 noop r=0 y=0 c0=t338 c1=IDLE0
7940 core=0 noop r=0 y=0 c0=t338 c1=IDLE0
7941 core=0 noop r=0 y=0 c0=t338 c1=IDLE0
7942 core=0 give r=1 y=0 c0=t338 c1=IDLE0
7943 core=0 takeb t338 3 r=1 y=0 c0=t338 c1=IDLE0
7944 core=1 noop r=0 y=0 c0=t338 c1=IDLE0
7945 core=1 noop r=0 y=0 c0=t338 c1=IDLE0
7946 core=1 yield r=0 y=2 c0=t338 c1=IDLE1
7947 core=1 yield r=0 y=2 c0=t338 c1=IDLE0
7948 core=1 noop r=0 y=0 c0=t338 c1=IDLE0
7949 core=1 noop r=0 y=0 c0=t338 c1=IDLE0
7950 core=1 noop r=0 y=0 c0=t338 c1=IDLE0
7951 core=1 noop r=0 y=0 c0=t338 c1=IDLE0
7952 core=0 give r=1 y=0 c0=t338 c1=IDLE0
7953 core=0 resume t338 r=0 y=0 c0=t338 c1=IDLE0
7954 core=0 tick r=0 y=2 c0=t338 c1=IDLE1
7955 core=1 resume t335 r=0 y=2 c0=t338 c1=t335
7956 core=0 create 5 t341 p0 r=1 y=0 c0=t338 c1=t335
7957 core=1 noop r=0 y=0 c0=t338 c1=t335
7958 core=0 create 6 t342 p2 r=1 y=0 c0=t338 c1=t335
7959 core=1 noop r=0 y=0 c0=t338 c1=t335
7960 core=1 prio t342 1 r=0 y=0 c0=t338 c1=t335
7961 core=1 give r=0 y=0 c0=t338 c1=t335
7962 core=0 noop r=0 y=0 c0=t338 c1=t335
7963 core=1 takeb t335 6 r=1 y=0 c0=t338 c1=t335
7964 core=1 noop r=0 y=0 c0=t338 c1=t335
7965 core=0 tick r=0 y=0 c0=t338 c1=t335
7966 core=0 prio t341 3 r=0 y=1 c0=t341 c1=t335
7967 core=0 suspend t335 r=0 y=2 c0=t341 c1=t338
7968 core=1 give_isr r=1 y=0 c0=t341 c1=t338
7969 core=1 noop r=0 y=0 c0=t341 c1=t338
7970 core=1 noop r=0 y=0 c0=t341 c1=t338
7971 core=1 noop r=0 y=0 c0=t341 c1=t338
7972 core=0 suspend t342 r=0 y=0 c0=t341 c1=t338
7973 core=0 suspend t341 r=0 y=1 c0=IDLE0 c1=t338
7974 core=1 delay t338 2 r=0 y=2 c0=IDLE0 c1=IDLE1
7975 core=0 yield r=0 y=1 c0=IDLE0 c1=IDLE1
7976 core=1 noop r=0 y=0 c0=IDLE0 c1=IDLE1
7977 core=0 noop r=0 y=0 c0=IDLE0 c1=IDLE1
7978 core=1 noop r=0 y=0 c0=IDLE0 c1=IDLE1
7979 core=1 give r=0 y=0 c0=IDLE0 c1=IDLE1
7980 core=1 prio t341 2 r=0 y=0 c0=IDLE0 c1=IDLE1
7981 core=1 noop r=0 y=0 c0=IDLE0 c1=IDLE1
7982 core=0 create 1 t343 p1 r=1 y=2 c0=IDLE0 c1=t343
7983 core=0 noop r=0 y=0 c0=IDLE0 c1=t343
7984 core=0 noop r=0 y=0 c0=IDLE0 c1=t343
7985 core=1 delay t343 4 r=0 y=2 c0=IDLE0 c1=IDLE1
7986 core=1 give r=0 y=0 c0=IDLE0 c1=IDLE1
7987 core=1 delete 1 t343 r=0 y=0 c0=IDLE0 c1=IDLE1
7988 core=1 delete 6 t342 r=0 y=0 c0=IDLE0 c1=IDLE1
7989 core=0 tick r=1 y=3 c0=IDLE0 c1=IDLE1
7990 core=0 noop r=0 y=0 c0=IDLE0 c1=IDLE1
7991 core=0 prio t341 1 r=0 y=0 c0=IDLE0 c1=IDLE1
7992 core=1 noop r=0 y=0 c0=IDLE0 c1=IDLE1
7993 core=1 noop r=0 y=0 c0=IDLE0 c1=IDLE1
7994 core=0 noop r=0 y=0 c0=IDLE0 c1=IDLE1
7995 core=1 noop r=0 y=0 c0=IDLE0 c1=IDLE1
7996 core=0 noop r=0 y=0 c0=IDLE0 c1=IDLE1
7997 core=1 noop r=0 y=0 c0=IDLE0 c1=IDLE1
7998 core=1 create 1 t344 p2 r=1 y=2 c0=IDLE0 c1=t344
7999 core=0 tick r=1 y=3 c0=t338 c1=t344
8000 core=0 noop r=0 y=0 c0=t338 c1=t344
8001 core=1 delete 5 t341 r=0 y=0 c0=t338 c1=t344
8002 core=0 noop r=0 y=0 c0=t338 c1=t344
8003 core=0 tick r=1 y=3 c0=t338 c1=t344
8004 core=0 delay t338 2 r=0 y=1 c0=IDLE1 c1=t344
8005 core=0 tick r=1 y=1 c0=IDLE0 c1=t344
8006 core=0 noop r=0 y=0 c0=IDLE0 c1=t344
8007 core=0 noop r=0 y=0 c0=IDLE0 c1=t344
8008 core=1 suspend t338 r=0 y=0 c0=IDLE0 c1=t344
8009 core=1 noop r=0 y=0 c0=IDLE0 c1=t344
8010 core=1 noop r=0 y=0 c0=IDLE0 c1=t344
8011 core=0 noop r=0 y=0 c0=IDLE0 c1=t344
8012 core=0 tick r=1 y=1 c0=IDLE1 c1=t344
8013 core=1 takeb t344 5 r=1 y=0 c0=IDLE1 c1=t344
8014 core=1 noop r=0 y=0 c0=IDLE1 c1=t344
8015 core=0 noop r=0 y=0 c0=IDLE1 c1=t344
8016 core=0 create 7 t345 p2 r=1 y=1 c0=t345 c1=t344
8017 core=0 noop r=0 y=0 c0=t345 c1=t344
8018 core=1 create 5 t346 p3 r=1 y=2 c0=t345 c1=t346
8019 core=1 takeb t346 1 r=2 y=2 c0=t345 c1=t344
8020 core=1 take t344 r=0 y=0 c0=t345 c1=t344
8021 core=1 noop r=0 y=0 c0=t345 c1=t344
8022 core=0 tick r=1 y=3 c0=t346 c1=t345
8023 core=1 give_isr r=1 y=0 c0=t346 c1=t345
8024 core=0 cont t346 r=1 y=0 c0=t346 c1=t345
8025 core=1 create 9 t347 p1 r=1 y=0 c0=t346 c1=t345
8026 core=0 tick r=0 y=2 c0=t346 c1=t344
8027 core=0 give r=1 y=0 c0=t346 c1=t344
8028 core=0 suspend t346 r=0 y=1 c0=t345 c1=t344
8029 core=1 delay t344 4 r=0 y=2 c0=t345 c1=t347
8030 core=0 noop r=0 y=0 c0=t345 c1=t347
8031 core=1 create 0 t348 p2 r=1 y=2 c0=t345 c1=t348
8032 core=0 give r=0 y=0 c0=t345 c1=t348
8033 core=0 takeb t345 2 r=1 y=0 c0=t345 c1=t348
8034 core=1 create 4 t349 p1 r=1 y=0 c0=t345 c1=t348
8035 core=1 prio t345 3 r=0 y=0 c0=t345 c1=t348
8036 core=1 noop r=0 y=0 c0=t345 c1=t348
8037 core=0 takeb t345 2 r=2 y=1 c0=t347 c1=t348
8038 core=0 prio t344 3 r=0 y=0 c0=t347 c1=t348
8039 core=1 noop r=0 y=0 c0=t347 c1=t348
8040 core=0 tick r=1 y=1 c0=t349 c1=t348
8041 core=0 delay t349 2 r=0 y=1 c0=t347 c1=t348
8042 core=0 tick r=1 y=1 c0=t345 c1=t348
8043 core=0 cont t345 r=0 y=0 c0=t345 c1=t348
8044 core=0 delay t345 2 r=0 y=1 c0=t347 c1=t348
8045 core=0 delete 7 t345 r=0 y=0 c0=t347 c1=t348
8046 core=1 resume t348 r=0 y=0 c0=t347 c1=t348
8047 core=1 give r=1 y=0 c0=t347 c1=t348
8048 core=1 noop r=0 y=0 c0=t347 c1=t348
8049 core=1 create 8 t350 p0 r=1 y=0 c0=t347 c1=t348
8050 core=0 delete 3 t335 r=0 y=0 c0=t347 c1=t348
8051 core=0 delete 9 t347 r=0 y=1 c0=IDLE0 c1=t348
8052 core=0 noop r=0 y=0 c0=IDLE0 c1=t348
8053 core=0 noop r=0 y=0 c0=IDLE0 c1=t348
8054 core=1 resume t346 r=0 y=1 c0=t346 c1=t348
8055 core=0 prio t348 0 r=0 y=2 c0=t346 c1=IDLE1
8056 core=0 noop r=0 y=0 c0=t346 c1=IDLE1
8057 core=1 noop r=0 y=0 c0=t346 c1=IDLE1
8058 core=0 delay t346 4 r=0 y=1 c0=t350 c1=IDLE1
8059 core=1 give r=0 y=0 c0=t350 c1=IDLE1
8060 core=0 prio t349 3 r=0 y=0 c0=t350 c1=IDLE1
8061 core=0 delay t350 5 r=0 y=1 c0=IDLE0 c1=IDLE1
8062 core=1 give r=0 y=0 c0=IDLE0 c1=IDLE1
8063 core=1 give r=0 y=0 c0=IDLE0 c1=IDLE1
8064 core=1 create 7 t351 p3 r=1 y=2 c0=IDLE0 c1=t351
8065 core=1 delay t351 5 r=0 y=2 c0=IDLE0 c1=t348
8066 core=1 delay t348 1 r=0 y=2 c0=IDLE0 c1=IDLE1
8067 core=1 noop r=0 y=0 c0=IDLE0 c1=IDLE1
8068 core=0 noop r=0 y=0 c0=IDLE0 c1=IDLE1
8069 core=1 noop r=0 y=0 c0=IDLE0 c1=IDLE1
8070 core=1 give r=0 y=0 c0=IDLE0 c1=IDLE1
8071 core=0 tick r=1 y=3 c0=t349 c1=t348
8072 core=0 prio t349 1 r=0 y=1 c0=t349 c1=t348
8073 core=1 resume t338 r=0 y=2 c0=t349 c1=t338
8074 core=0 resume t348 r=0 y=0 c0=t349 c1=t338
8075 core=0 tick r=1 y=1 c0=t344 c1=t338
8076 core=1 takeb t338 5 r=1 y=0 c0=t344 c1=t338
8077 core=1 noop r=0 y=0 c0=t344 c1=t338
8078 core=0 noop r=0 y=0 c0=t344 c1=t338
8079 core=0 noop r=0 y=0 c0=t344 c1=t338
8080 core=1 noop r=0 y=0 c0=t344 c1=t338
8081 core=0 tick r=0 y=0 c0=t344 c1=t338
8082 core=1 resume t350 r=0 y=0 c0=t344 c1=t338
8083 core=0 tick r=1 y=3 c0=t346 c1=t344
8084 core=0 delay t346 3 r=0 y=1 c0=t338 c1=t344
8085 core=0 create 6 t352 p0 r=1 y=0 c0=t338 c1=t344
8086 core=0 tick r=1 y=3 c0=t351 c1=t344
8087 core=0 delete 4 t349 r=0 y=0 c0=t351 c1=t344
8088 core=0 delete 5 t346 r=0 y=0 c0=t351 c1=t344
8089 core=1 noop r=0 y=0 c0=t351 c1=t344
8090 core=0 takeb t351 4 r=2 y=1 c0=t338 c1=t344
8091 core=0 delay t338 5 r=0 y=1 c0=IDLE0 c1=t344
8092 core=0 noop r=0 y=0 c0=IDLE0 c1=t344
8093 core=1 give r=1 y=1 c0=t351 c1=t344
8094 core=1 delay t344 1 r=0 y=2 c0=t351 c1=IDLE1
8095 core=0 cont t351 r=1 y=0 c0=t351 c1=IDLE1
8096 core=0 tick r=1 y=3 c0=t344 c1=t351
8097 core=0 noop r=0 y=0 c0=t344 c1=t351
8098 core=0 noop r=0 y=0 c0=t344 c1=t351
8099 core=1 resume t350 r=0 y=0 c0=t344 c1=t351
8100 core=0 tick r=1 y=3 c0=t344 c1=t351
8101 core=1 noop r=0 y=0 c0=t344 c1=t351
8102 core=1 suspend t338 r=0 y=0 c0=t344 c1=t351
8103 core=0 give_isr r=1 y=0 c0=t344 c1=t351
8104 core=1 take t351 r=1 y=0 c0=t344 c1=t351
8105 core=0 give_isr r=1 y=0 c0=t344 c1=t351
8106 core=0 create 9 t353 p3 r=1 y=0 c0=t344 c1=t351
8107 core=0 takeb t344 4 r=1 y=0 c0=t344 c1=t351
8108 core=1 prio t350 0 r=0 y=0 c0=t344 c1=t351
8109 core=1 give r=1 y=0 c0=t344 c1=t351
8110 core=0 tick r=1 y=3 c0=t353 c1=t344
8111 core=1 delay t344 4 r=0 y=2 c0=t353 c1=t351
8112 core=0 give_isr r=0 y=0 c0=t353 c1=t351
8113 core=0 delete 9 t353 r=0 y=1 c0=t348 c1=t351
8114 core=0 give r=0 y=0 c0=t348 c1=t351
8115 core=1 noop r=0 y=0 c0=t348 c1=t351
8116 core=1 noop r=0 y=0 c0=t348 c1=t351
8117 core=1 noop r=0 y=0 c0=t348 c1=t351
8118 core=1 resume t338 r=0 y=1 c0=t338 c1=t351
8119 core=0 resume t344 r=0 y=0 c0=t338 c1=t351
8120 core=0 noop r=0 y=0 c0=t338 c1=t351
8121 core=0 tick r=0 y=0 c0=t338 c1=t351
8122 core=0 tick r=0 y=0 c0=t338 c1=t351
8123 core=1 prio t350 3 r=0 y=1 c0=t350 c1=t351
8124 core=0 delay t350 4 r=0 y=1 c0=t338 c1=t351
8125 core=0 suspend t350 r=0 y=0 c0=t338 c1=t351
8126 core=0 create 3 t354 p1 r=1 y=0 c0=t338 c1=t351
8127 core=0 noop r=0 y=0 c0=t338 c1=t351
8128 core=1 create 5 t355 p1 r=1 y=0 c0=t338 c1=t351
8129 core=1 prio t355 1 r=0 y=0 c0=t338 c1=t351
8130 core=1 suspend t355 r=0 y=0 c0=t338 c1=t351
8131 core=1 delete 0 t348 r=0 y=0 c0=t338 c1=t351
8132 core=0 yield r=0 y=1 c0=t338 c1=t351
8133 core=1 yield r=0 y=2 c0=t338 c1=t351
8134 core=0 prio t355 2 r=0 y=0 c0=t338 c1=t351
8135 core=0 resume t350 r=0 y=1 c0=t350 c1=t351
8136 core=0 give r=0 y=0 c0=t350 c1=t351
8137 core=0 tick r=1 y=3 c0=t350 c1=t351
8138 core=1 yield r=0 y=2 c0=t350 c1=t351
8139 core=0 noop r=0 y=0 c0=t350 c1=t351
8140 core=0 delay t350 2 r=0 y=1 c0=t338 c1=t351
8141 core=1 suspend t354 r=0 y=0 c0=t338 c1=t351
8142 core=0 give r=0 y=0 c0=t338 c1=t351
8143 core=0 delay t338 4 r=0 y=1 c0=t352 c1=t351
8144 core=0 suspend t338 r=0 y=0 c0=t352 c1=t351
8145 core=1 give r=0 y=0 c0=t352 c1=t351
8146 core=1 prio t344 3 r=0 y=0 c0=t352 c1=t351
8147 core=1 noop r=0 y=0 c0=t352 c1=t351
8148 core=0 resume t355 r=0 y=1 c0=t355 c1=t351
8149 core=1 noop r=0 y=0 c0=t355 c1=t351
8150 core=0 tick r=1 y=3 c0=t344 c1=t351
8151 core=0 noop r=0 y=0 c0=t344 c1=t351
8152 core=0 suspend t352 r=0 y=0 c0=t344 c1=t351
8153 core=0 delay t344 5 r=0 y=1 c0=t355 c1=t351
8154 core=1 resume t352 r=0 y=0 c0=t355 c1=t351
8155 core=1 delay t351 5 r=0 y=2 c0=t355 c1=IDLE0
8156 core=1 resume t344 r=0 y=0 c0=t355 c1=IDLE0
8157 core=1 yield r=0 y=2 c0=t355 c1=IDLE1
8158 core=0 noop r=0 y=0 c0=t355 c1=IDLE1
8159 core=1 resume t352 r=0 y=0 c0=t355 c1=IDLE1
8160 core=0 yield r=0 y=1 c0=t355 c1=IDLE1
8161 core=1 noop r=0 y=0 c0=t355 c1=IDLE1
8162 core=0 noop r=0 y=0 c0=t355 c1=IDLE1
8163 core=0 tick r=0 y=2 c0=t355 c1=t350
8164 core=1 delete 2 t338 r=0 y=0 c0=t355 c1=t350
8165 core=1 prio t351 3 r=0 y=0 c0=t355 c1=t350
8166 core=1 resume t355 r=0 y=0 c0=t355 c1=t350
8167 core=1 noop r=0 y=0 c0=t355 c1=t350
8168 core=0 tick r=0 y=0 c0=t355 c1=t350
8169 core=0 prio t344 1 r=0 y=0 c0=t355 c1=t350
8170 core=0 give r=0 y=0 c0=t355 c1=t350
8171 core=1 delete 3 t354 r=0 y=0 c0=t355 c1=t350
8172 core=1 noop r=0 y=0 c0=t355 c1=t350
8173 core=0 noop r=0 y=0 c0=t355 c1=t350
8174 core=1 delay t350 1 r=0 y=2 c0=t355 c1=t352
8175 core=1 delay t352 1 r=0 y=2 c0=t355 c1=IDLE0
8176 core=1 give r=0 y=0 c0=t355 c1=IDLE0
8177 core=1 give r=0 y=0 c0=t355 c1=IDLE0
8178 core=0 noop r=0 y=0 c0=t355 c1=IDLE0
8179 core=0 suspend t352 r=0 y=0 c0=t355 c1=IDLE0
8180 core=1 noop r=0 y=0 c0=t355 c1=IDLE0
8181 core=1 noop r=0 y=0 c0=t355 c1=IDLE0
8182 core=1 create 2 t356 p1 r=1 y=2 c0=t355 c1=t356
8183 core=0 tick r=0 y=2 c0=t355 c1=t350
8184 core=1 suspend t344 r=0 y=0 c0=t355 c1=t350
8185 core=0 give_isr r=0 y=0 c0=t355 c1=t350
8186 core=1 delay t350 3 r=0 y=2 c0=t355 c1=t356
8187 core=1 give_isr r=0 y=0 c0=t355 c1=t356
8188 core=1 give r=0 y=0 c0=t355 c1=t356
8189 core=1 give r=0 y=0 c0=t355 c1=t356
8190 core=0 delay t355 5 r=0 y=1 c0=IDLE1 c1=t356
8191 core=0 tick r=1 y=1 c0=IDLE0 c1=t356
8192 core=0 yield r=0 y=1 c0=IDLE1 c1=t356
8193 core=1 delay t356 1 r=0 y=2 c0=IDLE1 c1=IDLE0
8194 core=1 prio t355 3 r=0 y=0 c0=IDLE1 c1=IDLE0
8195 core=1 noop r=0 y=0 c0=IDLE1 c1=IDLE0
8196 core=0 prio t352 2 r=0 y=0 c0=IDLE1 c1=IDLE0
8197 core=1 resume t352 r=0 y=2 c0=IDLE1 c1=t352
8198 core=0 delete 6 t352 r=0 y=2 c0=IDLE1 c1=IDLE0
8199 core=0 yield r=0 y=1 c0=IDLE1 c1=IDLE0
8200 core=0 noop r=0 y=0 c0=IDLE1 c1=IDLE0
8201 core=0 noop r=0 y=0 c0=IDLE1 c1=IDLE0
8202 core=0 noop r=0 y=0 c0=IDLE1 c1=IDLE0
8203 core=0 tick r=1 y=3 c0=t351 c1=t356
8204 core=1 suspend t350 r=0 y=0 c0=t351 c1=t356
8205 core=0 noop r=0 y=0 c0=t351 c1=t356
8206 core=0 delete 2 t356 r=0 y=2 c0=t351 c1=IDLE1
8207 core=1 give r=0 y=0 c0=t351 c1=IDLE1
8208 core=1 noop r=0 y=0 c0=t351 c1=IDLE1
8209 core=0 noop r=0 y=0 c0=t351 c1=IDLE1
8210 core=1 resume t350 r=0 y=2 c0=t351 c1=t350
8211 core=0 yield r=0 y=1 c0=t351 c1=t350
8212 core=0 yield r=0 y=1 c0=t351 c1=t350
8213 core=1 takeb t350 1 r=1 y=0 c0=t351 c1=t350
8214 core=1 delay t350 5 r=0 y=2 c0=t351 c1=IDLE0
8215 core=0 noop r=0 y=0 c0=t351 c1=IDLE0
8216 core=0 noop r=0 y=0 c0=t351 c1=IDLE0
8217 core=0 delete 5 t355 r=0 y=0 c0=t351 c1=IDLE0
8218 core=1 yield r=0 y=2 c0=t351 c1=IDLE1
8219 core=1 delete 7 t351 r=0 y=1 c0=IDLE0 c1=IDLE1
8220 core=0 resume t344 r=0 y=2 c0=IDLE0 c1=t344
8221 core=1 noop r=0 y=0 c0=IDLE0 c1=t344
8222 core=0 tick r=1 y=1 c0=IDLE1 c1=t344
8223 core=0 noop r=0 y=0 c0=IDLE1 c1=t344
8224 core=1 noop r=0 y=0 c0=IDLE1 c1=t344
8225 core=0 noop r=0 y=0 c0=IDLE1 c1=t344
8226 core=1 prio t350 3 r=0 y=0 c0=IDLE1 c1=t344
8227 core=1 takeb t344 2 r=2 y=2 c0=IDLE1 c1=IDLE0
8228 core=1 create 9 t357 p2 r=1 y=2 c0=IDLE1 c1=t357
8229 core=0 noop r=0 y=0 c0=IDLE1 c1=t357
8230 core=1 noop r=0 y=0 c0=IDLE1 c1=t357
8231 core=1 noop r=0 y=0 c0=IDLE1 c1=t357
8232 core=0 give r=1 y=1 c0=t344 c1=t357
8233 core=1 noop r=0 y=0 c0=t344 c1=t357
8234 core=1 yield r=0 y=2 c0=t344 c1=t357
8235 core=0 cont t344 r=1 y=0 c0=t344 c1=t357
8236 core=1 takeb t357 2 r=2 y=2 c0=t344 c1=IDLE0
8237 core=0 noop r=0 y=0 c0=t344 c1=IDLE0
8238 core=0 yield r=0 y=1 c0=t344 c1=IDLE0
8239 core=1 noop r=0 y=0 c0=t344 c1=IDLE0
8240 core=1 noop r=0 y=0 c0=t344 c1=IDLE0
8241 core=0 give_isr r=1 y=2 c0=t344 c1=t357
8242 core=1 cont t357 r=1 y=0 c0=t344 c1=t357
8243 core=0 delay t344 3 r=0 y=1 c0=IDLE1 c1=t357
8244 core=1 create 5 t358 p1 r=1 y=1 c0=t358 c1=t357
8245 core=0 give r=1 y=0 c0=t358 c1=t357
8246 core=1 give_isr r=0 y=0 c0=t358 c1=t357
8247 core=0 yield r=0 y=1 c0=t358 c1=t357
8248 core=1 noop r=0 y=0 c0=t358 c1=t357
8249 core=0 give r=0 y=0 c0=t358 c1=t357
8250 core=0 give_isr r=0 y=0 c0=t358 c1=t357
8251 core=1 yield r=0 y=2 c0=t358 c1=t357
8252 core=0 create 2 t359 p3 r=1 y=1 c0=t359 c1=t357
8253 core=1 delay t357 4 r=0 y=2 c0=t359 c1=t358
8254 core=0 suspend t350 r=0 y=0 c0=t359 c1=t358
8255 core=0 tick r=0 y=0 c0=t359 c1=t358
8256 core=0 noop r=0 y=0 c0=t359 c1=t358
8257 core=1 delete 5 t358 r=0 y=2 c0=t359 c1=IDLE0
8258 core=0 prio t350 1 r=0 y=0 c0=t359 c1=IDLE0
8259 core=1 noop r=0 y=0 c0=t359 c1=IDLE0
8260 core=1 create 7 t360 p3 r=1 y=2 c0=t359 c1=t360
8261 core=1 noop r=0 y=0 c0=t359 c1=t360
8262 core=0 noop r=0 y=0 c0=t359 c1=t360
8263 core=1 noop r=0 y=0 c0=t359 c1=t360
8264 core=1 delay t360 5 r=0 y=2 c0=t359 c1=IDLE1
8265 core=0 noop r=0 y=0 c0=t359 c1=IDLE1
8266 core=0 tick r=0 y=2 c0=t359 c1=IDLE0
8267 core=1 create 4 t361 p2 r=1 y=2 c0=t359 c1=t361
8268 core=0 resume t361 r=0 y=0 c0=t359 c1=t361
8269 core=0 tick r=0 y=0 c0=t359 c1=t361
8270 core=1 prio t359 1 r=0 y=1 c0=t344 c1=t361
8271 core=0 noop r=0 y=0 c0=t344 c1=t361
8272 core=1 give r=0 y=0 c0=t344 c1=t361
8273 core=0 noop r=0 y=0 c0=t344 c1=t361
8274 core=0 create 3 t362 p2 r=1 y=1 c0=t362 c1=t361
8275 core=0 tick r=1 y=3 c0=t357 c1=t362
8276 core=0 delete 1 t344 r=0 y=0 c0=t357 c1=t362
8277 core=1 yield r=0 y=2 c0=t357 c1=t361
8278 core=1 noop r=0 y=0 c0=t357 c1=t361
8279 core=0 noop r=0 y=0 c0=t357 c1=t361
8280 core=0 give r=0 y=0 c0=t357 c1=t361
8281 core=1 prio t360 1 r=0 y=0 c0=t357 c1=t361
8282 core=0 takeb t357 3 r=1 y=0 c0=t357 c1=t361
8283 core=1 prio t360 1 r=0 y=0 c0=t357 c1=t361
8284 core=0 suspend t360 r=0 y=0 c0=t357 c1=t361
8285 core=1 create 1 t363 p0 r=1 y=0 c0=t357 c1=t361
8286 core=0 tick r=1 y=3 c0=t362 c1=t357
8287 core=0 noop r=0 y=0 c0=t362 c1=t357
8288 core=1 noop r=0 y=0 c0=t362 c1=t357
8289 core=0 takeb t362 4 r=2 y=1 c0=t361 c1=t357
8290 core=0 suspend t357 r=0 y=2 c0=t361 c1=t359
8291 core=1 noop r=0 y=0 c0=t361 c1=t359
8292 core=1 noop r=0 y=0 c0=t361 c1=t359
8293 core=0 prio t363 1 r=0 y=0 c0=t361 c1=t359
8294 core=1 delay t359 5 r=0 y=2 c0=t361 c1=t363
8295 core=0 prio t357 0 r=0 y=0 c0=t361 c1=t363
8296 core=0 give_isr r=1 y=2 c0=t361 c1=t362
8297 core=0 yield r=0 y=1 c0=t361 c1=t362
8298 core=1 cont t362 r=1 y=0 c0=t361 c1=t362
8299 core=0 noop r=0 y=0 c0=t361 c1=t362
8300 core=0 prio t360 1 r=0 y=0 c0=t361 c1=t362
8301 core=0 takeb t361 1 r=2 y=1 c0=t363 c1=t362
8302 core=0 tick r=1 y=3 c0=t361 c1=t362
8303 core=1 prio t350 1 r=0 y=0 c0=t361 c1=t362
8304 core=1 noop r=0 y=0 c0=t361 c1=t362
8305 core=0 cont t361 r=0 y=0 c0=t361 c1=t362
8306 core=1 suspend t360 r=0 y=0 c0=t361 c1=t362
8307 core=0 take t361 r=0 y=0 c0=t361 c1=t362
8308 core=1 takeb t362 6 r=2 y=2 c0=t361 c1=t363
8309 core=0 give r=1 y=2 c0=t361 c1=t362
8310 core=1 cont t362 r=1 y=0 c0=t361 c1=t362
8311 core=0 delete 2 t359 r=0 y=0 c0=t361 c1=t362
8312 core=0 suspend t361 r=0 y=1 c0=t363 c1=t362
8313 core=0 takeb t363 6 r=2 y=1 c0=IDLE1 c1=t362
8314 core=1 give_isr r=1 y=1 c0=t363 c1=t362
8315 core=1 give r=0 y=0 c0=t363 c1=t362
8316 core=1 give r=0 y=0 c0=t363 c1=t362
8317 core=0 cont t363 r=1 y=0 c0=t363 c1=t362
8318 core=0 noop r=0 y=0 c0=t363 c1=t362
8319 core=1 delete 9 t357 r=0 y=0 c0=t363 c1=t362
8320 core=1 noop r=0 y=0 c0=t363 c1=t362
8321 core=0 tick r=0 y=0 c0=t363 c1=t362
8322 core=1 noop r=0 y=0 c0=t363 c1=t362
8323 core=0 noop r=0 y=0 c0=t363 c1=t362
8324 core=0 give r=1 y=0 c0=t363 c1=t362
8325 core=1 resume t350 r=0 y=0 c0=t363 c1=t362
8326 core=0 tick r=1 y=1 c0=t350 c1=t362
8327 core=1 noop r=0 y=0 c0=t350 c1=t362
8328 core=0 takeb t350 5 r=1 y=0 c0=t350 c1=t362
8329 core=0 tick r=1 y=1 c0=t363 c1=t362
8330 core=1 give r=1 y=0 c0=t363 c1=t362
8331 core=1 give_isr r=0 y=0 c0=t363 c1=t362
8332 core=1 resume t362 r=0 y=0 c0=t363 c1=t362
8333 core=0 noop r=0 y=0 c0=t363 c1=t362
8334 core=1 give r=0 y=0 c0=t363 c1=t362
8335 core=0 tick r=1 y=1 c0=t350 c1=t362
8336 core=1 prio t350 1 r=0 y=0 c0=t350 c1=t362
8337 core=0 resume t361 r=0 y=1 c0=t361 c1=t362
8338 core=0 suspend t350 r=0 y=0 c0=t361 c1=t362
8339 core=1 delay t362 5 r=0 y=2 c0=t361 c1=t363
8340 core=1 suspend t361 r=0 y=1 c0=IDLE0 c1=t363
8341 core=1 noop r=0 y=0 c0=IDLE0 c1=t363
8342 core=0 give r=0 y=0 c0=IDLE0 c1=t363
8343 core=1 noop r=0 y=0 c0=IDLE0 c1=t363
8344 core=0 noop r=0 y=0 c0=IDLE0 c1=t363
8345 core=1 suspend t350 r=0 y=0 c0=IDLE0 c1=t363
8346 core=1 suspend t360 r=0 y=0 c0=IDLE0 c1=t363
8347 core=1 yield r=0 y=2 c0=IDLE0 c1=t363
8348 core=0 create 5 t364 p2 r=1 y=1 c0=t364 c1=t363
8349 core=0 prio t350 3 r=0 y=0 c0=t364 c1=t363
8350 core=0 tick r=0 y=0 c0=t364 c1=t363
8351 core=0 takeb t364 2 r=1 y=0 c0=t364 c1=t363
8352 core=0 resume t361 r=0 y=2 c0=t364 c1=t361
8353 core=0 tick r=1 y=3 c0=t364 c1=t361
8354 core=1 give r=1 y=0 c0=t364 c1=t361
8355 core=0 tick r=1 y=3 c0=t364 c1=t361
8356 core=1 resume t350 r=0 y=2 c0=t364 c1=t350
8357 core=0 delay t364 5 r=0 y=1 c0=t361 c1=t350
8358 core=1 give r=0 y=0 c0=t361 c1=t350
8359 core=0 noop r=0 y=0 c0=t361 c1=t350
8360 core=1 create 9 t365 p1 r=1 y=0 c0=t361 c1=t350
8361 core=0 noop r=0 y=0 c0=t361 c1=t350
8362 core=0 tick r=0 y=0 c0=t361 c1=t350
8363 core=1 prio t362 3 r=0 y=0 c0=t361 c1=t350
8364 core=0 yield r=0 y=1 c0=t361 c1=t350
8365 core=0 tick r=1 y=3 c0=t362 c1=t350
8366 core=0 delete 7 t360 r=0 y=0 c0=t362 c1=t350
8367 core=1 yield r=0 y=2 c0=t362 c1=t350
8368 core=1 prio t365 1 r=0 y=0 c0=t362 c1=t350
8369 core=0 noop r=0 y=0 c0=t362 c1=t350
8370 core=1 give_isr r=0 y=0 c0=t362 c1=t350
8371 core=1 delay t350 2 r=0 y=2 c0=t362 c1=t361
8372 core=0 take t362 r=1 y=0 c0=t362 c1=t361
8373 core=1 noop r=0 y=0 c0=t362 c1=t361
8374 core=1 delay t361 5 r=0 y=2 c0=t362 c1=t363
8375 core=0 give_isr r=1 y=0 c0=t362 c1=t363
8376 core=1 delay t363 1 r=0 y=2 c0=t362 c1=t365
8377 core=1 give r=0 y=0 c0=t362 c1=t365
8378 core=0 tick r=0 y=2 c0=t362 c1=t363
8379 core=0 noop r=0 y=0 c0=t362 c1=t363
8380 core=1 yield r=0 y=2 c0=t362 c1=t365
8381 core=0 delay t362 2 r=0 y=1 c0=t363 c1=t365
8382 core=1 delete 5 t364 r=0 y=0 c0=t363 c1=t365
8383 core=1 noop r=0 y=0 c0=t363 c1=t365
8384 core=1 delay t365 3 r=0 y=2 c0=t363 c1=IDLE1
8385 core=0 tick r=0 y=2 c0=t363 c1=t350
8386 core=1 noop r=0 y=0 c0=t363 c1=t350
8387 core=1 yield r=0 y=2 c0=t363 c1=t350
8388 core=0 noop r=0 y=0 c0=t363 c1=t350
8389 core=1 suspend t362 r=0 y=0 c0=t363 c1=t350
8390 core=1 take t350 r=1 y=0 c0=t363 c1=t350
8391 core=1 give_isr r=1 y=0 c0=t363 c1=t350
8392 core=0 suspend t365 r=0 y=0 c0=t363 c1=t350
8393 core=1 give_isr r=0 y=0 c0=t363 c1=t350
8394 core=1 delete 1 t363 r=0 y=1 c0=IDLE0 c1=t350
8395 core=0 noop r=0 y=0 c0=IDLE0 c1=t350
8396 core=0 noop r=0 y=0 c0=IDLE0 c1=t350
8397 core=1 resume t362 r=0 y=1 c0=t362 c1=t350
8398 core=0 noop r=0 y=0 c0=t362 c1=t350
8399 core=0 prio t350 2 r=0 y=2 c0=t362 c1=t350
8400 core=1 noop r=0 y=0 c0=t362 c1=t350
8401 core=0 delay t362 2 r=0 y=1 c0=IDLE1 c1=t350
8402 core=0 resume t350 r=0 y=0 c0=IDLE1 c1=t350
8403 core=0 suspend t365 r=0 y=0 c0=IDLE1 c1=t350
8404 core=0 resume t350 r=0 y=0 c0=IDLE1 c1=t350
8405 core=1 takeb t350 6 r=1 y=0 c0=IDLE1 c1=t350
8406 core=1 noop r=0 y=0 c0=IDLE1 c1=t350
8407 core=1 noop r=0 y=0 c0=IDLE1 c1=t350
8408 core=0 noop r=0 y=0 c0=IDLE1 c1=t350
8409 core=0 noop r=0 y=0 c0=IDLE1 c1=t350
8410 core=0 noop r=0 y=0 c0=IDLE1 c1=t350
8411 core=1 give r=1 y=0 c0=IDLE1 c1=t350
8412 core=0 noop r=0 y=0 c0=IDLE1 c1=t350
8413 core=1 resume t350 r=0 y=0 c0=IDLE1 c1=t350
8414 core=0 tick r=1 y=1 c0=IDLE0 c1=t350
8415 core=0 noop r=0 y=0 c0=IDLE0 c1=t350
8416 core=0 prio t350 1 r=0 y=2 c0=IDLE0 c1=t350
8417 core=0 resume t361 r=0 y=0 c0=IDLE0 c1=t350
8418 core=1 takeb t350 2 r=1 y=0 c0=IDLE0 c1=t350
8419 core=1 noop r=0 y=0 c0=IDLE0 c1=t350
8420 core=1 takeb t350 3 r=2 y=2 c0=IDLE0 c1=IDLE1
8421 core=1 create 1 t366 p1 r=1 y=2 c0=IDLE0 c1=t366
8422 core=0 prio t361 2 r=0 y=0 c0=IDLE0 c1=t366
8423 core=0 suspend t350 r=0 y=0 c0=IDLE0 c1=t366
8424 core=0 suspend t365 r=0 y=0 c0=IDLE0 c1=t366
8425 core=0 suspend t350 r=0 y=0 c0=IDLE0 c1=t366
8426 core=0 resume t362 r=0 y=0 c0=IDLE0 c1=t366
8427 core=1 suspend t361 r=0 y=0 c0=IDLE0 c1=t366
8428 core=1 create 7 t367 p3 r=1 y=1 c0=t367 c1=t366
8429 core=0 takeb t367 3 r=2 y=1 c0=IDLE1 c1=t366
8430 core=0 give_isr r=1 y=1 c0=t367 c1=t366
8431 core=1 delay t366 2 r=0 y=2 c0=t367 c1=IDLE0
8432 core=0 cont t367 r=1 y=0 c0=t367 c1=IDLE0
8433 core=1 suspend t366 r=0 y=0 c0=t367 c1=IDLE0
8434 core=0 give r=1 y=0 c0=t367 c1=IDLE0
8435 core=1 noop r=0 y=0 c0=t367 c1=IDLE0
8436 core=0 resume t362 r=0 y=0 c0=t367 c1=IDLE0
8437 core=0 tick r=1 y=3 c0=t362 c1=t367
8438 core=0 noop r=0 y=0 c0=t362 c1=t367
8439 core=1 noop r=0 y=0 c0=t362 c1=t367
8440 core=0 prio t367 1 r=0 y=2 c0=t362 c1=t367
8441 core=1 suspend t361 r=0 y=0 c0=t362 c1=t367
8442 core=0 noop r=0 y=0 c0=t362 c1=t367
8443 core=0 give_isr r=0 y=0 c0=t362 c1=t367
8444 core=0 tick r=0 y=0 c0=t362 c1=t367
8445 core=0 resume t365 r=0 y=0 c0=t362 c1=t367
8446 core=1 noop r=0 y=0 c0=t362 c1=t367
8447 core=0 tick r=0 y=2 c0=t362 c1=t365
8448 core=1 give r=0 y=0 c0=t362 c1=t365
8449 core=0 resume t361 r=0 y=2 c0=t362 c1=t361
8450 core=1 delete 1 t366 r=0 y=0 c0=t362 c1=t361
8451 core=0 prio t367 2 r=0 y=0 c0=t362 c1=t361
8452 core=0 noop r=0 y=0 c0=t362 c1=t361
8453 core=1 noop r=0 y=0 c0=t362 c1=t361
8454 core=0 suspend t365 r=0 y=0 c0=t362 c1=t361
8455 core=0 noop r=0 y=0 c0=t362 c1=t361
8456 core=0 create 5 t368 p0 r=1 y=0 c0=t362 c1=t361
8457 core=0 delay t362 2 r=0 y=1 c0=t367 c1=t361
8458 core=1 noop r=0 y=0 c0=t367 c1=t361
8459 core=1 delay t361 5 r=0 y=2 c0=t367 c1=IDLE1
8460 core=0 give r=0 y=0 c0=t367 c1=IDLE1
8461 core=0 suspend t368 r=0 y=0 c0=t367 c1=IDLE1
8462 core=1 noop r=0 y=0 c0=t367 c1=IDLE1
8463 core=0 tick r=0 y=2 c0=t367 c1=IDLE0
8464 core=1 yield r=0 y=2 c0=t367 c1=IDLE1
8465 core=0 resume t367 r=0 y=0 c0=t367 c1=IDLE1
8466 core=0 give_isr r=0 y=0 c0=t367 c1=IDLE1
8467 core=1 noop r=0 y=0 c0=t367 c1=IDLE1
8468 core=0 prio t367 3 r=0 y=0 c0=t367 c1=IDLE1
8469 core=0 noop r=0 y=0 c0=t367 c1=IDLE1
8470 core=1 prio t350 1 r=0 y=0 c0=t367 c1=IDLE1
8471 core=1 noop r=0 y=0 c0=t367 c1=IDLE1
8472 core=1 noop r=0 y=0 c0=t367 c1=IDLE1
8473 core=0 yield r=0 y=1 c0=t367 c1=IDLE1
8474 core=1 noop r=0 y=0 c0=t367 c1=IDLE1
8475 core=1 resume t365 r=0 y=2 c0=t367 c1=t365
8476 core=1 delay t365 2 r=0 y=2 c0=t367 c1=IDLE0
8477 core=1 delete 4 t361 r=0 y=0 c0=t367 c1=IDLE0
8478 core=0 tick r=1 y=3 c0=t362 c1=t367
8479 core=0 tick r=1 y=3 c0=t362 c1=t367
8480 core=1 noop r=0 y=0 c0=t362 c1=t367
8481 core=0 delay t362 5 r=0 y=1 c0=t365 c1=t367
8482 core=0 tick r=0 y=0 c0=t365 c1=t367
8483 core=1 create 1 t369 p0 r=1 y=0 c0=t365 c1=t367
8484 core=1 suspend t367 r=0 y=2 c0=t365 c1=IDLE1
8485 core=0 suspend t368 r=0 y=0 c0=t365 c1=IDLE1
8486 core=0 takeb t365 2 r=1 y=0 c0=t365 c1=IDLE1
8487 core=0 noop r=0 y=0 c0=t365 c1=IDLE1
8488 core=1 noop r=0 y=0 c0=t365 c1=IDLE1
8489 core=0 tick r=0 y=2 c0=t365 c1=IDLE0
8490 core=1 noop r=0 y=0 c0=t365 c1=IDLE0
8491 core=1 noop r=0 y=0 c0=t365 c1=IDLE0
8492 core=0 noop r=0 y=0 c0=t365 c1=IDLE0
8493 core=1 suspend t350 r=0 y=0 c0=t365 c1=IDLE0
8494 core=1 noop r=0 y=0 c0=t365 c1=IDLE0
8495 core=0 tick r=0 y=2 c0=t365 c1=t369
8496 core=0 resume t365 r=0 y=0 c0=t365 c1=t369
8497 core=0 prio t369 3 r=0 y=0 c0=t365 c1=t369
8498 core=1 delay t369 4 r=0 y=2 c0=t365 c1=IDLE1
8499 core=0 takeb t365 6 r=2 y=1 c0=IDLE0 c1=IDLE1
8500 core=1 suspend t350 r=0 y=0 c0=IDLE0 c1=IDLE1
8501 core=0 tick r=1 y=3 c0=IDLE0 c1=IDLE1
8502 core=0 noop r=0 y=0 c0=IDLE0 c1=IDLE1
8503 core=1 prio t362 3 r=0 y=0 c0=IDLE0 c1=IDLE1
8504 core=0 give r=1 y=2 c0=IDLE0 c1=t365
8505 core=0 noop r=0 y=0 c0=IDLE0 c1=t365
8506 core=0 resume t365 r=0 y=0 c0=IDLE0 c1=t365
8507 core=0 give_isr r=0 y=0 c0=IDLE0 c1=t365
8508 core=1 cont t365 r=1 y=0 c0=IDLE0 c1=t365
8509 core=1 delay t365 3 r=0 y=2 c0=IDLE0 c1=IDLE1
8510 core=0 give r=1 y=0 c0=IDLE0 c1=IDLE1
8511 core=0 delete 3 t362 r=0 y=0 c0=IDLE0 c1=IDLE1
8512 core=0 give r=0 y=0 c0=IDLE0 c1=IDLE1
8513 core=0 noop r=0 y=0 c0=IDLE0 c1=IDLE1
8514 core=1 noop r=0 y=0 c0=IDLE0 c1=IDLE1
8515 core=0 tick r=1 y=3 c0=IDLE0 c1=IDLE1
8516 core=0 prio t367 1 r=0 y=0 c0=IDLE0 c1=IDLE1
8517 core=0 give_isr r=0 y=0 c0=IDLE0 c1=IDLE1
8518 core=1 noop r=0 y=0 c0=IDLE0 c1=IDLE1
8519 core=1 create 6 t370 p2 r=1 y=2 c0=IDLE0 c1=t370
8520 core=1 noop r=0 y=0 c0=IDLE0 c1=t370
8521 core=1 yield r=0 y=2 c0=IDLE0 c1=t370
8522 core=1 noop r=0 y=0 c0=IDLE0 c1=t370
8523 core=0 delete 7 t367 r=0 y=0 c0=IDLE0 c1=t370
8524 core=1 noop r=0 y=0 c0=IDLE0 c1=t370
8525 core=1 give_isr r=0 y=0 c0=IDLE0 c1=t370
8526 core=0 noop r=0 y=0 c0=IDLE0 c1=t370
8527 core=1 resume t350 r=0 y=1 c0=t350 c1=t370
8528 core=1 noop r=0 y=0 c0=t350 c1=t370
8529 core=1 delete 8 t350 r=0 y=1 c0=IDLE1 c1=t370
8530 core=1 give r=0 y=0 c0=IDLE1 c1=t370
8531 core=0 tick r=1 y=1 c0=IDLE0 c1=t370
8532 core=1 suspend t369 r=0 y=0 c0=IDLE0 c1=t370
8533 core=0 resume t369 r=0 y=1 c0=t369 c1=t370
8534 core=1 prio t365 2 r=0 y=0 c0=t369 c1=t370
8535 core=1 give_isr r=0 y=0 c0=t369 c1=t370
8536 core=0 tick r=0 y=2 c0=t369 c1=t365
8537 core=0 noop r=0 y=0 c0=t369 c1=t365
8538 core=1 noop r=0 y=0 c0=t369 c1=t365
8539 core=0 give r=0 y=0 c0=t369 c1=t365
8540 core=1 suspend t369 r=0 y=1 c0=t370 c1=t365
8541 core=1 takeb t365 4 r=1 y=0 c0=t370 c1=t365
8542 core=0 give r=1 y=0 c0=t370 c1=t365
8543 core=0 tick r=1 y=3 c0=t370 c1=t365
8544 core=1 delay t365 4 r=0 y=2 c0=t370 c1=IDLE1
8545 core=0 noop r=0 y=0 c0=t370 c1=IDLE1
8546 core=0 yield r=0 y=1 c0=t370 c1=IDLE1
8547 core=0 tick r=0 y=2 c0=t370 c1=IDLE0
8548 core=0 noop r=0 y=0 c0=t370 c1=IDLE0
8549 core=1 noop r=0 y=0 c0=t370 c1=IDLE0
8550 core=0 delay t370 4 r=0 y=1 c0=IDLE1 c1=IDLE0
8551 core=0 noop r=0 y=0 c0=IDLE1 c1=IDLE0
8552 core=1 noop r=0 y=0 c0=IDLE1 c1=IDLE0
8553 core=1 prio t368 0 r=0 y=0 c0=IDLE1 c1=IDLE0
8554 core=0 noop r=0 y=0 c0=IDLE1 c1=IDLE0
8555 core=1 noop r=0 y=0 c0=IDLE1 c1=IDLE0
8556 core=0 noop r=0 y=0 c0=IDLE1 c1=IDLE0
8557 core=0 prio t365 1 r=0 y=0 c0=IDLE1 c1=IDLE0
8558 core=1 noop r=0 y=0 c0=IDLE1 c1=IDLE0
8559 core=0 yield r=0 y=1 c0=IDLE1 c1=IDLE0
8560 core=1 noop r=0 y=0 c0=IDLE1 c1=IDLE0
8561 core=1 give_isr r=0 y=0 c0=IDLE1 c1=IDLE0
8562 core=0 give r=0 y=0 c0=IDLE1 c1=IDLE0
8563 core=0 noop r=0 y=0 c0=IDLE1 c1=IDLE0
8564 core=1 noop r=0 y=0 c0=IDLE1 c1=IDLE0
8565 core=1 noop r=0 y=0 c0=IDLE1 c1=IDLE0
8566 core=1 suspend t370 r=0 y=0 c0=IDLE1 c1=IDLE0
8567 core=1 noop r=0 y=0 c0=IDLE1 c1=IDLE0
8568 core=0 noop r=0 y=0 c0=IDLE1 c1=IDLE0
8569 core=0 suspend t369 r=0 y=0 c0=IDLE1 c1=IDLE0
8570 core=0 tick r=1 y=3 c0=IDLE1 c1=IDLE0
8571 core=1 noop r=0 y=0 c0=IDLE1 c1=IDLE0
8572 core=0 suspend t365 r=0 y=0 c0=IDLE1 c1=IDLE0
8573 core=0 noop r=0 y=0 c0=IDLE1 c1=IDLE0
8574 core=0 resume t368 r=0 y=2 c0=IDLE1 c1=t368
8575 core=1 takeb t368 4 r=1 y=0 c0=IDLE1 c1=t368
8576 core=0 yield r=0 y=1 c0=IDLE0 c1=t368
8577 core=0 give_isr r=1 y=0 c0=IDLE0 c1=t368
8578 core=0 noop r=0 y=0 c0=IDLE0 c1=t368
8579 core=0 tick r=1 y=3 c0=IDLE1 c1=IDLE0
8580 core=1 prio t369 3 r=0 y=0 c0=IDLE1 c1=IDLE0
8581 core=1 noop r=0 y=0 c0=IDLE1 c1=IDLE0
8582 core=1 noop r=0 y=0 c0=IDLE1 c1=IDLE0
8583 core=1 noop r=0 y=0 c0=IDLE1 c1=IDLE0
8584 core=1 give r=0 y=0 c0=IDLE1 c1=IDLE0
8585 core=0 create 7 t371 p3 r=1 y=2 c0=IDLE1 c1=t371
8586 core=1 noop r=0 y=0 c0=IDLE1 c1=t371
8587 core=1 noop r=0 y=0 c0=IDLE1 c1=t371
8588 core=0 give r=0 y=0 c0=IDLE1 c1=t371
8589 core=1 noop r=0 y=0 c0=IDLE1 c1=t371
8590 core=1 noop r=0 y=0 c0=IDLE1 c1=t371
8591 core=1 noop r=0 y=0 c0=IDLE1 c1=t371
8592 core=0 give r=0 y=0 c0=IDLE1 c1=t371
8593 core=0 tick r=1 y=1 c0=t368 c1=t371
8594 core=0 give r=0 y=0 c0=t368 c1=t371
8595 core=1 takeb t371 5 r=1 y=0 c0=t368 c1=t371
8596 core=1 resume t365 r=0 y=1 c0=t365 c1=t371
8597 core=0 takeb t365 3 r=2 y=1 c0=IDLE0 c1=t371
8598 core=0 noop r=0 y=0 c0=IDLE0 c1=t371
8599 core=0 noop r=0 y=0 c0=IDLE0 c1=t371
8600 core=1 prio t370 2 r=0 y=0 c0=IDLE0 c1=t371
8601 core=0 tick r=1 y=1 c0=IDLE1 c1=t371
8602 core=1 create 8 t372 p0 r=1 y=1 c0=t368 c1=t371
8603 core=0 delay t368 1 r=0 y=1 c0=IDLE0 c1=t371
8604 core=0 noop r=0 y=0 c0=IDLE0 c1=t371
8605 core=1 resume t372 r=0 y=0 c0=IDLE0 c1=t371
8606 core=1 delete 5 t368 r=0 y=0 c0=IDLE0 c1=t371
8607 core=1 delay t371 2 r=0 y=2 c0=IDLE0 c1=t372
8608 core=1 suspend t371 r=0 y=0 c0=IDLE0 c1=t372
8609 core=1 noop r=0 y=0 c0=IDLE0 c1=t372
8610 core=0 noop r=0 y=0 c0=IDLE0 c1=t372
8611 core=0 tick r=1 y=3 c0=IDLE1 c1=IDLE0
8612 core=0 suspend t371 r=0 y=0 c0=IDLE1 c1=IDLE0
8613 core=0 tick r=1 y=3 c0=t365 c1=t372
8614 core=0 cont t365 r=0 y=0 c0=t365 c1=t372
8615 core=1 delay t372 1 r=0 y=2 c0=t365 c1=IDLE1
8616 core=1 create 5 t373 p1 r=1 y=2 c0=t365 c1=t373
8617 core=1 prio t369 0 r=0 y=0 c0=t365 c1=t373
8618 core=1 resume t372 r=0 y=0 c0=t365 c1=t373
8619 core=0 create 2 t374 p1 r=1 y=0 c0=t365 c1=t373
8620 core=0 give_isr r=1 y=0 c0=t365 c1=t373
8621 core=0 noop r=0 y=0 c0=t365 c1=t373
8622 core=1 suspend t370 r=0 y=0 c0=t365 c1=t373
8623 core=1 resume t370 r=0 y=2 c0=t365 c1=t370
8624 core=1 noop r=0 y=0 c0=t365 c1=t370
8625 core=0 noop r=0 y=0 c0=t365 c1=t370
8626 core=1 give r=0 y=0 c0=t365 c1=t370
8627 core=1 noop r=0 y=0 c0=t365 c1=t370
8628 core=1 noop r=0 y=0 c0=t365 c1=t370
8629 core=0 prio t373 3 r=0 y=1 c0=t373 c1=t370
8630 core=1 delay t370 3 r=0 y=2 c0=t373 c1=t374
8631 core=1 take t374 r=1 y=0 c0=t373 c1=t374
8632 core=0 prio t369 0 r=0 y=0 c0=t373 c1=t374
8633 core=0 noop r=0 y=0 c0=t373 c1=t374
8634 core=1 delay t374 5 r=0 y=2 c0=t373 c1=t365
8635 core=0 noop r=0 y=0 c0=t373 c1=t365
8636 core=0 delay t373 4 r=0 y=1 c0=IDLE0 c1=t365
8637 core=0 give_isr r=1 y=0 c0=IDLE0 c1=t365
8638 core=0 noop r=0 y=0 c0=IDLE0 c1=t365
8639 core=1 noop r=0 y=0 c0=IDLE0 c1=t365
8640 core=1 takeb t365 3 r=1 y=0 c0=IDLE0 c1=t365
8641 core=1 delay t365 3 r=0 y=2 c0=IDLE0 c1=IDLE1
8642 core=0 resume t371 r=0 y=2 c0=IDLE0 c1=t371
8643 core=0 delete 9 t365 r=0 y=0 c0=IDLE0 c1=t371
8644 core=1 noop r=0 y=0 c0=IDLE0 c1=t371
8645 core=0 tick r=1 y=1 c0=IDLE1 c1=t371
8646 core=0 noop r=0 y=0 c0=IDLE1 c1=t371
8647 core=0 yield r=0 y=1 c0=t372 c1=t371
8648 core=1 resume t371 r=0 y=0 c0=t372 c1=t371
8649 core=0 tick r=1 y=1 c0=IDLE0 c1=t371
8650 core=0 noop r=0 y=0 c0=IDLE0 c1=t371
8651 core=0 noop r=0 y=0 c0=IDLE0 c1=t371
8652 core=1 resume t373 r=0 y=0 c0=IDLE0 c1=t371
8653 core=0 tick r=1 y=1 c0=t370 c1=t371
8654 core=0 tick r=1 y=3 c0=t373 c1=t371
8655 core=0 resume t370 r=0 y=0 c0=t373 c1=t371
8656 core=1 resume t370 r=0 y=0 c0=t373 c1=t371
8657 core=1 give r=1 y=0 c0=t373 c1=t371
8658 core=0 give_isr r=0 y=0 c0=t373 c1=t371
8659 core=0 noop r=0 y=0 c0=t373 c1=t371
8660 core=0 takeb t373 5 r=1 y=0 c0=t373 c1=t371
8661 core=1 resume t374 r=0 y=0 c0=t373 c1=t371
8662 core=1 delay t371 1 r=0 y=2 c0=t373 c1=t370
8663 core=1 takeb t370 1 r=2 y=2 c0=t373 c1=IDLE1
8664 core=0 delete 7 t371 r=0 y=0 c0=t373 c1=IDLE1
8665 core=0 yield r=0 y=1 c0=t373 c1=IDLE1
8666 core=0 delay t373 3 r=0 y=1 c0=t372 c1=IDLE1
8667 core=0 give_isr r=1 y=2 c0=t372 c1=t370
8668 core=1 cont t370 r=1 y=0 c0=t372 c1=t370
8669 core=0 tick r=1 y=1 c0=t374 c1=t370
8670 core=1 prio t372 3 r=0 y=1 c0=t372 c1=t370
8671 core=1 give r=1 y=0 c0=t372 c1=t370
8672 core=0 give_isr r=0 y=0 c0=t372 c1=t370
8673 core=0 resume t370 r=0 y=0 c0=t372 c1=t370
8674 core=0 delay t372 2 r=0 y=1 c0=t374 c1=t370
8675 core=0 give_isr r=0 y=0 c0=t374 c1=t370
8676 core=1 noop r=0 y=0 c0=t374 c1=t370
8677 core=0 give_isr r=0 y=0 c0=t374 c1=t370
8678 core=1 give_isr r=0 y=0 c0=t374 c1=t370
8679 core=1 create 0 t375 p2 r=1 y=1 c0=t375 c1=t370
8680 core=0 noop r=0 y=0 c0=t375 c1=t370
8681 core=1 give_isr r=0 y=0 c0=t375 c1=t370
8682 core=1 noop r=0 y=0 c0=t375 c1=t370
8683 core=1 noop r=0 y=0 c0=t375 c1=t370
8684 core=1 noop r=0 y=0 c0=t375 c1=t370
8685 core=1 take t370 r=1 y=0 c0=t375 c1=t370
8686 core=0 create 3 t376 p1 r=1 y=0 c0=t375 c1=t370
8687 core=0 create 9 t377 p2 r=1 y=0 c0=t375 c1=t370
8688 core=1 resume t373 r=0 y=0 c0=t375 c1=t370
8689 core=1 yield r=0 y=2 c0=t375 c1=t377
8690 core=1 delay t377 5 r=0 y=2 c0=t375 c1=t370
8691 core=0 noop r=0 y=0 c0=t375 c1=t370
8692 core=0 noop r=0 y=0 c0=t375 c1=t370
8693 core=1 prio t376 2 r=0 y=0 c0=t375 c1=t370
8694 core=0 yield r=0 y=1 c0=t376 c1=t370
8695 core=0 tick r=1 y=3 c0=t375 c1=t376
8696 core=0 tick r=1 y=3 c0=t373 c1=t372
8697 core=0 takeb t373 3 r=2 y=1 c0=t370 c1=t372
8698 core=0 noop r=0 y=0 c0=t370 c1=t372
8699 core=0 takeb t370 1 r=2 y=1 c0=t375 c1=t372
8700 core=0 yield r=0 y=1 c0=t376 c1=t372
8701 core=1 resume t373 r=0 y=0 c0=t376 c1=t372
8702 core=0 delay t376 3 r=0 y=1 c0=t375 c1=t372
8703 core=1 noop r=0 y=0 c0=t375 c1=t372
8704 core=1 takeb t372 6 r=2 y=2 c0=t375 c1=t374
8705 core=1 resume t369 r=0 y=0 c0=t375 c1=t374
8706 core=1 noop r=0 y=0 c0=t375 c1=t374
8707 core=0 prio t370 1 r=0 y=0 c0=t375 c1=t374
8708 core=0 tick r=0 y=2 c0=t375 c1=t370
8709 core=0 yield r=0 y=1 c0=t375 c1=t370
8710 core=0 noop r=0 y=0 c0=t375 c1=t370
8711 core=0 give r=1 y=2 c0=t375 c1=t373
8712 core=1 cont t373 r=1 y=0 c0=t375 c1=t373
8713 core=0 delete 6 t370 r=0 y=0 c0=t375 c1=t373
8714 core=0 prio t373 2 r=0 y=2 c0=t375 c1=t373
8715 core=1 resume t377 r=0 y=0 c0=t375 c1=t373
8716 core=1 takeb t373 2 r=2 y=2 c0=t375 c1=t374
8717 core=1 delete 5 t373 r=0 y=0 c0=t375 c1=t374
8718 core=0 noop r=0 y=0 c0=t375 c1=t374
8719 core=1 noop r=0 y=0 c0=t375 c1=t374
8720 core=0 give r=1 y=2 c0=t375 c1=t372
8721 core=1 cont t372 r=1 y=0 c0=t375 c1=t372
8722 core=0 tick r=0 y=0 c0=t375 c1=t372
8723 core=1 noop r=0 y=0 c0=t375 c1=t372
8724 core=0 tick r=1 y=1 c0=t377 c1=t372
8725 core=0 tick r=1 y=1 c0=t376 c1=t372
8726 core=1 prio t375 2 r=0 y=0 c0=t376 c1=t372
8727 core=0 noop r=0 y=0 c0=t376 c1=t372
8728 core=0 noop r=0 y=0 c0=t376 c1=t372
8729 core=0 create 5 t378 p0 r=1 y=0 c0=t376 c1=t372
8730 core=0 noop r=0 y=0 c0=t376 c1=t372
8731 core=0 suspend t377 r=0 y=0 c0=t376 c1=t372
8732 core=1 noop r=0 y=0 c0=t376 c1=t372
8733 core=0 takeb t376 3 r=2 y=1 c0=t375 c1=t372
8734 core=0 delay t375 3 r=0 y=1 c0=t374 c1=t372
8735 core=1 noop r=0 y=0 c0=t374 c1=t372
8736 core=0 yield r=0 y=1 c0=t374 c1=t372
8737 core=0 give r=1 y=1 c0=t376 c1=t372
8738 core=1 give r=0 y=0 c0=t376 c1=t372
8739 core=1 create 4 t379 p0 r=1 y=0 c0=t376 c1=t372
8740 core=0 cont t376 r=1 y=0 c0=t376 c1=t372
8741 core=0 give r=1 y=0 c0=t376 c1=t372
8742 core=1 suspend t378 r=0 y=0 c0=t376 c1=t372
8743 core=1 delay t372 2 r=0 y=2 c0=t376 c1=t374
8744 core=0 tick r=0 y=0 c0=t376 c1=t374
8745 core=1 prio t376 0 r=0 y=1 c0=IDLE0 c1=t374
8746 core=1 suspend t372 r=0 y=0 c0=IDLE0 c1=t374
8747 core=1 noop r=0 y=0 c0=IDLE0 c1=t374
8748 core=1 suspend t379 r=0 y=0 c0=IDLE0 c1=t374
8749 core=0 give_isr r=0 y=0 c0=IDLE0 c1=t374
8750 core=1 suspend t378 r=0 y=0 c0=IDLE0 c1=t374
8751 core=1 take t374 r=1 y=0 c0=IDLE0 c1=t374
8752 core=0 prio t376 0 r=0 y=0 c0=IDLE0 c1=t374
8753 core=1 take t374 r=0 y=0 c0=IDLE0 c1=t374
8754 core=0 suspend t378 r=0 y=0 c0=IDLE0 c1=t374
8755 core=1 give_isr r=1 y=0 c0=IDLE0 c1=t374
8756 core=0 tick r=1 y=1 c0=IDLE1 c1=t374
8757 core=1 suspend t376 r=0 y=0 c0=IDLE1 c1=t374
8758 core=1 suspend t369 r=0 y=0 c0=IDLE1 c1=t374
8759 core=1 create 7 t380 p3 r=1 y=1 c0=t380 c1=t374
8760 core=0 delete 9 t377 r=0 y=0 c0=t380 c1=t374
8761 core=1 suspend t376 r=0 y=0 c0=t380 c1=t374
8762 core=0 give_isr r=0 y=0 c0=t380 c1=t374
8763 core=1 takeb t374 1 r=1 y=0 c0=t380 c1=t374
8764 core=1 prio t372 0 r=0 y=0 c0=t380 c1=t374
8765 core=1 delete 5 t378 r=0 y=0 c0=t380 c1=t374
8766 core=1 takeb t374 3 r=2 y=2 c0=t380 c1=IDLE0
8767 core=0 tick r=0 y=2 c0=t380 c1=t375
8768 core=1 resume t379 r=0 y=0 c0=t380 c1=t375
8769 core=0 noop r=0 y=0 c0=t380 c1=t375
8770 core=1 suspend t376 r=0 y=0 c0=t380 c1=t375
8771 core=1 give r=1 y=0 c0=t380 c1=t375
8772 core=0 noop r=0 y=0 c0=t380 c1=t375
8773 core=0 yield r=0 y=1 c0=t380 c1=t375
8774 core=1 create 9 t381 p1 r=1 y=0 c0=t380 c1=t375
8775 core=0 yield r=0 y=1 c0=t380 c1=t375
8776 core=0 delete 3 t376 r=0 y=0 c0=t380 c1=t375
8777 core=1 create 5 t382 p1 r=1 y=0 c0=t380 c1=t375
8778 core=1 delay t375 3 r=0 y=2 c0=t380 c1=t374
8779 core=1 cont t374 r=1 y=0 c0=t380 c1=t374
8780 core=0 takeb t380 5 r=2 y=1 c0=t381 c1=t374
8781 core=1 suspend t382 r=0 y=0 c0=t381 c1=t374
8782 core=0 tick r=1 y=3 c0=t381 c1=t374
8783 core=1 delay t374 1 r=0 y=2 c0=t381 c1=IDLE1
8784 core=1 noop r=0 y=0 c0=t381 c1=IDLE1
8785 core=0 delete 9 t381 r=0 y=1 c0=IDLE0 c1=IDLE1
8786 core=0 delete 2 t374 r=0 y=0 c0=IDLE0 c1=IDLE1
8787 core=1 noop r=0 y=0 c0=IDLE0 c1=IDLE1
8788 core=1 noop r=0 y=0 c0=IDLE0 c1=IDLE1
8789 core=1 noop r=0 y=0 c0=IDLE0 c1=IDLE1
8790 core=0 tick r=1 y=3 c0=t379 c1=IDLE0
8791 core=1 noop r=0 y=0 c0=t379 c1=IDLE0
8792 core=0 take t379 r=0 y=0 c0=t379 c1=IDLE0
8793 core=0 noop r=0 y=0 c0=t379 c1=IDLE0
8794 core=1 yield r=0 y=2 c0=t379 c1=IDLE1
8795 core=1 noop r=0 y=0 c0=t379 c1=IDLE1
8796 core=0 suspend t375 r=0 y=0 c0=t379 c1=IDLE1
8797 core=1 give r=1 y=2 c0=t379 c1=t380
8798 core=1 cont t380 r=1 y=0 c0=t379 c1=t380
8799 core=1 give r=1 y=0 c0=t379 c1=t380
8800 core=0 give r=0 y=0 c0=t379 c1=t380
8801 core=0 tick r=1 y=1 c0=IDLE0 c1=t380
8802 core=0 noop r=0 y=0 c0=IDLE0 c1=t380
8803 core=0 noop r=0 y=0 c0=IDLE0 c1=t380
8804 core=0 give_isr r=0 y=0 c0=IDLE0 c1=t380
8805 core=1 give r=0 y=0 c0=IDLE0 c1=t380
8806 core=1 delay t380 2 r=0 y=2 c0=IDLE0 c1=IDLE1
8807 core=0 noop r=0 y=0 c0=IDLE0 c1=IDLE1
8808 core=0 give r=0 y=0 c0=IDLE0 c1=IDLE1
8809 core=1 resume t372 r=0 y=2 c0=IDLE0 c1=t379
8810 core=1 give_isr r=0 y=0 c0=IDLE0 c1=t379
8811 core=0 noop r=0 y=0 c0=IDLE0 c1=t379
8812 core=0 tick r=1 y=3 c0=t372 c1=IDLE1
8813 core=1 prio t369 2 r=0 y=0 c0=t372 c1=IDLE1
8814 core=0 takeb t372 2 r=1 y=0 c0=t372 c1=IDLE1
8815 core=1 resume t372 r=0 y=0 c0=t372 c1=IDLE1
8816 core=0 noop r=0 y=0 c0=t372 c1=IDLE1
8817 core=1 noop r=0 y=0 c0=t372 c1=IDLE1
8818 core=0 suspend t375 r=0 y=0 c0=t372 c1=IDLE1
8819 core=0 tick r=1 y=3 c0=t380 c1=IDLE0
8820 core=0 takeb t380 2 r=2 y=1 c0=t379 c1=IDLE0
8821 core=0 noop r=0 y=0 c0=t379 c1=IDLE0
8822 core=1 give_isr r=1 y=2 c0=t379 c1=t380
8823 core=1 cont t380 r=1 y=0 c0=t379 c1=t380
8824 core=1 give r=1 y=0 c0=t379 c1=t380
8825 core=0 delay t379 1 r=0 y=1 c0=t372 c1=t380
8826 core=1 give r=0 y=0 c0=t372 c1=t380
8827 core=1 give r=0 y=0 c0=t372 c1=t380
8828 core=1 resume t375 r=0 y=1 c0=t375 c1=t380
8829 core=1 noop r=0 y=0 c0=t375 c1=t380
8830 core=1 takeb t380 4 r=1 y=0 c0=t375 c1=t380
8831 core=0 delete 1 t369 r=0 y=0 c0=t375 c1=t380
8832 core=0 take t375 r=0 y=0 c0=t375 c1=t380
8833 core=0 noop r=0 y=0 c0=t375 c1=t380
8834 core=1 resume t372 r=0 y=0 c0=t375 c1=t380
8835 core=0 tick r=0 y=0 c0=t375 c1=t380
8836 core=0 tick r=0 y=0 c0=t375 c1=t380
8837 core=1 give r=1 y=0 c0=t375 c1=t380
8838 core=0 tick r=0 y=0 c0=t375 c1=t380
8839 core=0 delay t375 2 r=0 y=1 c0=IDLE1 c1=t380
8840 core=1 prio t372 1 r=0 y=1 c0=t372 c1=t380
8841 core=1 delay t380 4 r=0 y=2 c0=t372 c1=IDLE0
8842 core=0 give_isr r=0 y=0 c0=t372 c1=IDLE0
8843 core=1 noop r=0 y=0 c0=t372 c1=IDLE0
8844 core=1 create 1 t383 p0 r=1 y=2 c0=t372 c1=t379
8845 core=0 noop r=0 y=0 c0=t372 c1=t379
8846 core=0 give r=0 y=0 c0=t372 c1=t379
8847 core=0 resume t372 r=0 y=0 c0=t372 c1=t379
8848 core=0 tick r=0 y=2 c0=t372 c1=IDLE1
8849 core=1 resume t382 r=0 y=2 c0=t372 c1=t382
8850 core=1 suspend t380 r=0 y=0 c0=t372 c1=t382
8851 core=0 noop r=0 y=0 c0=t372 c1=t382
8852 core=1 delete 1 t383 r=0 y=0 c0=t372 c1=t382
8853 core=0 create 3 t384 p2 r=1 y=2 c0=t372 c1=t384
8854 core=1 noop r=0 y=0 c0=t372 c1=t384
8855 core=0 yield r=0 y=1 c0=t382 c1=t384
8856 core=0 takeb t382 5 r=1 y=0 c0=t382 c1=t384
8857 core=0 takeb t382 5 r=2 y=1 c0=t372 c1=t384
8858 core=1 takeb t384 1 r=2 y=2 c0=t372 c1=IDLE0
8859 core=1 delete 4 t379 r=0 y=0 c0=t372 c1=IDLE0
8860 core=0 noop r=0 y=0 c0=t372 c1=IDLE0
8861 core=1 create 9 t385 p3 r=1 y=2 c0=t372 c1=t385
8862 core=0 create 1 t386 p0 r=1 y=0 c0=t372 c1=t385
8863 core=0 tick r=1 y=1 c0=t375 c1=t385
8864 core=1 give_isr r=1 y=0 c0=t375 c1=t385
8865 core=0 noop r=0 y=0 c0=t375 c1=t385
8866 core=1 resume t384 r=0 y=0 c0=t375 c1=t385
8867 core=0 delay t375 3 r=0 y=1 c0=t384 c1=t385
8868 core=1 takeb t385 5 r=1 y=0 c0=t384 c1=t385
8869 core=1 noop r=0 y=0 c0=t384 c1=t385
8870 core=1 suspend t372 r=0 y=0 c0=t384 c1=t385
8871 core=0 cont t384 r=0 y=0 c0=t384 c1=t385
8872 core=0 noop r=0 y=0 c0=t384 c1=t385
8873 core=1 resume t372 r=0 y=0 c0=t384 c1=t385
8874 core=1 noop r=0 y=0 c0=t384 c1=t385
8875 core=0 give r=1 y=0 c0=t384 c1=t385
8876 core=0 give r=0 y=0 c0=t384 c1=t385
8877 core=0 noop r=0 y=0 c0=t384 c1=t385
8878 core=0 suspend t385 r=0 y=2 c0=t384 c1=t382
8879 core=0 noop r=0 y=0 c0=t384 c1=t382
8880 core=1 cont t382 r=1 y=0 c0=t384 c1=t382
8881 core=1 delay t382 4 r=0 y=2 c0=t384 c1=t372
8882 core=0 give r=1 y=0 c0=t384 c1=t372
8883 core=0 noop r=0 y=0 c0=t384 c1=t372
8884 core=1 suspend t380 r=0 y=0 c0=t384 c1=t372
8885 core=1 give_isr r=0 y=0 c0=t384 c1=t372
8886 core=0 tick r=0 y=0 c0=t384 c1=t372
8887 core=0 resume t372 r=0 y=0 c0=t384 c1=t372
8888 core=1 give r=0 y=0 c0=t384 c1=t372
8889 core=0 noop r=0 y=0 c0=t384 c1=t372
8890 core=1 delay t372 2 r=0 y=2 c0=t384 c1=IDLE1
8891 core=1 noop r=0 y=0 c0=t384 c1=IDLE1
8892 core=1 noop r=0 y=0 c0=t384 c1=IDLE1
8893 core=0 give r=0 y=0 c0=t384 c1=IDLE1
8894 core=1 noop r=0 y=0 c0=t384 c1=IDLE1
8895 core=0 noop r=0 y=0 c0=t384 c1=IDLE1
8896 core=0 give r=0 y=0 c0=t384 c1=IDLE1
8897 core=1 noop r=0 y=0 c0=t384 c1=IDLE1
8898 core=0 takeb t384 1 r=1 y=0 c0=t384 c1=IDLE1
8899 core=0 create 4 t387 p2 r=1 y=2 c0=t384 c1=t387
8900 core=0 tick r=1 y=3 c0=t384 c1=t387
8901 core=0 tick r=1 y=3 c0=t375 c1=t384
8902 core=0 suspend t387 r=0 y=0 c0=t375 c1=t384
8903 core=1 resume t372 r=0 y=0 c0=t375 c1=t384
8904 core=0 tick r=1 y=3 c0=t375 c1=t384
8905 core=0 tick r=1 y=3 c0=t375 c1=t384
8906 core=0 prio t372 0 r=0 y=0 c0=t375 c1=t384
8907 core=1 delay t384 3 r=0 y=2 c0=t375 c1=t382
8908 core=1 noop r=0 y=0 c0=t375 c1=t382
8909 core=1 suspend t385 r=0 y=0 c0=t375 c1=t382
8910 core=1 prio t387 3 r=0 y=0 c0=t375 c1=t382
8911 core=1 noop r=0 y=0 c0=t375 c1=t382
8912 core=0 prio t387 3 r=0 y=0 c0=t375 c1=t382
8913 core=0 take t375 r=0 y=0 c0=t375 c1=t382
8914 core=0 tick r=0 y=0 c0=t375 c1=t382
8915 core=0 yield r=0 y=1 c0=t375 c1=t382
8916 core=1 suspend t380 r=0 y=0 c0=t375 c1=t382
8917 core=0 give r=1 y=0 c0=t375 c1=t382
8918 core=1 noop r=0 y=0 c0=t375 c1=t382
8919 core=0 tick r=0 y=0 c0=t375 c1=t382
8920 core=1 noop r=0 y=0 c0=t375 c1=t382
8921 core=0 takeb t375 1 r=1 y=0 c0=t375 c1=t382
8922 core=1 yield r=0 y=2 c0=t375 c1=t382
8923 core=1 yield r=0 y=2 c0=t375 c1=t382
8924 core=0 delete 8 t372 r=0 y=0 c0=t375 c1=t382
8925 core=0 resume t382 r=0 y=0 c0=t375 c1=t382
8926 core=0 noop r=0 y=0 c0=t375 c1=t382
8927 core=1 suspend t385 r=0 y=0 c0=t375 c1=t382
8928 core=1 prio t387 1 r=0 y=0 c0=t375 c1=t382
8929 core=0 tick r=1 y=3 c0=t384 c1=t375
8930 core=0 resume t382 r=0 y=0 c0=t384 c1=t375
8931 core=0 give_isr r=1 y=0 c0=t384 c1=t375
8932 core=0 prio t380 3 r=0 y=0 c0=t384 c1=t375
8933 core=1 resume t387 r=0 y=0 c0=t384 c1=t375
8934 core=0 tick r=1 y=3 c0=t384 c1=t375
8935 core=0 delay t384 5 r=0 y=1 c0=t382 c1=t375
8936 core=1 noop r=0 y=0 c0=t382 c1=t375
8937 core=0 tick r=1 y=1 c0=t387 c1=t375
8938 core=1 takeb t375 6 r=1 y=0 c0=t387 c1=t375
8939 core=1 suspend t386 r=0 y=0 c0=t387 c1=t375
8940 core=0 delay t387 2 r=0 y=1 c0=t382 c1=t375
8941 core=0 noop r=0 y=0 c0=t382 c1=t375
8942 core=1 resume t375 r=0 y=0 c0=t382 c1=t375
8943 core=0 takeb t382 5 r=2 y=1 c0=IDLE0 c1=t375
8944 core=0 prio t382 3 r=0 y=0 c0=IDLE0 c1=t375
8945 core=0 suspend t382 r=0 y=0 c0=IDLE0 c1=t375
8946 core=1 delay t375 5 r=0 y=2 c0=IDLE0 c1=IDLE1
8947 core=1 noop r=0 y=0 c0=IDLE0 c1=IDLE1
8948 core=0 prio t375 1 r=0 y=0 c0=IDLE0 c1=IDLE1
8949 core=0 tick r=1 y=3 c0=IDLE0 c1=IDLE1
8950 core=0 tick r=1 y=3 c0=t387 c1=IDLE0
8951 core=1 prio t380 1 r=0 y=0 c0=t387 c1=IDLE0
8952 core=0 tick r=0 y=2 c0=t387 c1=IDLE1
8953 core=1 resume t385 r=0 y=2 c0=t387 c1=t385
8954 core=1 noop r=0 y=0 c0=t387 c1=t385
8955 core=0 noop r=0 y=0 c0=t387 c1=t385
8956 core=0 give r=1 y=0 c0=t387 c1=t385
8957 core=1 resume t375 r=0 y=0 c0=t387 c1=t385
8958 core=0 yield r=0 y=1 c0=t387 c1=t385
8959 core=0 suspend t375 r=0 y=0 c0=t387 c1=t385
8960 core=1 resume t380 r=0 y=0 c0=t387 c1=t385
8961 core=1 noop r=0 y=0 c0=t387 c1=t385
8962 core=1 resume t387 r=0 y=0 c0=t387 c1=t385
8963 core=1 give r=0 y=0 c0=t387 c1=t385
8964 core=0 give r=0 y=0 c0=t387 c1=t385
8965 core=1 suspend t386 r=0 y=0 c0=t387 c1=t385
8966 core=0 noop r=0 y=0 c0=t387 c1=t385
8967 core=0 tick r=1 y=1 c0=t384 c1=t385
8968 core=0 delay t384 1 r=0 y=1 c0=t380 c1=t385
8969 core=0 delete 7 t380 r=0 y=1 c0=t387 c1=t385
8970 core=0 delay t387 5 r=0 y=1 c0=IDLE0 c1=t385
8971 core=1 yield r=0 y=2 c0=IDLE0 c1=t385
8972 core=0 prio t375 2 r=0 y=0 c0=IDLE0 c1=t385
8973 core=0 noop r=0 y=0 c0=IDLE0 c1=t385
8974 core=1 resume t375 r=0 y=1 c0=t375 c1=t385
8975 core=0 yield r=0 y=1 c0=t375 c1=t385
8976 core=1 noop r=0 y=0 c0=t375 c1=t385
8977 core=0 noop r=0 y=0 c0=t375 c1=t385
8978 core=0 prio t382 2 r=0 y=0 c0=t375 c1=t385
8979 core=0 delay t375 2 r=0 y=1 c0=IDLE1 c1=t385
8980 core=0 give_isr r=0 y=0 c0=IDLE1 c1=t385
8981 core=1 resume t386 r=0 y=1 c0=IDLE0 c1=t385
8982 core=1 takeb t385 1 r=1 y=0 c0=IDLE0 c1=t385
8983 core=1 give_isr r=1 y=0 c0=IDLE0 c1=t385
8984 core=0 tick r=1 y=1 c0=t384 c1=t385
8985 core=1 delay t385 2 r=0 y=2 c0=t384 c1=t386
8986 core=1 noop r=0 y=0 c0=t384 c1=t386
8987 core=1 delete 4 t387 r=0 y=0 c0=t384 c1=t386
8988 core=1 suspend t382 r=0 y=0 c0=t384 c1=t386
8989 core=1 noop r=0 y=0 c0=t384 c1=t386
8990 core=0 noop r=0 y=0 c0=t384 c1=t386
8991 core=1 take t386 r=1 y=0 c0=t384 c1=t386
8992 core=1 takeb t386 1 r=2 y=2 c0=t384 c1=IDLE1
8993 core=1 noop r=0 y=0 c0=t384 c1=IDLE1
8994 core=0 give_isr r=1 y=2 c0=t384 c1=IDLE0
8995 core=1 create 6 t388 p2 r=1 y=2 c0=t384 c1=t388
8996 core=1 noop r=0 y=0 c0=t384 c1=t388
8997 core=0 noop r=0 y=0 c0=t384 c1=t388
8998 core=0 delay t384 2 r=0 y=1 c0=t386 c1=t388
8999 core=1 delay t388 2 r=0 y=2 c0=t386 c1=IDLE1
9000 core=0 cont t386 r=1 y=0 c0=t386 c1=IDLE1
9001 core=0 noop r=0 y=0 c0=t386 c1=IDLE1
9002 core=0 tick r=1 y=3 c0=t375 c1=IDLE0
9003 core=1 create 7 t389 p2 r=1 y=2 c0=t375 c1=t389
9004 core=1 noop r=0 y=0 c0=t375 c1=t389
9005 core=0 suspend t385 r=0 y=0 c0=t375 c1=t389
9006 core=0 prio t375 3 r=0 y=0 c0=t375 c1=t389
9007 core=1 delay t389 2 r=0 y=2 c0=t375 c1=t386
9008 core=0 tick r=0 y=2 c0=t375 c1=t384
9009 core=0 resume t384 r=0 y=0 c0=t375 c1=t384
9010 core=1 noop r=0 y=0 c0=t375 c1=t384
9011 core=1 give_isr r=1 y=0 c0=t375 c1=t384
9012 core=0 give r=0 y=0 c0=t375 c1=t384
9013 core=0 tick r=0 y=2 c0=t375 c1=t388
9014 core=0 tick r=0 y=2 c0=t375 c1=t389
9015 core=0 prio t386 2 r=0 y=0 c0=t375 c1=t389
9016 core=0 prio t386 1 r=0 y=0 c0=t375 c1=t389
9017 core=0 delete 3 t384 r=0 y=0 c0=t375 c1=t389
9018 core=0 delete 7 t389 r=0 y=2 c0=t375 c1=t388
9019 core=1 give r=0 y=0 c0=t375 c1=t388
9020 core=1 prio t388 3 r=0 y=0 c0=t375 c1=t388
9021 core=1 noop r=0 y=0 c0=t375 c1=t388
9022 core=1 noop r=0 y=0 c0=t375 c1=t388
9023 core=0 delay t375 3 r=0 y=1 c0=t386 c1=t388
9024 core=0 resume t388 r=0 y=0 c0=t386 c1=t388
9025 core=0 prio t375 2 r=0 y=0 c0=t386 c1=t388
9026 core=0 delete 0 t375 r=0 y=0 c0=t386 c1=t388
9027 core=0 takeb t386 4 r=1 y=0 c0=t386 c1=t388
9028 core=1 suspend t386 r=0 y=1 c0=IDLE1 c1=t388
9029 core=1 resume t385 r=0 y=1 c0=t385 c1=t388
9030 core=1 prio t382 0 r=0 y=0 c0=t385 c1=t388
9031 core=1 noop r=0 y=0 c0=t385 c1=t388
9032 core=0 suspend t385 r=0 y=1 c0=IDLE0 c1=t388
9033 core=0 noop r=0 y=0 c0=IDLE0 c1=t388
9034 core=1 resume t386 r=0 y=1 c0=t386 c1=t388
9035 core=0 give_isr r=1 y=0 c0=t386 c1=t388
9036 core=1 noop r=0 y=0 c0=t386 c1=t388
9037 core=0 tick r=0 y=0 c0=t386 c1=t388
9038 core=0 noop r=0 y=0 c0=t386 c1=t388
9039 core=0 noop r=0 y=0 c0=t386 c1=t388
9040 core=1 resume t388 r=0 y=0 c0=t386 c1=t388
9041 core=1 yield r=0 y=2 c0=t386 c1=t388
9042 core=0 prio t385 3 r=0 y=0 c0=t386 c1=t388
9043 core=0 noop r=0 y=0 c0=t386 c1=t388
9044 core=0 prio t382 3 r=0 y=0 c0=t386 c1=t388
9045 core=0 noop r=0 y=0 c0=t386 c1=t388
9046 core=0 noop r=0 y=0 c0=t386 c1=t388
9047 core=1 suspend t382 r=0 y=0 c0=t386 c1=t388
9048 core=0 tick r=0 y=0 c0=t386 c1=t388
9049 core=0 tick r=0 y=0 c0=t386 c1=t388
9050 core=0 take t386 r=1 y=0 c0=t386 c1=t388
9051 core=0 noop r=0 y=0 c0=t386 c1=t388
9052 core=0 delay t386 1 r=0 y=1 c0=IDLE1 c1=t388
9053 core=1 noop r=0 y=0 c0=IDLE1 c1=t388
9054 core=1 noop r=0 y=0 c0=IDLE1 c1=t388
9055 core=0 delete 5 t382 r=0 y=0 c0=IDLE1 c1=t388
9056 core=0 noop r=0 y=0 c0=IDLE1 c1=t388
9057 core=1 give_isr r=1 y=0 c0=IDLE1 c1=t388
9058 core=1 give r=0 y=0 c0=IDLE1 c1=t388
9059 core=1 give_isr r=0 y=0 c0=IDLE1 c1=t388
9060 core=0 noop r=0 y=0 c0=IDLE1 c1=t388
9061 core=0 noop r=0 y=0 c0=IDLE1 c1=t388
9062 core=1 noop r=0 y=0 c0=IDLE1 c1=t388
9063 core=1 noop r=0 y=0 c0=IDLE1 c1=t388
9064 core=0 tick r=1 y=1 c0=t386 c1=t388
9065 core=1 create 0 t390 p3 r=1 y=1 c0=t390 c1=t388
9066 core=0 give r=0 y=0 c0=t390 c1=t388
9067 core=1 delay t388 5 r=0 y=2 c0=t390 c1=t386
9068 core=0 tick r=0 y=0 c0=t390 c1=t386
9069 core=0 noop r=0 y=0 c0=t390 c1=t386
9070 core=1 takeb t386 4 r=1 y=0 c0=t390 c1=t386
9071 core=1 noop r=0 y=0 c0=t390 c1=t386
9072 core=1 delay t386 2 r=0 y=2 c0=t390 c1=IDLE0
9073 core=0 tick r=0 y=2 c0=t390 c1=IDLE1
9074 core=0 takeb t390 3 r=2 y=1 c0=IDLE0 c1=IDLE1
9075 core=1 noop r=0 y=0 c0=IDLE0 c1=IDLE1
9076 core=1 noop r=0 y=0 c0=IDLE0 c1=IDLE1
9077 core=0 give_isr r=1 y=2 c0=IDLE0 c1=t390
9078 core=0 noop r=0 y=0 c0=IDLE0 c1=t390
9079 core=0 create 4 t391 p3 r=1 y=1 c0=t391 c1=t390
9080 core=0 suspend t391 r=0 y=1 c0=IDLE1 c1=t390
9081 core=1 cont t390 r=1 y=0 c0=IDLE1 c1=t390
9082 core=0 noop r=0 y=0 c0=IDLE1 c1=t390
9083 core=1 give r=1 y=0 c0=IDLE1 c1=t390
9084 core=0 noop r=0 y=0 c0=IDLE1 c1=t390
9085 core=0 noop r=0 y=0 c0=IDLE1 c1=t390
9086 core=0 noop r=0 y=0 c0=IDLE1 c1=t390
9087 core=0 noop r=0 y=0 c0=IDLE1 c1=t390
9088 core=1 give r=0 y=0 c0=IDLE1 c1=t390
9089 core=0 create 3 t392 p1 r=1 y=1 c0=t392 c1=t390
9090 core=0 tick r=1 y=1 c0=t386 c1=t390
9091 core=0 noop r=0 y=0 c0=t386 c1=t390
9092 core=0 delete 3 t392 r=0 y=0 c0=t386 c1=t390
9093 core=0 tick r=0 y=0 c0=t386 c1=t390
9094 core=0 tick r=1 y=3 c0=t388 c1=t390
9095 core=0 noop r=0 y=0 c0=t388 c1=t390
9096 core=1 noop r=0 y=0 c0=t388 c1=t390
9097 core=1 delay t390 3 r=0 y=2 c0=t388 c1=t386
9098 core=0 give r=0 y=0 c0=t388 c1=t386
9099 core=1 give_isr r=0 y=0 c0=t388 c1=t386
9100 core=0 noop r=0 y=0 c0=t388 c1=t386
9101 core=0 delete 9 t385 r=0 y=0 c0=t388 c1=t386
9102 core=0 tick r=0 y=0 c0=t388 c1=t386
9103 core=1 suspend t391 r=0 y=0 c0=t388 c1=t386
9104 core=0 noop r=0 y=0 c0=t388 c1=t386
9105 core=1 resume t390 r=0 y=0 c0=t388 c1=t386
9106 core=0 noop r=0 y=0 c0=t388 c1=t386
9107 core=0 takeb t388 2 r=1 y=0 c0=t388 c1=t386
9108 core=0 noop r=0 y=0 c0=t388 c1=t386
9109 core=0 noop r=0 y=0 c0=t388 c1=t386
9110 core=0 give_isr r=1 y=0 c0=t388 c1=t386
9111 core=0 delay t388 5 r=0 y=1 c0=IDLE0 c1=t386
9112 core=1 noop r=0 y=0 c0=IDLE0 c1=t386
9113 core=0 give r=0 y=0 c0=IDLE0 c1=t386
9114 core=1 noop r=0 y=0 c0=IDLE0 c1=t386
9115 core=1 takeb t386 2 r=1 y=0 c0=IDLE0 c1=t386
9116 core=1 resume t386 r=0 y=0 c0=IDLE0 c1=t386
9117 core=0 noop r=0 y=0 c0=IDLE0 c1=t386
9118 core=0 noop r=0 y=0 c0=IDLE0 c1=t386
9119 core=1 delay t386 2 r=0 y=2 c0=IDLE0 c1=IDLE1
9120 core=1 noop r=0 y=0 c0=IDLE0 c1=IDLE1
9121 core=0 tick r=1 y=3 c0=IDLE0 c1=IDLE1
9122 core=0 noop r=0 y=0 c0=IDLE0 c1=IDLE1
9123 core=1 noop r=0 y=0 c0=IDLE0 c1=IDLE1
9124 core=1 noop r=0 y=0 c0=IDLE0 c1=IDLE1
9125 core=0 noop r=0 y=0 c0=IDLE0 c1=IDLE1
9126 core=1 suspend t386 r=0 y=0 c0=IDLE0 c1=IDLE1
9127 core=0 noop r=0 y=0 c0=IDLE0 c1=IDLE1
9128 core=1 resume t391 r=0 y=2 c0=IDLE0 c1=t391
9129 core=0 tick r=1 y=3 c0=t390 c1=t391
9130 core=0 noop r=0 y=0 c0=t390 c1=t391
9131 core=0 takeb t390 3 r=2 y=1 c0=IDLE1 c1=t391
9132 core=1 give r=1 y=1 c0=t390 c1=t391
9133 core=1 give_isr r=0 y=0 c0=t390 c1=t391
9134 core=1 create 5 t393 p2 r=1 y=0 c0=t390 c1=t391
9135 core=0 cont t390 r=1 y=0 c0=t390 c1=t391
9136 core=0 takeb t390 6 r=2 y=1 c0=t393 c1=t391
9137 core=1 suspend t390 r=0 y=0 c0=t393 c1=t391
9138 core=1 yield r=0 y=2 c0=t393 c1=t391
9139 core=1 noop r=0 y=0 c0=t393 c1=t391
9140 core=0 noop r=0 y=0 c0=t393 c1=t391
9141 core=1 noop r=0 y=0 c0=t393 c1=t391
9142 core=0 prio t388 0 r=0 y=0 c0=t393 c1=t391
9143 core=0 delay t393 5 r=0 y=1 c0=IDLE0 c1=t391
9144 core=0 tick r=1 y=1 c0=IDLE1 c1=t391
9145 core=1 noop r=0 y=0 c0=IDLE1 c1=t391
9146 core=1 noop r=0 y=0 c0=IDLE1 c1=t391
9147 core=0 give r=1 y=0 c0=IDLE1 c1=t391
9148 core=0 noop r=0 y=0 c0=IDLE1 c1=t391
9149 core=0 resume t386 r=0 y=1 c0=t386 c1=t391
9150 core=0 noop r=0 y=0 c0=t386 c1=t391
9151 core=1 noop r=0 y=0 c0=t386 c1=t391
9152 core=1 create 8 t394 p2 r=1 y=1 c0=t394 c1=t391
9153 core=0 resume t390 r=0 y=1 c0=t390 c1=t391
9154 core=0 cont t390 r=1 y=0 c0=t390 c1=t391
9155 core=0 delay t390 2 r=0 y=1 c0=t394 c1=t391
9156 core=1 noop r=0 y=0 c0=t394 c1=t391
9157 core=1 noop r=0 y=0 c0=t394 c1=t391
9158 core=0 tick r=0 y=0 c0=t394 c1=t391
9159 core=1 give r=1 y=0 c0=t394 c1=t391
9160 core=1 give_isr r=0 y=0 c0=t394 c1=t391
9161 core=1 noop r=0 y=0 c0=t394 c1=t391
9162 core=0 suspend t391 r=0 y=2 c0=t394 c1=t386
9163 core=1 suspend t390 r=0 y=0 c0=t394 c1=t386
9164 core=0 delete 1 t386 r=0 y=2 c0=t394 c1=IDLE0
9165 core=0 tick r=0 y=2 c0=t394 c1=IDLE1
9166 core=1 noop r=0 y=0 c0=t394 c1=IDLE1
9167 core=0 noop r=0 y=0 c0=t394 c1=IDLE1
9168 core=0 delay t394 1 r=0 y=1 c0=t388 c1=IDLE1
9169 core=0 give_isr r=0 y=0 c0=t388 c1=IDLE1
9170 core=0 tick r=1 y=3 c0=t394 c1=IDLE0
9171 core=0 delay t394 5 r=0 y=1 c0=t388 c1=IDLE0
9172 core=1 resume t390 r=0 y=2 c0=t388 c1=t390
9173 core=1 noop r=0 y=0 c0=t388 c1=t390
9174 core=1 give_isr r=0 y=0 c0=t388 c1=t390
9175 core=1 noop r=0 y=0 c0=t388 c1=t390
9176 core=0 takeb t388 2 r=1 y=0 c0=t388 c1=t390
9177 core=0 give r=1 y=0 c0=t388 c1=t390
9178 core=0 delete 6 t388 r=0 y=1 c0=IDLE1 c1=t390
9179 core=1 noop r=0 y=0 c0=IDLE1 c1=t390
9180 core=1 create 2 t395 p0 r=1 y=1 c0=IDLE0 c1=t390
9181 core=0 noop r=0 y=0 c0=IDLE0 c1=t390
9182 core=0 suspend t394 r=0 y=0 c0=IDLE0 c1=t390
9183 core=1 noop r=0 y=0 c0=IDLE0 c1=t390
9184 core=1 noop r=0 y=0 c0=IDLE0 c1=t390
9185 core=0 delete 2 t395 r=0 y=0 c0=IDLE0 c1=t390
9186 core=0 noop r=0 y=0 c0=IDLE0 c1=t390
9187 core=1 suspend t394 r=0 y=0 c0=IDLE0 c1=t390
9188 core=0 noop r=0 y=0 c0=IDLE0 c1=t390
9189 core=0 resume t393 r=0 y=0 c0=IDLE0 c1=t390
9190 core=0 noop r=0 y=0 c0=IDLE0 c1=t390
9191 core=1 resume t394 r=0 y=1 c0=t394 c1=t390
9192 core=0 noop r=0 y=0 c0=t394 c1=t390
9193 core=0 prio t394 0 r=0 y=1 c0=IDLE1 c1=t390
9194 core=1 give_isr r=0 y=0 c0=IDLE1 c1=t390
9195 core=1 give r=0 y=0 c0=IDLE1 c1=t390
9196 core=0 prio t394 2 r=0 y=1 c0=t394 c1=t390
9197 core=1 noop r=0 y=0 c0=t394 c1=t390
9198 core=1 noop r=0 y=0 c0=t394 c1=t390
9199 core=1 resume t391 r=0 y=1 c0=t391 c1=t390
9200 core=1 noop r=0 y=0 c0=t391 c1=t390
9201 core=0 give r=0 y=0 c0=t391 c1=t390
9202 core=0 noop r=0 y=0 c0=t391 c1=t390
9203 core=0 noop r=0 y=0 c0=t391 c1=t390
9204 core=1 take t390 r=1 y=0 c0=t391 c1=t390
9205 core=1 delay t390 3 r=0 y=2 c0=t391 c1=t394
9206 core=0 noop r=0 y=0 c0=t391 c1=t394
9207 core=0 noop r=0 y=0 c0=t391 c1=t394
9208 core=0 give r=1 y=0 c0=t391 c1=t394
9209 core=0 give r=0 y=0 c0=t391 c1=t394
9210 core=0 create 1 t396 p2 r=1 y=0 c0=t391 c1=t394
9211 core=0 give r=0 y=0 c0=t391 c1=t394
9212 core=1 yield r=0 y=2 c0=t391 c1=t396
9213 core=0 tick r=0 y=2 c0=t391 c1=t394
9214 core=0 give r=0 y=0 c0=t391 c1=t394
9215 core=1 suspend t390 r=0 y=0 c0=t391 c1=t394
9216 core=1 suspend t396 r=0 y=0 c0=t391 c1=t394
9217 core=0 delay t391 4 r=0 y=1 c0=t393 c1=t394
9218 core=0 delay t393 3 r=0 y=1 c0=IDLE0 c1=t394
9219 core=1 suspend t394 r=0 y=2 c0=IDLE0 c1=IDLE1
9220 core=1 resume t393 r=0 y=0 c0=IDLE0 c1=IDLE1
9221 core=1 prio t393 1 r=0 y=0 c0=IDLE0 c1=IDLE1
9222 core=1 noop r=0 y=0 c0=IDLE0 c1=IDLE1
9223 core=1 suspend t391 r=0 y=0 c0=IDLE0 c1=IDLE1
9224 core=1 prio t396 1 r=0 y=0 c0=IDLE0 c1=IDLE1
9225 core=1 noop r=0 y=0 c0=IDLE0 c1=IDLE1
9226 core=1 noop r=0 y=0 c0=IDLE0 c1=IDLE1
9227 core=0 noop r=0 y=0 c0=IDLE0 c1=IDLE1
9228 core=0 give_isr r=0 y=0 c0=IDLE0 c1=IDLE1
9229 core=0 tick r=1 y=3 c0=IDLE0 c1=IDLE1
9230 core=1 give_isr r=0 y=0 c0=IDLE0 c1=IDLE1
9231 core=0 suspend t396 r=0 y=0 c0=IDLE0 c1=IDLE1
9232 core=1 noop r=0 y=0 c0=IDLE0 c1=IDLE1
9233 core=0 noop r=0 y=0 c0=IDLE0 c1=IDLE1
9234 core=0 resume t394 r=0 y=2 c0=IDLE0 c1=t394
9235 core=0 suspend t390 r=0 y=0 c0=IDLE0 c1=t394
9236 core=0 noop r=0 y=0 c0=IDLE0 c1=t394
9237 core=0 tick r=1 y=1 c0=IDLE1 c1=t394
9238 core=0 noop r=0 y=0 c0=IDLE1 c1=t394
9239 core=1 give r=0 y=0 c0=IDLE1 c1=t394
9240 core=0 noop r=0 y=0 c0=IDLE1 c1=t394
9241 core=1 create 2 t397 p3 r=1 y=1 c0=t397 c1=t394
9242 core=1 yield r=0 y=2 c0=t397 c1=t394
9243 core=1 create 9 t398 p0 r=1 y=0 c0=t397 c1=t394
9244 core=1 give_isr r=0 y=0 c0=t397 c1=t394
9245 core=1 delay t394 1 r=0 y=2 c0=t397 c1=IDLE0
9246 core=1 noop r=0 y=0 c0=t397 c1=IDLE0
9247 core=1 noop r=0 y=0 c0=t397 c1=IDLE0
9248 core=0 noop r=0 y=0 c0=t397 c1=IDLE0
9249 core=0 tick r=0 y=2 c0=t397 c1=t394
9250 core=1 yield r=0 y=2 c0=t397 c1=t394
9251 core=1 noop r=0 y=0 c0=t397 c1=t394
9252 core=0 delay t397 1 r=0 y=1 c0=t393 c1=t394
9253 core=1 delay t394 4 r=0 y=2 c0=t393 c1=IDLE1
9254 core=1 noop r=0 y=0 c0=t393 c1=IDLE1
9255 core=0 give r=0 y=0 c0=t393 c1=IDLE1
9256 core=0 yield r=0 y=1 c0=t393 c1=IDLE1
9257 core=1 give_isr r=0 y=0 c0=t393 c1=IDLE1
9258 core=0 delete 9 t398 r=0 y=0 c0=t393 c1=IDLE1
9259 core=0 delay t393 1 r=0 y=1 c0=IDLE0 c1=IDLE1
9260 core=0 noop r=0 y=0 c0=IDLE0 c1=IDLE1
9261 core=0 give r=0 y=0 c0=IDLE0 c1=IDLE1
9262 core=0 suspend t397 r=0 y=0 c0=IDLE0 c1=IDLE1
9263 core=1 noop r=0 y=0 c0=IDLE0 c1=IDLE1
9264 core=0 resume t390 r=0 y=2 c0=IDLE0 c1=t390
9265 core=1 noop r=0 y=0 c0=IDLE0 c1=t390
9266 core=1 create 6 t399 p1 r=1 y=1 c0=t399 c1=t390
9267 core=0 create 9 t400 p2 r=1 y=1 c0=t400 c1=t390
9268 core=1 take t390 r=1 y=0 c0=t400 c1=t390
9269 core=1 resume t393 r=0 y=0 c0=t400 c1=t390
9270 core=0 prio t397 0 r=0 y=0 c0=t400 c1=t390
9271 core=1 delay t390 1 r=0 y=2 c0=t400 c1=t399
9272 core=0 takeb t400 4 r=2 y=1 c0=IDLE1 c1=t399
9273 core=1 take t399 r=0 y=0 c0=IDLE1 c1=t399
9274 core=0 noop r=0 y=0 c0=IDLE1 c1=t399
9275 core=0 prio t390 1 r=0 y=0 c0=IDLE1 c1=t399
9276 core=1 resume t396 r=0 y=1 c0=t396 c1=t399
9277 core=0 tick r=1 y=3 c0=t393 c1=t390
9278 core=0 prio t396 1 r=0 y=0 c0=t393 c1=t390
9279 core=0 tick r=1 y=3 c0=t396 c1=t399
9280 core=1 noop r=0 y=0 c0=t396 c1=t399
9281 core=1 noop r=0 y=0 c0=t396 c1=t399
9282 core=1 resume t393 r=0 y=0 c0=t396 c1=t399
9283 core=1 give_isr r=1 y=2 c0=t396 c1=t400
9284 core=0 give r=0 y=0 c0=t396 c1=t400
9285 core=0 noop r=0 y=0 c0=t396 c1=t400
9286 core=0 resume t396 r=0 y=0 c0=t396 c1=t400
9287 core=1 cont t400 r=1 y=0 c0=t396 c1=t400
9288 core=0 noop r=0 y=0 c0=t396 c1=t400
9289 core=1 delay t400 5 r=0 y=2 c0=t396 c1=t393
9290 core=1 noop r=0 y=0 c0=t396 c1=t393
9291 core=0 give_isr r=1 y=0 c0=t396 c1=t393
9292 core=1 prio t400 1 r=0 y=0 c0=t396 c1=t393
9293 core=1 suspend t393 r=0 y=2 c0=t396 c1=t390
9294 core=0 resume t397 r=0 y=0 c0=t396 c1=t390
9295 core=0 give_isr r=0 y=0 c0=t396 c1=t390
9296 core=1 give_isr r=0 y=0 c0=t396 c1=t390
9297 core=0 delay t396 2 r=0 y=1 c0=t399 c1=t390
9298 core=1 suspend t399 r=0 y=1 c0=IDLE0 c1=t390
9299 core=1 takeb t390 1 r=1 y=0 c0=IDLE0 c1=t390
9300 core=1 yield r=0 y=2 c0=IDLE0 c1=t390
9301 core=1 delete 1 t396 r=0 y=0 c0=IDLE0 c1=t390
9302 core=1 give r=1 y=0 c0=IDLE0 c1=t390
9303 core=1 noop r=0 y=0 c0=IDLE0 c1=t390
9304 core=0 noop r=0 y=0 c0=IDLE0 c1=t390
9305 core=1 prio t394 1 r=0 y=0 c0=IDLE0 c1=t390
9306 core=0 tick r=1 y=1 c0=IDLE1 c1=t390
9307 core=0 resume t400 r=0 y=0 c0=IDLE1 c1=t390
9308 core=1 noop r=0 y=0 c0=IDLE1 c1=t390
9309 core=0 tick r=1 y=3 c0=t394 c1=t390
9310 core=0 give_isr r=0 y=0 c0=t394 c1=t390
9311 core=0 resume t400 r=0 y=0 c0=t394 c1=t390
9312 core=0 give_isr r=0 y=0 c0=t394 c1=t390
9313 core=1 create 1 t401 p1 r=1 y=0 c0=t394 c1=t390
9314 core=1 suspend t390 r=0 y=2 c0=t394 c1=t401
9315 core=0 noop r=0 y=0 c0=t394 c1=t401
9316 core=0 create 7 t402 p0 r=1 y=0 c0=t394 c1=t401
9317 core=0 delay t394 4 r=0 y=1 c0=t397 c1=t401
9318 core=0 resume t397 r=0 y=0 c0=t397 c1=t401
9319 core=0 resume t391 r=0 y=1 c0=t391 c1=t401
9320 core=1 suspend t401 r=0 y=2 c0=t391 c1=IDLE0
9321 core=1 give_isr r=0 y=0 c0=t391 c1=IDLE0
9322 core=1 delete 9 t400 r=0 y=0 c0=t391 c1=IDLE0
9323 core=0 suspend t394 r=0 y=0 c0=t391 c1=IDLE0
9324 core=1 noop r=0 y=0 c0=t391 c1=IDLE0
9325 core=0 noop r=0 y=0 c0=t391 c1=IDLE0
9326 core=1 delete 6 t399 r=0 y=0 c0=t391 c1=IDLE0
9327 core=1 noop r=0 y=0 c0=t391 c1=IDLE0
9328 core=1 give_isr r=0 y=0 c0=t391 c1=IDLE0
9329 core=1 noop r=0 y=0 c0=t391 c1=IDLE0
9330 core=0 tick r=0 y=2 c0=t391 c1=IDLE1
9331 core=0 prio t390 3 r=0 y=0 c0=t391 c1=IDLE1
9332 core=1 resume t394 r=0 y=2 c0=t391 c1=t394
9333 core=0 give r=0 y=0 c0=t391 c1=t394
9334 core=1 noop r=0 y=0 c0=t391 c1=t394
9335 core=0 tick r=0 y=0 c0=t391 c1=t394
9336 core=0 give r=0 y=0 c0=t391 c1=t394
9337 core=0 give_isr r=0 y=0 c0=t391 c1=t394
9338 core=0 give_isr r=0 y=0 c0=t391 c1=t394
9339 core=1 give_isr r=0 y=0 c0=t391 c1=t394
9340 core=1 resume t397 r=0 y=0 c0=t391 c1=t394
9341 core=1 suspend t397 r=0 y=0 c0=t391 c1=t394
9342 core=0 give r=0 y=0 c0=t391 c1=t394
9343 core=1 prio t401 0 r=0 y=0 c0=t391 c1=t394
9344 core=0 tick r=0 y=0 c0=t391 c1=t394
9345 core=0 takeb t391 4 r=1 y=0 c0=t391 c1=t394
9346 core=1 prio t401 0 r=0 y=0 c0=t391 c1=t394
9347 core=0 tick r=0 y=0 c0=t391 c1=t394
9348 core=1 suspend t391 r=0 y=1 c0=t402 c1=t394
9349 core=0 yield r=0 y=1 c0=IDLE0 c1=t394
9350 core=0 tick r=1 y=1 c0=IDLE1 c1=t394
9351 core=0 prio t397 2 r=0 y=0 c0=IDLE1 c1=t394
9352 core=0 noop r=0 y=0 c0=IDLE1 c1=t394
9353 core=0 give_isr r=1 y=0 c0=IDLE1 c1=t394
9354 core=0 resume t394 r=0 y=0 c0=IDLE1 c1=t394
9355 core=0 prio t397 3 r=0 y=0 c0=IDLE1 c1=t394
9356 core=1 suspend t402 r=0 y=0 c0=IDLE1 c1=t394
9357 core=0 prio t401 2 r=0 y=0 c0=IDLE1 c1=t394
9358 core=0 yield r=0 y=1 c0=IDLE0 c1=t394
9359 core=1 delay t394 2 r=0 y=2 c0=IDLE0 c1=IDLE1
9360 core=0 tick r=1 y=3 c0=IDLE0 c1=IDLE1
9361 core=1 noop r=0 y=0 c0=IDLE0 c1=IDLE1
9362 core=0 give r=0 y=0 c0=IDLE0 c1=IDLE1
9363 core=0 delete 1 t401 r=0 y=0 c0=IDLE0 c1=IDLE1
9364 core=0 delete 2 t397 r=0 y=0 c0=IDLE0 c1=IDLE1
9365 core=1 prio t394 1 r=0 y=0 c0=IDLE0 c1=IDLE1
9366 core=0 give r=0 y=0 c0=IDLE0 c1=IDLE1
9367 core=1 noop r=0 y=0 c0=IDLE0 c1=IDLE1
9368 core=0 noop r=0 y=0 c0=IDLE0 c1=IDLE1
9369 core=1 noop r=0 y=0 c0=IDLE0 c1=IDLE1
9370 core=1 noop r=0 y=0 c0=IDLE0 c1=IDLE1
9371 core=1 yield r=0 y=2 c0=IDLE0 c1=IDLE1
9372 core=1 noop r=0 y=0 c0=IDLE0 c1=IDLE1
9373 core=0 noop r=0 y=0 c0=IDLE0 c1=IDLE1
9374 core=1 give r=0 y=0 c0=IDLE0 c1=IDLE1
9375 core=0 tick r=1 y=3 c0=t394 c1=IDLE0
9376 core=1 prio t402 2 r=0 y=0 c0=t394 c1=IDLE0
9377 core=1 give r=0 y=0 c0=t394 c1=IDLE0
9378 core=1 yield r=0 y=2 c0=t394 c1=IDLE1
9379 core=0 noop r=0 y=0 c0=t394 c1=IDLE1
9380 core=0 yield r=0 y=1 c0=t394 c1=IDLE1
9381 core=1 create 9 t403 p1 r=1 y=2 c0=t394 c1=t403
9382 core=0 noop r=0 y=0 c0=t394 c1=t403
9383 core=0 noop r=0 y=0 c0=t394 c1=t403
9384 core=0 suspend t402 r=0 y=0 c0=t394 c1=t403
9385 core=0 noop r=0 y=0 c0=t394 c1=t403
9386 core=0 suspend t393 r=0 y=0 c0=t394 c1=t403
9387 core=1 yield r=0 y=2 c0=t394 c1=t403
9388 core=0 suspend t393 r=0 y=0 c0=t394 c1=t403
9389 core=1 yield r=0 y=2 c0=t394 c1=t403
9390 core=0 noop r=0 y=0 c0=t394 c1=t403
9391 core=0 yield r=0 y=1 c0=t394 c1=t403
9392 core=0 tick r=1 y=3 c0=t394 c1=t403
9393 core=1 delay t403 2 r=0 y=2 c0=t394 c1=IDLE0
9394 core=0 noop r=0 y=0 c0=t394 c1=IDLE0
9395 core=1 noop r=0 y=0 c0=t394 c1=IDLE0
9396 core=1 noop r=0 y=0 c0=t394 c1=IDLE0
9397 core=1 noop r=0 y=0 c0=t394 c1=IDLE0
9398 core=0 delay t394 2 r=0 y=1 c0=IDLE1 c1=IDLE0
9399 core=0 tick r=1 y=3 c0=IDLE1 c1=IDLE0
9400 core=0 prio t394 0 r=0 y=0 c0=IDLE1 c1=IDLE0
9401 core=1 prio t390 2 r=0 y=0 c0=IDLE1 c1=IDLE0
9402 core=0 prio t391 1 r=0 y=0 c0=IDLE1 c1=IDLE0
9403 core=0 noop r=0 y=0 c0=IDLE1 c1=IDLE0
9404 core=1 noop r=0 y=0 c0=IDLE1 c1=IDLE0
9405 core=0 tick r=1 y=3 c0=t403 c1=t394
9406 core=1 prio t403 3 r=0 y=0 c0=t403 c1=t394
9407 core=1 noop r=0 y=0 c0=t403 c1=t394
9408 core=1 delay t394 3 r=0 y=2 c0=t403 c1=IDLE1
9409 core=1 noop r=0 y=0 c0=t403 c1=IDLE1
9410 core=1 noop r=0 y=0 c0=t403 c1=IDLE1
9411 core=1 noop r=0 y=0 c0=t403 c1=IDLE1
9412 core=0 take t403 r=1 y=0 c0=t403 c1=IDLE1
9413 core=1 noop r=0 y=0 c0=t403 c1=IDLE1
9414 core=1 noop r=0 y=0 c0=t403 c1=IDLE1
9415 core=1 resume t402 r=0 y=2 c0=t403 c1=t402
9416 core=0 delete 4 t391 r=0 y=0 c0=t403 c1=t402
9417 core=1 noop r=0 y=0 c0=t403 c1=t402
9418 core=1 resume t403 r=0 y=0 c0=t403 c1=t402
9419 core=1 take t402 r=0 y=0 c0=t403 c1=t402
9420 core=0 give_isr r=1 y=0 c0=t403 c1=t402
9421 core=0 suspend t402 r=0 y=2 c0=t403 c1=IDLE0
9422 core=0 give_isr r=0 y=0 c0=t403 c1=IDLE0
9423 core=1 noop r=0 y=0 c0=t403 c1=IDLE0
9424 core=0 give_isr r=0 y=0 c0=t403 c1=IDLE0
9425 core=1 noop r=0 y=0 c0=t403 c1=IDLE0
9426 core=0 tick r=0 y=2 c0=t403 c1=IDLE1
9427 core=0 suspend t393 r=0 y=0 c0=t403 c1=IDLE1
9428 core=0 tick r=0 y=2 c0=t403 c1=IDLE0
9429 core=1 resume t403 r=0 y=0 c0=t403 c1=IDLE0
9430 core=1 noop r=0 y=0 c0=t403 c1=IDLE0
9431 core=1 noop r=0 y=0 c0=t403 c1=IDLE0
9432 core=1 noop r=0 y=0 c0=t403 c1=IDLE0
9433 core=0 tick r=0 y=2 c0=t403 c1=IDLE1
9434 core=1 suspend t403 r=0 y=1 c0=t394 c1=IDLE1
9435 core=0 delay t394 5 r=0 y=1 c0=IDLE0 c1=IDLE1
9436 core=1 prio t393 2 r=0 y=0 c0=IDLE0 c1=IDLE1
9437 core=0 noop r=0 y=0 c0=IDLE0 c1=IDLE1
9438 core=0 tick r=1 y=3 c0=IDLE0 c1=IDLE1
9439 core=1 yield r=0 y=2 c0=IDLE0 c1=IDLE1
9440 core=0 noop r=0 y=0 c0=IDLE0 c1=IDLE1
9441 core=0 give r=0 y=0 c0=IDLE0 c1=IDLE1
9442 core=0 noop r=0 y=0 c0=IDLE0 c1=IDLE1
9443 core=0 tick r=1 y=3 c0=IDLE0 c1=IDLE1
9444 core=1 noop r=0 y=0 c0=IDLE0 c1=IDLE1
9445 core=0 tick r=1 y=3 c0=IDLE0 c1=IDLE1
9446 core=0 noop r=0 y=0 c0=IDLE0 c1=IDLE1
9447 core=0 noop r=0 y=0 c0=IDLE0 c1=IDLE1
9448 core=1 noop r=0 y=0 c0=IDLE0 c1=IDLE1
9449 core=0 give r=0 y=0 c0=IDLE0 c1=IDLE1
9450 core=0 give r=0 y=0 c0=IDLE0 c1=IDLE1
9451 core=1 noop r=0 y=0 c0=IDLE0 c1=IDLE1
9452 core=1 give_isr r=0 y=0 c0=IDLE0 c1=IDLE1
9453 core=1 noop r=0 y=0 c0=IDLE0 c1=IDLE1
9454 core=0 give_isr r=0 y=0 c0=IDLE0 c1=IDLE1
9455 core=1 give_isr r=0 y=0 c0=IDLE0 c1=IDLE1
9456 core=0 create 6 t404 p2 r=1 y=2 c0=IDLE0 c1=t404
9457 core=0 tick r=1 y=1 c0=IDLE1 c1=t404
9458 core=1 suspend t403 r=0 y=0 c0=IDLE1 c1=t404
9459 core=1 give r=0 y=0 c0=IDLE1 c1=t404
9460 core=1 noop r=0 y=0 c0=IDLE1 c1=t404
9461 core=0 noop r=0 y=0 c0=IDLE1 c1=t404
9462 core=0 noop r=0 y=0 c0=IDLE1 c1=t404
9463 core=0 noop r=0 y=0 c0=IDLE1 c1=t404
9464 core=0 noop r=0 y=0 c0=IDLE1 c1=t404
9465 core=1 noop r=0 y=0 c0=IDLE1 c1=t404
9466 core=0 tick r=1 y=1 c0=IDLE0 c1=t404
9467 core=0 create 3 t405 p2 r=1 y=1 c0=t405 c1=t404
9468 core=0 prio t393 0 r=0 y=0 c0=t405 c1=t404
9469 core=1 noop r=0 y=0 c0=t405 c1=t404
9470 core=0 give r=0 y=0 c0=t405 c1=t404
9471 core=0 suspend t405 r=0 y=1 c0=t394 c1=t404
9472 core=0 noop r=0 y=0 c0=t394 c1=t404
9473 core=0 delay t394 3 r=0 y=1 c0=IDLE1 c1=t404
9474 core=0 give r=0 y=0 c0=IDLE1 c1=t404
9475 core=0 yield r=0 y=1 c0=IDLE0 c1=t404
9476 core=0 tick r=1 y=1 c0=IDLE1 c1=t404
9477 core=0 tick r=1 y=1 c0=IDLE0 c1=t404
9478 core=1 delay t404 4 r=0 y=2 c0=IDLE0 c1=IDLE1
9479 core=1 noop r=0 y=0 c0=IDLE0 c1=IDLE1
9480 core=0 tick r=1 y=3 c0=t394 c1=IDLE0
9481 core=0 give r=0 y=0 c0=t394 c1=IDLE0
9482 core=1 give r=0 y=0 c0=t394 c1=IDLE0
9483 core=1 noop r=0 y=0 c0=t394 c1=IDLE0
9484 core=0 prio t394 0 r=0 y=0 c0=t394 c1=IDLE0
9485 core=0 noop r=0 y=0 c0=t394 c1=IDLE0
9486 core=0 noop r=0 y=0 c0=t394 c1=IDLE0
9487 core=1 give_isr r=0 y=0 c0=t394 c1=IDLE0
9488 core=1 give r=0 y=0 c0=t394 c1=IDLE0
9489 core=0 suspend t404 r=0 y=0 c0=t394 c1=IDLE0
9490 core=1 suspend t402 r=0 y=0 c0=t394 c1=IDLE0
9491 core=0 suspend t394 r=0 y=1 c0=IDLE1 c1=IDLE0
9492 core=0 tick r=1 y=3 c0=IDLE1 c1=IDLE0
9493 core=0 tick r=1 y=3 c0=IDLE1 c1=IDLE0
9494 core=1 noop r=0 y=0 c0=IDLE1 c1=IDLE0
9495 core=1 noop r=0 y=0 c0=IDLE1 c1=IDLE0
9496 core=0 tick r=1 y=3 c0=IDLE1 c1=IDLE0
9497 core=0 give r=0 y=0 c0=IDLE1 c1=IDLE0
9498 core=1 give r=0 y=0 c0=IDLE1 c1=IDLE0
9499 core=0 give r=0 y=0 c0=IDLE1 c1=IDLE0
9500 core=1 noop r=0 y=0 c0=IDLE1 c1=IDLE0
9501 core=0 give_isr r=0 y=0 c0=IDLE1 c1=IDLE0
9502 core=1 prio t393 2 r=0 y=0 c0=IDLE1 c1=IDLE0
9503 core=1 noop r=0 y=0 c0=IDLE1 c1=IDLE0
9504 core=1 noop r=0 y=0 c0=IDLE1 c1=IDLE0
9505 core=0 noop r=0 y=0 c0=IDLE1 c1=IDLE0
9506 core=0 noop r=0 y=0 c0=IDLE1 c1=IDLE0
9507 core=0 tick r=1 y=3 c0=IDLE1 c1=IDLE0
9508 core=1 noop r=0 y=0 c0=IDLE1 c1=IDLE0
9509 core=0 tick r=1 y=3 c0=IDLE1 c1=IDLE0
9510 core=0 give_isr r=0 y=0 c0=IDLE1 c1=IDLE0
9511 core=1 suspend t390 r=0 y=0 c0=IDLE1 c1=IDLE0
9512 core=0 give r=0 y=0 c0=IDLE1 c1=IDLE0
9513 core=0 noop r=0 y=0 c0=IDLE1 c1=IDLE0
9514 core=1 noop r=0 y=0 c0=IDLE1 c1=IDLE0
9515 core=0 noop r=0 y=0 c0=IDLE1 c1=IDLE0
9516 core=1 give r=0 y=0 c0=IDLE1 c1=IDLE0
9517 core=1 noop r=0 y=0 c0=IDLE1 c1=IDLE0
9518 core=0 tick r=1 y=3 c0=IDLE1 c1=IDLE0
9519 core=1 noop r=0 y=0 c0=IDLE1 c1=IDLE0
9520 core=1 give_isr r=0 y=0 c0=IDLE1 c1=IDLE0
9521 core=1 noop r=0 y=0 c0=IDLE1 c1=IDLE0
9522 core=0 suspend t403 r=0 y=0 c0=IDLE1 c1=IDLE0
9523 core=0 noop r=0 y=0 c0=IDLE1 c1=IDLE0
9524 core=0 delete 7 t402 r=0 y=0 c0=IDLE1 c1=IDLE0
9525 core=1 give_isr r=0 y=0 c0=IDLE1 c1=IDLE0
9526 core=1 noop r=0 y=0 c0=IDLE1 c1=IDLE0
9527 core=1 noop r=0 y=0 c0=IDLE1 c1=IDLE0
9528 core=1 noop r=0 y=0 c0=IDLE1 c1=IDLE0
9529 core=0 noop r=0 y=0 c0=IDLE1 c1=IDLE0
9530 core=1 noop r=0 y=0 c0=IDLE1 c1=IDLE0
9531 core=1 give_isr r=0 y=0 c0=IDLE1 c1=IDLE0
9532 core=0 noop r=0 y=0 c0=IDLE1 c1=IDLE0
9533 core=0 noop r=0 y=0 c0=IDLE1 c1=IDLE0
9534 core=0 noop r=0 y=0 c0=IDLE1 c1=IDLE0
9535 core=0 create 1 t406 p0 r=1 y=2 c0=IDLE1 c1=t406
9536 core=1 prio t394 0 r=0 y=0 c0=IDLE1 c1=t406
9537 core=0 suspend t394 r=0 y=0 c0=IDLE1 c1=t406
9538 core=1 resume t403 r=0 y=1 c0=t403 c1=t406
9539 core=1 noop r=0 y=0 c0=t403 c1=t406
9540 core=1 give r=0 y=0 c0=t403 c1=t406
9541 core=0 noop r=0 y=0 c0=t403 c1=t406
9542 core=0 tick r=0 y=2 c0=t403 c1=IDLE0
9543 core=0 give_isr r=0 y=0 c0=t403 c1=IDLE0
9544 core=0 noop r=0 y=0 c0=t403 c1=IDLE0
9545 core=1 give r=0 y=0 c0=t403 c1=IDLE0
9546 core=0 noop r=0 y=0 c0=t403 c1=IDLE0
9547 core=1 resume t406 r=0 y=0 c0=t403 c1=IDLE0
9548 core=0 tick r=0 y=2 c0=t403 c1=IDLE1
9549 core=1 noop r=0 y=0 c0=t403 c1=IDLE1
9550 core=1 noop r=0 y=0 c0=t403 c1=IDLE1
9551 core=1 delete 3 t405 r=0 y=0 c0=t403 c1=IDLE1
9552 core=1 give r=0 y=0 c0=t403 c1=IDLE1
9553 core=0 prio t394 2 r=0 y=0 c0=t403 c1=IDLE1
9554 core=0 delay t403 2 r=0 y=1 c0=t406 c1=IDLE1
9555 core=1 noop r=0 y=0 c0=t406 c1=IDLE1
9556 core=1 suspend t390 r=0 y=0 c0=t406 c1=IDLE1
9557 core=0 suspend t394 r=0 y=0 c0=t406 c1=IDLE1
9558 core=0 noop r=0 y=0 c0=t406 c1=IDLE1
9559 core=0 noop r=0 y=0 c0=t406 c1=IDLE1
9560 core=0 tick r=1 y=3 c0=IDLE0 c1=t406
9561 core=1 delay t406 2 r=0 y=2 c0=IDLE0 c1=IDLE1
9562 core=1 noop r=0 y=0 c0=IDLE0 c1=IDLE1
9563 core=0 give r=0 y=0 c0=IDLE0 c1=IDLE1
9564 core=0 noop r=0 y=0 c0=IDLE0 c1=IDLE1
9565 core=1 suspend t393 r=0 y=0 c0=IDLE0 c1=IDLE1
9566 core=0 noop r=0 y=0 c0=IDLE0 c1=IDLE1
9567 core=1 prio t394 2 r=0 y=0 c0=IDLE0 c1=IDLE1
9568 core=1 noop r=0 y=0 c0=IDLE0 c1=IDLE1
9569 core=0 prio t390 3 r=0 y=0 c0=IDLE0 c1=IDLE1
9570 core=1 create 4 t407 p2 r=1 y=2 c0=IDLE0 c1=t407
9571 core=0 noop r=0 y=0 c0=IDLE0 c1=t407
9572 core=0 give r=0 y=0 c0=IDLE0 c1=t407
9573 core=0 noop r=0 y=0 c0=IDLE0 c1=t407
9574 core=0 noop r=0 y=0 c0=IDLE0 c1=t407
9575 core=0 tick r=1 y=1 c0=t403 c1=t407
9576 core=0 tick r=0 y=0 c0=t403 c1=t407
9577 core=0 delete 9 t403 r=0 y=1 c0=IDLE1 c1=t407
9578 core=1 noop r=0 y=0 c0=IDLE1 c1=t407
9579 core=1 noop r=0 y=0 c0=IDLE1 c1=t407
9580 core=1 create 3 t408 p0 r=1 y=1 c0=IDLE0 c1=t407
9581 core=1 resume t407 r=0 y=0 c0=IDLE0 c1=t407
9582 core=0 resume t407 r=0 y=0 c0=IDLE0 c1=t407
9583 core=0 suspend t394 r=0 y=0 c0=IDLE0 c1=t407
9584 core=0 yield r=0 y=1 c0=t406 c1=t407
9585 core=0 yield r=0 y=1 c0=t408 c1=t407
9586 core=1 prio t394 0 r=0 y=0 c0=t408 c1=t407
9587 core=1 give r=0 y=0 c0=t408 c1=t407
9588 core=0 yield r=0 y=1 c0=IDLE1 c1=t407
9589 core=0 tick r=1 y=1 c0=IDLE0 c1=t407
9590 core=1 suspend t408 r=0 y=0 c0=IDLE0 c1=t407
9591 core=1 give_isr r=0 y=0 c0=IDLE0 c1=t407
9592 core=0 prio t407 1 r=0 y=2 c0=IDLE0 c1=t407
9593 core=1 noop r=0 y=0 c0=IDLE0 c1=t407
9594 core=1 suspend t407 r=0 y=2 c0=IDLE0 c1=t406
9595 core=1 take t406 r=1 y=0 c0=IDLE0 c1=t406
9596 core=0 noop r=0 y=0 c0=IDLE0 c1=t406
9597 core=0 give r=1 y=0 c0=IDLE0 c1=t406
9598 core=0 prio t406 1 r=0 y=0 c0=IDLE0 c1=t406
9599 core=0 noop r=0 y=0 c0=IDLE0 c1=t406
9600 core=0 delete 5 t393 r=0 y=0 c0=IDLE0 c1=t406
9601 core=1 suspend t407 r=0 y=0 c0=IDLE0 c1=t406
9602 core=0 resume t390 r=0 y=1 c0=t390 c1=t406
9603 core=1 delay t406 3 r=0 y=2 c0=t390 c1=IDLE1
9604 core=0 give_isr r=0 y=0 c0=t390 c1=IDLE1
9605 core=0 create 2 t409 p2 r=1 y=2 c0=t390 c1=t409
9606 core=0 resume t390 r=0 y=0 c0=t390 c1=t409
9607 core=0 takeb t390 3 r=1 y=0 c0=t390 c1=t409
9608 core=1 create 7 t410 p0 r=1 y=0 c0=t390 c1=t409
9609 core=0 takeb t390 4 r=2 y=1 c0=IDLE0 c1=t409
9610 core=0 yield r=0 y=1 c0=IDLE1 c1=t409
9611 core=0 tick r=1 y=1 c0=t410 c1=t409
9612 core=0 tick r=1 y=1 c0=IDLE0 c1=t409
9613 core=1 noop r=0 y=0 c0=IDLE0 c1=t409
9614 core=1 give r=1 y=1 c0=t390 c1=t409
9615 core=1 give r=0 y=0 c0=t390 c1=t409
9616 core=0 cont t390 r=1 y=0 c0=t390 c1=t409
9617 core=1 prio t407 1 r=0 y=0 c0=t390 c1=t409
9618 core=0 tick r=0 y=0 c0=t390 c1=t409
9619 core=0 noop r=0 y=0 c0=t390 c1=t409
9620 core=1 delay t409 2 r=0 y=2 c0=t390 c1=t406
9621 core=0 noop r=0 y=0 c0=t390 c1=t406
9622 core=1 give r=1 y=0 c0=t390 c1=t406
9623 core=1 delay t406 5 r=0 y=2 c0=t390 c1=IDLE1
9624 core=1 resume t410 r=0 y=0 c0=t390 c1=IDLE1
9625 core=1 noop r=0 y=0 c0=t390 c1=IDLE1
9626 core=1 noop r=0 y=0 c0=t390 c1=IDLE1
9627 core=1 give_isr r=0 y=0 c0=t390 c1=IDLE1
9628 core=1 suspend t408 r=0 y=0 c0=t390 c1=IDLE1
9629 core=1 prio t404 3 r=0 y=0 c0=t390 c1=IDLE1
9630 core=1 noop r=0 y=0 c0=t390 c1=IDLE1
9631 core=1 noop r=0 y=0 c0=t390 c1=IDLE1
9632 core=0 resume t408 r=0 y=2 c0=t390 c1=t410
9633 core=0 noop r=0 y=0 c0=t390 c1=t410
9634 core=0 resume t394 r=0 y=0 c0=t390 c1=t410
9635 core=0 delete 7 t410 r=0 y=2 c0=t390 c1=IDLE0
9636 core=1 prio t394 3 r=0 y=2 c0=t390 c1=t394
9637 core=0 resume t394 r=0 y=0 c0=t390 c1=t394
9638 core=1 give r=0 y=0 c0=t390 c1=t394
9639 core=1 yield r=0 y=2 c0=t390 c1=t394
9640 core=0 prio t404 3 r=0 y=0 c0=t390 c1=t394
9641 core=0 give r=0 y=0 c0=t390 c1=t394
9642 core=1 give_isr r=0 y=0 c0=t390 c1=t394
9643 core=1 resume t404 r=0 y=0 c0=t390 c1=t394
9644 core=1 delay t394 3 r=0 y=2 c0=t390 c1=t404
9645 core=0 give r=0 y=0 c0=t390 c1=t404
9646 core=0 noop r=0 y=0 c0=t390 c1=t404
9647 core=1 delete 0 t390 r=0 y=1 c0=t408 c1=t404
9648 core=1 resume t408 r=0 y=0 c0=t408 c1=t404
9649 core=0 give_isr r=0 y=0 c0=t408 c1=t404
9650 core=1 noop r=0 y=0 c0=t408 c1=t404
9651 core=1 give r=0 y=0 c0=t408 c1=t404
9652 core=1 delay t404 5 r=0 y=2 c0=t408 c1=IDLE1
9653 core=0 tick r=1 y=3 c0=IDLE0 c1=t408
9654 core=1 noop r=0 y=0 c0=IDLE0 c1=t408
9655 core=0 give r=0 y=0 c0=IDLE0 c1=t408
9656 core=1 yield r=0 y=2 c0=IDLE0 c1=IDLE1
9657 core=0 noop r=0 y=0 c0=IDLE0 c1=IDLE1
9658 core=0 noop r=0 y=0 c0=IDLE0 c1=IDLE1
9659 core=0 noop r=0 y=0 c0=IDLE0 c1=IDLE1
9660 core=1 yield r=0 y=2 c0=IDLE0 c1=t408
9661 core=0 tick r=1 y=3 c0=t409 c1=IDLE1
9662 core=0 tick r=0 y=2 c0=t409 c1=t394
9663 core=1 resume t404 r=0 y=0 c0=t409 c1=t394
9664 core=1 noop r=0 y=0 c0=t409 c1=t394
9665 core=0 noop r=0 y=0 c0=t409 c1=t394
9666 core=1 noop r=0 y=0 c0=t409 c1=t394
9667 core=1 give_isr r=0 y=0 c0=t409 c1=t394
9668 core=0 noop r=0 y=0 c0=t409 c1=t394
9669 core=1 noop r=0 y=0 c0=t409 c1=t394
9670 core=1 delete 8 t394 r=0 y=2 c0=t409 c1=IDLE0
9671 core=1 noop r=0 y=0 c0=t409 c1=IDLE0
9672 core=1 create 5 t411 p0 r=1 y=2 c0=t409 c1=t408
9673 core=1 noop r=0 y=0 c0=t409 c1=t408
9674 core=1 takeb t408 2 r=1 y=0 c0=t409 c1=t408
9675 core=0 noop r=0 y=0 c0=t409 c1=t408
9676 core=1 create 8 t412 p0 r=1 y=0 c0=t409 c1=t408
9677 core=0 delay t409 1 r=0 y=1 c0=IDLE1 c1=t408
9678 core=1 noop r=0 y=0 c0=IDLE1 c1=t408
9679 core=0 resume t406 r=0 y=0 c0=IDLE1 c1=t408
9680 core=0 noop r=0 y=0 c0=IDLE1 c1=t408
9681 core=0 noop r=0 y=0 c0=IDLE1 c1=t408
9682 core=1 delete 8 t412 r=0 y=0 c0=IDLE1 c1=t408
9683 core=1 create 7 t413 p1 r=1 y=1 c0=t413 c1=t408
9684 core=0 tick r=0 y=2 c0=t413 c1=t409
9685 core=0 give r=1 y=0 c0=t413 c1=t409
9686 core=0 resume t411 r=0 y=0 c0=t413 c1=t409
9687 core=0 noop r=0 y=0 c0=t413 c1=t409
9688 core=0 takeb t413 3 r=1 y=0 c0=t413 c1=t409
9689 core=1 delay t409 5 r=0 y=2 c0=t413 c1=t411
9690 core=0 give r=1 y=0 c0=t413 c1=t411
9691 core=0 give r=0 y=0 c0=t413 c1=t411
9692 core=1 takeb t411 6 r=1 y=0 c0=t413 c1=t411
9693 core=0 delay t413 5 r=0 y=1 c0=IDLE0 c1=t411
9694 core=0 give_isr r=1 y=0 c0=IDLE0 c1=t411
9695 core=1 delay t411 5 r=0 y=2 c0=IDLE0 c1=IDLE1
9696 core=1 give r=0 y=0 c0=IDLE0 c1=IDLE1
9697 core=1 give_isr r=0 y=0 c0=IDLE0 c1=IDLE1
9698 core=0 noop r=0 y=0 c0=IDLE0 c1=IDLE1
9699 core=1 prio t404 2 r=0 y=0 c0=IDLE0 c1=IDLE1
9700 core=0 prio t413 0 r=0 y=0 c0=IDLE0 c1=IDLE1
9701 core=1 noop r=0 y=0 c0=IDLE0 c1=IDLE1
9702 core=0 noop r=0 y=0 c0=IDLE0 c1=IDLE1
9703 core=1 noop r=0 y=0 c0=IDLE0 c1=IDLE1
9704 core=0 resume t413 r=0 y=0 c0=IDLE0 c1=IDLE1
9705 core=1 noop r=0 y=0 c0=IDLE0 c1=IDLE1
9706 core=0 tick r=1 y=3 c0=t404 c1=t406
9707 core=1 delay t406 2 r=0 y=2 c0=t404 c1=t408
9708 core=1 noop r=0 y=0 c0=t404 c1=t408
9709 core=1 yield r=0 y=2 c0=t404 c1=IDLE0
9710 core=1 give_isr r=0 y=0 c0=t404 c1=IDLE0
9711 core=1 give_isr r=0 y=0 c0=t404 c1=IDLE0
9712 core=1 noop r=0 y=0 c0=t404 c1=IDLE0
9713 core=0 noop r=0 y=0 c0=t404 c1=IDLE0
9714 core=0 tick r=0 y=2 c0=t404 c1=IDLE1
9715 core=0 yield r=0 y=1 c0=t404 c1=IDLE1
9716 core=1 noop r=0 y=0 c0=t404 c1=IDLE1
9717 core=0 noop r=0 y=0 c0=t404 c1=IDLE1
9718 core=0 tick r=0 y=2 c0=t404 c1=t406
9719 core=0 noop r=0 y=0 c0=t404 c1=t406
9720 core=1 give r=0 y=0 c0=t404 c1=t406
9721 core=0 tick r=0 y=0 c0=t404 c1=t406
9722 core=0 resume t408 r=0 y=0 c0=t404 c1=t406
9723 core=0 tick r=1 y=3 c0=t409 c1=t404
9724 core=0 delay t409 5 r=0 y=1 c0=t406 c1=t404
9725 core=0 give_isr r=0 y=0 c0=t406 c1=t404
9726 core=1 noop r=0 y=0 c0=t406 c1=t404
9727 core=0 noop r=0 y=0 c0=t406 c1=t404
9728 core=1 noop r=0 y=0 c0=t406 c1=t404
9729 core=1 create 0 t414 p0 r=1 y=0 c0=t406 c1=t404
9730 core=0 noop r=0 y=0 c0=t406 c1=t404
9731 core=0 delay t406 2 r=0 y=1 c0=t408 c1=t404
9732 core=0 give r=0 y=0 c0=t408 c1=t404
9733 core=0 tick r=1 y=1 c0=IDLE0 c1=t404
9734 core=0 resume t413 r=0 y=0 c0=IDLE0 c1=t404
9735 core=1 prio t413 1 r=0 y=1 c0=t413 c1=t404
9736 core=0 tick r=1 y=1 c0=t406 c1=t404
9737 core=0 yield r=0 y=1 c0=t413 c1=t404
9738 core=0 noop r=0 y=0 c0=t413 c1=t404
9739 core=0 give r=0 y=0 c0=t413 c1=t404
9740 core=0 give_isr r=0 y=0 c0=t413 c1=t404
9741 core=1 give r=0 y=0 c0=t413 c1=t404
9742 core=0 give_isr r=0 y=0 c0=t413 c1=t404
9743 core=1 noop r=0 y=0 c0=t413 c1=t404
9744 core=0 yield r=0 y=1 c0=t406 c1=t404
9745 core=1 resume t413 r=0 y=0 c0=t406 c1=t404
9746 core=0 prio t408 3 r=0 y=1 c0=t408 c1=t404
9747 core=0 prio t411 3 r=0 y=2 c0=t408 c1=t411
9748 core=0 give_isr r=0 y=0 c0=t408 c1=t411
9749 core=0 resume t413 r=0 y=0 c0=t408 c1=t411
9750 core=0 takeb t408 1 r=1 y=0 c0=t408 c1=t411
9751 core=1 give_isr r=1 y=0 c0=t408 c1=t411
9752 core=1 suspend t406 r=0 y=0 c0=t408 c1=t411
9753 core=0 prio t408 3 r=0 y=0 c0=t408 c1=t411
9754 core=1 yield r=0 y=2 c0=t408 c1=t411
9755 core=1 noop r=0 y=0 c0=t408 c1=t411
9756 core=1 delete 2 t409 r=0 y=0 c0=t408 c1=t411
9757 core=0 delay t408 3 r=0 y=1 c0=t404 c1=t411
9758 core=1 noop r=0 y=0 c0=t404 c1=t411
9759 core=0 give_isr r=0 y=0 c0=t404 c1=t411
9760 core=1 suspend t413 r=0 y=0 c0=t404 c1=t411
9761 core=1 noop r=0 y=0 c0=t404 c1=t411
9762 core=0 yield r=0 y=1 c0=t404 c1=t411
9763 core=1 takeb t411 5 r=1 y=0 c0=t404 c1=t411
9764 core=1 give_isr r=1 y=0 c0=t404 c1=t411
9765 core=1 give_isr r=0 y=0 c0=t404 c1=t411
9766 core=1 suspend t407 r=0 y=0 c0=t404 c1=t411
9767 core=0 noop r=0 y=0 c0=t404 c1=t411
9768 core=1 suspend t406 r=0 y=0 c0=t404 c1=t411
9769 core=1 yield r=0 y=2 c0=t404 c1=t411
9770 core=0 delay t404 2 r=0 y=1 c0=IDLE1 c1=t411
9771 core=0 tick r=1 y=1 c0=t414 c1=t411
9772 core=1 takeb t411 5 r=1 y=0 c0=t414 c1=t411
9773 core=0 delete 5 t411 r=0 y=2 c0=t414 c1=IDLE0
9774 core=1 give r=1 y=0 c0=t414 c1=IDLE0
9775 core=1 give r=0 y=0 c0=t414 c1=IDLE0
9776 core=1 give_isr r=0 y=0 c0=t414 c1=IDLE0
9777 core=0 delay t414 2 r=0 y=1 c0=IDLE1 c1=IDLE0
9778 core=0 give_isr r=0 y=0 c0=IDLE1 c1=IDLE0
9779 core=0 suspend t413 r=0 y=0 c0=IDLE1 c1=IDLE0
9780 core=0 noop r=0 y=0 c0=IDLE1 c1=IDLE0
9781 core=1 noop r=0 y=0 c0=IDLE1 c1=IDLE0
9782 core=0 noop r=0 y=0 c0=IDLE1 c1=IDLE0
9783 core=0 prio t407 3 r=0 y=0 c0=IDLE1 c1=IDLE0
9784 core=1 resume t414 r=0 y=0 c0=IDLE1 c1=IDLE0
9785 core=0 give r=0 y=0 c0=IDLE1 c1=IDLE0
9786 core=1 resume t414 r=0 y=0 c0=IDLE1 c1=IDLE0
9787 core=0 noop r=0 y=0 c0=IDLE1 c1=IDLE0
9788 core=0 noop r=0 y=0 c0=IDLE1 c1=IDLE0
9789 core=1 delete 3 t408 r=0 y=0 c0=IDLE1 c1=IDLE0
9790 core=1 suspend t414 r=0 y=0 c0=IDLE1 c1=IDLE0
9791 core=0 suspend t413 r=0 y=0 c0=IDLE1 c1=IDLE0
9792 core=0 noop r=0 y=0 c0=IDLE1 c1=IDLE0
9793 core=0 prio t414 0 r=0 y=0 c0=IDLE1 c1=IDLE0
9794 core=0 noop r=0 y=0 c0=IDLE1 c1=IDLE0
9795 core=0 tick r=1 y=3 c0=t404 c1=IDLE1
9796 core=0 tick r=0 y=2 c0=t404 c1=IDLE0
9797 core=1 give r=0 y=0 c0=t404 c1=IDLE0
9798 core=0 noop r=0 y=0 c0=t404 c1=IDLE0
9799 core=0 resume t406 r=0 y=2 c0=t404 c1=t406
9800 core=0 takeb t404 6 r=1 y=0 c0=t404 c1=t406
9801 core=0 noop r=0 y=0 c0=t404 c1=t406
9802 core=0 takeb t404 2 r=2 y=1 c0=IDLE1 c1=t406
9803 core=0 noop r=0 y=0 c0=IDLE1 c1=t406
9804 core=1 noop r=0 y=0 c0=IDLE1 c1=t406
9805 core=1 give r=1 y=1 c0=t404 c1=t406
9806 core=1 take t406 r=1 y=0 c0=t404 c1=t406
9807 core=1 noop r=0 y=0 c0=t404 c1=t406
9808 core=1 noop r=0 y=0 c0=t404 c1=t406
9809 core=0 cont t404 r=2 y=1 c0=IDLE0 c1=t406
9810 core=0 prio t413 2 r=0 y=0 c0=IDLE0 c1=t406
9811 core=0 prio t406 1 r=0 y=0 c0=IDLE0 c1=t406
9812 core=0 noop r=0 y=0 c0=IDLE0 c1=t406
9813 core=0 noop r=0 y=0 c0=IDLE0 c1=t406
9814 core=0 tick r=1 y=1 c0=IDLE1 c1=t406
9815 core=1 suspend t404 r=0 y=0 c0=IDLE1 c1=t406
9816 core=0 noop r=0 y=0 c0=IDLE1 c1=t406
9817 core=1 noop r=0 y=0 c0=IDLE1 c1=t406
9818 core=0 noop r=0 y=0 c0=IDLE1 c1=t406
9819 core=0 yield r=0 y=1 c0=IDLE0 c1=t406
9820 core=1 give r=1 y=0 c0=IDLE0 c1=t406
9821 core=0 resume t414 r=0 y=1 c0=IDLE1 c1=t406
9822 core=0 noop r=0 y=0 c0=IDLE1 c1=t406
9823 core=0 noop r=0 y=0 c0=IDLE1 c1=t406
9824 core=0 noop r=0 y=0 c0=IDLE1 c1=t406
9825 core=0 create 5 t415 p3 r=1 y=1 c0=t415 c1=t406
9826 core=0 tick r=0 y=0 c0=t415 c1=t406
9827 core=1 delay t406 2 r=0 y=2 c0=t415 c1=t414
9828 core=0 delete 0 t414 r=0 y=2 c0=t415 c1=IDLE0
9829 core=0 tick r=0 y=2 c0=t415 c1=IDLE1
9830 core=0 suspend t415 r=0 y=1 c0=IDLE0 c1=IDLE1
9831 core=0 noop r=0 y=0 c0=IDLE0 c1=IDLE1
9832 core=0 resume t407 r=0 y=2 c0=IDLE0 c1=t407
9833 core=1 prio t407 3 r=0 y=0 c0=IDLE0 c1=t407
9834 core=1 delay t407 1 r=0 y=2 c0=IDLE0 c1=IDLE1
9835 core=0 suspend t406 r=0 y=0 c0=IDLE0 c1=IDLE1
9836 core=1 suspend t415 r=0 y=0 c0=IDLE0 c1=IDLE1
9837 core=0 resume t406 r=0 y=2 c0=IDLE0 c1=t406
9838 core=0 noop r=0 y=0 c0=IDLE0 c1=t406
9839 core=0 prio t415 2 r=0 y=0 c0=IDLE0 c1=t406
9840 core=1 takeb t406 6 r=1 y=0 c0=IDLE0 c1=t406
9841 core=0 give r=1 y=0 c0=IDLE0 c1=t406
9842 core=1 take t406 r=1 y=0 c0=IDLE0 c1=t406
9843 core=0 create 2 t416 p2 r=1 y=1 c0=t416 c1=t406
9844 core=0 suspend t415 r=0 y=0 c0=t416 c1=t406
9845 core=1 noop r=0 y=0 c0=t416 c1=t406
9846 core=0 tick r=0 y=2 c0=t416 c1=t407
9847 core=0 give_isr r=1 y=0 c0=t416 c1=t407
9848 core=0 tick r=0 y=0 c0=t416 c1=t407
9849 core=1 resume t415 r=0 y=0 c0=t416 c1=t407
9850 core=1 give r=0 y=0 c0=t416 c1=t407
9851 core=0 prio t407 1 r=0 y=2 c0=t416 c1=t415
9852 core=1 delay t415 3 r=0 y=2 c0=t416 c1=t406
9853 core=0 delete 5 t415 r=0 y=0 c0=t416 c1=t406
9854 core=1 noop r=0 y=0 c0=t416 c1=t406
9855 core=0 noop r=0 y=0 c0=t416 c1=t406
9856 core=0 tick r=0 y=2 c0=t416 c1=t407
9857 core=1 delay t407 1 r=0 y=2 c0=t416 c1=t406
9858 core=1 delay t406 2 r=0 y=2 c0=t416 c1=IDLE1
9859 core=1 noop r=0 y=0 c0=t416 c1=IDLE1
9860 core=0 give r=0 y=0 c0=t416 c1=IDLE1
9861 core=0 give_isr r=0 y=0 c0=t416 c1=IDLE1
9862 core=1 suspend t404 r=0 y=0 c0=t416 c1=IDLE1
9863 core=1 create 3 t417 p3 r=1 y=2 c0=t416 c1=t417
9864 core=0 suspend t413 r=0 y=0 c0=t416 c1=t417
9865 core=0 tick r=0 y=0 c0=t416 c1=t417
9866 core=0 resume t407 r=0 y=0 c0=t416 c1=t417
9867 core=1 delay t417 2 r=0 y=2 c0=t416 c1=t407
9868 core=1 resume t404 r=0 y=2 c0=t416 c1=t404
9869 core=0 prio t417 1 r=0 y=0 c0=t416 c1=t404
9870 core=1 cont t404 r=1 y=0 c0=t416 c1=t404
9871 core=1 resume t406 r=0 y=0 c0=t416 c1=t404
9872 core=1 delay t404 5 r=0 y=2 c0=t416 c1=t407
9873 core=1 suspend t413 r=0 y=0 c0=t416 c1=t407
9874 core=1 create 9 t418 p2 r=1 y=2 c0=t416 c1=t418
9875 core=0 tick r=1 y=3 c0=t416 c1=t418
9876 core=1 resume t416 r=0 y=0 c0=t416 c1=t418
9877 core=1 give r=1 y=0 c0=t416 c1=t418
9878 core=0 suspend t404 r=0 y=0 c0=t416 c1=t418
9879 core=0 take t416 r=1 y=0 c0=t416 c1=t418
9880 core=1 suspend t416 r=0 y=1 c0=t407 c1=t418
9881 core=0 noop r=0 y=0 c0=t407 c1=t418
9882 core=1 yield r=0 y=2 c0=t407 c1=t418
9883 core=1 noop r=0 y=0 c0=t407 c1=t418
9884 core=1 give r=1 y=0 c0=t407 c1=t418
9885 core=1 suspend t407 r=0 y=1 c0=t406 c1=t418
9886 core=1 noop r=0 y=0 c0=t406 c1=t418
9887 core=1 resume t406 r=0 y=0 c0=t406 c1=t418
9888 core=0 tick r=1 y=1 c0=t417 c1=t418
9889 core=1 prio t404 0 r=0 y=0 c0=t417 c1=t418
9890 core=0 give r=0 y=0 c0=t417 c1=t418
9891 core=1 prio t413 1 r=0 y=0 c0=t417 c1=t418
9892 core=1 suspend t418 r=0 y=2 c0=t417 c1=t406
9893 core=0 tick r=1 y=3 c0=t417 c1=t406
9894 core=0 prio t418 3 r=0 y=0 c0=t417 c1=t406
9895 core=1 suspend t416 r=0 y=0 c0=t417 c1=t406
9896 core=0 prio t417 1 r=0 y=0 c0=t417 c1=t406
9897 core=0 noop r=0 y=0 c0=t417 c1=t406
9898 core=1 delay t406 5 r=0 y=2 c0=t417 c1=IDLE0
9899 core=0 noop r=0 y=0 c0=t417 c1=IDLE0
9900 core=1 yield r=0 y=2 c0=t417 c1=IDLE1
9901 core=1 noop r=0 y=0 c0=t417 c1=IDLE1
9902 core=1 noop r=0 y=0 c0=t417 c1=IDLE1
9903 core=0 noop r=0 y=0 c0=t417 c1=IDLE1
9904 core=0 tick r=0 y=2 c0=t417 c1=IDLE0
9905 core=0 tick r=0 y=2 c0=t417 c1=IDLE1
9906 core=0 yield r=0 y=1 c0=t417 c1=IDLE1
9907 core=1 resume t407 r=0 y=2 c0=t417 c1=t407
9908 core=0 prio t404 0 r=0 y=0 c0=t417 c1=t407
9909 core=1 give r=0 y=0 c0=t417 c1=t407
9910 core=0 suspend t418 r=0 y=0 c0=t417 c1=t407
9911 core=0 noop r=0 y=0 c0=t417 c1=t407
9912 core=1 prio t418 1 r=0 y=0 c0=t417 c1=t407
9913 core=0 delete 2 t416 r=0 y=0 c0=t417 c1=t407
9914 core=1 give r=0 y=0 c0=t417 c1=t407
9915 core=0 delay t417 2 r=0 y=1 c0=IDLE0 c1=t407
9916 core=0 give_isr r=0 y=0 c0=IDLE0 c1=t407
9917 core=1 prio t413 1 r=0 y=0 c0=IDLE0 c1=t407
9918 core=1 give r=0 y=0 c0=IDLE0 c1=t407
9919 core=0 delete 1 t406 r=0 y=0 c0=IDLE0 c1=t407
9920 core=1 create 1 t419 p1 r=1 y=1 c0=t419 c1=t407
9921 core=0 tick r=1 y=3 c0=t419 c1=t407
9922 core=1 takeb t407 4 r=1 y=0 c0=t419 c1=t407
9923 core=0 suspend t407 r=0 y=2 c0=t419 c1=IDLE1
9924 core=0 prio t417 1 r=0 y=0 c0=t419 c1=IDLE1
9925 core=1 noop r=0 y=0 c0=t419 c1=IDLE1
9926 core=0 noop r=0 y=0 c0=t419 c1=IDLE1
9927 core=0 noop r=0 y=0 c0=t419 c1=IDLE1
9928 core=1 resume t417 r=0 y=0 c0=t419 c1=IDLE1
9929 core=0 tick r=1 y=3 c0=t417 c1=t419
9930 core=0 give_isr r=1 y=0 c0=t417 c1=t419
9931 core=0 prio t419 1 r=0 y=0 c0=t417 c1=t419
9932 core=0 noop r=0 y=0 c0=t417 c1=t419
9933 core=0 tick r=1 y=3 c0=t417 c1=t419
9934 core=0 give r=0 y=0 c0=t417 c1=t419
9935 core=0 resume t413 r=0 y=0 c0=t417 c1=t419
9936 core=0 tick r=1 y=3 c0=t413 c1=t417
9937 core=0 resume t419 r=0 y=0 c0=t413 c1=t417
9938 core=1 prio t419 0 r=0 y=0 c0=t413 c1=t417
9939 core=0 give_isr r=0 y=0 c0=t413 c1=t417
9940 core=1 yield r=0 y=2 c0=t413 c1=t417
9941 core=1 resume t419 r=0 y=0 c0=t413 c1=t417
9942 core=0 create 0 t420 p2 r=1 y=2 c0=t413 c1=t420
9943 core=0 resume t407 r=0 y=0 c0=t413 c1=t420
9944 core=1 noop r=0 y=0 c0=t413 c1=t420
9945 core=1 delay t420 3 r=0 y=2 c0=t413 c1=t417
9946 core=0 noop r=0 y=0 c0=t413 c1=t417
9947 core=0 tick r=1 y=3 c0=t407 c1=t413
9948 core=1 suspend t419 r=0 y=0 c0=t407 c1=t413
9949 core=0 prio t407 3 r=0 y=0 c0=t407 c1=t413
9950 core=1 suspend t420 r=0 y=0 c0=t407 c1=t413
9951 core=1 takeb t413 3 r=1 y=0 c0=t407 c1=t413
9952 core=0 noop r=0 y=0 c0=t407 c1=t413
9953 core=1 noop r=0 y=0 c0=t407 c1=t413
9954 core=0 noop r=0 y=0 c0=t407 c1=t413
9955 core=0 takeb t407 5 r=2 y=1 c0=t417 c1=t413
9956 core=1 suspend t404 r=0 y=0 c0=t417 c1=t413
9957 core=0 noop r=0 y=0 c0=t417 c1=t413
9958 core=1 yield r=0 y=2 c0=t417 c1=t413
9959 core=0 tick r=1 y=3 c0=t417 c1=t413
9960 core=0 takeb t417 6 r=2 y=1 c0=IDLE0 c1=t413
9961 core=1 suspend t404 r=0 y=0 c0=IDLE0 c1=t413
9962 core=0 give_isr r=1 y=1 c0=t407 c1=t413
9963 core=1 yield r=0 y=2 c0=t407 c1=t413
9964 core=0 cont t407 r=1 y=0 c0=t407 c1=t413
9965 core=0 noop r=0 y=0 c0=t407 c1=t413
9966 core=0 delay t407 3 r=0 y=1 c0=IDLE1 c1=t413
9967 core=1 resume t407 r=0 y=0 c0=IDLE1 c1=t413
9968 core=1 noop r=0 y=0 c0=IDLE1 c1=t413
9969 core=1 delay t413 3 r=0 y=2 c0=IDLE1 c1=IDLE0
9970 core=0 suspend t413 r=0 y=0 c0=IDLE1 c1=IDLE0
9971 core=1 suspend t417 r=0 y=0 c0=IDLE1 c1=IDLE0
9972 core=1 give_isr r=1 y=0 c0=IDLE1 c1=IDLE0
9973 core=0 tick r=1 y=3 c0=IDLE1 c1=IDLE0
9974 core=1 resume t407 r=0 y=0 c0=IDLE1 c1=IDLE0
9975 core=1 give_isr r=0 y=0 c0=IDLE1 c1=IDLE0
9976 core=0 prio t413 3 r=0 y=0 c0=IDLE1 c1=IDLE0
9977 core=1 noop r=0 y=0 c0=IDLE1 c1=IDLE0
9978 core=1 noop r=0 y=0 c0=IDLE1 c1=IDLE0
9979 core=0 yield r=0 y=1 c0=IDLE1 c1=IDLE0
9980 core=1 noop r=0 y=0 c0=IDLE1 c1=IDLE0
9981 core=1 prio t417 0 r=0 y=0 c0=IDLE1 c1=IDLE0
9982 core=0 tick r=1 y=3 c0=IDLE1 c1=IDLE0
9983 core=1 noop r=0 y=0 c0=IDLE1 c1=IDLE0
9984 core=0 noop r=0 y=0 c0=IDLE1 c1=IDLE0
9985 core=0 prio t404 0 r=0 y=0 c0=IDLE1 c1=IDLE0
9986 core=1 noop r=0 y=0 c0=IDLE1 c1=IDLE0
9987 core=0 tick r=1 y=3 c0=t407 c1=IDLE1
9988 core=1 yield r=0 y=2 c0=t407 c1=IDLE0
9989 core=1 prio t420 0 r=0 y=0 c0=t407 c1=IDLE0
9990 core=0 takeb t407 6 r=1 y=0 c0=t407 c1=IDLE0
9991 core=1 noop r=0 y=0 c0=t407 c1=IDLE0
9992 core=1 noop r=0 y=0 c0=t407 c1=IDLE0
9993 core=0 suspend t418 r=0 y=0 c0=t407 c1=IDLE0
9994 core=0 yield r=0 y=1 c0=t407 c1=IDLE0
9995 core=0 noop r=0 y=0 c0=t407 c1=IDLE0
9996 core=1 noop r=0 y=0 c0=t407 c1=IDLE0
9997 core=1 noop r=0 y=0 c0=t407 c1=IDLE0
9998 core=1 noop r=0 y=0 c0=t407 c1=IDLE0
9999 core=1 noop r=0 y=0 c0=t407 c1=IDLE0
10000 core=0 takeb t407 5 r=2 y=1 c0=IDLE1 c1=IDLE0
10001 core=0 give_isr r=1 y=2 c0=IDLE1 c1=t407
10002 core=0 give r=0 y=0 c0=IDLE1 c1=t407
10003 core=0 create 8 t421 p3 r=1 y=1 c0=t421 c1=t407
10004 core=0 resume t418 r=0 y=0 c0=t421 c1=t407
10005 core=0 noop r=0 y=0 c0=t421 c1=t407
10006 core=1 cont t407 r=1 y=0 c0=t421 c1=t407
10007 core=0 tick r=1 y=3 c0=t421 c1=t407
10008 core=1 takeb t407 5 r=2 y=2 c0=t421 c1=t418
10009 core=0 tick r=0 y=0 c0=t421 c1=t418
10010 core=1 delay t418 3 r=0 y=2 c0=t421 c1=IDLE0
10011 core=1 noop r=0 y=0 c0=t421 c1=IDLE0
10012 core=0 resume t420 r=0 y=2 c0=t421 c1=IDLE1
10013 core=1 delete 1 t419 r=0 y=0 c0=t421 c1=IDLE1
10014 core=1 noop r=0 y=0 c0=t421 c1=IDLE1
10015 core=1 delete 6 t404 r=0 y=0 c0=t421 c1=IDLE1
10016 core=0 delay t421 5 r=0 y=1 c0=t420 c1=IDLE1
10017 core=1 give_isr r=1 y=2 c0=t420 c1=t407
10018 core=0 take t420 r=1 y=0 c0=t420 c1=t407
10019 core=1 cont t407 r=2 y=2 c0=t420 c1=IDLE0
10020 core=1 suspend t418 r=0 y=0 c0=t420 c1=IDLE0
10021 core=0 delay t420 1 r=0 y=1 c0=IDLE1 c1=IDLE0
10022 core=0 create 6 t422 p1 r=1 y=2 c0=IDLE1 c1=t422
10023 core=0 noop r=0 y=0 c0=IDLE1 c1=t422
10024 core=1 resume t407 r=0 y=0 c0=IDLE1 c1=t422
10025 core=1 give_isr r=1 y=1 c0=t407 c1=t422
10026 core=1 suspend t407 r=0 y=1 c0=IDLE0 c1=t422
10027 core=0 noop r=0 y=0 c0=IDLE0 c1=t422
10028 core=1 noop r=0 y=0 c0=IDLE0 c1=t422
10029 core=0 create 5 t423 p0 r=1 y=1 c0=IDLE1 c1=t422
10030 core=0 noop r=0 y=0 c0=IDLE1 c1=t422
10031 core=1 resume t422 r=0 y=0 c0=IDLE1 c1=t422
10032 core=0 tick r=1 y=1 c0=t423 c1=t422
10033 core=1 prio t420 2 r=0 y=1 c0=t420 c1=t422
10034 core=1 takeb t422 6 r=1 y=0 c0=t420 c1=t422
10035 core=1 noop r=0 y=0 c0=t420 c1=t422
10036 core=1 take t422 r=0 y=0 c0=t420 c1=t422
10037 core=1 take t422 r=0 y=0 c0=t420 c1=t422
10038 core=0 tick r=0 y=0 c0=t420 c1=t422
10039 core=0 resume t420 r=0 y=0 c0=t420 c1=t422
10040 core=0 resume t417 r=0 y=0 c0=t420 c1=t422
10041 core=0 give_isr r=1 y=0 c0=t420 c1=t422
10042 core=0 resume t407 r=0 y=2 c0=t420 c1=t407
10043 core=1 cont t407 r=1 y=0 c0=t420 c1=t407
10044 core=1 suspend t418 r=0 y=0 c0=t420 c1=t407
10045 core=0 resume t413 r=0 y=1 c0=t413 c1=t407
10046 core=1 resume t421 r=0 y=0 c0=t413 c1=t407
10047 core=0 delay t413 2 r=0 y=1 c0=t420 c1=t407
10048 core=1 delay t407 5 r=0 y=2 c0=t420 c1=t422
10049 core=1 delete 0 t420 r=0 y=1 c0=IDLE0 c1=t422
10050 core=1 takeb t422 6 r=2 y=2 c0=IDLE0 c1=IDLE1
10051 core=1 noop r=0 y=0 c0=IDLE0 c1=IDLE1
10052 core=1 noop r=0 y=0 c0=IDLE0 c1=IDLE1
10053 core=0 resume t417 r=0 y=0 c0=IDLE0 c1=IDLE1
10054 core=1 noop r=0 y=0 c0=IDLE0 c1=IDLE1
10055 core=1 delete 7 t413 r=0 y=0 c0=IDLE0 c1=IDLE1
10056 core=0 create 1 t424 p2 r=1 y=2 c0=IDLE0 c1=t424
10057 core=0 noop r=0 y=0 c0=IDLE0 c1=t424
10058 core=1 delete 9 t418 r=0 y=0 c0=IDLE0 c1=t424
10059 core=1 delete 1 t424 r=0 y=2 c0=IDLE0 c1=t423
10060 core=1 resume t422 r=0 y=0 c0=IDLE0 c1=t423
10061 core=1 noop r=0 y=0 c0=IDLE0 c1=t423
10062 core=0 noop r=0 y=0 c0=IDLE0 c1=t423
10063 core=0 noop r=0 y=0 c0=IDLE0 c1=t423
10064 core=1 take t423 r=0 y=0 c0=IDLE0 c1=t423
10065 core=0 give r=1 y=1 c0=t422 c1=t423
10066 core=0 cont t422 r=1 y=0 c0=t422 c1=t423
10067 core=1 suspend t417 r=0 y=0 c0=t422 c1=t423
10068 core=1 give r=1 y=0 c0=t422 c1=t423
10069 core=0 give_isr r=0 y=0 c0=t422 c1=t423
10070 core=1 takeb t423 4 r=1 y=0 c0=t422 c1=t423
10071 core=1 noop r=0 y=0 c0=t422 c1=t423
10072 core=0 give r=1 y=0 c0=t422 c1=t423
10073 core=0 noop r=0 y=0 c0=t422 c1=t423
10074 core=1 noop r=0 y=0 c0=t422 c1=t423
10075 core=1 resume t423 r=0 y=0 c0=t422 c1=t423
10076 core=0 tick r=0 y=2 c0=t422 c1=IDLE1
10077 core=1 noop r=0 y=0 c0=t422 c1=IDLE1
10078 core=1 give_isr r=0 y=0 c0=t422 c1=IDLE1
10079 core=0 noop r=0 y=0 c0=t422 c1=IDLE1
10080 core=0 delay t422 2 r=0 y=1 c0=IDLE0 c1=IDLE1
10081 core=1 noop r=0 y=0 c0=IDLE0 c1=IDLE1
10082 core=1 noop r=0 y=0 c0=IDLE0 c1=IDLE1
10083 core=1 give r=0 y=0 c0=IDLE0 c1=IDLE1
10084 core=0 delete 8 t421 r=0 y=0 c0=IDLE0 c1=IDLE1
10085 core=0 prio t417 3 r=0 y=0 c0=IDLE0 c1=IDLE1
10086 core=0 create 1 t425 p3 r=1 y=2 c0=IDLE0 c1=t425
10087 core=0 delete 3 t417 r=0 y=0 c0=IDLE0 c1=t425
10088 core=1 give r=0 y=0 c0=IDLE0 c1=t425
10089 core=1 prio t425 1 r=0 y=2 c0=IDLE0 c1=t425
10090 core=0 noop r=0 y=0 c0=IDLE0 c1=t425
10091 core=1 takeb t425 3 r=1 y=0 c0=IDLE0 c1=t425
10092 core=0 noop r=0 y=0 c0=IDLE0 c1=t425
10093 core=1 noop r=0 y=0 c0=IDLE0 c1=t425
10094 core=0 create 2 t426 p2 r=1 y=1 c0=t426 c1=t425
10095 core=1 create 8 t427 p1 r=1 y=0 c0=t426 c1=t425
10096 core=0 noop r=0 y=0 c0=t426 c1=t425
10097 core=0 noop r=0 y=0 c0=t426 c1=t425
10098 core=0 tick r=0 y=2 c0=t426 c1=t427
10099 core=0 yield r=0 y=1 c0=t426 c1=t427
10100 core=1 delay t427 3 r=0 y=2 c0=t426 c1=t425
10101 core=1 noop r=0 y=0 c0=t426 c1=t425
10102 core=0 delay t426 3 r=0 y=1 c0=t423 c1=t425
10103 core=1 give r=1 y=0 c0=t423 c1=t425
10104 core=1 noop r=0 y=0 c0=t423 c1=t425
10105 core=0 noop r=0 y=0 c0=t423 c1=t425
10106 core=0 tick r=1 y=3 c0=t422 c1=t425
10107 core=1 take t425 r=1 y=0 c0=t422 c1=t425
10108 core=0 give_isr r=1 y=0 c0=t422 c1=t425
10109 core=1 resume t423 r=0 y=0 c0=t422 c1=t425
10110 core=0 give r=0 y=0 c0=t422 c1=t425
10111 core=0 tick r=1 y=3 c0=t422 c1=t425
10112 core=1 noop r=0 y=0 c0=t422 c1=t425
10113 core=1 delete 8 t427 r=0 y=0 c0=t422 c1=t425
10114 core=0 suspend t426 r=0 y=0 c0=t422 c1=t425
10115 core=1 takeb t425 1 r=1 y=0 c0=t422 c1=t425
10116 core=1 delete 2 t426 r=0 y=0 c0=t422 c1=t425
10117 core=1 give_isr r=1 y=0 c0=t422 c1=t425
10118 core=1 give_isr r=0 y=0 c0=t422 c1=t425
10119 core=1 noop r=0 y=0 c0=t422 c1=t425
10120 core=1 create 7 t428 p1 r=1 y=0 c0=t422 c1=t425
10121 core=0 delete 1 t425 r=0 y=2 c0=t422 c1=t428
10122 core=1 noop r=0 y=0 c0=t422 c1=t428
10123 core=0 tick r=1 y=3 c0=t407 c1=t422
10124 core=1 create 9 t429 p2 r=1 y=2 c0=t407 c1=t429
10125 core=0 give_isr r=0 y=0 c0=t407 c1=t429
10126 core=0 noop r=0 y=0 c0=t407 c1=t429
10127 core=0 give_isr r=0 y=0 c0=t407 c1=t429
10128 core=0 tick r=0 y=0 c0=t407 c1=t429
10129 core=1 noop r=0 y=0 c0=t407 c1=t429
10130 core=0 noop r=0 y=0 c0=t407 c1=t429
10131 core=0 noop r=0 y=0 c0=t407 c1=t429
10132 core=0 delete 4 t407 r=0 y=1 c0=t428 c1=t429
10133 core=0 give r=0 y=0 c0=t428 c1=t429
10134 core=0 give r=0 y=0 c0=t428 c1=t429
10135 core=1 give_isr r=0 y=0 c0=t428 c1=t429
10136 core=0 tick r=1 y=1 c0=t422 c1=t429
10137 core=1 noop r=0 y=0 c0=t422 c1=t429
10138 core=0 noop r=0 y=0 c0=t422 c1=t429
10139 core=1 delay t429 5 r=0 y=2 c0=t422 c1=t428
10140 core=0 takeb t422 1 r=1 y=0 c0=t422 c1=t428
10141 core=0 give r=1 y=0 c0=t422 c1=t428
10142 core=0 tick r=1 y=3 c0=t422 c1=t428
10143 core=1 give r=0 y=0 c0=t422 c1=t428
10144 core=1 give r=0 y=0 c0=t422 c1=t428
10145 core=1 noop r=0 y=0 c0=t422 c1=t428
10146 core=0 noop r=0 y=0 c0=t422 c1=t428
10147 core=1 delay t428 2 r=0 y=2 c0=t422 c1=IDLE1
10148 core=0 tick r=0 y=2 c0=t422 c1=IDLE0
10149 core=1 give r=0 y=0 c0=t422 c1=IDLE0
10150 core=0 noop r=0 y=0 c0=t422 c1=IDLE0
10151 core=0 tick r=1 y=3 c0=t428 c1=t422
10152 core=0 tick r=1 y=3 c0=t428 c1=t422
10153 core=1 resume t429 r=0 y=0 c0=t428 c1=t422
10154 core=1 create 1 t430 p3 r=1 y=2 c0=t428 c1=t430
10155 core=1 give r=0 y=0 c0=t428 c1=t430
10156 core=1 suspend t423 r=0 y=0 c0=t428 c1=t430
10157 core=0 prio t430 3 r=0 y=0 c0=t428 c1=t430
10158 core=1 prio t422 2 r=0 y=1 c0=t422 c1=t430
10159 core=1 give_isr r=0 y=0 c0=t422 c1=t430
10160 core=0 give_isr r=0 y=0 c0=t422 c1=t430
10161 core=1 delay t430 5 r=0 y=2 c0=t422 c1=t428
10162 core=1 delay t428 2 r=0 y=2 c0=t422 c1=IDLE1
10163 core=1 give_isr r=0 y=0 c0=t422 c1=IDLE1
10164 core=0 noop r=0 y=0 c0=t422 c1=IDLE1
10165 core=0 create 8 t431 p1 r=1 y=2 c0=t422 c1=t431
10166 core=1 delete 1 t430 r=0 y=0 c0=t422 c1=t431
10167 core=0 take t422 r=1 y=0 c0=t422 c1=t431
10168 core=0 tick r=1 y=3 c0=t429 c1=t422
10169 core=1 noop r=0 y=0 c0=t429 c1=t422
10170 core=0 delay t429 4 r=0 y=1 c0=t431 c1=t422
10171 core=0 noop r=0 y=0 c0=t431 c1=t422
10172 core=0 prio t431 1 r=0 y=0 c0=t431 c1=t422
10173 core=1 yield r=0 y=2 c0=t431 c1=t422
10174 core=0 delete 5 t423 r=0 y=0 c0=t431 c1=t422
10175 core=1 resume t431 r=0 y=0 c0=t431 c1=t422
10176 core=1 delete 6 t422 r=0 y=2 c0=t431 c1=IDLE0
10177 core=0 give_isr r=1 y=0 c0=t431 c1=IDLE0
10178 core=1 noop r=0 y=0 c0=t431 c1=IDLE0
10179 core=0 noop r=0 y=0 c0=t431 c1=IDLE0
10180 core=0 noop r=0 y=0 c0=t431 c1=IDLE0
10181 core=0 resume t428 r=0 y=0 c0=t431 c1=IDLE0
10182 core=1 give r=0 y=0 c0=t431 c1=IDLE0
10183 core=0 give_isr r=0 y=0 c0=t431 c1=IDLE0
10184 core=0 resume t429 r=0 y=0 c0=t431 c1=IDLE0
10185 core=0 prio t428 3 r=0 y=0 c0=t431 c1=IDLE0
10186 core=1 give r=0 y=0 c0=t431 c1=IDLE0
10187 core=0 resume t431 r=0 y=0 c0=t431 c1=IDLE0
10188 core=1 create 4 t432 p0 r=1 y=2 c0=t431 c1=IDLE1
10189 core=0 tick r=0 y=2 c0=t431 c1=t428
10190 core=1 delete 8 t431 r=0 y=1 c0=t432 c1=t428
10191 core=0 tick r=1 y=1 c0=IDLE0 c1=t428
10192 core=0 resume t428 r=0 y=0 c0=IDLE0 c1=t428
10193 core=1 noop r=0 y=0 c0=IDLE0 c1=t428
10194 core=1 noop r=0 y=0 c0=IDLE0 c1=t428
10195 core=0 noop r=0 y=0 c0=IDLE0 c1=t428
10196 core=1 noop r=0 y=0 c0=IDLE0 c1=t428
10197 core=0 noop r=0 y=0 c0=IDLE0 c1=t428
10198 core=1 noop r=0 y=0 c0=IDLE0 c1=t428
10199 core=1 delay t428 5 r=0 y=2 c0=IDLE0 c1=IDLE1
10200 core=0 noop r=0 y=0 c0=IDLE0 c1=IDLE1
10201 core=1 noop r=0 y=0 c0=IDLE0 c1=IDLE1
10202 core=0 suspend t429 r=0 y=0 c0=IDLE0 c1=IDLE1
10203 core=0 tick r=1 y=3 c0=t432 c1=IDLE0
10204 core=1 create 1 t433 p3 r=1 y=2 c0=t432 c1=t433
10205 core=0 suspend t432 r=0 y=1 c0=IDLE1 c1=t433
10206 core=0 noop r=0 y=0 c0=IDLE1 c1=t433
10207 core=0 resume t429 r=0 y=1 c0=t429 c1=t433
10208 core=0 delay t429 5 r=0 y=1 c0=IDLE0 c1=t433
10209 core=0 noop r=0 y=0 c0=IDLE0 c1=t433
10210 core=1 delay t433 1 r=0 y=2 c0=IDLE0 c1=IDLE1
10211 core=0 noop r=0 y=0 c0=IDLE0 c1=IDLE1
10212 core=0 noop r=0 y=0 c0=IDLE0 c1=IDLE1
10213 core=1 give_isr r=0 y=0 c0=IDLE0 c1=IDLE1
10214 core=1 noop r=0 y=0 c0=IDLE0 c1=IDLE1
10215 core=0 create 5 t434 p3 r=1 y=2 c0=IDLE0 c1=t434
10216 core=0 tick r=1 y=3 c0=t433 c1=t434
10217 core=1 suspend t429 r=0 y=0 c0=t433 c1=t434
10218 core=1 takeb t434 5 r=1 y=0 c0=t433 c1=t434
10219 core=0 tick r=1 y=3 c0=t433 c1=t434
10220 core=0 noop r=0 y=0 c0=t433 c1=t434
10221 core=0 delay t433 2 r=0 y=1 c0=IDLE1 c1=t434
10222 core=1 takeb t434 3 r=2 y=2 c0=IDLE1 c1=IDLE0
10223 core=1 create 0 t435 p0 r=1 y=2 c0=IDLE1 c1=t435
10224 core=0 noop r=0 y=0 c0=IDLE1 c1=t435
10225 core=1 noop r=0 y=0 c0=IDLE1 c1=t435
10226 core=1 noop r=0 y=0 c0=IDLE1 c1=t435
10227 core=1 noop r=0 y=0 c0=IDLE1 c1=t435
10228 core=1 delete 5 t434 r=0 y=0 c0=IDLE1 c1=t435
10229 core=1 resume t433 r=0 y=0 c0=IDLE1 c1=t435
10230 core=1 delay t435 3 r=0 y=2 c0=IDLE1 c1=IDLE0
10231 core=1 noop r=0 y=0 c0=IDLE1 c1=IDLE0
10232 core=1 give r=1 y=0 c0=IDLE1 c1=IDLE0
10233 core=0 create 8 t436 p1 r=1 y=2 c0=IDLE1 c1=t436
10234 core=1 prio t436 2 r=0 y=0 c0=IDLE1 c1=t436
10235 core=0 noop r=0 y=0 c0=IDLE1 c1=t436
10236 core=1 give r=0 y=0 c0=IDLE1 c1=t436
10237 core=1 take t436 r=1 y=0 c0=IDLE1 c1=t436
10238 core=0 suspend t432 r=0 y=0 c0=IDLE1 c1=t436
10239 core=0 noop r=0 y=0 c0=IDLE1 c1=t436
10240 core=1 suspend t435 r=0 y=0 c0=IDLE1 c1=t436
10241 core=1 takeb t436 4 r=2 y=2 c0=IDLE1 c1=IDLE0
10242 core=0 tick r=1 y=3 c0=IDLE1 c1=IDLE0
10243 core=0 delete 0 t435 r=0 y=0 c0=IDLE1 c1=IDLE0
10244 core=1 noop r=0 y=0 c0=IDLE1 c1=IDLE0
10245 core=0 tick r=1 y=3 c0=t428 c1=t433
10246 core=1 noop r=0 y=0 c0=t428 c1=t433
10247 core=1 suspend t429 r=0 y=0 c0=t428 c1=t433
10248 core=1 resume t429 r=0 y=0 c0=t428 c1=t433
10249 core=0 delay t428 1 r=0 y=1 c0=t429 c1=t433
10250 core=1 delay t433 1 r=0 y=2 c0=t429 c1=IDLE1
10251 core=0 noop r=0 y=0 c0=t429 c1=IDLE1
10252 core=0 resume t433 r=0 y=0 c0=t429 c1=IDLE1
10253 core=0 delete 4 t432 r=0 y=0 c0=t429 c1=IDLE1
10254 core=0 suspend t429 r=0 y=1 c0=IDLE0 c1=IDLE1
10255 core=0 prio t433 3 r=0 y=0 c0=IDLE0 c1=IDLE1
10256 core=0 tick r=1 y=3 c0=t428 c1=t433
10257 core=1 give r=1 y=0 c0=t428 c1=t433
10258 core=1 suspend t429 r=0 y=0 c0=t428 c1=t433
10259 core=0 suspend t429 r=0 y=0 c0=t428 c1=t433
10260 core=1 noop r=0 y=0 c0=t428 c1=t433
10261 core=0 resume t429 r=0 y=0 c0=t428 c1=t433
10262 core=0 give r=0 y=0 c0=t428 c1=t433
10263 core=0 suspend t433 r=0 y=2 c0=t428 c1=t436
10264 core=1 cont t436 r=1 y=0 c0=t428 c1=t436
10265 core=0 resume t428 r=0 y=0 c0=t428 c1=t436
10266 core=0 tick r=0 y=2 c0=t428 c1=t429
10267 core=1 suspend t429 r=0 y=2 c0=t428 c1=t436
10268 core=0 resume t436 r=0 y=0 c0=t428 c1=t436
10269 core=0 suspend t428 r=0 y=1 c0=IDLE0 c1=t436
10270 core=0 noop r=0 y=0 c0=IDLE0 c1=t436
10271 core=0 tick r=1 y=1 c0=IDLE1 c1=t436
10272 core=1 prio t429 0 r=0 y=0 c0=IDLE1 c1=t436
10273 core=1 delay t436 4 r=0 y=2 c0=IDLE1 c1=IDLE0
10274 core=0 create 2 t437 p1 r=1 y=2 c0=IDLE1 c1=t437
10275 core=0 noop r=0 y=0 c0=IDLE1 c1=t437
10276 core=0 noop r=0 y=0 c0=IDLE1 c1=t437
10277 core=1 noop r=0 y=0 c0=IDLE1 c1=t437
10278 core=1 noop r=0 y=0 c0=IDLE1 c1=t437
10279 core=0 noop r=0 y=0 c0=IDLE1 c1=t437
10280 core=0 noop r=0 y=0 c0=IDLE1 c1=t437
10281 core=0 noop r=0 y=0 c0=IDLE1 c1=t437
10282 core=1 noop r=0 y=0 c0=IDLE1 c1=t437
10283 core=0 noop r=0 y=0 c0=IDLE1 c1=t437
10284 core=1 prio t429 2 r=0 y=0 c0=IDLE1 c1=t437
10285 core=1 prio t437 3 r=0 y=0 c0=IDLE1 c1=t437
10286 core=1 prio t433 2 r=0 y=0 c0=IDLE1 c1=t437
10287 core=1 delete 2 t437 r=0 y=2 c0=IDLE1 c1=IDLE0
10288 core=0 noop r=0 y=0 c0=IDLE1 c1=IDLE0
10289 core=1 noop r=0 y=0 c0=IDLE1 c1=IDLE0
10290 core=1 delete 1 t433 r=0 y=0 c0=IDLE1 c1=IDLE0
10291 core=1 noop r=0 y=0 c0=IDLE1 c1=IDLE0
10292 core=0 noop r=0 y=0 c0=IDLE1 c1=IDLE0
10293 core=1 noop r=0 y=0 c0=IDLE1 c1=IDLE0
10294 core=0 noop r=0 y=0 c0=IDLE1 c1=IDLE0
10295 core=1 create 6 t438 p3 r=1 y=2 c0=IDLE1 c1=t438
10296 core=0 noop r=0 y=0 c0=IDLE1 c1=t438
10297 core=0 noop r=0 y=0 c0=IDLE1 c1=t438
10298 core=0 noop r=0 y=0 c0=IDLE1 c1=t438
10299 core=1 take t438 r=0 y=0 c0=IDLE1 c1=t438
10300 core=0 noop r=0 y=0 c0=IDLE1 c1=t438
10301 core=0 give_isr r=1 y=0 c0=IDLE1 c1=t438
10302 core=0 noop r=0 y=0 c0=IDLE1 c1=t438
10303 core=0 noop r=0 y=0 c0=IDLE1 c1=t438
10304 core=0 noop r=0 y=0 c0=IDLE1 c1=t438
10305 core=0 noop r=0 y=0 c0=IDLE1 c1=t438
10306 core=0 yield r=0 y=1 c0=IDLE0 c1=t438
10307 core=0 tick r=1 y=1 c0=IDLE1 c1=t438
10308 core=0 prio t436 3 r=0 y=0 c0=IDLE1 c1=t438
10309 core=0 noop r=0 y=0 c0=IDLE1 c1=t438
10310 core=0 noop r=0 y=0 c0=IDLE1 c1=t438
10311 core=0 tick r=1 y=1 c0=IDLE0 c1=t438
10312 core=0 tick r=1 y=1 c0=IDLE1 c1=t438
10313 core=0 tick r=1 y=3 c0=t436 c1=t438
10314 core=1 noop r=0 y=0 c0=t436 c1=t438
10315 core=1 create 3 t439 p0 r=1 y=0 c0=t436 c1=t438
10316 core=0 tick r=1 y=3 c0=t436 c1=t438
10317 core=0 tick r=1 y=3 c0=t436 c1=t438
10318 core=1 prio t439 0 r=0 y=0 c0=t436 c1=t438
10319 core=1 noop r=0 y=0 c0=t436 c1=t438
10320 core=0 tick r=1 y=3 c0=t436 c1=t438
10321 core=1 prio t438 3 r=0 y=0 c0=t436 c1=t438
10322 core=0 takeb t436 5 r=1 y=0 c0=t436 c1=t438
10323 core=0 noop r=0 y=0 c0=t436 c1=t438
10324 core=0 tick r=1 y=3 c0=t436 c1=t438
10325 core=1 delay t438 4 r=0 y=2 c0=t436 c1=IDLE0
10326 core=1 noop r=0 y=0 c0=t436 c1=IDLE0
10327 core=1 noop r=0 y=0 c0=t436 c1=IDLE0
10328 core=0 create 5 t440 p2 r=1 y=2 c0=t436 c1=t440
10329 core=1 noop r=0 y=0 c0=t436 c1=t440
10330 core=1 resume t429 r=0 y=0 c0=t436 c1=t440
10331 core=0 tick r=0 y=2 c0=t436 c1=t429
10332 core=1 prio t440 0 r=0 y=0 c0=t436 c1=t429
10333 core=0 give r=1 y=0 c0=t436 c1=t429
10334 core=1 prio t436 1 r=0 y=1 c0=t436 c1=t429
10335 core=0 noop r=0 y=0 c0=t436 c1=t429
10336 core=0 suspend t440 r=0 y=0 c0=t436 c1=t429
10337 core=0 give r=0 y=0 c0=t436 c1=t429
10338 core=0 give r=0 y=0 c0=t436 c1=t429
10339 core=1 suspend t440 r=0 y=0 c0=t436 c1=t429
10340 core=0 delay t436 2 r=0 y=1 c0=IDLE1 c1=t429
10341 core=0 noop r=0 y=0 c0=IDLE1 c1=t429
10342 core=1 give r=0 y=0 c0=IDLE1 c1=t429
10343 core=0 noop r=0 y=0 c0=IDLE1 c1=t429
10344 core=1 suspend t428 r=0 y=0 c0=IDLE1 c1=t429
10345 core=1 suspend t429 r=0 y=2 c0=IDLE1 c1=t439
10346 core=1 give_isr r=0 y=0 c0=IDLE1 c1=t439
10347 core=0 noop r=0 y=0 c0=IDLE1 c1=t439
10348 core=1 delete 6 t438 r=0 y=0 c0=IDLE1 c1=t439
10349 core=0 prio t440 1 r=0 y=0 c0=IDLE1 c1=t439
10350 core=0 give r=0 y=0 c0=IDLE1 c1=t439
10351 core=0 suspend t439 r=0 y=2 c0=IDLE1 c1=IDLE0
10352 core=1 noop r=0 y=0 c0=IDLE1 c1=IDLE0
10353 core=1 give_isr r=0 y=0 c0=IDLE1 c1=IDLE0
10354 core=0 delete 3 t439 r=0 y=0 c0=IDLE1 c1=IDLE0
10355 core=0 noop r=0 y=0 c0=IDLE1 c1=IDLE0
10356 core=1 create 4 t441 p1 r=1 y=2 c0=IDLE1 c1=t441
10357 core=1 create 2 t442 p0 r=1 y=1 c0=IDLE0 c1=t441
10358 core=1 delay t441 5 r=0 y=2 c0=IDLE0 c1=t442
10359 core=0 noop r=0 y=0 c0=IDLE0 c1=t442
10360 core=0 tick r=1 y=3 c0=IDLE1 c1=IDLE0
10361 core=0 noop r=0 y=0 c0=IDLE1 c1=IDLE0
10362 core=1 yield r=0 y=2 c0=IDLE1 c1=t442
10363 core=0 noop r=0 y=0 c0=IDLE1 c1=t442
10364 core=0 noop r=0 y=0 c0=IDLE1 c1=t442
10365 core=1 take t442 r=1 y=0 c0=IDLE1 c1=t442
10366 core=0 prio t436 1 r=0 y=0 c0=IDLE1 c1=t442
10367 core=0 suspend t428 r=0 y=0 c0=IDLE1 c1=t442
10368 core=1 take t442 r=0 y=0 c0=IDLE1 c1=t442
10369 core=1 give r=1 y=0 c0=IDLE1 c1=t442
10370 core=0 resume t428 r=0 y=1 c0=t428 c1=t442
10371 core=0 create 0 t443 p1 r=1 y=2 c0=t428 c1=t443
10372 core=0 give_isr r=0 y=0 c0=t428 c1=t443
10373 core=0 noop r=0 y=0 c0=t428 c1=t443
10374 core=0 tick r=0 y=2 c0=t428 c1=t436
10375 core=1 give r=0 y=0 c0=t428 c1=t436
10376 core=1 delete 8 t436 r=0 y=2 c0=t428 c1=t443
10377 core=0 noop r=0 y=0 c0=t428 c1=t443
10378 core=0 delete 9 t429 r=0 y=0 c0=t428 c1=t443
10379 core=0 tick r=0 y=0 c0=t428 c1=t443
10380 core=0 suspend t441 r=0 y=0 c0=t428 c1=t443
10381 core=0 tick r=0 y=0 c0=t428 c1=t443
10382 core=0 noop r=0 y=0 c0=t428 c1=t443
10383 core=1 noop r=0 y=0 c0=t428 c1=t443
10384 core=1 noop r=0 y=0 c0=t428 c1=t443
10385 core=1 noop r=0 y=0 c0=t428 c1=t443
10386 core=0 delete 7 t428 r=0 y=1 c0=IDLE0 c1=t443
10387 core=1 noop r=0 y=0 c0=IDLE0 c1=t443
10388 core=0 tick r=1 y=1 c0=IDLE1 c1=t443
10389 core=0 tick r=1 y=1 c0=t442 c1=t443
10390 core=0 noop r=0 y=0 c0=t442 c1=t443
10391 core=0 tick r=1 y=1 c0=IDLE0 c1=t443
10392 core=1 give r=0 y=0 c0=IDLE0 c1=t443
10393 core=0 noop r=0 y=0 c0=IDLE0 c1=t443
10394 core=0 yield r=0 y=1 c0=IDLE1 c1=t443
10395 core=0 tick r=1 y=1 c0=t442 c1=t443
10396 core=1 give r=0 y=0 c0=t442 c1=t443
10397 core=1 delay t443 1 r=0 y=2 c0=t442 c1=IDLE0
10398 core=0 noop r=0 y=0 c0=t442 c1=IDLE0
10399 core=0 noop r=0 y=0 c0=t442 c1=IDLE0
10400 core=0 delay t442 2 r=0 y=1 c0=IDLE1 c1=IDLE0
10401 core=1 create 8 t444 p1 r=1 y=2 c0=IDLE1 c1=t444
10402 core=1 takeb t444 6 r=1 y=0 c0=IDLE1 c1=t444
10403 core=0 create 6 t445 p1 r=1 y=1 c0=t445 c1=t444
10404 core=0 give_isr r=1 y=0 c0=t445 c1=t444
10405 core=0 resume t441 r=0 y=0 c0=t445 c1=t444
10406 core=0 suspend t443 r=0 y=0 c0=t445 c1=t444
10407 core=0 suspend t445 r=0 y=1 c0=t441 c1=t444
10408 core=0 takeb t441 6 r=1 y=0 c0=t441 c1=t444
10409 core=0 delay t441 4 r=0 y=1 c0=IDLE0 c1=t444
10410 core=1 noop r=0 y=0 c0=IDLE0 c1=t444
10411 core=1 give_isr r=1 y=0 c0=IDLE0 c1=t444
10412 core=1 takeb t444 3 r=1 y=0 c0=IDLE0 c1=t444
10413 core=1 give r=1 y=0 c0=IDLE0 c1=t444
10414 core=1 noop r=0 y=0 c0=IDLE0 c1=t444
10415 core=0 give r=0 y=0 c0=IDLE0 c1=t444
10416 core=1 give_isr r=0 y=0 c0=IDLE0 c1=t444
10417 core=0 noop r=0 y=0 c0=IDLE0 c1=t444
10418 core=0 noop r=0 y=0 c0=IDLE0 c1=t444
10419 core=0 prio t441 0 r=0 y=0 c0=IDLE0 c1=t444
10420 core=1 noop r=0 y=0 c0=IDLE0 c1=t444
10421 core=0 tick r=1 y=1 c0=IDLE1 c1=t444
10422 core=1 suspend t441 r=0 y=0 c0=IDLE1 c1=t444
10423 core=0 give_isr r=0 y=0 c0=IDLE1 c1=t444
10424 core=0 delete 5 t440 r=0 y=0 c0=IDLE1 c1=t444
10425 core=0 create 7 t446 p2 r=1 y=1 c0=t446 c1=t444
10426 core=0 noop r=0 y=0 c0=t446 c1=t444
10427 core=0 suspend t441 r=0 y=0 c0=t446 c1=t444
10428 core=1 noop r=0 y=0 c0=t446 c1=t444
10429 core=1 suspend t443 r=0 y=0 c0=t446 c1=t444
10430 core=0 tick r=0 y=0 c0=t446 c1=t444
10431 core=0 delete 2 t442 r=0 y=0 c0=t446 c1=t444
10432 core=0 noop r=0 y=0 c0=t446 c1=t444
10433 core=1 noop r=0 y=0 c0=t446 c1=t444
10434 core=1 noop r=0 y=0 c0=t446 c1=t444
10435 core=1 resume t445 r=0 y=0 c0=t446 c1=t444
10436 core=1 resume t443 r=0 y=0 c0=t446 c1=t444
10437 core=0 take t446 r=1 y=0 c0=t446 c1=t444
10438 core=0 give r=1 y=0 c0=t446 c1=t444
10439 core=0 noop r=0 y=0 c0=t446 c1=t444
10440 core=0 delay t446 2 r=0 y=1 c0=t445 c1=t444
10441 core=0 tick r=1 y=3 c0=t443 c1=t445
10442 core=1 create 9 t447 p2 r=1 y=2 c0=t443 c1=t447
10443 core=0 tick r=1 y=3 c0=t446 c1=t447
10444 core=0 suspend t443 r=0 y=0 c0=t446 c1=t447
10445 core=0 noop r=0 y=0 c0=t446 c1=t447
10446 core=0 tick r=1 y=3 c0=t446 c1=t447
10447 core=0 noop r=0 y=0 c0=t446 c1=t447
10448 core=1 delete 6 t445 r=0 y=0 c0=t446 c1=t447
10449 core=1 noop r=0 y=0 c0=t446 c1=t447
10450 core=1 prio t444 2 r=0 y=0 c0=t446 c1=t447
10451 core=0 delete 7 t446 r=0 y=1 c0=t444 c1=t447
10452 core=0 tick r=1 y=3 c0=t444 c1=t447
10453 core=1 yield r=0 y=2 c0=t444 c1=t447
10454 core=0 delay t444 4 r=0 y=1 c0=IDLE0 c1=t447
10455 core=0 noop r=0 y=0 c0=IDLE0 c1=t447
10456 core=1 take t447 r=1 y=0 c0=IDLE0 c1=t447
10457 core=0 yield r=0 y=1 c0=IDLE1 c1=t447
10458 core=0 noop r=0 y=0 c0=IDLE1 c1=t447
10459 core=0 give_isr r=1 y=0 c0=IDLE1 c1=t447
10460 core=1 yield r=0 y=2 c0=IDLE1 c1=t447
10461 core=1 give r=0 y=0 c0=IDLE1 c1=t447
10462 core=1 create 2 t448 p2 r=1 y=1 c0=t448 c1=t447
10463 core=1 yield r=0 y=2 c0=t448 c1=t447
10464 core=0 noop r=0 y=0 c0=t448 c1=t447
10465 core=0 suspend t448 r=0 y=1 c0=IDLE0 c1=t447
10466 core=0 noop r=0 y=0 c0=IDLE0 c1=t447
10467 core=1 noop r=0 y=0 c0=IDLE0 c1=t447
10468 core=1 resume t448 r=0 y=1 c0=t448 c1=t447
10469 core=0 noop r=0 y=0 c0=t448 c1=t447
10470 core=1 delay t447 2 r=0 y=2 c0=t448 c1=IDLE1
10471 core=0 create 7 t449 p1 r=1 y=2 c0=t448 c1=t449
10472 core=0 suspend t448 r=0 y=1 c0=IDLE0 c1=t449
10473 core=0 prio t441 0 r=0 y=0 c0=IDLE0 c1=t449
10474 core=1 noop r=0 y=0 c0=IDLE0 c1=t449
10475 core=1 noop r=0 y=0 c0=IDLE0 c1=t449
10476 core=1 suspend t443 r=0 y=0 c0=IDLE0 c1=t449
10477 core=1 prio t448 1 r=0 y=0 c0=IDLE0 c1=t449
10478 core=0 suspend t443 r=0 y=0 c0=IDLE0 c1=t449
10479 core=0 noop r=0 y=0 c0=IDLE0 c1=t449
10480 core=1 yield r=0 y=2 c0=IDLE0 c1=t449
10481 core=1 delay t449 2 r=0 y=2 c0=IDLE0 c1=IDLE1
10482 core=1 create 1 t450 p2 r=1 y=2 c0=IDLE0 c1=t450
10483 core=1 noop r=0 y=0 c0=IDLE0 c1=t450
10484 core=0 tick r=1 y=1 c0=IDLE1 c1=t450
10485 core=0 create 5 t451 p0 r=1 y=1 c0=IDLE0 c1=t450
10486 core=1 delete 5 t451 r=0 y=0 c0=IDLE0 c1=t450
10487 core=1 noop r=0 y=0 c0=IDLE0 c1=t450
10488 core=1 give_isr r=0 y=0 c0=IDLE0 c1=t450
10489 core=1 create 3 t452 p2 r=1 y=1 c0=t452 c1=t450
10490 core=0 takeb t452 2 r=1 y=0 c0=t452 c1=t450
10491 core=1 create 6 t453 p1 r=1 y=0 c0=t452 c1=t450
10492 core=0 prio t444 2 r=0 y=0 c0=t452 c1=t450
10493 core=0 prio t447 0 r=0 y=0 c0=t452 c1=t450
10494 core=0 create 5 t454 p3 r=1 y=2 c0=t452 c1=t454
10495 core=0 noop r=0 y=0 c0=t452 c1=t454
10496 core=0 delete 1 t450 r=0 y=0 c0=t452 c1=t454
10497 core=1 take t454 r=0 y=0 c0=t452 c1=t454
10498 core=0 noop r=0 y=0 c0=t452 c1=t454
10499 core=1 prio t454 3 r=0 y=0 c0=t452 c1=t454
10500 core=1 resume t448 r=0 y=0 c0=t452 c1=t454
10501 core=0 tick r=0 y=0 c0=t452 c1=t454
10502 core=0 tick r=0 y=0 c0=t452 c1=t454
10503 core=0 yield r=0 y=1 c0=t452 c1=t454
10504 core=0 tick r=1 y=1 c0=t444 c1=t454
10505 core=0 suspend t449 r=0 y=0 c0=t444 c1=t454
10506 core=0 give r=1 y=0 c0=t444 c1=t454
10507 core=1 takeb t454 5 r=1 y=0 c0=t444 c1=t454
10508 core=0 suspend t441 r=0 y=0 c0=t444 c1=t454
10509 core=1 give r=1 y=0 c0=t444 c1=t454
10510 core=1 delay t454 4 r=0 y=2 c0=t444 c1=t452
10511 core=0 delay t444 3 r=0 y=1 c0=t453 c1=t452
10512 core=0 noop r=0 y=0 c0=t453 c1=t452
10513 core=0 delete 7 t449 r=0 y=0 c0=t453 c1=t452
10514 core=0 takeb t453 3 r=1 y=0 c0=t453 c1=t452
10515 core=1 delete 8 t444 r=0 y=0 c0=t453 c1=t452
10516 core=0 noop r=0 y=0 c0=t453 c1=t452
10517 core=0 prio t453 0 r=0 y=1 c0=t448 c1=t452
10518 core=0 suspend t443 r=0 y=0 c0=t448 c1=t452
10519 core=1 take t452 r=0 y=0 c0=t448 c1=t452
10520 core=0 yield r=0 y=1 c0=t448 c1=t452
10521 core=1 suspend t448 r=0 y=1 c0=IDLE1 c1=t452
10522 core=1 prio t453 1 r=0 y=1 c0=t453 c1=t452
10523 core=1 give r=1 y=0 c0=t453 c1=t452
10524 core=1 yield r=0 y=2 c0=t453 c1=t452
10525 core=1 prio t453 1 r=0 y=0 c0=t453 c1=t452
10526 core=1 suspend t441 r=0 y=0 c0=t453 c1=t452
10527 core=0 delay t453 4 r=0 y=1 c0=IDLE0 c1=t452
10528 core=0 tick r=1 y=1 c0=t447 c1=t452
10529 core=0 delay t447 3 r=0 y=1 c0=IDLE1 c1=t452
10530 core=0 give r=0 y=0 c0=IDLE1 c1=t452
10531 core=0 prio t447 0 r=0 y=0 c0=IDLE1 c1=t452
10532 core=1 delay t452 1 r=0 y=2 c0=IDLE1 c1=IDLE0
10533 core=0 prio t454 3 r=0 y=0 c0=IDLE1 c1=IDLE0
10534 core=0 noop r=0 y=0 c0=IDLE1 c1=IDLE0
10535 core=1 noop r=0 y=0 c0=IDLE1 c1=IDLE0
10536 core=0 give r=0 y=0 c0=IDLE1 c1=IDLE0
10537 core=0 tick r=1 y=3 c0=t452 c1=IDLE1
10538 core=0 resume t453 r=0 y=0 c0=t452 c1=IDLE1
10539 core=0 noop r=0 y=0 c0=t452 c1=IDLE1
10540 core=0 give r=0 y=0 c0=t452 c1=IDLE1
10541 core=1 suspend t454 r=0 y=0 c0=t452 c1=IDLE1
10542 core=0 tick r=0 y=2 c0=t452 c1=IDLE0
10543 core=1 give_isr r=0 y=0 c0=t452 c1=IDLE0
10544 core=1 noop r=0 y=0 c0=t452 c1=IDLE0
10545 core=1 give_isr r=0 y=0 c0=t452 c1=IDLE0
10546 core=1 noop r=0 y=0 c0=t452 c1=IDLE0
10547 core=1 resume t452 r=0 y=0 c0=t452 c1=IDLE0
10548 core=1 suspend t447 r=0 y=0 c0=t452 c1=IDLE0
10549 core=0 delete 3 t452 r=0 y=1 c0=IDLE1 c1=IDLE0
10550 core=1 suspend t447 r=0 y=0 c0=IDLE1 c1=IDLE0
10551 core=0 noop r=0 y=0 c0=IDLE1 c1=IDLE0
10552 core=1 delete 9 t447 r=0 y=0 c0=IDLE1 c1=IDLE0
10553 core=1 give_isr r=0 y=0 c0=IDLE1 c1=IDLE0
10554 core=1 create 7 t455 p1 r=1 y=2 c0=IDLE1 c1=t455
10555 core=1 noop r=0 y=0 c0=IDLE1 c1=t455
10556 core=1 yield r=0 y=2 c0=IDLE1 c1=t455
10557 core=1 resume t443 r=0 y=1 c0=t443 c1=t455
10558 core=0 tick r=1 y=3 c0=t453 c1=t443
10559 core=0 give r=0 y=0 c0=t453 c1=t443
10560 core=0 tick r=1 y=3 c0=t455 c1=t453
10561 core=1 resume t455 r=0 y=0 c0=t455 c1=t453
10562 core=1 resume t441 r=0 y=0 c0=t455 c1=t453
10563 core=1 noop r=0 y=0 c0=t455 c1=t453
10564 core=1 noop r=0 y=0 c0=t455 c1=t453
10565 core=0 prio t455 2 r=0 y=0 c0=t455 c1=t453
10566 core=0 tick r=0 y=2 c0=t455 c1=t443
10567 core=1 noop r=0 y=0 c0=t455 c1=t443
10568 core=1 prio t453 0 r=0 y=0 c0=t455 c1=t443
10569 core=0 yield r=0 y=1 c0=t455 c1=t443
10570 core=0 tick r=0 y=0 c0=t455 c1=t443
10571 core=0 noop r=0 y=0 c0=t455 c1=t443
10572 core=1 create 3 t456 p2 r=1 y=2 c0=t455 c1=t456
10573 core=1 prio t443 3 r=0 y=2 c0=t455 c1=t443
10574 core=1 give r=0 y=0 c0=t455 c1=t443
10575 core=1 resume t455 r=0 y=0 c0=t455 c1=t443
10576 core=0 tick r=1 y=1 c0=t456 c1=t443
10577 core=0 tick r=1 y=1 c0=t455 c1=t443
10578 core=0 create 9 t457 p3 r=1 y=1 c0=t457 c1=t443
10579 core=0 takeb t457 6 r=1 y=0 c0=t457 c1=t443
10580 core=0 tick r=1 y=3 c0=t457 c1=t443
10581 core=0 noop r=0 y=0 c0=t457 c1=t443
10582 core=1 prio t448 2 r=0 y=0 c0=t457 c1=t443
10583 core=0 yield r=0 y=1 c0=t457 c1=t443
10584 core=0 prio t441 1 r=0 y=0 c0=t457 c1=t443
10585 core=1 give r=1 y=0 c0=t457 c1=t443
10586 core=0 give_isr r=0 y=0 c0=t457 c1=t443
10587 core=1 noop r=0 y=0 c0=t457 c1=t443
10588 core=1 noop r=0 y=0 c0=t457 c1=t443
10589 core=1 prio t456 2 r=0 y=0 c0=t457 c1=t443
10590 core=0 create 1 t458 p3 r=1 y=0 c0=t457 c1=t443
10591 core=0 suspend t443 r=0 y=2 c0=t457 c1=t458
10592 core=0 takeb t457 2 r=1 y=0 c0=t457 c1=t458
10593 core=1 noop r=0 y=0 c0=t457 c1=t458
10594 core=0 delay t457 1 r=0 y=1 c0=t456 c1=t458
10595 core=0 suspend t457 r=0 y=0 c0=t456 c1=t458
10596 core=0 noop r=0 y=0 c0=t456 c1=t458
10597 core=0 give r=1 y=0 c0=t456 c1=t458
10598 core=1 resume t458 r=0 y=0 c0=t456 c1=t458
10599 core=0 resume t441 r=0 y=0 c0=t456 c1=t458
10600 core=1 delay t458 1 r=0 y=2 c0=t456 c1=t455
10601 core=0 delay t456 1 r=0 y=1 c0=t441 c1=t455
10602 core=0 delay t441 4 r=0 y=1 c0=IDLE0 c1=t455
10603 core=0 give r=0 y=0 c0=IDLE0 c1=t455
10604 core=0 noop r=0 y=0 c0=IDLE0 c1=t455
10605 core=1 delay t455 4 r=0 y=2 c0=IDLE0 c1=IDLE1
10606 core=1 noop r=0 y=0 c0=IDLE0 c1=IDLE1
10607 core=1 resume t454 r=0 y=2 c0=IDLE0 c1=t454
10608 core=1 noop r=0 y=0 c0=IDLE0 c1=t454
10609 core=0 tick r=1 y=3 c0=t458 c1=t454
10610 core=1 resume t456 r=0 y=0 c0=t458 c1=t454
10611 core=1 delay t454 2 r=0 y=2 c0=t458 c1=t456
10612 core=0 give_isr r=0 y=0 c0=t458 c1=t456
10613 core=1 resume t456 r=0 y=0 c0=t458 c1=t456
10614 core=1 delete 4 t441 r=0 y=0 c0=t458 c1=t456
10615 core=1 noop r=0 y=0 c0=t458 c1=t456
10616 core=1 take t456 r=1 y=0 c0=t458 c1=t456
10617 core=0 delay t458 1 r=0 y=1 c0=t453 c1=t456
10618 core=0 tick r=1 y=1 c0=t458 c1=t456
10619 core=0 suspend t456 r=0 y=2 c0=t458 c1=IDLE1
10620 core=0 noop r=0 y=0 c0=t458 c1=IDLE1
10621 core=1 noop r=0 y=0 c0=t458 c1=IDLE1
10622 core=0 give r=1 y=0 c0=t458 c1=IDLE1
10623 core=1 yield r=0 y=2 c0=t458 c1=IDLE0
10624 core=1 prio t456 2 r=0 y=0 c0=t458 c1=IDLE0
10625 core=1 noop r=0 y=0 c0=t458 c1=IDLE0
10626 core=1 give r=0 y=0 c0=t458 c1=IDLE0
10627 core=0 resume t455 r=0 y=0 c0=t458 c1=IDLE0
10628 core=1 suspend t455 r=0 y=0 c0=t458 c1=IDLE0
10629 core=1 prio t457 0 r=0 y=0 c0=t458 c1=IDLE0
10630 core=1 give r=0 y=0 c0=t458 c1=IDLE0
10631 core=1 give r=0 y=0 c0=t458 c1=IDLE0
10632 core=0 tick r=1 y=3 c0=t454 c1=t458
10633 core=1 create 8 t459 p2 r=1 y=0 c0=t454 c1=t458
10634 core=1 resume t448 r=0 y=0 c0=t454 c1=t458
10635 core=0 prio t457 1 r=0 y=0 c0=t454 c1=t458
10636 core=0 tick r=1 y=3 c0=t454 c1=t458
10637 core=1 delay t458 3 r=0 y=2 c0=t454 c1=t459
10638 core=1 resume t443 r=0 y=2 c0=t454 c1=t443
10639 core=0 give r=0 y=0 c0=t454 c1=t443
10640 core=1 noop r=0 y=0 c0=t454 c1=t443
10641 core=0 tick r=1 y=3 c0=t454 c1=t443
10642 core=0 give r=0 y=0 c0=t454 c1=t443
10643 core=0 tick r=1 y=3 c0=t454 c1=t443
10644 core=0 suspend t457 r=0 y=0 c0=t454 c1=t443
10645 core=0 suspend t458 r=0 y=0 c0=t454 c1=t443
10646 core=1 prio t459 2 r=0 y=0 c0=t454 c1=t443
10647 core=1 suspend t443 r=0 y=2 c0=t454 c1=t448
10648 core=1 suspend t456 r=0 y=0 c0=t454 c1=t448
10649 core=0 tick r=0 y=2 c0=t454 c1=t459
10650 core=0 delay t454 2 r=0 y=1 c0=t448 c1=t459
10651 core=1 prio t453 3 r=0 y=2 c0=t448 c1=t453
10652 core=0 prio t453 2 r=0 y=2 c0=t448 c1=t459
10653 core=0 noop r=0 y=0 c0=t448 c1=t459
10654 core=1 give r=0 y=0 c0=t448 c1=t459
10655 core=0 tick r=1 y=3 c0=t453 c1=t448
10656 core=1 delay t448 3 r=0 y=2 c0=t453 c1=t459
10657 core=0 give_isr r=0 y=0 c0=t453 c1=t459
10658 core=1 takeb t459 5 r=1 y=0 c0=t453 c1=t459
10659 core=0 prio t456 0 r=0 y=0 c0=t453 c1=t459
10660 core=0 tick r=1 y=3 c0=t454 c1=t453
10661 core=0 yield r=0 y=1 c0=t454 c1=t453
10662 core=0 delete 1 t458 r=0 y=0 c0=t454 c1=t453
10663 core=0 give r=1 y=0 c0=t454 c1=t453
10664 core=0 resume t443 r=0 y=2 c0=t454 c1=t443
10665 core=1 delete 5 t454 r=0 y=1 c0=t459 c1=t443
10666 core=0 noop r=0 y=0 c0=t459 c1=t443
10667 core=0 takeb t459 3 r=1 y=0 c0=t459 c1=t443
10668 core=1 noop r=0 y=0 c0=t459 c1=t443
10669 core=1 suspend t453 r=0 y=0 c0=t459 c1=t443
10670 core=0 delay t459 5 r=0 y=1 c0=IDLE1 c1=t443
10671 core=1 noop r=0 y=0 c0=IDLE1 c1=t443
10672 core=1 takeb t443 6 r=2 y=2 c0=IDLE1 c1=IDLE0
10673 core=0 delete 2 t448 r=0 y=0 c0=IDLE1 c1=IDLE0
10674 core=0 noop r=0 y=0 c0=IDLE1 c1=IDLE0
10675 core=1 give r=1 y=2 c0=IDLE1 c1=t443
10676 core=0 noop r=0 y=0 c0=IDLE1 c1=t443
10677 core=0 suspend t459 r=0 y=0 c0=IDLE1 c1=t443
10678 core=1 cont t443 r=1 y=0 c0=IDLE1 c1=t443
10679 core=0 suspend t453 r=0 y=0 c0=IDLE1 c1=t443
10680 core=1 delay t443 3 r=0 y=2 c0=IDLE1 c1=IDLE0
10681 core=1 delete 8 t459 r=0 y=0 c0=IDLE1 c1=IDLE0
10682 core=1 create 5 t460 p1 r=1 y=2 c0=IDLE1 c1=t460
10683 core=1 noop r=0 y=0 c0=IDLE1 c1=t460
10684 core=0 resume t443 r=0 y=0 c0=IDLE1 c1=t460
10685 core=1 suspend t443 r=0 y=0 c0=IDLE1 c1=t460
10686 core=1 resume t455 r=0 y=1 c0=t455 c1=t460
10687 core=1 yield r=0 y=2 c0=t455 c1=t460
10688 core=0 takeb t455 6 r=2 y=1 c0=IDLE0 c1=t460
10689 core=0 noop r=0 y=0 c0=IDLE0 c1=t460
10690 core=0 noop r=0 y=0 c0=IDLE0 c1=t460
10691 core=0 resume t457 r=0 y=1 c0=t457 c1=t460
10692 core=0 give_isr r=1 y=2 c0=t457 c1=t455
10693 core=1 cont t455 r=1 y=0 c0=t457 c1=t455
10694 core=0 prio t455 0 r=0 y=2 c0=t457 c1=t460
10695 core=1 give r=1 y=0 c0=t457 c1=t460
10696 core=1 give_isr r=0 y=0 c0=t457 c1=t460
10697 core=0 tick r=1 y=3 c0=t457 c1=t460
10698 core=0 delay t457 5 r=0 y=1 c0=IDLE1 c1=t460
10699 core=1 give r=0 y=0 c0=IDLE1 c1=t460
10700 core=0 noop r=0 y=0 c0=IDLE1 c1=t460
10701 core=0 noop r=0 y=0 c0=IDLE1 c1=t460
10702 core=0 noop r=0 y=0 c0=IDLE1 c1=t460
10703 core=0 suspend t453 r=0 y=0 c0=IDLE1 c1=t460
10704 core=0 create 8 t461 p2 r=1 y=1 c0=t461 c1=t460
10705 core=1 take t460 r=1 y=0 c0=t461 c1=t460
10706 core=0 suspend t460 r=0 y=2 c0=t461 c1=IDLE0
10707 core=1 noop r=0 y=0 c0=t461 c1=IDLE0
10708 core=0 give_isr r=1 y=0 c0=t461 c1=IDLE0
10709 core=1 prio t453 3 r=0 y=0 c0=t461 c1=IDLE0
10710 core=1 resume t456 r=0 y=2 c0=t461 c1=t455
10711 core=1 delete 9 t457 r=0 y=0 c0=t461 c1=t455
10712 core=1 noop r=0 y=0 c0=t461 c1=t455
10713 core=0 tick r=0 y=2 c0=t461 c1=IDLE1
10714 core=0 tick r=0 y=2 c0=t461 c1=t456
10715 core=0 delete 6 t453 r=0 y=0 c0=t461 c1=t456
10716 core=1 noop r=0 y=0 c0=t461 c1=t456
10717 core=1 give_isr r=0 y=0 c0=t461 c1=t456
10718 core=0 noop r=0 y=0 c0=t461 c1=t456
10719 core=1 delete 0 t443 r=0 y=0 c0=t461 c1=t456
10720 core=0 noop r=0 y=0 c0=t461 c1=t456
10721 core=0 tick r=0 y=2 c0=t461 c1=IDLE0
10722 core=1 noop r=0 y=0 c0=t461 c1=IDLE0
10723 core=0 noop r=0 y=0 c0=t461 c1=IDLE0
10724 core=0 yield r=0 y=1 c0=t461 c1=IDLE0
10725 core=1 noop r=0 y=0 c0=t461 c1=IDLE0
10726 core=0 noop r=0 y=0 c0=t461 c1=IDLE0
10727 core=0 noop r=0 y=0 c0=t461 c1=IDLE0
10728 core=1 resume t460 r=0 y=2 c0=t461 c1=t460
10729 core=1 noop r=0 y=0 c0=t461 c1=t460
10730 core=0 delay t461 2 r=0 y=1 c0=t455 c1=t460
10731 core=0 prio t461 1 r=0 y=0 c0=t455 c1=t460
10732 core=1 noop r=0 y=0 c0=t455 c1=t460
10733 core=1 give r=0 y=0 c0=t455 c1=t460
10734 core=1 noop r=0 y=0 c0=t455 c1=t460
10735 core=0 delay t455 5 r=0 y=1 c0=IDLE1 c1=t460
10736 core=1 takeb t460 2 r=1 y=0 c0=IDLE1 c1=t460
10737 core=1 take t460 r=0 y=0 c0=IDLE1 c1=t460
10738 core=0 tick r=1 y=1 c0=t456 c1=t460
10739 core=0 delay t456 4 r=0 y=1 c0=IDLE0 c1=t460
10740 core=1 delay t460 1 r=0 y=2 c0=IDLE0 c1=IDLE1
10741 core=1 prio t456 3 r=0 y=0 c0=IDLE0 c1=IDLE1
10742 core=0 noop r=0 y=0 c0=IDLE0 c1=IDLE1
10743 core=0 yield r=0 y=1 c0=IDLE0 c1=IDLE1
10744 core=0 suspend t455 r=0 y=0 c0=IDLE0 c1=IDLE1
10745 core=0 tick r=1 y=3 c0=t461 c1=t460
10746 core=1 delay t460 2 r=0 y=2 c0=t461 c1=IDLE0
10747 core=1 suspend t460 r=0 y=0 c0=t461 c1=IDLE0
10748 core=1 noop r=0 y=0 c0=t461 c1=IDLE0
10749 core=1 noop r=0 y=0 c0=t461 c1=IDLE0
10750 core=0 give r=1 y=0 c0=t461 c1=IDLE0
10751 core=0 tick r=0 y=2 c0=t461 c1=IDLE1
10752 core=1 noop r=0 y=0 c0=t461 c1=IDLE1
10753 core=1 suspend t460 r=0 y=0 c0=t461 c1=IDLE1
10754 core=0 take t461 r=1 y=0 c0=t461 c1=IDLE1
10755 core=1 noop r=0 y=0 c0=t461 c1=IDLE1
10756 core=1 prio t460 2 r=0 y=0 c0=t461 c1=IDLE1
10757 core=1 give r=1 y=0 c0=t461 c1=IDLE1
10758 core=0 yield r=0 y=1 c0=t461 c1=IDLE1
10759 core=1 give_isr r=0 y=0 c0=t461 c1=IDLE1
10760 core=0 tick r=0 y=2 c0=t461 c1=IDLE0
10761 core=1 yield r=0 y=2 c0=t461 c1=IDLE1
10762 core=1 give_isr r=0 y=0 c0=t461 c1=IDLE1
10763 core=1 resume t461 r=0 y=0 c0=t461 c1=IDLE1
10764 core=1 noop r=0 y=0 c0=t461 c1=IDLE1
10765 core=0 tick r=0 y=2 c0=t461 c1=t456
10766 core=1 takeb t456 2 r=1 y=0 c0=t461 c1=t456
10767 core=0 delay t461 4 r=0 y=1 c0=IDLE0 c1=t456
10768 core=0 noop r=0 y=0 c0=IDLE0 c1=t456
10769 core=0 give_isr r=1 y=0 c0=IDLE0 c1=t456
10770 core=0 tick r=1 y=1 c0=IDLE1 c1=t456
10771 core=0 noop r=0 y=0 c0=IDLE1 c1=t456
10772 core=1 give_isr r=0 y=0 c0=IDLE1 c1=t456
10773 core=1 noop r=0 y=0 c0=IDLE1 c1=t456
10774 core=1 create 1 t462 p2 r=1 y=1 c0=t462 c1=t456
10775 core=1 create 6 t463 p0 r=1 y=0 c0=t462 c1=t456
10776 core=1 suspend t462 r=0 y=1 c0=IDLE0 c1=t456
10777 core=1 noop r=0 y=0 c0=IDLE0 c1=t456
10778 core=0 noop r=0 y=0 c0=IDLE0 c1=t456
10779 core=0 noop r=0 y=0 c0=IDLE0 c1=t456
10780 core=0 noop r=0 y=0 c0=IDLE0 c1=t456
10781 core=0 delete 3 t456 r=0 y=2 c0=IDLE0 c1=IDLE1
10782 core=1 noop r=0 y=0 c0=IDLE0 c1=IDLE1
10783 core=1 suspend t463 r=0 y=0 c0=IDLE0 c1=IDLE1
10784 core=0 resume t462 r=0 y=2 c0=IDLE0 c1=t462
10785 core=1 noop r=0 y=0 c0=IDLE0 c1=t462
10786 core=0 tick r=1 y=1 c0=IDLE1 c1=t462
10787 core=1 give r=0 y=0 c0=IDLE1 c1=t462
10788 core=1 create 3 t464 p1 r=1 y=1 c0=t464 c1=t462
10789 core=0 takeb t464 6 r=1 y=0 c0=t464 c1=t462
10790 core=0 noop r=0 y=0 c0=t464 c1=t462
10791 core=0 delete 5 t460 r=0 y=0 c0=t464 c1=t462
10792 core=0 noop r=0 y=0 c0=t464 c1=t462
10793 core=1 noop r=0 y=0 c0=t464 c1=t462
10794 core=1 noop r=0 y=0 c0=t464 c1=t462
10795 core=1 give r=1 y=0 c0=t464 c1=t462
10796 core=0 delay t464 1 r=0 y=1 c0=IDLE0 c1=t462
10797 core=0 noop r=0 y=0 c0=IDLE0 c1=t462
10798 core=1 takeb t462 4 r=1 y=0 c0=IDLE0 c1=t462
10799 core=1 give_isr r=1 y=0 c0=IDLE0 c1=t462
10800 core=0 delete 3 t464 r=0 y=0 c0=IDLE0 c1=t462
10801 core=1 noop r=0 y=0 c0=IDLE0 c1=t462
10802 core=0 tick r=1 y=1 c0=IDLE1 c1=t462
10803 core=0 create 5 t465 p3 r=1 y=1 c0=t465 c1=t462
10804 core=0 give r=0 y=0 c0=t465 c1=t462
10805 core=0 give r=0 y=0 c0=t465 c1=t462
10806 core=0 delay t465 5 r=0 y=1 c0=IDLE0 c1=t462
10807 core=0 noop r=0 y=0 c0=IDLE0 c1=t462
10808 core=0 noop r=0 y=0 c0=IDLE0 c1=t462
10809 core=0 create 4 t466 p0 r=1 y=1 c0=IDLE1 c1=t462
10810 core=1 resume t455 r=0 y=1 c0=t466 c1=t462
10811 core=0 yield r=0 y=1 c0=IDLE0 c1=t462
10812 core=0 tick r=1 y=1 c0=t461 c1=t462
10813 core=0 tick r=0 y=0 c0=t461 c1=t462
10814 core=1 noop r=0 y=0 c0=t461 c1=t462
10815 core=0 noop r=0 y=0 c0=t461 c1=t462
10816 core=1 give r=0 y=0 c0=t461 c1=t462
10817 core=0 give_isr r=0 y=0 c0=t461 c1=t462
10818 core=1 noop r=0 y=0 c0=t461 c1=t462
10819 core=0 prio t463 1 r=0 y=0 c0=t461 c1=t462
10820 core=0 tick r=0 y=0 c0=t461 c1=t462
10821 core=1 takeb t462 2 r=1 y=0 c0=t461 c1=t462
10822 core=0 delete 1 t462 r=0 y=2 c0=t461 c1=t455
10823 core=1 noop r=0 y=0 c0=t461 c1=t455
10824 core=1 resume t463 r=0 y=2 c0=t461 c1=t463
10825 core=1 yield r=0 y=2 c0=t461 c1=t463
10826 core=0 create 3 t467 p1 r=1 y=0 c0=t461 c1=t463
10827 core=1 takeb t463 6 r=2 y=2 c0=t461 c1=t467
10828 core=0 delay t461 2 r=0 y=1 c0=IDLE1 c1=t467
10829 core=1 resume t465 r=0 y=0 c0=IDLE1 c1=t467
10830 core=1 takeb t467 6 r=2 y=2 c0=IDLE1 c1=t466
10831 core=1 prio t466 2 r=0 y=0 c0=IDLE1 c1=t466
10832 core=0 noop r=0 y=0 c0=IDLE1 c1=t466
10833 core=0 resume t467 r=0 y=0 c0=IDLE1 c1=t466
10834 core=1 noop r=0 y=0 c0=IDLE1 c1=t466
10835 core=1 give r=1 y=1 c0=t463 c1=t466
10836 core=0 cont t463 r=1 y=0 c0=t463 c1=t466
10837 core=1 takeb t466 2 r=2 y=2 c0=t463 c1=IDLE0
10838 core=0 noop r=0 y=0 c0=t463 c1=IDLE0
10839 core=0 tick r=0 y=2 c0=t463 c1=t455
10840 core=1 resume t465 r=0 y=0 c0=t463 c1=t455
10841 core=0 delete 4 t466 r=0 y=0 c0=t463 c1=t455
10842 core=0 prio t461 2 r=0 y=0 c0=t463 c1=t455
10843 core=1 noop r=0 y=0 c0=t463 c1=t455
10844 core=0 noop r=0 y=0 c0=t463 c1=t455
10845 core=0 prio t455 1 r=0 y=0 c0=t463 c1=t455
10846 core=1 give r=1 y=0 c0=t463 c1=t455
10847 core=0 noop r=0 y=0 c0=t463 c1=t455
10848 core=1 resume t455 r=0 y=0 c0=t463 c1=t455
10849 core=1 noop r=0 y=0 c0=t463 c1=t455
10850 core=0 delay t463 3 r=0 y=1 c0=t467 c1=t455
10851 core=1 suspend t465 r=0 y=0 c0=t467 c1=t455
10852 core=1 noop r=0 y=0 c0=t467 c1=t455
10853 core=0 cont t467 r=1 y=0 c0=t467 c1=t455
10854 core=1 give r=1 y=0 c0=t467 c1=t455
10855 core=1 create 4 t468 p0 r=1 y=0 c0=t467 c1=t455
10856 core=0 tick r=1 y=3 c0=t461 c1=t467
10857 core=1 delete 4 t468 r=0 y=0 c0=t461 c1=t467
10858 core=0 create 0 t469 p1 r=1 y=0 c0=t461 c1=t467
10859 core=1 yield r=0 y=2 c0=t461 c1=t455
10860 core=0 takeb t461 6 r=1 y=0 c0=t461 c1=t455
10861 core=0 yield r=0 y=1 c0=t461 c1=t455
10862 core=1 suspend t467 r=0 y=0 c0=t461 c1=t455
10863 core=0 noop r=0 y=0 c0=t461 c1=t455
10864 core=0 suspend t463 r=0 y=0 c0=t461 c1=t455
10865 core=1 delete 8 t461 r=0 y=1 c0=t469 c1=t455
10866 core=1 noop r=0 y=0 c0=t469 c1=t455
10867 core=1 noop r=0 y=0 c0=t469 c1=t455
10868 core=0 suspend t467 r=0 y=0 c0=t469 c1=t455
10869 core=0 noop r=0 y=0 c0=t469 c1=t455
10870 core=0 create 9 t470 p0 r=1 y=0 c0=t469 c1=t455
10871 core=1 delete 5 t465 r=0 y=0 c0=t469 c1=t455
10872 core=0 tick r=1 y=3 c0=t469 c1=t455
10873 core=1 noop r=0 y=0 c0=t469 c1=t455
10874 core=1 give_isr r=1 y=0 c0=t469 c1=t455
10875 core=1 take t455 r=1 y=0 c0=t469 c1=t455
10876 core=1 noop r=0 y=0 c0=t469 c1=t455
10877 core=0 takeb t469 6 r=2 y=1 c0=IDLE1 c1=t455
10878 core=0 give_isr r=1 y=1 c0=t469 c1=t455
10879 core=0 cont t469 r=1 y=0 c0=t469 c1=t455
10880 core=1 prio t467 0 r=0 y=0 c0=t469 c1=t455
10881 core=0 suspend t467 r=0 y=0 c0=t469 c1=t455
10882 core=0 tick r=1 y=3 c0=t469 c1=t455
10883 core=0 suspend t455 r=0 y=2 c0=t469 c1=IDLE0
10884 core=0 suspend t467 r=0 y=0 c0=t469 c1=IDLE0
10885 core=1 suspend t455 r=0 y=0 c0=t469 c1=IDLE0
10886 core=0 create 4 t471 p2 r=1 y=2 c0=t469 c1=t471
10887 core=0 noop r=0 y=0 c0=t469 c1=t471
10888 core=1 delay t471 2 r=0 y=2 c0=t469 c1=t470
10889 core=1 give_isr r=1 y=0 c0=t469 c1=t470
10890 core=1 resume t467 r=0 y=0 c0=t469 c1=t470
10891 core=0 delay t469 3 r=0 y=1 c0=IDLE1 c1=t470
10892 core=0 resume t469 r=0 y=0 c0=IDLE1 c1=t470
10893 core=0 tick r=1 y=3 c0=IDLE0 c1=t467
10894 core=0 give_isr r=0 y=0 c0=IDLE0 c1=t467
10895 core=0 give_isr r=0 y=0 c0=IDLE0 c1=t467
10896 core=0 yield r=0 y=1 c0=IDLE1 c1=t467
10897 core=1 noop r=0 y=0 c0=IDLE1 c1=t467
10898 core=1 resume t463 r=0 y=1 c0=t463 c1=t467
10899 core=1 delete 0 t469 r=0 y=0 c0=t463 c1=t467
10900 core=0 create 1 t472 p1 r=1 y=2 c0=t463 c1=t472
10901 core=0 give_isr r=0 y=0 c0=t463 c1=t472
10902 core=0 tick r=1 y=3 c0=t471 c1=t463
10903 core=0 noop r=0 y=0 c0=t471 c1=t463
10904 core=1 prio t472 2 r=0 y=2 c0=t471 c1=t472
10905 core=1 delay t472 4 r=0 y=2 c0=t471 c1=t463
10906 core=0 tick r=0 y=0 c0=t471 c1=t463
10907 core=1 noop r=0 y=0 c0=t471 c1=t463
10908 core=0 delete 7 t455 r=0 y=0 c0=t471 c1=t463
10909 core=0 noop r=0 y=0 c0=t471 c1=t463
10910 core=1 prio t467 1 r=0 y=0 c0=t471 c1=t463
10911 core=1 takeb t463 3 r=1 y=0 c0=t471 c1=t463
10912 core=1 delay t463 1 r=0 y=2 c0=t471 c1=t467
10913 core=0 take t471 r=0 y=0 c0=t471 c1=t467
10914 core=0 give r=1 y=0 c0=t471 c1=t467
10915 core=1 delete 3 t467 r=0 y=2 c0=t471 c1=t470
10916 core=0 noop r=0 y=0 c0=t471 c1=t470
10917 core=1 noop r=0 y=0 c0=t471 c1=t470
10918 core=1 noop r=0 y=0 c0=t471 c1=t470
10919 core=0 delay t471 5 r=0 y=1 c0=IDLE0 c1=t470
10920 core=1 takeb t470 5 r=1 y=0 c0=IDLE0 c1=t470
10921 core=1 noop r=0 y=0 c0=IDLE0 c1=t470
10922 core=1 prio t471 0 r=0 y=0 c0=IDLE0 c1=t470
10923 core=1 give r=1 y=0 c0=IDLE0 c1=t470
10924 core=0 tick r=1 y=3 c0=t463 c1=IDLE1
10925 core=0 noop r=0 y=0 c0=t463 c1=IDLE1
10926 core=0 tick r=0 y=2 c0=t463 c1=IDLE0
10927 core=0 take t463 r=1 y=0 c0=t463 c1=IDLE0
10928 core=0 take t463 r=0 y=0 c0=t463 c1=IDLE0
10929 core=0 create 3 t473 p1 r=1 y=2 c0=t463 c1=t473
10930 core=1 noop r=0 y=0 c0=t463 c1=t473
10931 core=0 tick r=1 y=3 c0=t472 c1=t463
10932 core=1 resume t473 r=0 y=0 c0=t472 c1=t463
10933 core=0 tick r=0 y=2 c0=t472 c1=t473
10934 core=1 give r=1 y=0 c0=t472 c1=t473
10935 core=0 noop r=0 y=0 c0=t472 c1=t473
10936 core=1 take t473 r=1 y=0 c0=t472 c1=t473
10937 core=0 tick r=0 y=2 c0=t472 c1=t463
10938 core=1 delete 3 t473 r=0 y=0 c0=t472 c1=t463
10939 core=1 prio t471 3 r=0 y=2 c0=t472 c1=t471
10940 core=0 takeb t472 4 r=2 y=1 c0=t463 c1=t471
10941 core=0 prio t472 0 r=0 y=0 c0=t463 c1=t471
10942 core=0 prio t463 0 r=0 y=1 c0=t470 c1=t471
10943 core=1 yield r=0 y=2 c0=t470 c1=t471
10944 core=0 delete 1 t472 r=0 y=0 c0=t470 c1=t471
10945 core=0 delay t470 5 r=0 y=1 c0=IDLE1 c1=t471
10946 core=0 tick r=1 y=1 c0=IDLE0 c1=t471
10947 core=0 noop r=0 y=0 c0=IDLE0 c1=t471
10948 core=0 tick r=1 y=1 c0=t463 c1=t471
10949 core=1 give_isr r=1 y=0 c0=t463 c1=t471
10950 core=0 create 8 t474 p3 r=1 y=1 c0=t474 c1=t471
10951 core=0 takeb t474 3 r=1 y=0 c0=t474 c1=t471
10952 core=0 give r=1 y=0 c0=t474 c1=t471
10953 core=1 noop r=0 y=0 c0=t474 c1=t471
10954 core=0 tick r=1 y=3 c0=t474 c1=t471
10955 core=0 tick r=1 y=3 c0=t474 c1=t471
10956 core=0 take t474 r=1 y=0 c0=t474 c1=t471
10957 core=0 yield r=0 y=1 c0=t474 c1=t471
10958 core=1 noop r=0 y=0 c0=t474 c1=t471
10959 core=1 noop r=0 y=0 c0=t474 c1=t471
10960 core=1 prio t470 0 r=0 y=0 c0=t474 c1=t471
10961 core=0 give_isr r=1 y=0 c0=t474 c1=t471
10962 core=1 suspend t471 r=0 y=2 c0=t474 c1=IDLE1
10963 core=0 give_isr r=0 y=0 c0=t474 c1=IDLE1
10964 core=0 noop r=0 y=0 c0=t474 c1=IDLE1
10965 core=0 delay t474 3 r=0 y=1 c0=IDLE0 c1=IDLE1
10966 core=0 noop r=0 y=0 c0=IDLE0 c1=IDLE1
10967 core=1 resume t471 r=0 y=2 c0=IDLE0 c1=t471
10968 core=1 delete 6 t463 r=0 y=0 c0=IDLE0 c1=t471
10969 core=0 prio t470 2 r=0 y=0 c0=IDLE0 c1=t471
10970 core=1 create 3 t475 p1 r=1 y=1 c0=t475 c1=t471
10971 core=0 suspend t474 r=0 y=0 c0=t475 c1=t471
10972 core=1 suspend t475 r=0 y=1 c0=IDLE1 c1=t471
10973 core=1 suspend t470 r=0 y=0 c0=IDLE1 c1=t471
10974 core=0 tick r=1 y=1 c0=IDLE0 c1=t471
10975 core=1 delay t471 1 r=0 y=2 c0=IDLE0 c1=IDLE1
10976 core=0 suspend t471 r=0 y=0 c0=IDLE0 c1=IDLE1
10977 core=1 give r=0 y=0 c0=IDLE0 c1=IDLE1
10978 core=1 noop r=0 y=0 c0=IDLE0 c1=IDLE1
10979 core=0 noop r=0 y=0 c0=IDLE0 c1=IDLE1
10980 core=0 noop r=0 y=0 c0=IDLE0 c1=IDLE1
10981 core=0 noop r=0 y=0 c0=IDLE0 c1=IDLE1
10982 core=0 tick r=1 y=3 c0=IDLE0 c1=IDLE1
10983 core=0 prio t471 3 r=0 y=0 c0=IDLE0 c1=IDLE1
10984 core=1 noop r=0 y=0 c0=IDLE0 c1=IDLE1
10985 core=0 noop r=0 y=0 c0=IDLE0 c1=IDLE1
10986 core=1 delete 9 t470 r=0 y=0 c0=IDLE0 c1=IDLE1
10987 core=0 tick r=1 y=3 c0=IDLE0 c1=IDLE1
10988 core=1 noop r=0 y=0 c0=IDLE0 c1=IDLE1
10989 core=0 noop r=0 y=0 c0=IDLE0 c1=IDLE1
10990 core=1 create 6 t476 p2 r=1 y=2 c0=IDLE0 c1=t476
10991 core=1 resume t471 r=0 y=1 c0=t471 c1=t476
10992 core=0 noop r=0 y=0 c0=t471 c1=t476
10993 core=0 suspend t471 r=0 y=1 c0=IDLE1 c1=t476
10994 core=1 take t476 r=1 y=0 c0=IDLE1 c1=t476
10995 core=0 prio t471 3 r=0 y=0 c0=IDLE1 c1=t476
10996 core=0 give r=1 y=0 c0=IDLE1 c1=t476
10997 core=0 noop r=0 y=0 c0=IDLE1 c1=t476
10998 core=1 noop r=0 y=0 c0=IDLE1 c1=t476
10999 core=0 create 5 t477 p0 r=1 y=1 c0=IDLE0 c1=t476
11000 core=1 noop r=0 y=0 c0=IDLE0 c1=t476
11001 core=1 prio t477 0 r=0 y=0 c0=IDLE0 c1=t476
11002 core=0 give r=0 y=0 c0=IDLE0 c1=t476
11003 core=1 create 0 t478 p0 r=1 y=1 c0=t477 c1=t476
11004 core=0 resume t474 r=0 y=1 c0=t474 c1=t476
11005 core=0 noop r=0 y=0 c0=t474 c1=t476
11006 core=1 give_isr r=0 y=0 c0=t474 c1=t476
11007 core=0 resume t471 r=0 y=2 c0=t474 c1=t471
11008 core=1 prio t471 1 r=0 y=2 c0=t474 c1=t476
11009 core=1 noop r=0 y=0 c0=t474 c1=t476
11010 core=0 takeb t474 1 r=1 y=0 c0=t474 c1=t476
11011 core=0 tick r=0 y=0 c0=t474 c1=t476
11012 core=1 give r=1 y=0 c0=t474 c1=t476
11013 core=1 give_isr r=0 y=0 c0=t474 c1=t476
11014 core=1 yield r=0 y=2 c0=t474 c1=t476
11015 core=0 resume t474 r=0 y=0 c0=t474 c1=t476
11016 core=1 suspend t475 r=0 y=0 c0=t474 c1=t476
11017 core=1 give r=0 y=0 c0=t474 c1=t476
11018 core=1 delay t476 1 r=0 y=2 c0=t474 c1=t471
11019 core=0 takeb t474 2 r=1 y=0 c0=t474 c1=t471
11020 core=0 noop r=0 y=0 c0=t474 c1=t471
11021 core=1 create 2 t479 p1 r=1 y=0 c0=t474 c1=t471
11022 core=1 takeb t471 6 r=2 y=2 c0=t474 c1=t479
11023 core=0 take t474 r=0 y=0 c0=t474 c1=t479
11024 core=0 give_isr r=1 y=0 c0=t474 c1=t479
11025 core=0 give r=0 y=0 c0=t474 c1=t479
11026 core=0 tick r=0 y=2 c0=t474 c1=t476
11027 core=0 noop r=0 y=0 c0=t474 c1=t476
11028 core=0 give r=0 y=0 c0=t474 c1=t476
11029 core=1 delay t476 5 r=0 y=2 c0=t474 c1=t471
11030 core=0 give r=0 y=0 c0=t474 c1=t471
11031 core=0 noop r=0 y=0 c0=t474 c1=t471
11032 core=1 cont t471 r=1 y=0 c0=t474 c1=t471
11033 core=0 tick r=0 y=2 c0=t474 c1=t479
11034 core=1 resume t475 r=0 y=0 c0=t474 c1=t479
11035 core=1 resume t471 r=0 y=0 c0=t474 c1=t479
11036 core=0 noop r=0 y=0 c0=t474 c1=t479
11037 core=0 takeb t474 5 r=2 y=1 c0=t471 c1=t479
11038 core=1 yield r=0 y=2 c0=t471 c1=t475
11039 core=0 noop r=0 y=0 c0=t471 c1=t475
11040 core=1 takeb t475 6 r=2 y=2 c0=t471 c1=t479
11041 core=1 noop r=0 y=0 c0=t471 c1=t479
11042 core=0 takeb t471 5 r=2 y=1 c0=IDLE1 c1=t479
11043 core=1 suspend t478 r=0 y=0 c0=IDLE1 c1=t479
11044 core=0 delete 4 t471 r=0 y=0 c0=IDLE1 c1=t479
11045 core=1 prio t479 2 r=0 y=0 c0=IDLE1 c1=t479
11046 core=0 delete 5 t477 r=0 y=0 c0=IDLE1 c1=t479
11047 core=0 noop r=0 y=0 c0=IDLE1 c1=t479
11048 core=1 give r=1 y=1 c0=t474 c1=t479
11049 core=1 suspend t476 r=0 y=0 c0=t474 c1=t479
11050 core=1 resume t474 r=0 y=0 c0=t474 c1=t479
11051 core=0 cont t474 r=1 y=0 c0=t474 c1=t479
11052 core=0 resume t475 r=0 y=0 c0=t474 c1=t479
11053 core=1 resume t476 r=0 y=0 c0=t474 c1=t479
11054 core=0 give r=1 y=0 c0=t474 c1=t479
11055 core=0 give r=0 y=0 c0=t474 c1=t479
11056 core=1 takeb t479 4 r=1 y=0 c0=t474 c1=t479
11057 core=0 noop r=0 y=0 c0=t474 c1=t479
11058 core=0 tick r=0 y=2 c0=t474 c1=t476
11059 core=0 takeb t474 2 r=2 y=1 c0=t479 c1=t476
11060 core=0 tick r=1 y=3 c0=t479 c1=t476
11061 core=1 give r=1 y=2 c0=t479 c1=t474
11062 core=0 noop r=0 y=0 c0=t479 c1=t474
11063 core=1 cont t474 r=1 y=0 c0=t479 c1=t474
11064 core=0 tick r=1 y=1 c0=t476 c1=t474
11065 core=0 prio t479 1 r=0 y=0 c0=t476 c1=t474
11066 core=0 noop r=0 y=0 c0=t476 c1=t474
11067 core=0 tick r=0 y=0 c0=t476 c1=t474
11068 core=0 suspend t474 r=0 y=2 c0=t476 c1=t475
11069 core=0 tick r=0 y=2 c0=t476 c1=t479
11070 core=1 noop r=0 y=0 c0=t476 c1=t479
11071 core=1 take t479 r=0 y=0 c0=t476 c1=t479
11072 core=0 suspend t476 r=0 y=1 c0=t475 c1=t479
11073 core=1 create 1 t480 p1 r=1 y=0 c0=t475 c1=t479
11074 core=1 noop r=0 y=0 c0=t475 c1=t479
11075 core=1 noop r=0 y=0 c0=t475 c1=t479
11076 core=0 cont t475 r=2 y=1 c0=t480 c1=t479
11077 core=1 create 9 t481 p3 r=1 y=2 c0=t480 c1=t481
11078 core=1 give r=1 y=0 c0=t480 c1=t481
11079 core=0 tick r=1 y=1 c0=t479 c1=t481
11080 core=0 takeb t479 6 r=1 y=0 c0=t479 c1=t481
11081 core=1 prio t476 3 r=0 y=0 c0=t479 c1=t481
11082 core=0 suspend t479 r=0 y=1 c0=t475 c1=t481
11083 core=1 noop r=0 y=0 c0=t475 c1=t481
11084 core=0 cont t475 r=0 y=0 c0=t475 c1=t481
11085 core=1 give r=1 y=0 c0=t475 c1=t481
11086 core=0 takeb t475 1 r=1 y=0 c0=t475 c1=t481
11087 core=0 tick r=1 y=1 c0=t480 c1=t481
11088 core=1 give_isr r=1 y=0 c0=t480 c1=t481
11089 core=0 noop r=0 y=0 c0=t480 c1=t481
11090 core=1 give_isr r=0 y=0 c0=t480 c1=t481
11091 core=1 resume t478 r=0 y=0 c0=t480 c1=t481
11092 core=1 prio t476 3 r=0 y=0 c0=t480 c1=t481
11093 core=0 noop r=0 y=0 c0=t480 c1=t481
11094 core=1 noop r=0 y=0 c0=t480 c1=t481
11095 core=1 prio t480 0 r=0 y=1 c0=t475 c1=t481
11096 core=1 takeb t481 4 r=1 y=0 c0=t475 c1=t481
11097 core=1 delay t481 4 r=0 y=2 c0=t475 c1=IDLE0
11098 core=1 noop r=0 y=0 c0=t475 c1=IDLE0
11099 core=0 tick r=0 y=2 c0=t475 c1=IDLE1
11100 core=0 give r=1 y=0 c0=t475 c1=IDLE1
11101 core=0 give r=0 y=0 c0=t475 c1=IDLE1
11102 core=1 noop r=0 y=0 c0=t475 c1=IDLE1
11103 core=1 give r=0 y=0 c0=t475 c1=IDLE1
11104 core=0 give r=0 y=0 c0=t475 c1=IDLE1
11105 core=0 tick r=0 y=2 c0=t475 c1=t478
11106 core=1 noop r=0 y=0 c0=t475 c1=t478
11107 core=1 give_isr r=0 y=0 c0=t475 c1=t478
11108 core=1 yield r=0 y=2 c0=t475 c1=t480
11109 core=1 noop r=0 y=0 c0=t475 c1=t480
11110 core=0 delay t475 1 r=0 y=1 c0=IDLE0 c1=t480
11111 core=0 delete 1 t480 r=0 y=2 c0=IDLE0 c1=IDLE1
11112 core=1 give r=0 y=0 c0=IDLE0 c1=IDLE1
11113 core=0 tick r=1 y=3 c0=t475 c1=t478
11114 core=1 prio t478 0 r=0 y=0 c0=t475 c1=t478
11115 core=0 give r=0 y=0 c0=t475 c1=t478
11116 core=0 tick r=0 y=2 c0=t475 c1=t481
11117 core=1 resume t476 r=0 y=1 c0=t476 c1=t481
11118 core=1 noop r=0 y=0 c0=t476 c1=t481
11119 core=0 give_isr r=0 y=0 c0=t476 c1=t481
11120 core=1 give_isr r=0 y=0 c0=t476 c1=t481
11121 core=1 noop r=0 y=0 c0=t476 c1=t481
11122 core=0 noop r=0 y=0 c0=t476 c1=t481
11123 core=0 noop r=0 y=0 c0=t476 c1=t481
11124 core=0 noop r=0 y=0 c0=t476 c1=t481
11125 core=0 give r=0 y=0 c0=t476 c1=t481
11126 core=0 suspend t475 r=0 y=0 c0=t476 c1=t481
11127 core=1 give r=0 y=0 c0=t476 c1=t481
11128 core=1 resume t481 r=0 y=0 c0=t476 c1=t481
11129 core=0 tick r=1 y=3 c0=t476 c1=t481
11130 core=0 resume t479 r=0 y=0 c0=t476 c1=t481
11131 core=1 takeb t481 1 r=1 y=0 c0=t476 c1=t481
11132 core=1 noop r=0 y=0 c0=t476 c1=t481
11133 core=1 give r=1 y=0 c0=t476 c1=t481
11134 core=0 noop r=0 y=0 c0=t476 c1=t481
11135 core=1 resume t476 r=0 y=0 c0=t476 c1=t481
11136 core=0 give r=0 y=0 c0=t476 c1=t481
11137 core=0 give r=0 y=0 c0=t476 c1=t481
11138 core=1 noop r=0 y=0 c0=t476 c1=t481
11139 core=1 take t481 r=1 y=0 c0=t476 c1=t481
11140 core=1 noop r=0 y=0 c0=t476 c1=t481
11141 core=0 give_isr r=1 y=0 c0=t476 c1=t481
11142 core=0 suspend t481 r=0 y=2 c0=t476 c1=t479
11143 core=1 noop r=0 y=0 c0=t476 c1=t479
11144 core=1 takeb t479 3 r=1 y=0 c0=t476 c1=t479
11145 core=1 resume t475 r=0 y=0 c0=t476 c1=t479
11146 core=1 noop r=0 y=0 c0=t476 c1=t479
11147 core=0 tick r=0 y=2 c0=t476 c1=t475
11148 core=0 give_isr r=1 y=0 c0=t476 c1=t475
11149 core=1 resume t474 r=0 y=2 c0=t476 c1=t474
11150 core=1 prio t474 1 r=0 y=2 c0=t476 c1=t479
11151 core=1 resume t478 r=0 y=0 c0=t476 c1=t479
11152 core=1 delete 2 t479 r=0 y=2 c0=t476 c1=t475
11153 core=0 takeb t476 3 r=1 y=0 c0=t476 c1=t475
11154 core=1 create 7 t482 p1 r=1 y=0 c0=t476 c1=t475
11155 core=1 give_isr r=1 y=0 c0=t476 c1=t475
11156 core=0 take t476 r=1 y=0 c0=t476 c1=t475
11157 core=1 noop r=0 y=0 c0=t476 c1=t475
11158 core=1 delay t475 4 r=0 y=2 c0=t476 c1=t474
11159 core=1 resume t481 r=0 y=2 c0=t476 c1=t481
11160 core=0 tick r=1 y=3 c0=t476 c1=t481
11161 core=1 noop r=0 y=0 c0=t476 c1=t481
11162 core=0 noop r=0 y=0 c0=t476 c1=t481
11163 core=0 give_isr r=1 y=0 c0=t476 c1=t481
11164 core=1 takeb t481 1 r=1 y=0 c0=t476 c1=t481
11165 core=0 noop r=0 y=0 c0=t476 c1=t481
11166 core=0 tick r=1 y=3 c0=t476 c1=t481
11167 core=1 suspend t482 r=0 y=0 c0=t476 c1=t481
11168 core=0 take t476 r=0 y=0 c0=t476 c1=t481
11169 core=0 tick r=1 y=3 c0=t476 c1=t481
11170 core=0 tick r=1 y=3 c0=t476 c1=t481
11171 core=1 create 1 t483 p3 r=1 y=0 c0=t476 c1=t481
11172 core=0 suspend t476 r=0 y=1 c0=t483 c1=t481
11173 core=0 takeb t483 2 r=2 y=1 c0=t474 c1=t481
11174 core=1 noop r=0 y=0 c0=t474 c1=t481
11175 core=0 resume t478 r=0 y=0 c0=t474 c1=t481
11176 core=0 create 5 t484 p1 r=1 y=0 c0=t474 c1=t481
11177 core=1 give r=1 y=1 c0=t483 c1=t481
11178 core=0 cont t483 r=1 y=0 c0=t483 c1=t481
11179 core=0 noop r=0 y=0 c0=t483 c1=t481
11180 core=0 delete 8 t474 r=0 y=0 c0=t483 c1=t481
11181 core=0 tick r=1 y=3 c0=t483 c1=t481
11182 core=0 noop r=0 y=0 c0=t483 c1=t481
11183 core=0 suspend t482 r=0 y=0 c0=t483 c1=t481
11184 core=1 resume t483 r=0 y=0 c0=t483 c1=t481
11185 core=0 tick r=1 y=3 c0=t483 c1=t481
11186 core=0 resume t475 r=0 y=0 c0=t483 c1=t481
11187 core=1 noop r=0 y=0 c0=t483 c1=t481
11188 core=0 noop r=0 y=0 c0=t483 c1=t481
11189 core=1 give r=1 y=0 c0=t483 c1=t481
11190 core=0 noop r=0 y=0 c0=t483 c1=t481
11191 core=1 give r=0 y=0 c0=t483 c1=t481
11192 core=1 noop r=0 y=0 c0=t483 c1=t481
11193 core=0 prio t478 3 r=0 y=0 c0=t483 c1=t481
11194 core=1 suspend t482 r=0 y=0 c0=t483 c1=t481
11195 core=0 tick r=1 y=3 c0=t478 c1=t483
11196 core=1 give r=0 y=0 c0=t478 c1=t483
11197 core=0 noop r=0 y=0 c0=t478 c1=t483
11198 core=1 delay t483 1 r=0 y=2 c0=t478 c1=t481
11199 core=1 give r=0 y=0 c0=t478 c1=t481
11200 core=1 take t481 r=1 y=0 c0=t478 c1=t481
11201 core=1 resume t484 r=0 y=0 c0=t478 c1=t481
11202 core=0 give_isr r=1 y=0 c0=t478 c1=t481
11203 core=0 resume t484 r=0 y=0 c0=t478 c1=t481
11204 core=1 noop r=0 y=0 c0=t478 c1=t481
11205 core=0 give r=0 y=0 c0=t478 c1=t481
11206 core=0 prio t476 3 r=0 y=0 c0=t478 c1=t481
11207 core=1 noop r=0 y=0 c0=t478 c1=t481
11208 core=0 tick r=1 y=3 c0=t483 c1=t478
11209 core=0 tick r=1 y=3 c0=t481 c1=t483
11210 core=1 delay t483 4 r=0 y=2 c0=t481 c1=t478
11211 core=0 give r=0 y=0 c0=t481 c1=t478
11212 core=1 prio t476 0 r=0 y=0 c0=t481 c1=t478
11213 core=0 tick r=1 y=3 c0=t481 c1=t478
11214 core=1 resume t476 r=0 y=0 c0=t481 c1=t478
11215 core=0 resume t475 r=0 y=0 c0=t481 c1=t478
11216 core=1 resume t483 r=0 y=0 c0=t481 c1=t478
11217 core=0 takeb t481 3 r=1 y=0 c0=t481 c1=t478
11218 core=0 suspend t482 r=0 y=0 c0=t481 c1=t478
11219 core=0 noop r=0 y=0 c0=t481 c1=t478
11220 core=0 prio t478 1 r=0 y=2 c0=t481 c1=t475
11221 core=0 give_isr r=1 y=0 c0=t481 c1=t475
11222 core=1 give_isr r=0 y=0 c0=t481 c1=t475
11223 core=0 takeb t481 3 r=1 y=0 c0=t481 c1=t475
11224 core=1 noop r=0 y=0 c0=t481 c1=t475
11225 core=0 delay t481 4 r=0 y=1 c0=t484 c1=t475
11226 core=0 takeb t484 5 r=2 y=1 c0=t478 c1=t475
11227 core=0 noop r=0 y=0 c0=t478 c1=t475
11228 core=0 prio t484 0 r=0 y=0 c0=t478 c1=t475
11229 core=1 give r=1 y=0 c0=t478 c1=t475
11230 core=1 delay t475 1 r=0 y=2 c0=t478 c1=IDLE0
11231 core=0 tick r=1 y=3 c0=t475 c1=t478
11232 core=1 delete 5 t484 r=0 y=0 c0=t475 c1=t478
11233 core=1 suspend t481 r=0 y=0 c0=t475 c1=t478
11234 core=1 create 2 t485 p0 r=1 y=0 c0=t475 c1=t478
11235 core=0 noop r=0 y=0 c0=t475 c1=t478
11236 core=0 delay t475 2 r=0 y=1 c0=IDLE1 c1=t478
11237 core=0 tick r=1 y=1 c0=t476 c1=t478
11238 core=0 give r=0 y=0 c0=t476 c1=t478
11239 core=0 take t476 r=1 y=0 c0=t476 c1=t478
11240 core=0 noop r=0 y=0 c0=t476 c1=t478
11241 core=0 take t476 r=0 y=0 c0=t476 c1=t478
11242 core=1 noop r=0 y=0 c0=t476 c1=t478
11243 core=1 delay t478 1 r=0 y=2 c0=t476 c1=IDLE0
11244 core=1 noop r=0 y=0 c0=t476 c1=IDLE0
11245 core=1 resume t476 r=0 y=0 c0=t476 c1=IDLE0
11246 core=1 yield r=0 y=2 c0=t476 c1=t485
11247 core=0 tick r=1 y=3 c0=t483 c1=t475
11248 core=0 take t483 r=0 y=0 c0=t483 c1=t475
11249 core=1 give r=1 y=0 c0=t483 c1=t475
11250 core=0 resume t482 r=0 y=0 c0=t483 c1=t475
11251 core=1 give_isr r=0 y=0 c0=t483 c1=t475
11252 core=1 resume t482 r=0 y=0 c0=t483 c1=t475
11253 core=0 suspend t476 r=0 y=0 c0=t483 c1=t475
11254 core=0 give r=0 y=0 c0=t483 c1=t475
11255 core=0 takeb t483 6 r=1 y=0 c0=t483 c1=t475
11256 core=1 give r=1 y=0 c0=t483 c1=t475
11257 core=0 give r=0 y=0 c0=t483 c1=t475
11258 core=1 give_isr r=0 y=0 c0=t483 c1=t475
11259 core=1 give r=0 y=0 c0=t483 c1=t475
11260 core=1 give_isr r=0 y=0 c0=t483 c1=t475
11261 core=1 delete 6 t476 r=0 y=0 c0=t483 c1=t475
11262 core=1 noop r=0 y=0 c0=t483 c1=t475
11263 core=0 resume t478 r=0 y=0 c0=t483 c1=t475
11264 core=1 prio t483 0 r=0 y=1 c0=t478 c1=t475
11265 core=0 suspend t485 r=0 y=0 c0=t478 c1=t475
11266 core=0 tick r=1 y=3 c0=t482 c1=t478
11267 core=0 give r=0 y=0 c0=t482 c1=t478
11268 core=0 give r=0 y=0 c0=t482 c1=t478
11269 core=1 prio t478 0 r=0 y=2 c0=t482 c1=t475
11270 core=1 yield r=0 y=2 c0=t482 c1=t475
11271 core=1 noop r=0 y=0 c0=t482 c1=t475
11272 core=0 noop r=0 y=0 c0=t482 c1=t475
11273 core=0 take t482 r=1 y=0 c0=t482 c1=t475
11274 core=1 suspend t482 r=0 y=1 c0=IDLE1 c1=t475
11275 core=0 resume t485 r=0 y=1 c0=IDLE0 c1=t475
11276 core=0 resume t483 r=0 y=0 c0=IDLE0 c1=t475
11277 core=1 prio t485 1 r=0 y=1 c0=t485 c1=t475
11278 core=0 delay t485 3 r=0 y=1 c0=t483 c1=t475
11279 core=1 give r=1 y=0 c0=t483 c1=t475
11280 core=1 delay t475 2 r=0 y=2 c0=t483 c1=t478
11281 core=0 give r=0 y=0 c0=t483 c1=t478
11282 core=0 delete 0 t478 r=0 y=2 c0=t483 c1=IDLE1
11283 core=0 suspend t481 r=0 y=0 c0=t483 c1=IDLE1
11284 core=1 suspend t475 r=0 y=0 c0=t483 c1=IDLE1
11285 core=1 noop r=0 y=0 c0=t483 c1=IDLE1
11286 core=0 yield r=0 y=1 c0=IDLE0 c1=IDLE1
11287 core=0 tick r=1 y=3 c0=t483 c1=IDLE0
11288 core=0 delay t483 3 r=0 y=1 c0=IDLE1 c1=IDLE0
11289 core=0 create 6 t486 p0 r=1 y=2 c0=IDLE1 c1=t486
11290 core=0 give r=0 y=0 c0=IDLE1 c1=t486
11291 core=1 noop r=0 y=0 c0=IDLE1 c1=t486
11292 core=1 give_isr r=0 y=0 c0=IDLE1 c1=t486
11293 core=0 delete 1 t483 r=0 y=0 c0=IDLE1 c1=t486
11294 core=1 take t486 r=1 y=0 c0=IDLE1 c1=t486
11295 core=0 noop r=0 y=0 c0=IDLE1 c1=t486
11296 core=1 noop r=0 y=0 c0=IDLE1 c1=t486
11297 core=0 prio t481 0 r=0 y=0 c0=IDLE1 c1=t486
11298 core=1 give_isr r=1 y=0 c0=IDLE1 c1=t486
11299 core=1 yield r=0 y=2 c0=IDLE1 c1=IDLE0
11300 core=0 prio t481 0 r=0 y=0 c0=IDLE1 c1=IDLE0
11301 core=1 delete 7 t482 r=0 y=0 c0=IDLE1 c1=IDLE0
11302 core=0 suspend t486 r=0 y=0 c0=IDLE1 c1=IDLE0
11303 core=0 noop r=0 y=0 c0=IDLE1 c1=IDLE0
11304 core=1 delete 2 t485 r=0 y=0 c0=IDLE1 c1=IDLE0
11305 core=1 noop r=0 y=0 c0=IDLE1 c1=IDLE0
11306 core=1 noop r=0 y=0 c0=IDLE1 c1=IDLE0
11307 core=0 noop r=0 y=0 c0=IDLE1 c1=IDLE0
11308 core=0 tick r=1 y=3 c0=IDLE1 c1=IDLE0
11309 core=0 yield r=0 y=1 c0=IDLE1 c1=IDLE0
11310 core=0 noop r=0 y=0 c0=IDLE1 c1=IDLE0
11311 core=0 give r=0 y=0 c0=IDLE1 c1=IDLE0
11312 core=1 noop r=0 y=0 c0=IDLE1 c1=IDLE0
11313 core=1 noop r=0 y=0 c0=IDLE1 c1=IDLE0
11314 core=0 create 8 t487 p1 r=1 y=2 c0=IDLE1 c1=t487
11315 core=0 tick r=1 y=1 c0=IDLE0 c1=t487
11316 core=0 resume t475 r=0 y=1 c0=t475 c1=t487
11317 core=1 suspend t481 r=0 y=0 c0=t475 c1=t487
11318 core=1 delete 6 t486 r=0 y=0 c0=t475 c1=t487
11319 core=0 takeb t475 5 r=1 y=0 c0=t475 c1=t487
11320 core=1 give_isr r=1 y=0 c0=t475 c1=t487
11321 core=1 takeb t487 1 r=1 y=0 c0=t475 c1=t487
11322 core=0 noop r=0 y=0 c0=t475 c1=t487
11323 core=0 resume t487 r=0 y=0 c0=t475 c1=t487
11324 core=0 create 6 t488 p2 r=1 y=2 c0=t475 c1=t488
11325 core=1 noop r=0 y=0 c0=t475 c1=t488
11326 core=1 give r=1 y=0 c0=t475 c1=t488
11327 core=0 give_isr r=0 y=0 c0=t475 c1=t488
11328 core=0 noop r=0 y=0 c0=t475 c1=t488
11329 core=0 noop r=0 y=0 c0=t475 c1=t488
11330 core=0 give_isr r=0 y=0 c0=t475 c1=t488
11331 core=0 tick r=1 y=1 c0=t487 c1=t488
11332 core=1 create 0 t489 p2 r=1 y=1 c0=t489 c1=t488
11333 core=0 give r=0 y=0 c0=t489 c1=t488
11334 core=1 give_isr r=0 y=0 c0=t489 c1=t488
11335 core=1 create 5 t490 p1 r=1 y=0 c0=t489 c1=t488
11336 core=1 delete 5 t490 r=0 y=0 c0=t489 c1=t488
11337 core=0 suspend t475 r=0 y=0 c0=t489 c1=t488
11338 core=0 tick r=1 y=3 c0=t489 c1=t488
11339 core=0 takeb t489 5 r=1 y=0 c0=t489 c1=t488
11340 core=1 delay t488 5 r=0 y=2 c0=t489 c1=t487
11341 core=0 tick r=0 y=0 c0=t489 c1=t487
11342 core=1 create 5 t491 p3 r=1 y=2 c0=t489 c1=t491
11343 core=0 tick r=0 y=0 c0=t489 c1=t491
11344 core=1 noop r=0 y=0 c0=t489 c1=t491
11345 core=1 noop r=0 y=0 c0=t489 c1=t491
11346 core=0 delay t489 1 r=0 y=1 c0=t487 c1=t491
11347 core=1 noop r=0 y=0 c0=t487 c1=t491
11348 core=0 delay t487 3 r=0 y=1 c0=IDLE1 c1=t491
11349 core=0 give r=1 y=0 c0=IDLE1 c1=t491
11350 core=0 noop r=0 y=0 c0=IDLE1 c1=t491
11351 core=0 suspend t481 r=0 y=0 c0=IDLE1 c1=t491
11352 core=1 suspend t489 r=0 y=0 c0=IDLE1 c1=t491
11353 core=1 noop r=0 y=0 c0=IDLE1 c1=t491
11354 core=0 noop r=0 y=0 c0=IDLE1 c1=t491
11355 core=1 give r=0 y=0 c0=IDLE1 c1=t491
11356 core=0 suspend t481 r=0 y=0 c0=IDLE1 c1=t491
11357 core=1 resume t491 r=0 y=0 c0=IDLE1 c1=t491
11358 core=0 give r=0 y=0 c0=IDLE1 c1=t491
11359 core=1 prio t481 0 r=0 y=0 c0=IDLE1 c1=t491
11360 core=1 take t491 r=1 y=0 c0=IDLE1 c1=t491
11361 core=0 noop r=0 y=0 c0=IDLE1 c1=t491
11362 core=0 prio t489 3 r=0 y=0 c0=IDLE1 c1=t491
11363 core=1 delay t491 4 r=0 y=2 c0=IDLE1 c1=IDLE0
11364 core=0 resume t491 r=0 y=0 c0=IDLE1 c1=IDLE0
11365 core=0 give r=1 y=0 c0=IDLE1 c1=IDLE0
11366 core=0 noop r=0 y=0 c0=IDLE1 c1=IDLE0
11367 core=1 noop r=0 y=0 c0=IDLE1 c1=IDLE0
11368 core=0 noop r=0 y=0 c0=IDLE1 c1=IDLE0
11369 core=0 noop r=0 y=0 c0=IDLE1 c1=IDLE0
11370 core=1 resume t488 r=0 y=0 c0=IDLE1 c1=IDLE0
11371 core=1 give r=0 y=0 c0=IDLE1 c1=IDLE0
11372 core=1 prio t481 3 r=0 y=0 c0=IDLE1 c1=IDLE0
11373 core=0 suspend t491 r=0 y=0 c0=IDLE1 c1=IDLE0
11374 core=1 create 1 t492 p1 r=1 y=2 c0=IDLE1 c1=t492
11375 core=1 noop r=0 y=0 c0=IDLE1 c1=t492
11376 core=0 give r=0 y=0 c0=IDLE1 c1=t492
11377 core=0 noop r=0 y=0 c0=IDLE1 c1=t492
11378 core=1 resume t489 r=0 y=1 c0=t489 c1=t492
11379 core=1 delete 6 t488 r=0 y=0 c0=t489 c1=t492
11380 core=1 create 2 t493 p0 r=1 y=0 c0=t489 c1=t492
11381 core=0 noop r=0 y=0 c0=t489 c1=t492
11382 core=0 prio t491 1 r=0 y=0 c0=t489 c1=t492
11383 core=1 delay t492 5 r=0 y=2 c0=t489 c1=IDLE0
11384 core=1 give_isr r=0 y=0 c0=t489 c1=IDLE0
11385 core=1 noop r=0 y=0 c0=t489 c1=IDLE0
11386 core=0 tick r=0 y=2 c0=t489 c1=IDLE1
11387 core=0 tick r=0 y=2 c0=t489 c1=t493
11388 core=0 prio t491 3 r=0 y=0 c0=t489 c1=t493
11389 core=1 prio t492 1 r=0 y=0 c0=t489 c1=t493
11390 core=1 yield r=0 y=2 c0=t489 c1=IDLE0
11391 core=1 noop r=0 y=0 c0=t489 c1=IDLE0
11392 core=0 give r=0 y=0 c0=t489 c1=IDLE0
11393 core=0 suspend t489 r=0 y=1 c0=IDLE1 c1=IDLE0
11394 core=0 noop r=0 y=0 c0=IDLE1 c1=IDLE0
11395 core=0 resume t493 r=0 y=0 c0=IDLE1 c1=IDLE0
11396 core=0 give r=0 y=0 c0=IDLE1 c1=IDLE0
11397 core=1 noop r=0 y=0 c0=IDLE1 c1=IDLE0
11398 core=1 noop r=0 y=0 c0=IDLE1 c1=IDLE0
11399 core=0 suspend t475 r=0 y=0 c0=IDLE1 c1=IDLE0
11400 core=1 prio t475 3 r=0 y=0 c0=IDLE1 c1=IDLE0
11401 core=1 prio t491 3 r=0 y=0 c0=IDLE1 c1=IDLE0
11402 core=0 noop r=0 y=0 c0=IDLE1 c1=IDLE0
11403 core=0 noop r=0 y=0 c0=IDLE1 c1=IDLE0
11404 core=0 noop r=0 y=0 c0=IDLE1 c1=IDLE0
11405 core=0 noop r=0 y=0 c0=IDLE1 c1=IDLE0
11406 core=1 noop r=0 y=0 c0=IDLE1 c1=IDLE0
11407 core=0 noop r=0 y=0 c0=IDLE1 c1=IDLE0
11408 core=0 noop r=0 y=0 c0=IDLE1 c1=IDLE0
11409 core=0 noop r=0 y=0 c0=IDLE1 c1=IDLE0
11410 core=1 noop r=0 y=0 c0=IDLE1 c1=IDLE0
11411 core=1 resume t492 r=0 y=0 c0=IDLE1 c1=IDLE0
11412 core=0 noop r=0 y=0 c0=IDLE1 c1=IDLE0
11413 core=1 give r=0 y=0 c0=IDLE1 c1=IDLE0
11414 core=0 suspend t487 r=0 y=0 c0=IDLE1 c1=IDLE0
11415 core=0 noop r=0 y=0 c0=IDLE1 c1=IDLE0
11416 core=0 tick r=1 y=3 c0=t493 c1=IDLE1
11417 core=0 tick r=1 y=3 c0=IDLE0 c1=t493
11418 core=1 prio t491 3 r=0 y=0 c0=IDLE0 c1=t493
11419 core=1 resume t492 r=0 y=0 c0=IDLE0 c1=t493
11420 core=0 give r=0 y=0 c0=IDLE0 c1=t493
11421 core=0 create 4 t494 p0 r=1 y=1 c0=IDLE1 c1=t493
11422 core=0 tick r=1 y=3 c0=t492 c1=t494
11423 core=0 noop r=0 y=0 c0=t492 c1=t494
11424 core=0 delete 3 t475 r=0 y=0 c0=t492 c1=t494
11425 core=1 prio t487 0 r=0 y=0 c0=t492 c1=t494
11426 core=1 takeb t494 6 r=1 y=0 c0=t492 c1=t494
11427 core=1 suspend t491 r=0 y=0 c0=t492 c1=t494
11428 core=1 resume t481 r=0 y=2 c0=t492 c1=t481
11429 core=0 tick r=0 y=0 c0=t492 c1=t481
11430 core=0 takeb t492 2 r=2 y=1 c0=IDLE0 c1=t481
11431 core=1 resume t494 r=0 y=0 c0=IDLE0 c1=t481
11432 core=0 prio t494 2 r=0 y=1 c0=t494 c1=t481
11433 core=1 noop r=0 y=0 c0=t494 c1=t481
11434 core=0 tick r=0 y=0 c0=t494 c1=t481
11435 core=0 tick r=0 y=0 c0=t494 c1=t481
11436 core=0 give r=1 y=0 c0=t494 c1=t481
11437 core=1 noop r=0 y=0 c0=t494 c1=t481
11438 core=0 delete 0 t489 r=0 y=0 c0=t494 c1=t481
11439 core=0 delay t494 5 r=0 y=1 c0=t492 c1=t481
11440 core=1 suspend t494 r=0 y=0 c0=t492 c1=t481
11441 core=0 cont t492 r=1 y=0 c0=t492 c1=t481
11442 core=0 yield r=0 y=1 c0=t492 c1=t481
11443 core=1 give_isr r=1 y=0 c0=t492 c1=t481
11444 core=1 give r=0 y=0 c0=t492 c1=t481
11445 core=0 tick r=0 y=0 c0=t492 c1=t481
11446 core=0 noop r=0 y=0 c0=t492 c1=t481
11447 core=0 yield r=0 y=1 c0=t492 c1=t481
11448 core=0 noop r=0 y=0 c0=t492 c1=t481
11449 core=0 noop r=0 y=0 c0=t492 c1=t481
11450 core=0 give r=0 y=0 c0=t492 c1=t481
11451 core=1 noop r=0 y=0 c0=t492 c1=t481
11452 core=0 noop r=0 y=0 c0=t492 c1=t481
11453 core=0 prio t494 2 r=0 y=0 c0=t492 c1=t481
11454 core=0 noop r=0 y=0 c0=t492 c1=t481
11455 core=0 resume t487 r=0 y=0 c0=t492 c1=t481
11456 core=1 delay t481 2 r=0 y=2 c0=t492 c1=IDLE1
11457 core=0 noop r=0 y=0 c0=t492 c1=IDLE1
11458 core=0 tick r=0 y=2 c0=t492 c1=t493
11459 core=1 prio t492 0 r=0 y=1 c0=IDLE0 c1=t493
11460 core=0 noop r=0 y=0 c0=IDLE0 c1=t493
11461 core=0 suspend t487 r=0 y=0 c0=IDLE0 c1=t493
11462 core=0 give_isr r=0 y=0 c0=IDLE0 c1=t493
11463 core=0 noop r=0 y=0 c0=IDLE0 c1=t493
11464 core=1 delay t493 4 r=0 y=2 c0=IDLE0 c1=IDLE1
11465 core=0 create 7 t495 p3 r=1 y=2 c0=IDLE0 c1=t495
11466 core=0 noop r=0 y=0 c0=IDLE0 c1=t495
11467 core=0 resume t495 r=0 y=0 c0=IDLE0 c1=t495
11468 core=0 noop r=0 y=0 c0=IDLE0 c1=t495
11469 core=0 resume t494 r=0 y=1 c0=t494 c1=t495
11470 core=1 suspend t495 r=0 y=2 c0=t494 c1=t492
11471 core=0 noop r=0 y=0 c0=t494 c1=t492
11472 core=0 delete 8 t487 r=0 y=0 c0=t494 c1=t492
11473 core=0 noop r=0 y=0 c0=t494 c1=t492
11474 core=1 prio t492 3 r=0 y=0 c0=t494 c1=t492
11475 core=0 noop r=0 y=0 c0=t494 c1=t492
11476 core=1 noop r=0 y=0 c0=t494 c1=t492
11477 core=0 tick r=1 y=3 c0=t481 c1=t492
11478 core=1 suspend t492 r=0 y=2 c0=t481 c1=t494
11479 core=0 noop r=0 y=0 c0=t481 c1=t494
11480 core=0 create 6 t496 p3 r=1 y=2 c0=t481 c1=t496
11481 core=0 give_isr r=0 y=0 c0=t481 c1=t496
11482 core=0 suspend t481 r=0 y=1 c0=t494 c1=t496
11483 core=0 noop r=0 y=0 c0=t494 c1=t496
11484 core=1 suspend t494 r=0 y=1 c0=IDLE1 c1=t496
11485 core=1 takeb t496 2 r=1 y=0 c0=IDLE1 c1=t496
11486 core=1 prio t491 2 r=0 y=0 c0=IDLE1 c1=t496
11487 core=0 suspend t491 r=0 y=0 c0=IDLE1 c1=t496
11488 core=0 tick r=1 y=1 c0=IDLE0 c1=t496
11489 core=0 give r=1 y=0 c0=IDLE0 c1=t496
11490 core=0 noop r=0 y=0 c0=IDLE0 c1=t496
11491 core=1 suspend t493 r=0 y=0 c0=IDLE0 c1=t496
11492 core=1 delete 4 t494 r=0 y=0 c0=IDLE0 c1=t496
11493 core=1 take t496 r=1 y=0 c0=IDLE0 c1=t496
11494 core=0 noop r=0 y=0 c0=IDLE0 c1=t496
11495 core=1 give_isr r=1 y=0 c0=IDLE0 c1=t496
11496 core=1 delay t496 2 r=0 y=2 c0=IDLE0 c1=IDLE1
11497 core=0 prio t493 1 r=0 y=0 c0=IDLE0 c1=IDLE1
11498 core=0 tick r=1 y=3 c0=IDLE0 c1=IDLE1
11499 core=1 noop r=0 y=0 c0=IDLE0 c1=IDLE1
11500 core=0 tick r=1 y=3 c0=t496 c1=IDLE0
11501 core=0 tick r=0 y=2 c0=t496 c1=IDLE1
11502 core=0 noop r=0 y=0 c0=t496 c1=IDLE1
11503 core=0 prio t496 1 r=0 y=1 c0=t496 c1=IDLE1
11504 core=1 noop r=0 y=0 c0=t496 c1=IDLE1
11505 core=0 give r=0 y=0 c0=t496 c1=IDLE1
11506 core=0 prio t493 3 r=0 y=0 c0=t496 c1=IDLE1
11507 core=1 noop r=0 y=0 c0=t496 c1=IDLE1
11508 core=0 delay t496 5 r=0 y=1 c0=IDLE0 c1=IDLE1
11509 core=1 give_isr r=0 y=0 c0=IDLE0 c1=IDLE1
11510 core=0 tick r=1 y=3 c0=IDLE0 c1=IDLE1
11511 core=1 noop r=0 y=0 c0=IDLE0 c1=IDLE1
11512 core=1 noop r=0 y=0 c0=IDLE0 c1=IDLE1
11513 core=1 give_isr r=0 y=0 c0=IDLE0 c1=IDLE1
11514 core=1 give_isr r=0 y=0 c0=IDLE0 c1=IDLE1
11515 core=0 noop r=0 y=0 c0=IDLE0 c1=IDLE1
11516 core=1 noop r=0 y=0 c0=IDLE0 c1=IDLE1
11517 core=1 noop r=0 y=0 c0=IDLE0 c1=IDLE1
11518 core=0 suspend t495 r=0 y=0 c0=IDLE0 c1=IDLE1
11519 core=0 delete 9 t481 r=0 y=0 c0=IDLE0 c1=IDLE1
11520 core=1 noop r=0 y=0 c0=IDLE0 c1=IDLE1
11521 core=1 noop r=0 y=0 c0=IDLE0 c1=IDLE1
11522 core=0 noop r=0 y=0 c0=IDLE0 c1=IDLE1
11523 core=1 give_isr r=0 y=0 c0=IDLE0 c1=IDLE1
11524 core=1 noop r=0 y=0 c0=IDLE0 c1=IDLE1
11525 core=1 noop r=0 y=0 c0=IDLE0 c1=IDLE1
11526 core=0 tick r=1 y=3 c0=IDLE0 c1=IDLE1
11527 core=1 give r=0 y=0 c0=IDLE0 c1=IDLE1
11528 core=0 create 0 t497 p0 r=1 y=2 c0=IDLE0 c1=t497
11529 core=1 noop r=0 y=0 c0=IDLE0 c1=t497
11530 core=1 delete 7 t495 r=0 y=0 c0=IDLE0 c1=t497
11531 core=0 tick r=1 y=3 c0=IDLE1 c1=IDLE0
11532 core=0 tick r=1 y=3 c0=t497 c1=IDLE1
11533 core=0 noop r=0 y=0 c0=t497 c1=IDLE1
11534 core=0 resume t497 r=0 y=0 c0=t497 c1=IDLE1
11535 core=0 tick r=1 y=3 c0=t496 c1=IDLE0
11536 core=0 resume t492 r=0 y=2 c0=t496 c1=t492
11537 core=0 noop r=0 y=0 c0=t496 c1=t492
11538 core=1 noop r=0 y=0 c0=t496 c1=t492
11539 core=1 give r=0 y=0 c0=t496 c1=t492
11540 core=0 suspend t496 r=0 y=1 c0=t497 c1=t492
11541 core=0 delete 0 t497 r=0 y=1 c0=IDLE1 c1=t492
11542 core=0 suspend t493 r=0 y=0 c0=IDLE1 c1=t492
11543 core=0 noop r=0 y=0 c0=IDLE1 c1=t492
11544 core=1 noop r=0 y=0 c0=IDLE1 c1=t492
11545 core=1 delay t492 4 r=0 y=2 c0=IDLE1 c1=IDLE0
11546 core=1 noop r=0 y=0 c0=IDLE1 c1=IDLE0
11547 core=1 noop r=0 y=0 c0=IDLE1 c1=IDLE0
11548 core=0 noop r=0 y=0 c0=IDLE1 c1=IDLE0
11549 core=0 resume t493 r=0 y=2 c0=IDLE1 c1=t493
11550 core=1 delay t493 4 r=0 y=2 c0=IDLE1 c1=IDLE0
11551 core=0 tick r=1 y=3 c0=IDLE1 c1=IDLE0
11552 core=1 noop r=0 y=0 c0=IDLE1 c1=IDLE0
11553 core=0 noop r=0 y=0 c0=IDLE1 c1=IDLE0
11554 core=1 create 9 t498 p3 r=1 y=2 c0=IDLE1 c1=t498
11555 core=0 create 7 t499 p3 r=1 y=1 c0=t499 c1=t498
11556 core=0 tick r=1 y=3 c0=t499 c1=t498
11557 core=1 noop r=0 y=0 c0=t499 c1=t498
11558 core=1 prio t493 1 r=0 y=0 c0=t499 c1=t498
11559 core=0 tick r=1 y=3 c0=t499 c1=t498
11560 core=1 resume t493 r=0 y=0 c0=t499 c1=t498
11561 core=1 takeb t498 6 r=1 y=0 c0=t499 c1=t498
11562 core=0 tick r=1 y=3 c0=t492 c1=t499
11563 core=0 tick r=1 y=3 c0=t498 c1=t492
11564 core=0 give r=1 y=0 c0=t498 c1=t492
11565 core=0 give r=0 y=0 c0=t498 c1=t492
11566 core=1 delete 1 t492 r=0 y=2 c0=t498 c1=t499
11567 core=1 noop r=0 y=0 c0=t498 c1=t499
11568 core=1 delay t499 1 r=0 y=2 c0=t498 c1=t493
11569 core=0 give_isr r=0 y=0 c0=t498 c1=t493
11570 core=1 prio t491 1 r=0 y=0 c0=t498 c1=t493
11571 core=1 take t493 r=1 y=0 c0=t498 c1=t493
11572 core=1 noop r=0 y=0 c0=t498 c1=t493
11573 core=1 give_isr r=1 y=0 c0=t498 c1=t493
11574 core=1 takeb t493 6 r=1 y=0 c0=t498 c1=t493
11575 core=1 takeb t493 5 r=2 y=2 c0=t498 c1=IDLE0
11576 core=1 noop r=0 y=0 c0=t498 c1=IDLE0
11577 core=0 tick r=1 y=3 c0=t499 c1=t498
11578 core=1 resume t498 r=0 y=0 c0=t499 c1=t498
11579 core=0 create 3 t500 p2 r=1 y=0 c0=t499 c1=t498
11580 core=1 noop r=0 y=0 c0=t499 c1=t498
11581 core=0 noop r=0 y=0 c0=t499 c1=t498
11582 core=0 delay t499 2 r=0 y=1 c0=t500 c1=t498
11583 core=0 resume t491 r=0 y=0 c0=t500 c1=t498
11584 core=1 delete 5 t491 r=0 y=0 c0=t500 c1=t498
11585 core=1 noop r=0 y=0 c0=t500 c1=t498
11586 core=1 prio t499 3 r=0 y=0 c0=t500 c1=t498
11587 core=0 tick r=0 y=0 c0=t500 c1=t498
11588 core=0 tick r=1 y=3 c0=t499 c1=t498
11589 core=1 delete 2 t493 r=0 y=0 c0=t499 c1=t498
11590 core=1 give r=1 y=0 c0=t499 c1=t498
11591 core=1 takeb t498 3 r=1 y=0 c0=t499 c1=t498
11592 core=0 create 5 t501 p3 r=1 y=0 c0=t499 c1=t498
11593 core=1 yield r=0 y=2 c0=t499 c1=t501
11594 core=1 take t501 r=0 y=0 c0=t499 c1=t501
11595 core=1 noop r=0 y=0 c0=t499 c1=t501
11596 core=1 give r=1 y=0 c0=t499 c1=t501
11597 core=0 suspend t501 r=0 y=2 c0=t499 c1=t498
11598 core=0 tick r=1 y=3 c0=t499 c1=t498
11599 core=0 tick r=1 y=3 c0=t499 c1=t498
11600 core=1 noop r=0 y=0 c0=t499 c1=t498
11601 core=0 tick r=1 y=3 c0=t499 c1=t498
11602 core=1 create 0 t502 p3 r=1 y=0 c0=t499 c1=t498
11603 core=0 noop r=0 y=0 c0=t499 c1=t498
11604 core=0 give_isr r=0 y=0 c0=t499 c1=t498
11605 core=1 noop r=0 y=0 c0=t499 c1=t498
11606 core=0 noop r=0 y=0 c0=t499 c1=t498
11607 core=0 suspend t498 r=0 y=2 c0=t499 c1=t502
11608 core=0 resume t502 r=0 y=0 c0=t499 c1=t502
11609 core=1 resume t502 r=0 y=0 c0=t499 c1=t502
11610 core=0 noop r=0 y=0 c0=t499 c1=t502
11611 core=0 give r=0 y=0 c0=t499 c1=t502
11612 core=0 noop r=0 y=0 c0=t499 c1=t502
11613 core=0 resume t498 r=0 y=0 c0=t499 c1=t502
11614 core=1 takeb t502 3 r=1 y=0 c0=t499 c1=t502
11615 core=1 noop r=0 y=0 c0=t499 c1=t502
11616 core=1 take t502 r=0 y=0 c0=t499 c1=t502
11617 core=0 noop r=0 y=0 c0=t499 c1=t502
11618 core=0 give_isr r=1 y=0 c0=t499 c1=t502
11619 core=1 takeb t502 5 r=1 y=0 c0=t499 c1=t502
11620 core=1 delay t502 3 r=0 y=2 c0=t499 c1=t498
11621 core=1 noop r=0 y=0 c0=t499 c1=t498
11622 core=0 noop r=0 y=0 c0=t499 c1=t498
11623 core=0 resume t496 r=0 y=0 c0=t499 c1=t498
11624 core=1 create 2 t503 p2 r=1 y=0 c0=t499 c1=t498
11625 core=1 delete 9 t498 r=0 y=2 c0=t499 c1=t500
11626 core=1 noop r=0 y=0 c0=t499 c1=t500
11627 core=1 prio t496 0 r=0 y=0 c0=t499 c1=t500
11628 core=0 suspend t503 r=0 y=0 c0=t499 c1=t500
11629 core=1 give r=1 y=0 c0=t499 c1=t500
11630 core=1 give_isr r=0 y=0 c0=t499 c1=t500
11631 core=1 give r=0 y=0 c0=t499 c1=t500
11632 core=1 noop r=0 y=0 c0=t499 c1=t500
11633 core=1 delete 0 t502 r=0 y=0 c0=t499 c1=t500
11634 core=1 noop r=0 y=0 c0=t499 c1=t500
11635 core=0 noop r=0 y=0 c0=t499 c1=t500
11636 core=0 noop r=0 y=0 c0=t499 c1=t500
11637 core=1 noop r=0 y=0 c0=t499 c1=t500
11638 core=1 create 8 t504 p3 r=1 y=2 c0=t499 c1=t504
11639 core=0 noop r=0 y=0 c0=t499 c1=t504
11640 core=1 delay t504 4 r=0 y=2 c0=t499 c1=t500
11641 core=1 take t500 r=1 y=0 c0=t499 c1=t500
11642 core=0 suspend t501 r=0 y=0 c0=t499 c1=t500
11643 core=1 noop r=0 y=0 c0=t499 c1=t500
11644 core=0 delay t499 3 r=0 y=1 c0=IDLE1 c1=t500
11645 core=1 delete 6 t496 r=0 y=0 c0=IDLE1 c1=t500
11646 core=1 take t500 r=0 y=0 c0=IDLE1 c1=t500
11647 core=0 noop r=0 y=0 c0=IDLE1 c1=t500
11648 core=1 delay t500 3 r=0 y=2 c0=IDLE1 c1=IDLE0
11649 core=0 give r=1 y=0 c0=IDLE1 c1=IDLE0
11650 core=0 noop r=0 y=0 c0=IDLE1 c1=IDLE0
11651 core=1 prio t504 2 r=0 y=0 c0=IDLE1 c1=IDLE0
11652 core=0 prio t501 1 r=0 y=0 c0=IDLE1 c1=IDLE0
11653 core=0 noop r=0 y=0 c0=IDLE1 c1=IDLE0
11654 core=1 suspend t500 r=0 y=0 c0=IDLE1 c1=IDLE0
11655 core=1 delete 2 t503 r=0 y=0 c0=IDLE1 c1=IDLE0
11656 core=1 give r=0 y=0 c0=IDLE1 c1=IDLE0
11657 core=1 give r=0 y=0 c0=IDLE1 c1=IDLE0
11658 core=0 tick r=1 y=3 c0=IDLE1 c1=IDLE0
11659 core=0 noop r=0 y=0 c0=IDLE1 c1=IDLE0
11660 core=0 noop r=0 y=0 c0=IDLE1 c1=IDLE0
11661 core=1 noop r=0 y=0 c0=IDLE1 c1=IDLE0
11662 core=0 noop r=0 y=0 c0=IDLE1 c1=IDLE0
11663 core=1 give_isr r=0 y=0 c0=IDLE1 c1=IDLE0
11664 core=1 prio t500 2 r=0 y=0 c0=IDLE1 c1=IDLE0
11665 core=0 resume t500 r=0 y=2 c0=IDLE1 c1=t500
11666 core=1 noop r=0 y=0 c0=IDLE1 c1=t500
11667 core=0 noop r=0 y=0 c0=IDLE1 c1=t500
11668 core=0 give_isr r=0 y=0 c0=IDLE1 c1=t500
11669 core=0 tick r=1 y=1 c0=IDLE0 c1=t500
11670 core=1 delay t500 5 r=0 y=2 c0=IDLE0 c1=IDLE1
11671 core=0 give r=0 y=0 c0=IDLE0 c1=IDLE1
11672 core=1 noop r=0 y=0 c0=IDLE0 c1=IDLE1
11673 core=1 create 9 t505 p1 r=1 y=2 c0=IDLE0 c1=t505
11674 core=0 tick r=1 y=1 c0=t499 c1=t505
11675 core=0 yield r=0 y=1 c0=t499 c1=t505
11676 core=0 give_isr r=0 y=0 c0=t499 c1=t505
11677 core=0 prio t505 3 r=0 y=0 c0=t499 c1=t505
11678 core=0 give_isr r=0 y=0 c0=t499 c1=t505
11679 core=0 prio t505 0 r=0 y=2 c0=t499 c1=IDLE1
11680 core=0 take t499 r=1 y=0 c0=t499 c1=IDLE1
11681 core=1 prio t504 3 r=0 y=0 c0=t499 c1=IDLE1
11682 core=0 delete 7 t499 r=0 y=1 c0=IDLE0 c1=IDLE1
11683 core=0 noop r=0 y=0 c0=IDLE0 c1=IDLE1
11684 core=1 noop r=0 y=0 c0=IDLE0 c1=IDLE1
11685 core=1 create 6 t506 p0 r=1 y=2 c0=IDLE0 c1=t505
11686 core=1 delete 9 t505 r=0 y=2 c0=IDLE0 c1=t506
11687 core=1 noop r=0 y=0 c0=IDLE0 c1=t506
11688 core=1 noop r=0 y=0 c0=IDLE0 c1=t506
11689 core=0 create 7 t507 p1 r=1 y=1 c0=t507 c1=t506
11690 core=0 noop r=0 y=0 c0=t507 c1=t506
11691 core=1 give r=1 y=0 c0=t507 c1=t506
11692 core=1 give_isr r=0 y=0 c0=t507 c1=t506
11693 core=1 resume t504 r=0 y=0 c0=t507 c1=t506
11694 core=1 noop r=0 y=0 c0=t507 c1=t506
11695 core=1 delay t506 3 r=0 y=2 c0=t507 c1=IDLE1
11696 core=0 suspend t507 r=0 y=1 c0=IDLE0 c1=IDLE1
11697 core=1 noop r=0 y=0 c0=IDLE0 c1=IDLE1
11698 core=1 suspend t504 r=0 y=0 c0=IDLE0 c1=IDLE1
11699 core=1 noop r=0 y=0 c0=IDLE0 c1=IDLE1
11700 core=0 noop r=0 y=0 c0=IDLE0 c1=IDLE1
11701 core=1 noop r=0 y=0 c0=IDLE0 c1=IDLE1
11702 core=0 noop r=0 y=0 c0=IDLE0 c1=IDLE1
11703 core=0 tick r=1 y=3 c0=IDLE0 c1=IDLE1
11704 core=1 resume t506 r=0 y=0 c0=IDLE0 c1=IDLE1
11705 core=1 noop r=0 y=0 c0=IDLE0 c1=IDLE1
11706 core=0 noop r=0 y=0 c0=IDLE0 c1=IDLE1
11707 core=0 noop r=0 y=0 c0=IDLE0 c1=IDLE1
11708 core=0 noop r=0 y=0 c0=IDLE0 c1=IDLE1
11709 core=1 suspend t500 r=0 y=0 c0=IDLE0 c1=IDLE1
11710 core=0 noop r=0 y=0 c0=IDLE0 c1=IDLE1
11711 core=1 give r=0 y=0 c0=IDLE0 c1=IDLE1
11712 core=1 prio t501 2 r=0 y=0 c0=IDLE0 c1=IDLE1
11713 core=0 give_isr r=0 y=0 c0=IDLE0 c1=IDLE1
11714 core=0 noop r=0 y=0 c0=IDLE0 c1=IDLE1
11715 core=0 tick r=1 y=3 c0=IDLE0 c1=IDLE1
11716 core=0 noop r=0 y=0 c0=IDLE0 c1=IDLE1
11717 core=1 give r=0 y=0 c0=IDLE0 c1=IDLE1
11718 core=0 tick r=1 y=3 c0=t506 c1=IDLE0
11719 core=1 give_isr r=0 y=0 c0=t506 c1=IDLE0
11720 core=0 give_isr r=0 y=0 c0=t506 c1=IDLE0
11721 core=1 prio t507 1 r=0 y=0 c0=t506 c1=IDLE0
11722 core=1 noop r=0 y=0 c0=t506 c1=IDLE0
11723 core=0 give r=0 y=0 c0=t506 c1=IDLE0
11724 core=0 delete 3 t500 r=0 y=0 c0=t506 c1=IDLE0
11725 core=0 noop r=0 y=0 c0=t506 c1=IDLE0
11726 core=1 give r=0 y=0 c0=t506 c1=IDLE0
11727 core=1 noop r=0 y=0 c0=t506 c1=IDLE0
11728 core=1 noop r=0 y=0 c0=t506 c1=IDLE0
11729 core=0 give_isr r=0 y=0 c0=t506 c1=IDLE0
11730 core=0 give r=0 y=0 c0=t506 c1=IDLE0
11731 core=1 noop r=0 y=0 c0=t506 c1=IDLE0
11732 core=1 give r=0 y=0 c0=t506 c1=IDLE0
11733 core=1 give r=0 y=0 c0=t506 c1=IDLE0
11734 core=1 suspend t507 r=0 y=0 c0=t506 c1=IDLE0
11735 core=0 tick r=1 y=3 c0=IDLE1 c1=t506
11736 core=1 noop r=0 y=0 c0=IDLE1 c1=t506
11737 core=0 tick r=1 y=3 c0=IDLE0 c1=IDLE1
11738 core=0 create 4 t508 p0 r=1 y=2 c0=IDLE0 c1=t506
11739 core=1 delay t506 5 r=0 y=2 c0=IDLE0 c1=t508
11740 core=0 tick r=1 y=3 c0=IDLE1 c1=IDLE0
11741 core=1 noop r=0 y=0 c0=IDLE1 c1=IDLE0
11742 core=0 delete 6 t506 r=0 y=0 c0=IDLE1 c1=IDLE0
11743 core=0 tick r=1 y=3 c0=t508 c1=IDLE1
11744 core=0 give r=0 y=0 c0=t508 c1=IDLE1
11745 core=0 yield r=0 y=1 c0=IDLE0 c1=IDLE1
11746 core=0 tick r=1 y=3 c0=t508 c1=IDLE0
11747 core=0 noop r=0 y=0 c0=t508 c1=IDLE0
11748 core=1 create 9 t509 p0 r=1 y=2 c0=t508 c1=IDLE1
11749 core=0 prio t508 0 r=0 y=0 c0=t508 c1=IDLE1
11750 core=0 take t508 r=1 y=0 c0=t508 c1=IDLE1
11751 core=0 give_isr r=1 y=0 c0=t508 c1=IDLE1
11752 core=1 suspend t507 r=0 y=0 c0=t508 c1=IDLE1
11753 core=1 prio t509 1 r=0 y=2 c0=t508 c1=t509
11754 core=0 takeb t508 2 r=1 y=0 c0=t508 c1=t509
11755 core=0 tick r=1 y=1 c0=IDLE0 c1=t509
11756 core=1 give_isr r=1 y=0 c0=IDLE0 c1=t509
11757 core=0 give_isr r=0 y=0 c0=IDLE0 c1=t509
11758 core=1 give r=0 y=0 c0=IDLE0 c1=t509
11759 core=1 noop r=0 y=0 c0=IDLE0 c1=t509
11760 core=0 noop r=0 y=0 c0=IDLE0 c1=t509
11761 core=0 noop r=0 y=0 c0=IDLE0 c1=t509
11762 core=1 delay t509 4 r=0 y=2 c0=IDLE0 c1=IDLE1
11763 core=1 create 3 t510 p1 r=1 y=2 c0=IDLE0 c1=t510
11764 core=0 resume t504 r=0 y=1 c0=t504 c1=t510
11765 core=1 give r=0 y=0 c0=t504 c1=t510
11766 core=1 delay t510 3 r=0 y=2 c0=t504 c1=t508
11767 core=1 delete 4 t508 r=0 y=2 c0=t504 c1=IDLE1
11768 core=1 noop r=0 y=0 c0=t504 c1=IDLE1
11769 core=0 noop r=0 y=0 c0=t504 c1=IDLE1
11770 core=1 delete 7 t507 r=0 y=0 c0=t504 c1=IDLE1
11771 core=0 give_isr r=0 y=0 c0=t504 c1=IDLE1
11772 core=1 noop r=0 y=0 c0=t504 c1=IDLE1
11773 core=1 noop r=0 y=0 c0=t504 c1=IDLE1
11774 core=1 give_isr r=0 y=0 c0=t504 c1=IDLE1
11775 core=0 give r=0 y=0 c0=t504 c1=IDLE1
11776 core=0 prio t504 3 r=0 y=0 c0=t504 c1=IDLE1
11777 core=1 noop r=0 y=0 c0=t504 c1=IDLE1
11778 core=0 tick r=0 y=2 c0=t504 c1=IDLE0
11779 core=1 noop r=0 y=0 c0=t504 c1=IDLE0
11780 core=1 noop r=0 y=0 c0=t504 c1=IDLE0
11781 core=0 delay t504 1 r=0 y=1 c0=IDLE1 c1=IDLE0
11782 core=0 resume t501 r=0 y=2 c0=IDLE1 c1=t501
11783 core=1 delay t501 4 r=0 y=2 c0=IDLE1 c1=IDLE0
11784 core=1 noop r=0 y=0 c0=IDLE1 c1=IDLE0
11785 core=1 noop r=0 y=0 c0=IDLE1 c1=IDLE0
11786 core=1 noop r=0 y=0 c0=IDLE1 c1=IDLE0
11787 core=0 noop r=0 y=0 c0=IDLE1 c1=IDLE0
11788 core=1 noop r=0 y=0 c0=IDLE1 c1=IDLE0
11789 core=0 noop r=0 y=0 c0=IDLE1 c1=IDLE0
11790 core=1 resume t510 r=0 y=0 c0=IDLE1 c1=IDLE0
11791 core=1 noop r=0 y=0 c0=IDLE1 c1=IDLE0
11792 core=0 give_isr r=0 y=0 c0=IDLE1 c1=IDLE0
11793 core=1 noop r=0 y=0 c0=IDLE1 c1=IDLE0
11794 core=0 noop r=0 y=0 c0=IDLE1 c1=IDLE0
11795 core=1 noop r=0 y=0 c0=IDLE1 c1=IDLE0
11796 core=1 noop r=0 y=0 c0=IDLE1 c1=IDLE0
11797 core=0 resume t501 r=0 y=0 c0=IDLE1 c1=IDLE0
11798 core=0 tick r=1 y=3 c0=t504 c1=IDLE1
11799 core=0 delete 9 t509 r=0 y=0 c0=t504 c1=IDLE1
11800 core=1 delete 3 t510 r=0 y=0 c0=t504 c1=IDLE1
11801 core=0 noop r=0 y=0 c0=t504 c1=IDLE1
11802 core=1 noop r=0 y=0 c0=t504 c1=IDLE1
11803 core=1 noop r=0 y=0 c0=t504 c1=IDLE1
11804 core=0 delay t504 1 r=0 y=1 c0=IDLE0 c1=IDLE1
11805 core=0 tick r=1 y=3 c0=t504 c1=IDLE0
11806 core=1 noop r=0 y=0 c0=t504 c1=IDLE0
11807 core=1 noop r=0 y=0 c0=t504 c1=IDLE0
11808 core=0 noop r=0 y=0 c0=t504 c1=IDLE0
11809 core=1 noop r=0 y=0 c0=t504 c1=IDLE0
11810 core=0 noop r=0 y=0 c0=t504 c1=IDLE0
11811 core=1 noop r=0 y=0 c0=t504 c1=IDLE0
11812 core=0 tick r=0 y=2 c0=t504 c1=IDLE1
11813 core=0 tick r=0 y=2 c0=t504 c1=t501
11814 core=0 noop r=0 y=0 c0=t504 c1=t501
11815 core=1 delay t501 1 r=0 y=2 c0=t504 c1=IDLE0
11816 core=0 delay t504 2 r=0 y=1 c0=IDLE1 c1=IDLE0
11817 core=0 tick r=1 y=3 c0=t501 c1=IDLE1
11818 core=0 noop r=0 y=0 c0=t501 c1=IDLE1
11819 core=0 tick r=0 y=2 c0=t501 c1=t504
11820 core=0 resume t501 r=0 y=0 c0=t501 c1=t504
11821 core=0 delay t501 1 r=0 y=1 c0=IDLE0 c1=t504
11822 core=1 give r=0 y=0 c0=IDLE0 c1=t504
11823 core=0 tick r=1 y=1 c0=t501 c1=t504
11824 core=0 take t501 r=1 y=0 c0=t501 c1=t504
11825 core=1 create 7 t511 p3 r=1 y=1 c0=t511 c1=t504
11826 core=0 take t511 r=0 y=0 c0=t511 c1=t504
11827 core=0 takeb t511 1 r=2 y=1 c0=t501 c1=t504
11828 core=0 noop r=0 y=0 c0=t501 c1=t504
11829 core=1 noop r=0 y=0 c0=t501 c1=t504
11830 core=1 prio t511 2 r=0 y=0 c0=t501 c1=t504
11831 core=1 noop r=0 y=0 c0=t501 c1=t504
11832 core=1 noop r=0 y=0 c0=t501 c1=t504
11833 core=0 prio t501 1 r=0 y=1 c0=t501 c1=t504
11834 core=0 noop r=0 y=0 c0=t501 c1=t504
11835 core=0 take t501 r=0 y=0 c0=t501 c1=t504
11836 core=1 noop r=0 y=0 c0=t501 c1=t504
11837 core=0 tick r=1 y=1 c0=t511 c1=t504
11838 core=0 cont t511 r=0 y=0 c0=t511 c1=t504
11839 core=1 give r=1 y=0 c0=t511 c1=t504
11840 core=1 takeb t504 3 r=1 y=0 c0=t511 c1=t504
11841 core=0 noop r=0 y=0 c0=t511 c1=t504
11842 core=0 tick r=0 y=0 c0=t511 c1=t504
11843 core=0 noop r=0 y=0 c0=t511 c1=t504
11844 core=1 create 4 t512 p1 r=1 y=0 c0=t511 c1=t504
11845 core=0 tick r=0 y=0 c0=t511 c1=t504
11846 core=1 give r=1 y=0 c0=t511 c1=t504
11847 core=1 noop r=0 y=0 c0=t511 c1=t504
11848 core=1 noop r=0 y=0 c0=t511 c1=t504
11849 core=1 delay t504 5 r=0 y=2 c0=t511 c1=t501
11850 core=1 noop r=0 y=0 c0=t511 c1=t501
11851 core=1 create 2 t513 p0 r=1 y=0 c0=t511 c1=t501
11852 core=1 noop r=0 y=0 c0=t511 c1=t501
11853 core=0 tick r=0 y=2 c0=t511 c1=t512
11854 core=0 yield r=0 y=1 c0=t511 c1=t512
11855 core=1 suspend t512 r=0 y=2 c0=t511 c1=t501
11856 core=1 noop r=0 y=0 c0=t511 c1=t501
11857 core=0 give_isr r=0 y=0 c0=t511 c1=t501
11858 core=0 tick r=0 y=0 c0=t511 c1=t501
11859 core=1 noop r=0 y=0 c0=t511 c1=t501
11860 core=0 noop r=0 y=0 c0=t511 c1=t501
11861 core=1 give r=0 y=0 c0=t511 c1=t501
11862 core=0 tick r=0 y=0 c0=t511 c1=t501
11863 core=1 yield r=0 y=2 c0=t511 c1=t501
11864 core=0 noop r=0 y=0 c0=t511 c1=t501
11865 core=0 takeb t511 6 r=1 y=0 c0=t511 c1=t501
11866 core=1 resume t513 r=0 y=0 c0=t511 c1=t501
11867 core=1 noop r=0 y=0 c0=t511 c1=t501
11868 core=0 yield r=0 y=1 c0=t511 c1=t501
11869 core=1 noop r=0 y=0 c0=t511 c1=t501
11870 core=1 noop r=0 y=0 c0=t511 c1=t501
11871 core=0 noop r=0 y=0 c0=t511 c1=t501
11872 core=0 takeb t511 5 r=2 y=1 c0=IDLE1 c1=t501
11873 core=0 noop r=0 y=0 c0=IDLE1 c1=t501
11874 core=1 delay t501 4 r=0 y=2 c0=IDLE1 c1=IDLE0
11875 core=0 noop r=0 y=0 c0=IDLE1 c1=IDLE0
11876 core=0 noop r=0 y=0 c0=IDLE1 c1=IDLE0
11877 core=0 tick r=1 y=3 c0=t513 c1=IDLE1
11878 core=1 give_isr r=1 y=2 c0=t513 c1=t511
11879 core=0 noop r=0 y=0 c0=t513 c1=t511
11880 core=1 cont t511 r=1 y=0 c0=t513 c1=t511
11881 core=1 take t511 r=0 y=0 c0=t513 c1=t511
11882 core=0 resume t512 r=0 y=1 c0=t512 c1=t511
11883 core=0 give r=1 y=0 c0=t512 c1=t511
11884 core=0 tick r=1 y=1 c0=t504 c1=t511
11885 core=1 noop r=0 y=0 c0=t504 c1=t511
11886 core=1 noop r=0 y=0 c0=t504 c1=t511
11887 core=1 noop r=0 y=0 c0=t504 c1=t511
11888 core=0 noop r=0 y=0 c0=t504 c1=t511
11889 core=1 noop r=0 y=0 c0=t504 c1=t511
11890 core=1 resume t512 r=0 y=0 c0=t504 c1=t511
11891 core=1 noop r=0 y=0 c0=t504 c1=t511
11892 core=1 takeb t511 5 r=1 y=0 c0=t504 c1=t511
11893 core=0 resume t511 r=0 y=0 c0=t504 c1=t511
11894 core=1 suspend t504 r=0 y=1 c0=t512 c1=t511
11895 core=0 noop r=0 y=0 c0=t512 c1=t511
11896 core=0 delay t512 2 r=0 y=1 c0=IDLE0 c1=t511
11897 core=0 delete 7 t511 r=0 y=2 c0=IDLE0 c1=IDLE1
11898 core=0 resume t513 r=0 y=0 c0=IDLE0 c1=IDLE1
11899 core=1 noop r=0 y=0 c0=IDLE0 c1=IDLE1
11900 core=0 noop r=0 y=0 c0=IDLE0 c1=IDLE1
11901 core=0 noop r=0 y=0 c0=IDLE0 c1=IDLE1
11902 core=0 create 6 t514 p0 r=1 y=2 c0=IDLE0 c1=t513
11903 core=0 give r=1 y=0 c0=IDLE0 c1=t513
11904 core=0 give r=0 y=0 c0=IDLE0 c1=t513
11905 core=1 takeb t513 2 r=1 y=0 c0=IDLE0 c1=t513
11906 core=0 resume t513 r=0 y=0 c0=IDLE0 c1=t513
11907 core=1 delete 2 t513 r=0 y=2 c0=IDLE0 c1=t514
11908 core=0 yield r=0 y=1 c0=IDLE1 c1=t514
11909 core=1 takeb t514 2 r=2 y=2 c0=IDLE1 c1=IDLE0
11910 core=0 noop r=0 y=0 c0=IDLE1 c1=IDLE0
11911 core=1 noop r=0 y=0 c0=IDLE1 c1=IDLE0
11912 core=1 yield r=0 y=2 c0=IDLE1 c1=IDLE0
11913 core=0 give r=1 y=2 c0=IDLE1 c1=t514
11914 core=0 noop r=0 y=0 c0=IDLE1 c1=t514
11915 core=0 noop r=0 y=0 c0=IDLE1 c1=t514
11916 core=1 cont t514 r=1 y=0 c0=IDLE1 c1=t514
11917 core=0 tick r=1 y=3 c0=IDLE0 c1=IDLE1
11918 core=0 noop r=0 y=0 c0=IDLE0 c1=IDLE1
11919 core=1 noop r=0 y=0 c0=IDLE0 c1=IDLE1
11920 core=0 noop r=0 y=0 c0=IDLE0 c1=IDLE1
11921 core=1 noop r=0 y=0 c0=IDLE0 c1=IDLE1
11922 core=0 noop r=0 y=0 c0=IDLE0 c1=IDLE1
11923 core=1 give_isr r=1 y=0 c0=IDLE0 c1=IDLE1
11924 core=1 noop r=0 y=0 c0=IDLE0 c1=IDLE1
11925 core=0 suspend t514 r=0 y=0 c0=IDLE0 c1=IDLE1
11926 core=0 suspend t501 r=0 y=0 c0=IDLE0 c1=IDLE1
11927 core=1 create 3 t515 p2 r=1 y=2 c0=IDLE0 c1=t515
11928 core=0 noop r=0 y=0 c0=IDLE0 c1=t515
11929 core=0 tick r=1 y=1 c0=t512 c1=t515
11930 core=1 noop r=0 y=0 c0=t512 c1=t515
11931 core=1 give r=0 y=0 c0=t512 c1=t515
11932 core=0 suspend t501 r=0 y=0 c0=t512 c1=t515
11933 core=0 delay t512 2 r=0 y=1 c0=IDLE1 c1=t515
11934 core=0 noop r=0 y=0 c0=IDLE1 c1=t515
11935 core=0 noop r=0 y=0 c0=IDLE1 c1=t515
11936 core=0 resume t512 r=0 y=0 c0=IDLE1 c1=t515
11937 core=1 resume t512 r=0 y=0 c0=IDLE1 c1=t515
11938 core=1 yield r=0 y=2 c0=IDLE1 c1=t515
11939 core=1 give_isr r=0 y=0 c0=IDLE1 c1=t515
11940 core=1 delay t515 3 r=0 y=2 c0=IDLE1 c1=IDLE0
11941 core=1 give_isr r=0 y=0 c0=IDLE1 c1=IDLE0
11942 core=0 noop r=0 y=0 c0=IDLE1 c1=IDLE0
11943 core=0 delete 4 t512 r=0 y=0 c0=IDLE1 c1=IDLE0
11944 core=1 noop r=0 y=0 c0=IDLE1 c1=IDLE0
11945 core=0 noop r=0 y=0 c0=IDLE1 c1=IDLE0
11946 core=0 delete 3 t515 r=0 y=0 c0=IDLE1 c1=IDLE0
11947 core=1 give r=0 y=0 c0=IDLE1 c1=IDLE0
11948 core=0 noop r=0 y=0 c0=IDLE1 c1=IDLE0
11949 core=1 noop r=0 y=0 c0=IDLE1 c1=IDLE0
11950 core=1 give r=0 y=0 c0=IDLE1 c1=IDLE0
11951 core=1 yield r=0 y=2 c0=IDLE1 c1=IDLE0
11952 core=1 prio t504 0 r=0 y=0 c0=IDLE1 c1=IDLE0
11953 core=1 noop r=0 y=0 c0=IDLE1 c1=IDLE0
11954 core=1 resume t514 r=0 y=2 c0=IDLE1 c1=t514
11955 core=0 prio t501 3 r=0 y=0 c0=IDLE1 c1=t514
11956 core=0 noop r=0 y=0 c0=IDLE1 c1=t514
11957 core=0 give r=0 y=0 c0=IDLE1 c1=t514
11958 core=0 give_isr r=0 y=0 c0=IDLE1 c1=t514
11959 core=0 noop r=0 y=0 c0=IDLE1 c1=t514
11960 core=1 noop r=0 y=0 c0=IDLE1 c1=t514
11961 core=1 noop r=0 y=0 c0=IDLE1 c1=t514
11962 core=1 suspend t504 r=0 y=0 c0=IDLE1 c1=t514
11963 core=1 give r=0 y=0 c0=IDLE1 c1=t514
11964 core=0 noop r=0 y=0 c0=IDLE1 c1=t514
11965 core=0 tick r=1 y=3 c0=IDLE0 c1=IDLE1
11966 core=0 tick r=1 y=3 c0=t514 c1=IDLE0
11967 core=1 prio t504 1 r=0 y=0 c0=t514 c1=IDLE0
11968 core=0 give r=0 y=0 c0=t514 c1=IDLE0
11969 core=0 noop r=0 y=0 c0=t514 c1=IDLE0
11970 core=1 noop r=0 y=0 c0=t514 c1=IDLE0
11971 core=0 suspend t501 r=0 y=0 c0=t514 c1=IDLE0
11972 core=1 noop r=0 y=0 c0=t514 c1=IDLE0
11973 core=0 noop r=0 y=0 c0=t514 c1=IDLE0
11974 core=1 noop r=0 y=0 c0=t514 c1=IDLE0
11975 core=0 take t514 r=1 y=0 c0=t514 c1=IDLE0
11976 core=1 noop r=0 y=0 c0=t514 c1=IDLE0
11977 core=0 give r=1 y=0 c0=t514 c1=IDLE0
11978 core=0 create 3 t516 p3 r=1 y=2 c0=t514 c1=t516
11979 core=0 prio t516 2 r=0 y=2 c0=t514 c1=t516
11980 core=1 noop r=0 y=0 c0=t514 c1=t516
11981 core=0 give r=0 y=0 c0=t514 c1=t516
11982 core=0 give r=0 y=0 c0=t514 c1=t516
11983 core=1 noop r=0 y=0 c0=t514 c1=t516
11984 core=1 noop r=0 y=0 c0=t514 c1=t516
11985 core=0 tick r=1 y=1 c0=IDLE1 c1=t516
11986 core=1 noop r=0 y=0 c0=IDLE1 c1=t516
11987 core=1 noop r=0 y=0 c0=IDLE1 c1=t516
11988 core=1 give r=0 y=0 c0=IDLE1 c1=t516
11989 core=0 noop r=0 y=0 c0=IDLE1 c1=t516
11990 core=1 prio t516 0 r=0 y=2 c0=IDLE1 c1=IDLE0
11991 core=0 noop r=0 y=0 c0=IDLE1 c1=IDLE0
11992 core=1 suspend t504 r=0 y=0 c0=IDLE1 c1=IDLE0
11993 core=1 noop r=0 y=0 c0=IDLE1 c1=IDLE0
11994 core=0 suspend t501 r=0 y=0 c0=IDLE1 c1=IDLE0
11995 core=1 noop r=0 y=0 c0=IDLE1 c1=IDLE0
11996 core=1 suspend t501 r=0 y=0 c0=IDLE1 c1=IDLE0
11997 core=0 noop r=0 y=0 c0=IDLE1 c1=IDLE0
11998 core=0 noop r=0 y=0 c0=IDLE1 c1=IDLE0
11999 core=0 delete 8 t504 r=0 y=0 c0=IDLE1 c1=IDLE0
12000 core=0 tick r=1 y=3 c0=t514 c1=t516
12001 core=0 create 8 t517 p0 r=1 y=0 c0=t514 c1=t516
12002 core=0 tick r=1 y=3 c0=IDLE1 c1=IDLE0
12003 core=1 resume t501 r=0 y=2 c0=IDLE1 c1=t501
12004 core=0 noop r=0 y=0 c0=IDLE1 c1=t501
12005 core=1 noop r=0 y=0 c0=IDLE1 c1=t501
12006 core=1 create 2 t518 p1 r=1 y=1 c0=t518 c1=t501
12007 core=0 noop r=0 y=0 c0=t518 c1=t501
12008 core=1 give_isr r=0 y=0 c0=t518 c1=t501
12009 core=1 give_isr r=0 y=0 c0=t518 c1=t501
12010 core=0 yield r=0 y=1 c0=t518 c1=t501
12011 core=0 give r=0 y=0 c0=t518 c1=t501
12012 core=0 prio t517 2 r=0 y=1 c0=t517 c1=t501
12013 core=1 suspend t517 r=0 y=1 c0=t518 c1=t501
12014 core=0 noop r=0 y=0 c0=t518 c1=t501
12015 core=0 give r=0 y=0 c0=t518 c1=t501
12016 core=1 delete 5 t501 r=0 y=2 c0=t518 c1=t514
12017 core=0 prio t517 2 r=0 y=0 c0=t518 c1=t514
12018 core=0 tick r=0 y=2 c0=t518 c1=t516
12019 core=0 delete 2 t518 r=0 y=1 c0=IDLE0 c1=t516
12020 core=0 tick r=1 y=3 c0=IDLE1 c1=t514
12021 core=1 create 5 t519 p3 r=1 y=1 c0=t519 c1=t514
12022 core=0 tick r=0 y=2 c0=t519 c1=IDLE0
12023 core=1 noop r=0 y=0 c0=t519 c1=IDLE0
12024 core=0 suspend t514 r=0 y=0 c0=t519 c1=IDLE0
12025 core=1 noop r=0 y=0 c0=t519 c1=IDLE0
12026 core=1 give_isr r=0 y=0 c0=t519 c1=IDLE0
12027 core=0 give r=0 y=0 c0=t519 c1=IDLE0
12028 core=0 noop r=0 y=0 c0=t519 c1=IDLE0
12029 core=0 tick r=0 y=2 c0=t519 c1=t516
12030 core=1 create 0 t520 p3 r=1 y=2 c0=t519 c1=t520
12031 core=1 delay t520 3 r=0 y=2 c0=t519 c1=IDLE1
12032 core=1 resume t516 r=0 y=0 c0=t519 c1=IDLE1
12033 core=0 delete 8 t517 r=0 y=0 c0=t519 c1=IDLE1
12034 core=0 tick r=0 y=2 c0=t519 c1=IDLE0
12035 core=0 give_isr r=0 y=0 c0=t519 c1=IDLE0
12036 core=0 create 2 t521 p3 r=1 y=2 c0=t519 c1=t521
12037 core=1 delete 2 t521 r=0 y=2 c0=t519 c1=t516
12038 core=1 delay t516 3 r=0 y=2 c0=t519 c1=IDLE1
12039 core=0 give r=0 y=0 c0=t519 c1=IDLE1
12040 core=1 noop r=0 y=0 c0=t519 c1=IDLE1
12041 core=1 prio t516 1 r=0 y=0 c0=t519 c1=IDLE1
12042 core=0 noop r=0 y=0 c0=t519 c1=IDLE1
12043 core=0 tick r=0 y=2 c0=t519 c1=IDLE0
12044 core=0 noop r=0 y=0 c0=t519 c1=IDLE0
12045 core=0 give r=0 y=0 c0=t519 c1=IDLE0
12046 core=0 suspend t519 r=0 y=1 c0=IDLE1 c1=IDLE0
12047 core=0 tick r=1 y=3 c0=t520 c1=IDLE1
12048 core=1 noop r=0 y=0 c0=t520 c1=IDLE1
12049 core=1 noop r=0 y=0 c0=t520 c1=IDLE1
12050 core=0 delete 6 t514 r=0 y=0 c0=t520 c1=IDLE1
12051 core=1 noop r=0 y=0 c0=t520 c1=IDLE1
12052 core=0 noop r=0 y=0 c0=t520 c1=IDLE1
12053 core=1 resume t520 r=0 y=0 c0=t520 c1=IDLE1
12054 core=0 give r=0 y=0 c0=t520 c1=IDLE1
12055 core=1 noop r=0 y=0 c0=t520 c1=IDLE1
12056 core=0 tick r=0 y=2 c0=t520 c1=t516
12057 core=1 noop r=0 y=0 c0=t520 c1=t516
12058 core=1 noop r=0 y=0 c0=t520 c1=t516
12059 core=0 noop r=0 y=0 c0=t520 c1=t516
12060 core=1 takeb t516 1 r=1 y=0 c0=t520 c1=t516
12061 core=0 create 8 t522 p1 r=1 y=0 c0=t520 c1=t516
12062 core=0 prio t522 2 r=0 y=2 c0=t520 c1=t522
12063 core=0 delay t520 2 r=0 y=1 c0=t516 c1=t522
12064 core=0 suspend t522 r=0 y=2 c0=t516 c1=IDLE0
12065 core=1 noop r=0 y=0 c0=t516 c1=IDLE0
12066 core=0 suspend t519 r=0 y=0 c0=t516 c1=IDLE0
12067 core=0 resume t516 r=0 y=0 c0=t516 c1=IDLE0
12068 core=0 delay t516 1 r=0 y=1 c0=IDLE1 c1=IDLE0
12069 core=0 give_isr r=1 y=0 c0=IDLE1 c1=IDLE0
12070 core=1 noop r=0 y=0 c0=IDLE1 c1=IDLE0
12071 core=1 noop r=0 y=0 c0=IDLE1 c1=IDLE0
12072 core=0 noop r=0 y=0 c0=IDLE1 c1=IDLE0
12073 core=0 prio t522 1 r=0 y=0 c0=IDLE1 c1=IDLE0
12074 core=0 yield r=0 y=1 c0=IDLE1 c1=IDLE0
12075 core=1 noop r=0 y=0 c0=IDLE1 c1=IDLE0
12076 core=1 noop r=0 y=0 c0=IDLE1 c1=IDLE0
12077 core=0 tick r=1 y=3 c0=t516 c1=IDLE1
12078 core=1 suspend t522 r=0 y=0 c0=t516 c1=IDLE1
12079 core=0 noop r=0 y=0 c0=t516 c1=IDLE1
12080 core=1 noop r=0 y=0 c0=t516 c1=IDLE1
12081 core=0 noop r=0 y=0 c0=t516 c1=IDLE1
12082 core=1 resume t520 r=0 y=0 c0=t516 c1=IDLE1
12083 core=0 noop r=0 y=0 c0=t516 c1=IDLE1
12084 core=1 noop r=0 y=0 c0=t516 c1=IDLE1
12085 core=1 prio t522 2 r=0 y=0 c0=t516 c1=IDLE1
12086 core=1 prio t519 0 r=0 y=0 c0=t516 c1=IDLE1
12087 core=0 delete 8 t522 r=0 y=0 c0=t516 c1=IDLE1
12088 core=0 noop r=0 y=0 c0=t516 c1=IDLE1
12089 core=0 give_isr r=0 y=0 c0=t516 c1=IDLE1
12090 core=1 give_isr r=0 y=0 c0=t516 c1=IDLE1
12091 core=1 noop r=0 y=0 c0=t516 c1=IDLE1
12092 core=1 give r=0 y=0 c0=t516 c1=IDLE1
12093 core=0 tick r=0 y=2 c0=t516 c1=t520
12094 core=1 give_isr r=0 y=0 c0=t516 c1=t520
12095 core=1 give_isr r=0 y=0 c0=t516 c1=t520
12096 core=1 takeb t520 6 r=1 y=0 c0=t516 c1=t520
12097 core=1 noop r=0 y=0 c0=t516 c1=t520
12098 core=1 noop r=0 y=0 c0=t516 c1=t520
12099 core=1 takeb t520 6 r=2 y=2 c0=t516 c1=IDLE0
12100 core=0 noop r=0 y=0 c0=t516 c1=IDLE0
12101 core=1 noop r=0 y=0 c0=t516 c1=IDLE0
12102 core=0 takeb t516 5 r=2 y=1 c0=IDLE1 c1=IDLE0
12103 core=0 suspend t520 r=0 y=0 c0=IDLE1 c1=IDLE0
12104 core=0 tick r=1 y=3 c0=IDLE1 c1=IDLE0
12105 core=0 tick r=1 y=3 c0=IDLE1 c1=IDLE0
12106 core=1 give_isr r=1 y=2 c0=IDLE1 c1=t516
12107 core=1 cont t516 r=1 y=0 c0=IDLE1 c1=t516
12108 core=1 delete 5 t519 r=0 y=0 c0=IDLE1 c1=t516
12109 core=1 delay t516 5 r=0 y=2 c0=IDLE1 c1=IDLE0
12110 core=0 noop r=0 y=0 c0=IDLE1 c1=IDLE0
12111 core=0 noop r=0 y=0 c0=IDLE1 c1=IDLE0
12112 core=0 give r=1 y=0 c0=IDLE1 c1=IDLE0
12113 core=0 noop r=0 y=0 c0=IDLE1 c1=IDLE0
12114 core=0 noop r=0 y=0 c0=IDLE1 c1=IDLE0
12115 core=1 noop r=0 y=0 c0=IDLE1 c1=IDLE0
12116 core=1 give_isr r=0 y=0 c0=IDLE1 c1=IDLE0
12117 core=1 create 4 t523 p3 r=1 y=2 c0=IDLE1 c1=t523
12118 core=0 tick r=1 y=1 c0=IDLE0 c1=t523
12119 core=1 take t523 r=1 y=0 c0=IDLE0 c1=t523
12120 core=1 suspend t520 r=0 y=0 c0=IDLE0 c1=t523
12121 core=1 delay t523 1 r=0 y=2 c0=IDLE0 c1=IDLE1
12122 core=0 give r=1 y=0 c0=IDLE0 c1=IDLE1
12123 core=0 give r=0 y=0 c0=IDLE0 c1=IDLE1
12124 core=0 noop r=0 y=0 c0=IDLE0 c1=IDLE1
12125 core=1 give_isr r=0 y=0 c0=IDLE0 c1=IDLE1
12126 core=0 tick r=1 y=3 c0=t523 c1=IDLE0
12127 core=0 give_isr r=0 y=0 c0=t523 c1=IDLE0
12128 core=1 delete 4 t523 r=0 y=1 c0=IDLE1 c1=IDLE0
12129 core=1 noop r=0 y=0 c0=IDLE1 c1=IDLE0
12130 core=1 give r=0 y=0 c0=IDLE1 c1=IDLE0
12131 core=1 noop r=0 y=0 c0=IDLE1 c1=IDLE0
12132 core=1 create 4 t524 p1 r=1 y=2 c0=IDLE1 c1=t524
12133 core=1 noop r=0 y=0 c0=IDLE1 c1=t524
12134 core=0 noop r=0 y=0 c0=IDLE1 c1=t524
12135 core=0 tick r=1 y=1 c0=IDLE0 c1=t524
12136 core=0 noop r=0 y=0 c0=IDLE0 c1=t524
12137 core=0 noop r=0 y=0 c0=IDLE0 c1=t524
12138 core=1 noop r=0 y=0 c0=IDLE0 c1=t524
12139 core=1 give_isr r=0 y=0 c0=IDLE0 c1=t524
12140 core=1 noop r=0 y=0 c0=IDLE0 c1=t524
12141 core=0 tick r=1 y=1 c0=IDLE1 c1=t524
12142 core=1 noop r=0 y=0 c0=IDLE1 c1=t524
12143 core=0 create 9 t525 p0 r=1 y=1 c0=IDLE0 c1=t524
12144 core=0 noop r=0 y=0 c0=IDLE0 c1=t524
12145 core=0 give r=0 y=0 c0=IDLE0 c1=t524
12146 core=0 noop r=0 y=0 c0=IDLE0 c1=t524
12147 core=0 noop r=0 y=0 c0=IDLE0 c1=t524
12148 core=1 suspend t525 r=0 y=0 c0=IDLE0 c1=t524
12149 core=0 prio t524 3 r=0 y=0 c0=IDLE0 c1=t524
12150 core=0 noop r=0 y=0 c0=IDLE0 c1=t524
12151 core=1 noop r=0 y=0 c0=IDLE0 c1=t524
12152 core=0 suspend t525 r=0 y=0 c0=IDLE0 c1=t524
12153 core=1 noop r=0 y=0 c0=IDLE0 c1=t524
12154 core=0 noop r=0 y=0 c0=IDLE0 c1=t524
12155 core=0 noop r=0 y=0 c0=IDLE0 c1=t524
12156 core=0 noop r=0 y=0 c0=IDLE0 c1=t524
12157 core=1 create 8 t526 p3 r=1 y=1 c0=t526 c1=t524
12158 core=1 yield r=0 y=2 c0=t526 c1=t524
12159 core=0 delay t526 3 r=0 y=1 c0=IDLE1 c1=t524
12160 core=1 yield r=0 y=2 c0=IDLE1 c1=t524
12161 core=1 noop r=0 y=0 c0=IDLE1 c1=t524
12162 core=0 give r=0 y=0 c0=IDLE1 c1=t524
12163 core=0 noop r=0 y=0 c0=IDLE1 c1=t524
12164 core=1 noop r=0 y=0 c0=IDLE1 c1=t524
12165 core=0 noop r=0 y=0 c0=IDLE1 c1=t524
12166 core=0 prio t525 3 r=0 y=0 c0=IDLE1 c1=t524
12167 core=0 delete 4 t524 r=0 y=2 c0=IDLE1 c1=IDLE0
12168 core=0 noop r=0 y=0 c0=IDLE1 c1=IDLE0
12169 core=0 tick r=1 y=3 c0=t516 c1=IDLE1
12170 core=0 noop r=0 y=0 c0=t516 c1=IDLE1
12171 core=0 noop r=0 y=0 c0=t516 c1=IDLE1
12172 core=1 noop r=0 y=0 c0=t516 c1=IDLE1
12173 core=0 noop r=0 y=0 c0=t516 c1=IDLE1
12174 core=0 noop r=0 y=0 c0=t516 c1=IDLE1
12175 core=1 noop r=0 y=0 c0=t516 c1=IDLE1
12176 core=0 noop r=0 y=0 c0=t516 c1=IDLE1
12177 core=1 create 5 t527 p3 r=1 y=2 c0=t516 c1=t527
12178 core=1 noop r=0 y=0 c0=t516 c1=t527
12179 core=1 takeb t527 5 r=1 y=0 c0=t516 c1=t527
12180 core=1 resume t516 r=0 y=0 c0=t516 c1=t527
12181 core=1 delay t527 1 r=0 y=2 c0=t516 c1=IDLE0
12182 core=0 takeb t516 3 r=2 y=1 c0=IDLE1 c1=IDLE0
12183 core=1 noop r=0 y=0 c0=IDLE1 c1=IDLE0
12184 core=0 noop r=0 y=0 c0=IDLE1 c1=IDLE0
12185 core=0 noop r=0 y=0 c0=IDLE1 c1=IDLE0
12186 core=0 prio t525 3 r=0 y=0 c0=IDLE1 c1=IDLE0
12187 core=1 noop r=0 y=0 c0=IDLE1 c1=IDLE0
12188 core=0 noop r=0 y=0 c0=IDLE1 c1=IDLE0
12189 core=1 yield r=0 y=2 c0=IDLE1 c1=IDLE0
12190 core=1 resume t520 r=0 y=2 c0=IDLE1 c1=t520
12191 core=0 suspend t527 r=0 y=0 c0=IDLE1 c1=t520
12192 core=0 noop r=0 y=0 c0=IDLE1 c1=t520
12193 core=0 noop r=0 y=0 c0=IDLE1 c1=t520
12194 core=1 cont t520 r=0 y=0 c0=IDLE1 c1=t520
12195 core=1 noop r=0 y=0 c0=IDLE1 c1=t520
12196 core=1 give_isr r=1 y=1 c0=t516 c1=t520
12197 core=1 takeb t520 2 r=1 y=0 c0=t516 c1=t520
12198 core=0 cont t516 r=2 y=1 c0=IDLE0 c1=t520
12199 core=0 noop r=0 y=0 c0=IDLE0 c1=t520
12200 core=0 noop r=0 y=0 c0=IDLE0 c1=t520
12201 core=1 takeb t520 5 r=2 y=2 c0=IDLE0 c1=IDLE1
12202 core=0 noop r=0 y=0 c0=IDLE0 c1=IDLE1
12203 core=0 noop r=0 y=0 c0=IDLE0 c1=IDLE1
12204 core=0 tick r=1 y=3 c0=IDLE0 c1=IDLE1
12205 core=0 give r=1 y=2 c0=IDLE0 c1=t520
12206 core=1 cont t520 r=1 y=0 c0=IDLE0 c1=t520
12207 core=1 delay t520 2 r=0 y=2 c0=IDLE0 c1=IDLE1
12208 core=1 give_isr r=1 y=2 c0=IDLE0 c1=t516
12209 core=0 create 7 t528 p1 r=1 y=1 c0=t528 c1=t516
12210 core=1 cont t516 r=1 y=0 c0=t528 c1=t516
12211 core=0 delay t528 3 r=0 y=1 c0=IDLE1 c1=t516
12212 core=0 noop r=0 y=0 c0=IDLE1 c1=t516
12213 core=0 give_isr r=1 y=0 c0=IDLE1 c1=t516
12214 core=1 prio t516 1 r=0 y=0 c0=IDLE1 c1=t516
12215 core=0 noop r=0 y=0 c0=IDLE1 c1=t516
12216 core=0 noop r=0 y=0 c0=IDLE1 c1=t516
12217 core=0 give r=0 y=0 c0=IDLE1 c1=t516
12218 core=0 noop r=0 y=0 c0=IDLE1 c1=t516
12219 core=0 tick r=1 y=1 c0=t526 c1=t516
12220 core=1 delete 9 t525 r=0 y=0 c0=t526 c1=t516
12221 core=0 noop r=0 y=0 c0=t526 c1=t516
12222 core=1 yield r=0 y=2 c0=t526 c1=t516
12223 core=0 give r=0 y=0 c0=t526 c1=t516
12224 core=0 tick r=1 y=3 c0=t520 c1=t526
12225 core=0 noop r=0 y=0 c0=t520 c1=t526
12226 core=1 delay t526 4 r=0 y=2 c0=t520 c1=t516
12227 core=0 noop r=0 y=0 c0=t520 c1=t516
12228 core=1 noop r=0 y=0 c0=t520 c1=t516
12229 core=1 delete 7 t528 r=0 y=0 c0=t520 c1=t516
12230 core=0 tick r=0 y=0 c0=t520 c1=t516
12231 core=0 tick r=0 y=0 c0=t520 c1=t516
12232 core=1 give_isr r=0 y=0 c0=t520 c1=t516
12233 core=1 noop r=0 y=0 c0=t520 c1=t516
12234 core=1 noop r=0 y=0 c0=t520 c1=t516
12235 core=0 delay t520 3 r=0 y=1 c0=IDLE0 c1=t516
12236 core=0 give_isr r=0 y=0 c0=IDLE0 c1=t516
12237 core=0 resume t526 r=0 y=0 c0=IDLE0 c1=t516
12238 core=1 noop r=0 y=0 c0=IDLE0 c1=t516
12239 core=0 noop r=0 y=0 c0=IDLE0 c1=t516
12240 core=0 resume t526 r=0 y=0 c0=IDLE0 c1=t516
12241 core=0 noop r=0 y=0 c0=IDLE0 c1=t516
12242 core=0 tick r=1 y=1 c0=IDLE1 c1=t516
12243 core=1 noop r=0 y=0 c0=IDLE1 c1=t516
12244 core=0 yield r=0 y=1 c0=IDLE0 c1=t516
12245 core=1 create 1 t529 p1 r=1 y=1 c0=t529 c1=t516
12246 core=0 noop r=0 y=0 c0=t529 c1=t516
12247 core=1 give r=0 y=0 c0=t529 c1=t516
12248 core=1 give r=0 y=0 c0=t529 c1=t516
12249 core=1 delay t516 4 r=0 y=2 c0=t529 c1=IDLE1
12250 core=1 noop r=0 y=0 c0=t529 c1=IDLE1
12251 core=0 prio t527 1 r=0 y=0 c0=t529 c1=IDLE1
12252 core=1 noop r=0 y=0 c0=t529 c1=IDLE1
12253 core=1 noop r=0 y=0 c0=t529 c1=IDLE1
12254 core=1 noop r=0 y=0 c0=t529 c1=IDLE1
12255 core=1 noop r=0 y=0 c0=t529 c1=IDLE1
12256 core=0 tick r=0 y=2 c0=t529 c1=t526
12257 core=1 resume t516 r=0 y=0 c0=t529 c1=t526
12258 core=1 noop r=0 y=0 c0=t529 c1=t526
12259 core=1 give r=0 y=0 c0=t529 c1=t526
12260 core=0 noop r=0 y=0 c0=t529 c1=t526
12261 core=1 prio t527 2 r=0 y=0 c0=t529 c1=t526
12262 core=0 yield r=0 y=1 c0=t529 c1=t526
12263 core=0 give r=0 y=0 c0=t529 c1=t526
12264 core=1 delay t526 4 r=0 y=2 c0=t529 c1=IDLE0
12265 core=0 delay t529 4 r=0 y=1 c0=IDLE1 c1=IDLE0
12266 core=0 give r=0 y=0 c0=IDLE1 c1=IDLE0
12267 core=0 resume t526 r=0 y=0 c0=IDLE1 c1=IDLE0
12268 core=0 tick r=1 y=3 c0=t520 c1=IDLE1
12269 core=0 take t520 r=1 y=0 c0=t520 c1=IDLE1
12270 core=0 noop r=0 y=0 c0=t520 c1=IDLE1
12271 core=1 noop r=0 y=0 c0=t520 c1=IDLE1
12272 core=1 give_isr r=1 y=0 c0=t520 c1=IDLE1
12273 core=0 noop r=0 y=0 c0=t520 c1=IDLE1
12274 core=1 suspend t516 r=0 y=0 c0=t520 c1=IDLE1
12275 core=1 prio t527 3 r=0 y=0 c0=t520 c1=IDLE1
12276 core=0 noop r=0 y=0 c0=t520 c1=IDLE1
12277 core=0 resume t527 r=0 y=2 c0=t520 c1=t527
12278 core=0 resume t526 r=0 y=0 c0=t520 c1=t527
12279 core=1 create 6 t530 p2 r=1 y=0 c0=t520 c1=t527
12280 core=0 tick r=1 y=3 c0=t520 c1=t527
12281 core=0 tick r=1 y=3 c0=t520 c1=t527
12282 core=0 tick r=1 y=3 c0=t526 c1=t520
12283 core=0 give r=0 y=0 c0=t526 c1=t520
12284 core=1 noop r=0 y=0 c0=t526 c1=t520
12285 core=0 give r=0 y=0 c0=t526 c1=t520
12286 core=0 noop r=0 y=0 c0=t526 c1=t520
12287 core=0 create 2 t531 p1 r=1 y=0 c0=t526 c1=t520
12288 core=1 takeb t520 6 r=1 y=0 c0=t526 c1=t520
12289 core=1 noop r=0 y=0 c0=t526 c1=t520
12290 core=1 give r=1 y=0 c0=t526 c1=t520
12291 core=0 delete 6 t530 r=0 y=0 c0=t526 c1=t520
12292 core=0 suspend t531 r=0 y=0 c0=t526 c1=t520
12293 core=1 noop r=0 y=0 c0=t526 c1=t520
12294 core=1 noop r=0 y=0 c0=t526 c1=t520
12295 core=0 noop r=0 y=0 c0=t526 c1=t520
12296 core=1 delete 8 t526 r=0 y=1 c0=t527 c1=t520
12297 core=0 tick r=1 y=3 c0=t527 c1=t520
12298 core=0 take t527 r=1 y=0 c0=t527 c1=t520
12299 core=0 prio t529 0 r=0 y=0 c0=t527 c1=t520
12300 core=1 delete 3 t516 r=0 y=0 c0=t527 c1=t520
12301 core=0 tick r=1 y=3 c0=t527 c1=t520
12302 core=1 create 4 t532 p0 r=1 y=0 c0=t527 c1=t520
12303 core=0 resume t531 r=0 y=0 c0=t527 c1=t520
12304 core=1 prio t532 1 r=0 y=0 c0=t527 c1=t520
12305 core=0 suspend t531 r=0 y=0 c0=t527 c1=t520
12306 core=1 delete 0 t520 r=0 y=2 c0=t527 c1=t532
12307 core=0 tick r=0 y=0 c0=t527 c1=t532
12308 core=0 prio t531 1 r=0 y=0 c0=t527 c1=t532
12309 core=1 create 3 t533 p1 r=1 y=0 c0=t527 c1=t532
12310 core=0 noop r=0 y=0 c0=t527 c1=t532
12311 core=1 give_isr r=1 y=0 c0=t527 c1=t532
12312 core=1 create 0 t534 p2 r=1 y=2 c0=t527 c1=t534
12313 core=0 takeb t527 5 r=1 y=0 c0=t527 c1=t534
12314 core=1 delete 4 t532 r=0 y=0 c0=t527 c1=t534
12315 core=0 suspend t534 r=0 y=2 c0=t527 c1=t533
12316 core=0 resume t533 r=0 y=0 c0=t527 c1=t533
12317 core=1 noop r=0 y=0 c0=t527 c1=t533
12318 core=0 delay t527 4 r=0 y=1 c0=IDLE0 c1=t533
12319 core=0 noop r=0 y=0 c0=IDLE0 c1=t533
12320 core=0 give r=1 y=0 c0=IDLE0 c1=t533
12321 core=0 delete 1 t529 r=0 y=0 c0=IDLE0 c1=t533
12322 core=1 give r=0 y=0 c0=IDLE0 c1=t533
12323 core=0 tick r=1 y=1 c0=IDLE1 c1=t533
12324 core=1 noop r=0 y=0 c0=IDLE1 c1=t533
12325 core=1 give_isr r=0 y=0 c0=IDLE1 c1=t533
12326 core=0 noop r=0 y=0 c0=IDLE1 c1=t533
12327 core=1 noop r=0 y=0 c0=IDLE1 c1=t533
12328 core=1 noop r=0 y=0 c0=IDLE1 c1=t533
12329 core=0 noop r=0 y=0 c0=IDLE1 c1=t533
12330 core=1 yield r=0 y=2 c0=IDLE1 c1=t533
12331 core=0 give_isr r=0 y=0 c0=IDLE1 c1=t533
12332 core=1 resume t531 r=0 y=1 c0=t531 c1=t533
12333 core=0 tick r=1 y=3 c0=t531 c1=t533
12334 core=0 delay t531 4 r=0 y=1 c0=IDLE0 c1=t533
12335 core=1 yield r=0 y=2 c0=IDLE0 c1=t533
12336 core=0 noop r=0 y=0 c0=IDLE0 c1=t533
12337 core=1 give r=0 y=0 c0=IDLE0 c1=t533
12338 core=1 give r=0 y=0 c0=IDLE0 c1=t533
12339 core=1 noop r=0 y=0 c0=IDLE0 c1=t533
12340 core=0 noop r=0 y=0 c0=IDLE0 c1=t533
12341 core=1 noop r=0 y=0 c0=IDLE0 c1=t533
12342 core=1 yield r=0 y=2 c0=IDLE0 c1=t533
12343 core=0 noop r=0 y=0 c0=IDLE0 c1=t533
12344 core=0 noop r=0 y=0 c0=IDLE0 c1=t533
12345 core=1 noop r=0 y=0 c0=IDLE0 c1=t533
12346 core=0 resume t531 r=0 y=0 c0=IDLE0 c1=t533
12347 core=0 create 7 t535 p3 r=1 y=1 c0=t535 c1=t533
12348 core=1 delay t533 5 r=0 y=2 c0=t535 c1=IDLE1
12349 core=1 give_isr r=0 y=0 c0=t535 c1=IDLE1
12350 core=1 noop r=0 y=0 c0=t535 c1=IDLE1
12351 core=1 noop r=0 y=0 c0=t535 c1=IDLE1
12352 core=1 noop r=0 y=0 c0=t535 c1=IDLE1
12353 core=1 noop r=0 y=0 c0=t535 c1=IDLE1
12354 core=0 delete 0 t534 r=0 y=0 c0=t535 c1=IDLE1
12355 core=1 give r=0 y=0 c0=t535 c1=IDLE1
12356 core=1 give_isr r=0 y=0 c0=t535 c1=IDLE1
12357 core=0 noop r=0 y=0 c0=t535 c1=IDLE1
12358 core=0 create 1 t536 p2 r=1 y=2 c0=t535 c1=t536
12359 core=1 noop r=0 y=0 c0=t535 c1=t536
12360 core=0 take t535 r=1 y=0 c0=t535 c1=t536
12361 core=1 suspend t536 r=0 y=2 c0=t535 c1=IDLE0
12362 core=1 noop r=0 y=0 c0=t535 c1=IDLE0
12363 core=1 noop r=0 y=0 c0=t535 c1=IDLE0
12364 core=0 takeb t535 2 r=2 y=1 c0=IDLE1 c1=IDLE0
12365 core=1 noop r=0 y=0 c0=IDLE1 c1=IDLE0
12366 core=0 suspend t527 r=0 y=0 c0=IDLE1 c1=IDLE0
12367 core=0 tick r=1 y=3 c0=IDLE1 c1=IDLE0
12368 core=1 give r=1 y=2 c0=IDLE1 c1=t535
12369 core=1 cont t535 r=1 y=0 c0=IDLE1 c1=t535
12370 core=0 noop r=0 y=0 c0=IDLE1 c1=t535
12371 core=0 tick r=1 y=1 c0=IDLE0 c1=t535
12372 core=0 noop r=0 y=0 c0=IDLE0 c1=t535
12373 core=1 noop r=0 y=0 c0=IDLE0 c1=t535
12374 core=0 prio t533 3 r=0 y=0 c0=IDLE0 c1=t535
12375 core=0 tick r=1 y=1 c0=IDLE1 c1=t535
12376 core=1 give r=1 y=0 c0=IDLE1 c1=t535
12377 core=0 noop r=0 y=0 c0=IDLE1 c1=t535
12378 core=1 create 0 t537 p1 r=1 y=1 c0=t537 c1=t535
12379 core=0 delay t537 5 r=0 y=1 c0=IDLE0 c1=t535
12380 core=0 noop r=0 y=0 c0=IDLE0 c1=t535
12381 core=0 tick r=1 y=1 c0=t531 c1=t535
12382 core=0 noop r=0 y=0 c0=t531 c1=t535
12383 core=0 yield r=0 y=1 c0=t531 c1=t535
12384 core=0 delay t531 2 r=0 y=1 c0=IDLE1 c1=t535
12385 core=1 delete 5 t527 r=0 y=0 c0=IDLE1 c1=t535
12386 core=0 tick r=1 y=3 c0=t533 c1=t535
12387 core=0 give r=0 y=0 c0=t533 c1=t535
12388 core=0 resume t531 r=0 y=0 c0=t533 c1=t535
12389 core=0 tick r=1 y=3 c0=t533 c1=t535
12390 core=0 noop r=0 y=0 c0=t533 c1=t535
12391 core=0 tick r=1 y=3 c0=t533 c1=t535
12392 core=0 noop r=0 y=0 c0=t533 c1=t535
12393 core=1 takeb t535 2 r=1 y=0 c0=t533 c1=t535
12394 core=0 resume t536 r=0 y=0 c0=t533 c1=t535
12395 core=0 give r=1 y=0 c0=t533 c1=t535
12396 core=0 delay t533 4 r=0 y=1 c0=t536 c1=t535
12397 core=1 suspend t531 r=0 y=0 c0=t536 c1=t535
12398 core=0 take t536 r=1 y=0 c0=t536 c1=t535
12399 core=1 suspend t533 r=0 y=0 c0=t536 c1=t535
12400 core=1 prio t531 2 r=0 y=0 c0=t536 c1=t535
12401 core=0 suspend t533 r=0 y=0 c0=t536 c1=t535
12402 core=0 yield r=0 y=1 c0=t536 c1=t535
12403 core=0 takeb t536 5 r=2 y=1 c0=IDLE0 c1=t535
12404 core=0 noop r=0 y=0 c0=IDLE0 c1=t535
12405 core=0 prio t533 2 r=0 y=0 c0=IDLE0 c1=t535
12406 core=1 noop r=0 y=0 c0=IDLE0 c1=t535
12407 core=1 take t535 r=0 y=0 c0=IDLE0 c1=t535
12408 core=0 give_isr r=1 y=1 c0=t536 c1=t535
12409 core=0 cont t536 r=1 y=0 c0=t536 c1=t535
12410 core=0 noop r=0 y=0 c0=t536 c1=t535
12411 core=1 noop r=0 y=0 c0=t536 c1=t535
12412 core=0 tick r=0 y=0 c0=t536 c1=t535
12413 core=1 takeb t535 3 r=2 y=2 c0=t536 c1=t537
12414 core=1 suspend t537 r=0 y=2 c0=t536 c1=IDLE1
12415 core=0 takeb t536 3 r=2 y=1 c0=IDLE0 c1=IDLE1
12416 core=0 tick r=1 y=3 c0=IDLE0 c1=IDLE1
12417 core=0 noop r=0 y=0 c0=IDLE0 c1=IDLE1
12418 core=0 create 8 t538 p2 r=1 y=2 c0=IDLE0 c1=t538
12419 core=1 noop r=0 y=0 c0=IDLE0 c1=t538
12420 core=1 delete 7 t535 r=0 y=0 c0=IDLE0 c1=t538
12421 core=0 tick r=1 y=1 c0=IDLE1 c1=t538
12422 core=0 tick r=1 y=3 c0=t536 c1=t538
12423 core=0 cont t536 r=0 y=0 c0=t536 c1=t538
12424 core=0 take t536 r=0 y=0 c0=t536 c1=t538
12425 core=0 delay t536 4 r=0 y=1 c0=IDLE0 c1=t538
12426 core=0 noop r=0 y=0 c0=IDLE0 c1=t538
12427 core=0 tick r=1 y=1 c0=IDLE1 c1=t538
12428 core=1 noop r=0 y=0 c0=IDLE1 c1=t538
12429 core=0 noop r=0 y=0 c0=IDLE1 c1=t538
12430 core=1 resume t538 r=0 y=0 c0=IDLE1 c1=t538
12431 core=1 delay t538 1 r=0 y=2 c0=IDLE1 c1=IDLE0
12432 core=1 noop r=0 y=0 c0=IDLE1 c1=IDLE0
12433 core=0 tick r=1 y=3 c0=t538 c1=IDLE1
12434 core=0 give_isr r=1 y=0 c0=t538 c1=IDLE1
12435 core=0 resume t536 r=0 y=0 c0=t538 c1=IDLE1
12436 core=1 create 4 t539 p0 r=1 y=2 c0=t538 c1=IDLE0
12437 core=1 yield r=0 y=2 c0=t538 c1=t539
12438 core=0 give r=0 y=0 c0=t538 c1=t539
12439 core=0 takeb t538 3 r=1 y=0 c0=t538 c1=t539
12440 core=1 delay t539 4 r=0 y=2 c0=t538 c1=IDLE1
12441 core=0 tick r=0 y=2 c0=t538 c1=IDLE0
12442 core=0 yield r=0 y=1 c0=t538 c1=IDLE0
12443 core=0 suspend t537 r=0 y=0 c0=t538 c1=IDLE0
12444 core=0 tick r=1 y=3 c0=t536 c1=t538
12445 core=1 takeb t538 2 r=2 y=2 c0=t536 c1=IDLE1
12446 core=0 tick r=0 y=2 c0=t536 c1=IDLE0
12447 core=1 noop r=0 y=0 c0=t536 c1=IDLE0
12448 core=1 create 9 t540 p3 r=1 y=2 c0=t536 c1=t540
12449 core=0 create 5 t541 p0 r=1 y=0 c0=t536 c1=t540
12450 core=1 resume t538 r=0 y=0 c0=t536 c1=t540
12451 core=1 suspend t537 r=0 y=0 c0=t536 c1=t540
12452 core=0 tick r=1 y=1 c0=t538 c1=t540
12453 core=1 prio t531 0 r=0 y=0 c0=t538 c1=t540
12454 core=0 cont t538 r=0 y=0 c0=t538 c1=t540
12455 core=0 give r=1 y=0 c0=t538 c1=t540
12456 core=1 take t540 r=1 y=0 c0=t538 c1=t540
12457 core=1 noop r=0 y=0 c0=t538 c1=t540
12458 core=0 create 6 t542 p2 r=1 y=0 c0=t538 c1=t540
12459 core=0 suspend t537 r=0 y=0 c0=t538 c1=t540
12460 core=0 suspend t540 r=0 y=2 c0=t538 c1=t536
12461 core=1 give r=1 y=0 c0=t538 c1=t536
12462 core=0 noop r=0 y=0 c0=t538 c1=t536
12463 core=1 prio t538 0 r=0 y=1 c0=t542 c1=t536
12464 core=1 noop r=0 y=0 c0=t542 c1=t536
12465 core=0 delete 6 t542 r=0 y=1 c0=IDLE1 c1=t536
12466 core=1 noop r=0 y=0 c0=IDLE1 c1=t536
12467 core=1 give r=0 y=0 c0=IDLE1 c1=t536
12468 core=1 give r=0 y=0 c0=IDLE1 c1=t536
12469 core=0 prio t539 1 r=0 y=1 c0=t539 c1=t536
12470 core=0 delete 5 t541 r=0 y=0 c0=t539 c1=t536
12471 core=0 tick r=0 y=0 c0=t539 c1=t536
12472 core=0 prio t537 2 r=0 y=0 c0=t539 c1=t536
12473 core=0 resume t537 r=0 y=1 c0=t537 c1=t536
12474 core=0 give_isr r=0 y=0 c0=t537 c1=t536
12475 core=1 take t536 r=1 y=0 c0=t537 c1=t536
12476 core=0 takeb t537 6 r=2 y=1 c0=t539 c1=t536
12477 core=1 noop r=0 y=0 c0=t539 c1=t536
12478 core=1 take t536 r=0 y=0 c0=t539 c1=t536
12479 core=0 resume t540 r=0 y=1 c0=t540 c1=t536
12480 core=0 noop r=0 y=0 c0=t540 c1=t536
12481 core=1 noop r=0 y=0 c0=t540 c1=t536
12482 core=0 noop r=0 y=0 c0=t540 c1=t536
12483 core=1 noop r=0 y=0 c0=t540 c1=t536
12484 core=1 suspend t537 r=0 y=0 c0=t540 c1=t536
12485 core=0 prio t537 3 r=0 y=0 c0=t540 c1=t536
12486 core=0 give r=1 y=0 c0=t540 c1=t536
12487 core=0 tick r=0 y=0 c0=t540 c1=t536
12488 core=0 noop r=0 y=0 c0=t540 c1=t536
12489 core=1 resume t538 r=0 y=0 c0=t540 c1=t536
12490 core=1 create 7 t543 p3 r=1 y=2 c0=t540 c1=t543
12491 core=1 delete 2 t531 r=0 y=0 c0=t540 c1=t543
12492 core=1 delay t543 2 r=0 y=2 c0=t540 c1=t536
12493 core=1 delete 4 t539 r=0 y=0 c0=t540 c1=t536
12494 core=1 prio t540 1 r=0 y=1 c0=t540 c1=t536
12495 core=0 tick r=0 y=0 c0=t540 c1=t536
12496 core=1 suspend t540 r=0 y=1 c0=IDLE0 c1=t536
12497 core=1 noop r=0 y=0 c0=IDLE0 c1=t536
12498 core=0 give r=0 y=0 c0=IDLE0 c1=t536
12499 core=0 give r=0 y=0 c0=IDLE0 c1=t536
12500 core=1 takeb t536 6 r=1 y=0 c0=IDLE0 c1=t536
12501 core=1 resume t533 r=0 y=1 c0=t533 c1=t536
12502 core=1 takeb t536 3 r=2 y=2 c0=t533 c1=t538
12503 core=0 noop r=0 y=0 c0=t533 c1=t538
12504 core=0 delay t533 4 r=0 y=1 c0=IDLE1 c1=t538
12505 core=0 give_isr r=1 y=1 c0=t536 c1=t538
12506 core=0 cont t536 r=1 y=0 c0=t536 c1=t538
12507 core=1 give_isr r=1 y=0 c0=t536 c1=t538
12508 core=0 noop r=0 y=0 c0=t536 c1=t538
12509 core=1 resume t543 r=0 y=0 c0=t536 c1=t538
12510 core=1 create 2 t544 p0 r=1 y=0 c0=t536 c1=t538
12511 core=1 yield r=0 y=2 c0=t536 c1=IDLE0
12512 core=1 noop r=0 y=0 c0=t536 c1=IDLE0
12513 core=1 noop r=0 y=0 c0=t536 c1=IDLE0
12514 core=0 create 4 t545 p2 r=1 y=2 c0=t536 c1=t545
12515 core=1 takeb t545 5 r=1 y=0 c0=t536 c1=t545
12516 core=1 give_isr r=1 y=0 c0=t536 c1=t545
12517 core=0 noop r=0 y=0 c0=t536 c1=t545
12518 core=0 give_isr r=0 y=0 c0=t536 c1=t545
12519 core=0 delay t536 3 r=0 y=1 c0=IDLE1 c1=t545
12520 core=1 resume t538 r=0 y=0 c0=IDLE1 c1=t545
12521 core=0 suspend t538 r=0 y=0 c0=IDLE1 c1=t545
12522 core=0 suspend t533 r=0 y=0 c0=IDLE1 c1=t545
12523 core=1 give_isr r=0 y=0 c0=IDLE1 c1=t545
12524 core=0 noop r=0 y=0 c0=IDLE1 c1=t545
12525 core=1 prio t544 2 r=0 y=1 c0=t544 c1=t545
12526 core=1 take t545 r=1 y=0 c0=t544 c1=t545
12527 core=1 delay t545 2 r=0 y=2 c0=t544 c1=IDLE0
12528 core=1 yield r=0 y=2 c0=t544 c1=IDLE1
12529 core=1 noop r=0 y=0 c0=t544 c1=IDLE1
12530 core=1 noop r=0 y=0 c0=t544 c1=IDLE1
12531 core=1 delete 7 t543 r=0 y=0 c0=t544 c1=IDLE1
12532 core=0 delete 9 t540 r=0 y=0 c0=t544 c1=IDLE1
12533 core=0 delay t544 5 r=0 y=1 c0=IDLE0 c1=IDLE1
12534 core=1 delete 3 t533 r=0 y=0 c0=IDLE0 c1=IDLE1
12535 core=0 prio t545 2 r=0 y=0 c0=IDLE0 c1=IDLE1
12536 core=0 noop r=0 y=0 c0=IDLE0 c1=IDLE1
12537 core=0 tick r=1 y=3 c0=IDLE0 c1=IDLE1
12538 core=1 noop r=0 y=0 c0=IDLE0 c1=IDLE1
12539 core=1 suspend t545 r=0 y=0 c0=IDLE0 c1=IDLE1
12540 core=0 delete 8 t538 r=0 y=0 c0=IDLE0 c1=IDLE1
12541 core=0 create 8 t546 p0 r=1 y=2 c0=IDLE0 c1=t546
12542 core=0 give r=1 y=0 c0=IDLE0 c1=t546
12543 core=0 noop r=0 y=0 c0=IDLE0 c1=t546
12544 core=0 noop r=0 y=0 c0=IDLE0 c1=t546
12545 core=0 noop r=0 y=0 c0=IDLE0 c1=t546
12546 core=0 give_isr r=0 y=0 c0=IDLE0 c1=t546
12547 core=0 yield r=0 y=1 c0=IDLE1 c1=t546
12548 core=0 suspend t546 r=0 y=2 c0=IDLE1 c1=IDLE0
12549 core=0 give_isr r=0 y=0 c0=IDLE1 c1=IDLE0
12550 core=0 prio t537 1 r=0 y=0 c0=IDLE1 c1=IDLE0
12551 core=0 noop r=0 y=0 c0=IDLE1 c1=IDLE0
12552 core=1 noop r=0 y=0 c0=IDLE1 c1=IDLE0
12553 core=0 noop r=0 y=0 c0=IDLE1 c1=IDLE0
12554 core=0 give r=0 y=0 c0=IDLE1 c1=IDLE0
12555 core=0 give r=0 y=0 c0=IDLE1 c1=IDLE0
12556 core=1 delete 2 t544 r=0 y=0 c0=IDLE1 c1=IDLE0
12557 core=0 noop r=0 y=0 c0=IDLE1 c1=IDLE0
12558 core=1 delete 0 t537 r=0 y=0 c0=IDLE1 c1=IDLE0
12559 core=1 noop r=0 y=0 c0=IDLE1 c1=IDLE0
12560 core=1 delete 1 t536 r=0 y=0 c0=IDLE1 c1=IDLE0
12561 core=0 noop r=0 y=0 c0=IDLE1 c1=IDLE0
12562 core=0 noop r=0 y=0 c0=IDLE1 c1=IDLE0
12563 core=0 tick r=1 y=3 c0=IDLE1 c1=IDLE0
12564 core=0 give_isr r=0 y=0 c0=IDLE1 c1=IDLE0
12565 core=0 noop r=0 y=0 c0=IDLE1 c1=IDLE0
12566 core=0 give_isr r=0 y=0 c0=IDLE1 c1=IDLE0
12567 core=0 noop r=0 y=0 c0=IDLE1 c1=IDLE0
12568 core=1 create 3 t547 p0 r=1 y=2 c0=IDLE1 c1=t547
12569 core=0 give_isr r=0 y=0 c0=IDLE1 c1=t547
12570 core=1 noop r=0 y=0 c0=IDLE1 c1=t547
12571 core=1 noop r=0 y=0 c0=IDLE1 c1=t547
12572 core=1 noop r=0 y=0 c0=IDLE1 c1=t547
12573 core=0 noop r=0 y=0 c0=IDLE1 c1=t547
12574 core=0 noop r=0 y=0 c0=IDLE1 c1=t547
12575 core=0 resume t546 r=0 y=1 c0=IDLE0 c1=t547
12576 core=1 give_isr r=0 y=0 c0=IDLE0 c1=t547
12577 core=1 noop r=0 y=0 c0=IDLE0 c1=t547
12578 core=1 give r=0 y=0 c0=IDLE0 c1=t547
12579 core=0 noop r=0 y=0 c0=IDLE0 c1=t547
12580 core=0 noop r=0 y=0 c0=IDLE0 c1=t547
12581 core=0 give r=0 y=0 c0=IDLE0 c1=t547
12582 core=1 give_isr r=0 y=0 c0=IDLE0 c1=t547
12583 core=1 take t547 r=1 y=0 c0=IDLE0 c1=t547
12584 core=1 suspend t547 r=0 y=2 c0=IDLE0 c1=t546
12585 core=1 noop r=0 y=0 c0=IDLE0 c1=t546
12586 core=1 create 7 t548 p1 r=1 y=1 c0=t548 c1=t546
12587 core=0 tick r=0 y=2 c0=t548 c1=IDLE1
12588 core=1 give r=1 y=0 c0=t548 c1=IDLE1
12589 core=0 noop r=0 y=0 c0=t548 c1=IDLE1
12590 core=1 delete 4 t545 r=0 y=0 c0=t548 c1=IDLE1
12591 core=1 give r=0 y=0 c0=t548 c1=IDLE1
12592 core=1 noop r=0 y=0 c0=t548 c1=IDLE1
12593 core=0 noop r=0 y=0 c0=t548 c1=IDLE1
12594 core=0 yield r=0 y=1 c0=t548 c1=IDLE1
12595 core=1 prio t547 2 r=0 y=0 c0=t548 c1=IDLE1
12596 core=0 noop r=0 y=0 c0=t548 c1=IDLE1
12597 core=0 noop r=0 y=0 c0=t548 c1=IDLE1
12598 core=0 create 1 t549 p2 r=1 y=2 c0=t548 c1=t549
12599 core=1 delay t549 3 r=0 y=2 c0=t548 c1=IDLE0
12600 core=0 takeb t548 3 r=1 y=0 c0=t548 c1=IDLE0
12601 core=1 yield r=0 y=2 c0=t548 c1=t546
12602 core=0 delay t548 4 r=0 y=1 c0=IDLE1 c1=t546
12603 core=0 noop r=0 y=0 c0=IDLE1 c1=t546
12604 core=1 delete 3 t547 r=0 y=0 c0=IDLE1 c1=t546
12605 core=0 create 0 t550 p1 r=1 y=1 c0=t550 c1=t546
12606 core=1 noop r=0 y=0 c0=t550 c1=t546
12607 core=0 noop r=0 y=0 c0=t550 c1=t546
12608 core=0 delay t550 1 r=0 y=1 c0=IDLE0 c1=t546
12609 core=0 noop r=0 y=0 c0=IDLE0 c1=t546
12610 core=0 tick r=1 y=3 c0=t550 c1=IDLE1
12611 core=1 noop r=0 y=0 c0=t550 c1=IDLE1
12612 core=0 give_isr r=1 y=0 c0=t550 c1=IDLE1
12613 core=1 noop r=0 y=0 c0=t550 c1=IDLE1
12614 core=1 noop r=0 y=0 c0=t550 c1=IDLE1
12615 core=0 takeb t550 3 r=1 y=0 c0=t550 c1=IDLE1
12616 core=1 give_isr r=1 y=0 c0=t550 c1=IDLE1
12617 core=0 tick r=0 y=2 c0=t550 c1=IDLE0
12618 core=0 delay t550 4 r=0 y=1 c0=t546 c1=IDLE0
12619 core=0 noop r=0 y=0 c0=t546 c1=IDLE0
12620 core=0 suspend t549 r=0 y=0 c0=t546 c1=IDLE0
12621 core=1 noop r=0 y=0 c0=t546 c1=IDLE0
12622 core=0 noop r=0 y=0 c0=t546 c1=IDLE0
12623 core=1 prio t550 2 r=0 y=0 c0=t546 c1=IDLE0
12624 core=1 noop r=0 y=0 c0=t546 c1=IDLE0
12625 core=0 give r=0 y=0 c0=t546 c1=IDLE0
12626 core=1 noop r=0 y=0 c0=t546 c1=IDLE0
12627 core=0 delay t546 3 r=0 y=1 c0=IDLE1 c1=IDLE0
12628 core=1 noop r=0 y=0 c0=IDLE1 c1=IDLE0
12629 core=1 yield r=0 y=2 c0=IDLE1 c1=IDLE0
12630 core=0 create 2 t551 p3 r=1 y=2 c0=IDLE1 c1=t551
12631 core=1 give r=0 y=0 c0=IDLE1 c1=t551
12632 core=0 tick r=1 y=1 c0=IDLE0 c1=t551
12633 core=1 delay t551 4 r=0 y=2 c0=IDLE0 c1=IDLE1
12634 core=1 resume t546 r=0 y=0 c0=IDLE0 c1=IDLE1
12635 core=0 suspend t551 r=0 y=0 c0=IDLE0 c1=IDLE1
12636 core=1 prio t546 3 r=0 y=0 c0=IDLE0 c1=IDLE1
12637 core=1 noop r=0 y=0 c0=IDLE0 c1=IDLE1
12638 core=1 give r=0 y=0 c0=IDLE0 c1=IDLE1
12639 core=0 noop r=0 y=0 c0=IDLE0 c1=IDLE1
12640 core=0 noop r=0 y=0 c0=IDLE0 c1=IDLE1
12641 core=1 create 4 t552 p0 r=1 y=2 c0=IDLE0 c1=t552
12642 core=1 delay t552 2 r=0 y=2 c0=IDLE0 c1=IDLE1
12643 core=0 suspend t548 r=0 y=0 c0=IDLE0 c1=IDLE1
12644 core=0 tick r=1 y=3 c0=IDLE0 c1=IDLE1
12645 core=1 give r=0 y=0 c0=IDLE0 c1=IDLE1
12646 core=1 noop r=0 y=0 c0=IDLE0 c1=IDLE1
12647 core=0 noop r=0 y=0 c0=IDLE0 c1=IDLE1
12648 core=0 tick r=1 y=3 c0=t546 c1=t552
12649 core=0 noop r=0 y=0 c0=t546 c1=t552
12650 core=0 tick r=0 y=2 c0=t546 c1=t550
12651 core=0 give r=0 y=0 c0=t546 c1=t550
12652 core=0 noop r=0 y=0 c0=t546 c1=t550
12653 core=1 noop r=0 y=0 c0=t546 c1=t550
12654 core=0 yield r=0 y=1 c0=t546 c1=t550
12655 core=1 give r=0 y=0 c0=t546 c1=t550
12656 core=1 prio t549 0 r=0 y=0 c0=t546 c1=t550
12657 core=0 suspend t549 r=0 y=0 c0=t546 c1=t550
12658 core=1 noop r=0 y=0 c0=t546 c1=t550
12659 core=1 noop r=0 y=0 c0=t546 c1=t550
12660 core=0 prio t550 0 r=0 y=2 c0=t546 c1=IDLE0
12661 core=1 give_isr r=0 y=0 c0=t546 c1=IDLE0
12662 core=0 yield r=0 y=1 c0=t546 c1=IDLE0
12663 core=1 yield r=0 y=2 c0=t546 c1=IDLE1
12664 core=1 resume t552 r=0 y=0 c0=t546 c1=IDLE1
12665 core=0 delay t546 2 r=0 y=1 c0=t552 c1=IDLE1
12666 core=1 resume t552 r=0 y=0 c0=t552 c1=IDLE1
12667 core=0 delete 7 t548 r=0 y=0 c0=t552 c1=IDLE1
12668 core=1 noop r=0 y=0 c0=t552 c1=IDLE1
12669 core=1 noop r=0 y=0 c0=t552 c1=IDLE1
12670 core=1 delete 4 t552 r=0 y=1 c0=t550 c1=IDLE1
12671 core=1 noop r=0 y=0 c0=t550 c1=IDLE1
12672 core=1 noop r=0 y=0 c0=t550 c1=IDLE1
12673 core=1 suspend t550 r=0 y=1 c0=IDLE0 c1=IDLE1
12674 core=1 create 3 t553 p1 r=1 y=2 c0=IDLE0 c1=t553
12675 core=0 prio t549 1 r=0 y=0 c0=IDLE0 c1=t553
12676 core=0 create 9 t554 p3 r=1 y=1 c0=t554 c1=t553
12677 core=1 give_isr r=0 y=0 c0=t554 c1=t553
12678 core=0 prio t549 2 r=0 y=0 c0=t554 c1=t553
12679 core=0 takeb t554 5 r=1 y=0 c0=t554 c1=t553
12680 core=0 resume t551 r=0 y=2 c0=t554 c1=t551
12681 core=0 tick r=1 y=3 c0=t554 c1=t551
12682 core=0 tick r=1 y=3 c0=t546 c1=t554
12683 core=0 give r=1 y=0 c0=t546 c1=t554
12684 core=0 delay t546 5 r=0 y=1 c0=t551 c1=t554
12685 core=0 delay t551 3 r=0 y=1 c0=t553 c1=t554
12686 core=1 create 6 t555 p2 r=1 y=1 c0=t555 c1=t554
12687 core=0 delete 8 t546 r=0 y=0 c0=t555 c1=t554
12688 core=0 noop r=0 y=0 c0=t555 c1=t554
12689 core=0 delete 6 t555 r=0 y=1 c0=t553 c1=t554
12690 core=1 take t554 r=1 y=0 c0=t553 c1=t554
12691 core=1 suspend t553 r=0 y=1 c0=IDLE1 c1=t554
12692 core=0 suspend t551 r=0 y=0 c0=IDLE1 c1=t554
12693 core=0 resume t550 r=0 y=1 c0=IDLE0 c1=t554
12694 core=1 yield r=0 y=2 c0=IDLE0 c1=t554
12695 core=0 noop r=0 y=0 c0=IDLE0 c1=t554
12696 core=1 prio t551 0 r=0 y=0 c0=IDLE0 c1=t554
12697 core=1 noop r=0 y=0 c0=IDLE0 c1=t554
12698 core=1 takeb t554 1 r=2 y=2 c0=IDLE0 c1=t550
12699 core=0 noop r=0 y=0 c0=IDLE0 c1=t550
12700 core=0 noop r=0 y=0 c0=IDLE0 c1=t550
12701 core=1 delete 2 t551 r=0 y=0 c0=IDLE0 c1=t550
12702 core=1 noop r=0 y=0 c0=IDLE0 c1=t550
12703 core=1 delay t550 5 r=0 y=2 c0=IDLE0 c1=IDLE1
12704 core=0 resume t549 r=0 y=2 c0=IDLE0 c1=t549
12705 core=0 yield r=0 y=1 c0=IDLE1 c1=t549
12706 core=1 prio t553 1 r=0 y=0 c0=IDLE1 c1=t549
12707 core=1 give r=1 y=1 c0=t554 c1=t549
12708 core=1 noop r=0 y=0 c0=t554 c1=t549
12709 core=1 noop r=0 y=0 c0=t554 c1=t549
12710 core=1 create 7 t556 p1 r=1 y=0 c0=t554 c1=t549
12711 core=0 cont t554 r=1 y=0 c0=t554 c1=t549
12712 core=1 give r=1 y=0 c0=t554 c1=t549
12713 core=1 give r=0 y=0 c0=t554 c1=t549
12714 core=0 delay t554 2 r=0 y=1 c0=t556 c1=t549
12715 core=1 noop r=0 y=0 c0=t556 c1=t549
12716 core=1 noop r=0 y=0 c0=t556 c1=t549
12717 core=0 tick r=0 y=0 c0=t556 c1=t549
12718 core=1 delay t549 4 r=0 y=2 c0=t556 c1=IDLE0
12719 core=0 noop r=0 y=0 c0=t556 c1=IDLE0
12720 core=0 create 6 t557 p1 r=1 y=2 c0=t556 c1=t557
12721 core=1 noop r=0 y=0 c0=t556 c1=t557
12722 core=0 tick r=1 y=3 c0=t554 c1=t556
12723 core=1 takeb t556 2 r=1 y=0 c0=t554 c1=t556
12724 core=0 resume t550 r=0 y=0 c0=t554 c1=t556
12725 core=0 tick r=0 y=2 c0=t554 c1=t557
12726 core=1 noop r=0 y=0 c0=t554 c1=t557
12727 core=1 give_isr r=1 y=0 c0=t554 c1=t557
12728 core=1 delay t557 4 r=0 y=2 c0=t554 c1=t556
12729 core=0 noop r=0 y=0 c0=t554 c1=t556
12730 core=0 takeb t554 2 r=1 y=0 c0=t554 c1=t556
12731 core=1 yield r=0 y=2 c0=t554 c1=t556
12732 core=0 tick r=0 y=0 c0=t554 c1=t556
12733 core=1 yield r=0 y=2 c0=t554 c1=t556
12734 core=0 delete 9 t554 r=0 y=1 c0=IDLE1 c1=t556
12735 core=1 delay t556 1 r=0 y=2 c0=IDLE1 c1=IDLE0
12736 core=1 noop r=0 y=0 c0=IDLE1 c1=IDLE0
12737 core=0 noop r=0 y=0 c0=IDLE1 c1=IDLE0
12738 core=1 noop r=0 y=0 c0=IDLE1 c1=IDLE0
12739 core=1 noop r=0 y=0 c0=IDLE1 c1=IDLE0
12740 core=0 noop r=0 y=0 c0=IDLE1 c1=IDLE0
12741 core=0 tick r=1 y=3 c0=t549 c1=t556
12742 core=1 resume t550 r=0 y=0 c0=t549 c1=t556
12743 core=0 take t549 r=0 y=0 c0=t549 c1=t556
12744 core=1 noop r=0 y=0 c0=t549 c1=t556
12745 core=1 give r=1 y=0 c0=t549 c1=t556
12746 core=1 delay t556 5 r=0 y=2 c0=t549 c1=t550
12747 core=1 delay t550 3 r=0 y=2 c0=t549 c1=IDLE1
12748 core=1 yield r=0 y=2 c0=t549 c1=IDLE0
12749 core=1 give_isr r=0 y=0 c0=t549 c1=IDLE0
12750 core=1 noop r=0 y=0 c0=t549 c1=IDLE0
12751 core=1 noop r=0 y=0 c0=t549 c1=IDLE0
12752 core=1 suspend t556 r=0 y=0 c0=t549 c1=IDLE0
12753 core=0 yield r=0 y=1 c0=t549 c1=IDLE0
12754 core=0 noop r=0 y=0 c0=t549 c1=IDLE0
12755 core=1 create 8 t558 p3 r=1 y=2 c0=t549 c1=t558
12756 core=1 noop r=0 y=0 c0=t549 c1=t558
12757 core=0 delete 1 t549 r=0 y=1 c0=IDLE1 c1=t558
12758 core=1 delay t558 2 r=0 y=2 c0=IDLE1 c1=IDLE0
12759 core=0 give_isr r=0 y=0 c0=IDLE1 c1=IDLE0
12760 core=1 noop r=0 y=0 c0=IDLE1 c1=IDLE0
12761 core=0 create 9 t559 p0 r=1 y=2 c0=IDLE1 c1=t559
12762 core=1 give_isr r=0 y=0 c0=IDLE1 c1=t559
12763 core=0 resume t550 r=0 y=0 c0=IDLE1 c1=t559
12764 core=0 give r=0 y=0 c0=IDLE1 c1=t559
12765 core=0 noop r=0 y=0 c0=IDLE1 c1=t559
12766 core=1 noop r=0 y=0 c0=IDLE1 c1=t559
12767 core=0 noop r=0 y=0 c0=IDLE1 c1=t559
12768 core=1 yield r=0 y=2 c0=IDLE1 c1=IDLE0
12769 core=0 tick r=1 y=3 c0=t559 c1=IDLE1
12770 core=0 tick r=1 y=3 c0=t558 c1=t557
12771 core=0 delete 9 t559 r=0 y=0 c0=t558 c1=t557
12772 core=1 noop r=0 y=0 c0=t558 c1=t557
12773 core=0 resume t558 r=0 y=0 c0=t558 c1=t557
12774 core=0 resume t556 r=0 y=0 c0=t558 c1=t557
12775 core=1 noop r=0 y=0 c0=t558 c1=t557
12776 core=0 resume t557 r=0 y=0 c0=t558 c1=t557
12777 core=1 noop r=0 y=0 c0=t558 c1=t557
12778 core=1 noop r=0 y=0 c0=t558 c1=t557
12779 core=1 noop r=0 y=0 c0=t558 c1=t557
12780 core=0 take t558 r=1 y=0 c0=t558 c1=t557
12781 core=0 tick r=0 y=2 c0=t558 c1=t556
12782 core=0 take t558 r=0 y=0 c0=t558 c1=t556
12783 core=0 suspend t558 r=0 y=1 c0=t557 c1=t556
12784 core=1 noop r=0 y=0 c0=t557 c1=t556
12785 core=0 prio t557 0 r=0 y=1 c0=IDLE0 c1=t556
12786 core=0 give r=1 y=0 c0=IDLE0 c1=t556
12787 core=0 noop r=0 y=0 c0=IDLE0 c1=t556
12788 core=1 delay t556 2 r=0 y=2 c0=IDLE0 c1=IDLE1
12789 core=1 noop r=0 y=0 c0=IDLE0 c1=IDLE1
12790 core=0 noop r=0 y=0 c0=IDLE0 c1=IDLE1
12791 core=0 noop r=0 y=0 c0=IDLE0 c1=IDLE1
12792 core=0 tick r=1 y=3 c0=t550 c1=t557
12793 core=0 delay t550 4 r=0 y=1 c0=IDLE0 c1=t557
12794 core=0 noop r=0 y=0 c0=IDLE0 c1=t557
12795 core=0 noop r=0 y=0 c0=IDLE0 c1=t557
12796 core=0 noop r=0 y=0 c0=IDLE0 c1=t557
12797 core=0 suspend t550 r=0 y=0 c0=IDLE0 c1=t557
12798 core=0 noop r=0 y=0 c0=IDLE0 c1=t557
12799 core=0 noop r=0 y=0 c0=IDLE0 c1=t557
12800 core=0 noop r=0 y=0 c0=IDLE0 c1=t557
12801 core=1 noop r=0 y=0 c0=IDLE0 c1=t557
12802 core=1 noop r=0 y=0 c0=IDLE0 c1=t557
12803 core=0 tick r=1 y=3 c0=t556 c1=IDLE1
12804 core=1 noop r=0 y=0 c0=t556 c1=IDLE1
12805 core=0 resume t557 r=0 y=0 c0=t556 c1=IDLE1
12806 core=0 noop r=0 y=0 c0=t556 c1=IDLE1
12807 core=1 give r=0 y=0 c0=t556 c1=IDLE1
12808 core=0 create 1 t560 p2 r=1 y=2 c0=t556 c1=t560
12809 core=1 resume t553 r=0 y=0 c0=t556 c1=t560
12810 core=0 delete 0 t550 r=0 y=0 c0=t556 c1=t560
12811 core=0 takeb t556 2 r=1 y=0 c0=t556 c1=t560
12812 core=0 create 5 t561 p3 r=1 y=1 c0=t561 c1=t560
12813 core=0 noop r=0 y=0 c0=t561 c1=t560
12814 core=0 delay t561 5 r=0 y=1 c0=t553 c1=t560
12815 core=1 noop r=0 y=0 c0=t553 c1=t560
12816 core=1 give_isr r=1 y=0 c0=t553 c1=t560
12817 core=1 takeb t560 2 r=1 y=0 c0=t553 c1=t560
12818 core=0 noop r=0 y=0 c0=t553 c1=t560
12819 core=0 prio t553 0 r=0 y=1 c0=t556 c1=t560
12820 core=1 give_isr r=1 y=0 c0=t556 c1=t560
12821 core=1 delay t560 2 r=0 y=2 c0=t556 c1=IDLE0
12822 core=1 noop r=0 y=0 c0=t556 c1=IDLE0
12823 core=1 give r=0 y=0 c0=t556 c1=IDLE0
12824 core=1 create 2 t562 p2 r=1 y=2 c0=t556 c1=t562
12825 core=0 yield r=0 y=1 c0=t556 c1=t562
12826 core=1 give r=0 y=0 c0=t556 c1=t562
12827 core=1 delete 2 t562 r=0 y=2 c0=t556 c1=t557
12828 core=0 yield r=0 y=1 c0=t556 c1=t557
12829 core=0 takeb t556 3 r=1 y=0 c0=t556 c1=t557
12830 core=1 create 9 t563 p1 r=1 y=2 c0=t556 c1=t563
12831 core=1 delay t563 5 r=0 y=2 c0=t556 c1=IDLE1
12832 core=0 tick r=0 y=2 c0=t556 c1=t553
12833 core=1 delay t553 3 r=0 y=2 c0=t556 c1=IDLE0
12834 core=1 yield r=0 y=2 c0=t556 c1=t557
12835 core=0 give r=1 y=0 c0=t556 c1=t557
12836 core=1 yield r=0 y=2 c0=t556 c1=IDLE1
12837 core=1 suspend t560 r=0 y=0 c0=t556 c1=IDLE1
12838 core=1 noop r=0 y=0 c0=t556 c1=IDLE1
12839 core=1 suspend t553 r=0 y=0 c0=t556 c1=IDLE1
12840 core=1 noop r=0 y=0 c0=t556 c1=IDLE1
12841 core=1 give_isr r=0 y=0 c0=t556 c1=IDLE1
12842 core=1 create 2 t564 p2 r=1 y=2 c0=t556 c1=t564
12843 core=0 suspend t553 r=0 y=0 c0=t556 c1=t564
12844 core=1 noop r=0 y=0 c0=t556 c1=t564
12845 core=1 resume t563 r=0 y=0 c0=t556 c1=t564
12846 core=0 noop r=0 y=0 c0=t556 c1=t564
12847 core=0 suspend t561 r=0 y=0 c0=t556 c1=t564
12848 core=0 noop r=0 y=0 c0=t556 c1=t564
12849 core=1 noop r=0 y=0 c0=t556 c1=t564
12850 core=0 take t556 r=1 y=0 c0=t556 c1=t564
12851 core=1 prio t556 3 r=0 y=0 c0=t556 c1=t564
12852 core=0 noop r=0 y=0 c0=t556 c1=t564
12853 core=1 prio t556 3 r=0 y=0 c0=t556 c1=t564
12854 core=0 prio t563 0 r=0 y=0 c0=t556 c1=t564
12855 core=0 resume t557 r=0 y=0 c0=t556 c1=t564
12856 core=0 tick r=0 y=0 c0=t556 c1=t564
12857 core=1 delete 5 t561 r=0 y=0 c0=t556 c1=t564
12858 core=0 delay t556 3 r=0 y=1 c0=IDLE0 c1=t564
12859 core=1 delete 9 t563 r=0 y=0 c0=IDLE0 c1=t564
12860 core=1 noop r=0 y=0 c0=IDLE0 c1=t564
12861 core=0 tick r=1 y=1 c0=t557 c1=t564
12862 core=1 takeb t564 4 r=2 y=2 c0=t557 c1=IDLE1
12863 core=0 resume t560 r=0 y=2 c0=t557 c1=t560
12864 core=0 suspend t560 r=0 y=2 c0=t557 c1=IDLE0
12865 core=1 give r=1 y=2 c0=t557 c1=t564
12866 core=1 cont t564 r=1 y=0 c0=t557 c1=t564
12867 core=1 yield r=0 y=2 c0=t557 c1=t564
12868 core=1 resume t560 r=0 y=1 c0=t560 c1=t564
12869 core=0 tick r=1 y=3 c0=t560 c1=t564
12870 core=0 noop r=0 y=0 c0=t560 c1=t564
12871 core=1 give r=1 y=0 c0=t560 c1=t564
12872 core=0 tick r=1 y=3 c0=t556 c1=t560
12873 core=0 tick r=0 y=2 c0=t556 c1=t564
12874 core=0 take t556 r=1 y=0 c0=t556 c1=t564
12875 core=0 tick r=0 y=2 c0=t556 c1=t560
12876 core=0 yield r=0 y=1 c0=t556 c1=t560
12877 core=1 yield r=0 y=2 c0=t556 c1=t564
12878 core=1 noop r=0 y=0 c0=t556 c1=t564
12879 core=0 resume t556 r=0 y=0 c0=t556 c1=t564
12880 core=0 noop r=0 y=0 c0=t556 c1=t564
12881 core=0 noop r=0 y=0 c0=t556 c1=t564
12882 core=0 suspend t564 r=0 y=2 c0=t556 c1=t560
12883 core=1 takeb t560 5 r=2 y=2 c0=t556 c1=IDLE1
12884 core=0 give_isr r=1 y=2 c0=t556 c1=t560
12885 core=0 delay t556 2 r=0 y=1 c0=IDLE0 c1=t560
12886 core=0 noop r=0 y=0 c0=IDLE0 c1=t560
12887 core=0 noop r=0 y=0 c0=IDLE0 c1=t560
12888 core=0 noop r=0 y=0 c0=IDLE0 c1=t560
12889 core=0 create 0 t565 p0 r=1 y=1 c0=t557 c1=t560
12890 core=0 noop r=0 y=0 c0=t557 c1=t560
12891 core=1 cont t560 r=1 y=0 c0=t557 c1=t560
12892 core=1 noop r=0 y=0 c0=t557 c1=t560
12893 core=0 take t557 r=0 y=0 c0=t557 c1=t560
12894 core=1 delay t560 2 r=0 y=2 c0=t557 c1=IDLE1
12895 core=1 suspend t556 r=0 y=0 c0=t557 c1=IDLE1
12896 core=0 give r=1 y=0 c0=t557 c1=IDLE1
12897 core=1 prio t565 2 r=0 y=2 c0=t557 c1=t565
12898 core=1 noop r=0 y=0 c0=t557 c1=t565
12899 core=1 takeb t565 2 r=1 y=0 c0=t557 c1=t565
12900 core=1 take t565 r=0 y=0 c0=t557 c1=t565
12901 core=1 resume t558 r=0 y=1 c0=t558 c1=t565
12902 core=1 delete 7 t556 r=0 y=0 c0=t558 c1=t565
12903 core=0 noop r=0 y=0 c0=t558 c1=t565
12904 core=1 noop r=0 y=0 c0=t558 c1=t565
12905 core=1 yield r=0 y=2 c0=t558 c1=t565
12906 core=1 noop r=0 y=0 c0=t558 c1=t565
12907 core=0 delay t558 4 r=0 y=1 c0=IDLE0 c1=t565
12908 core=0 suspend t553 r=0 y=0 c0=IDLE0 c1=t565
12909 core=0 noop r=0 y=0 c0=IDLE0 c1=t565
12910 core=0 prio t558 0 r=0 y=0 c0=IDLE0 c1=t565
12911 core=1 prio t557 1 r=0 y=1 c0=t557 c1=t565
12912 core=1 noop r=0 y=0 c0=t557 c1=t565
12913 core=0 delay t557 3 r=0 y=1 c0=IDLE1 c1=t565
12914 core=0 noop r=0 y=0 c0=IDLE1 c1=t565
12915 core=0 give_isr r=1 y=0 c0=IDLE1 c1=t565
12916 core=0 yield r=0 y=1 c0=IDLE0 c1=t565
12917 core=0 create 9 t566 p0 r=1 y=1 c0=IDLE1 c1=t565
12918 core=1 delete 8 t558 r=0 y=0 c0=IDLE1 c1=t565
12919 core=1 takeb t565 4 r=1 y=0 c0=IDLE1 c1=t565
12920 core=1 delay t565 4 r=0 y=2 c0=IDLE1 c1=t566
12921 core=0 noop r=0 y=0 c0=IDLE1 c1=t566
12922 core=0 give r=1 y=0 c0=IDLE1 c1=t566
12923 core=0 tick r=1 y=3 c0=IDLE0 c1=IDLE1
12924 core=0 noop r=0 y=0 c0=IDLE0 c1=IDLE1
12925 core=0 noop r=0 y=0 c0=IDLE0 c1=IDLE1
12926 core=0 noop r=0 y=0 c0=IDLE0 c1=IDLE1
12927 core=0 noop r=0 y=0 c0=IDLE0 c1=IDLE1
12928 core=1 give r=0 y=0 c0=IDLE0 c1=IDLE1
12929 core=1 noop r=0 y=0 c0=IDLE0 c1=IDLE1
12930 core=1 noop r=0 y=0 c0=IDLE0 c1=IDLE1
12931 core=1 delete 1 t560 r=0 y=0 c0=IDLE0 c1=IDLE1
12932 core=1 prio t565 1 r=0 y=0 c0=IDLE0 c1=IDLE1
12933 core=0 noop r=0 y=0 c0=IDLE0 c1=IDLE1
12934 core=0 tick r=1 y=3 c0=t566 c1=IDLE0
12935 core=0 noop r=0 y=0 c0=t566 c1=IDLE0
12936 core=0 suspend t565 r=0 y=0 c0=t566 c1=IDLE0
12937 core=1 prio t565 0 r=0 y=0 c0=t566 c1=IDLE0
12938 core=0 prio t564 1 r=0 y=0 c0=t566 c1=IDLE0
12939 core=0 tick r=1 y=3 c0=t557 c1=IDLE1
12940 core=1 noop r=0 y=0 c0=t557 c1=IDLE1
12941 core=1 give r=0 y=0 c0=t557 c1=IDLE1
12942 core=1 yield r=0 y=2 c0=t557 c1=t566
12943 core=1 delay t566 4 r=0 y=2 c0=t557 c1=IDLE0
12944 core=0 yield r=0 y=1 c0=t557 c1=IDLE0
12945 core=0 give r=0 y=0 c0=t557 c1=IDLE0
12946 core=1 create 5 t567 p3 r=1 y=2 c0=t557 c1=t567
12947 core=0 noop r=0 y=0 c0=t557 c1=t567
12948 core=0 tick r=0 y=0 c0=t557 c1=t567
12949 core=1 takeb t567 5 r=1 y=0 c0=t557 c1=t567
12950 core=0 tick r=0 y=0 c0=t557 c1=t567
12951 core=0 give_isr r=1 y=0 c0=t557 c1=t567
12952 core=1 suspend t566 r=0 y=0 c0=t557 c1=t567
12953 core=1 resume t564 r=0 y=0 c0=t557 c1=t567
12954 core=0 tick r=1 y=1 c0=t564 c1=t567
12955 core=0 noop r=0 y=0 c0=t564 c1=t567
12956 core=1 give_isr r=0 y=0 c0=t564 c1=t567
12957 core=1 noop r=0 y=0 c0=t564 c1=t567
12958 core=1 noop r=0 y=0 c0=t564 c1=t567
12959 core=1 resume t567 r=0 y=0 c0=t564 c1=t567
12960 core=0 tick r=1 y=1 c0=t557 c1=t567
12961 core=0 delete 6 t557 r=0 y=1 c0=t564 c1=t567
12962 core=1 delay t567 2 r=0 y=2 c0=t564 c1=IDLE1
12963 core=0 noop r=0 y=0 c0=t564 c1=IDLE1
12964 core=0 noop r=0 y=0 c0=t564 c1=IDLE1
12965 core=0 noop r=0 y=0 c0=t564 c1=IDLE1
12966 core=0 take t564 r=1 y=0 c0=t564 c1=IDLE1
12967 core=1 suspend t565 r=0 y=0 c0=t564 c1=IDLE1
12968 core=0 delay t564 5 r=0 y=1 c0=IDLE0 c1=IDLE1
12969 core=1 noop r=0 y=0 c0=IDLE0 c1=IDLE1
12970 core=0 give r=1 y=0 c0=IDLE0 c1=IDLE1
12971 core=1 give r=0 y=0 c0=IDLE0 c1=IDLE1
12972 core=1 delete 3 t553 r=0 y=0 c0=IDLE0 c1=IDLE1
12973 core=0 give r=0 y=0 c0=IDLE0 c1=IDLE1
12974 core=0 noop r=0 y=0 c0=IDLE0 c1=IDLE1
12975 core=0 tick r=1 y=3 c0=IDLE0 c1=IDLE1
12976 core=0 give r=0 y=0 c0=IDLE0 c1=IDLE1
12977 core=1 noop r=0 y=0 c0=IDLE0 c1=IDLE1
12978 core=0 noop r=0 y=0 c0=IDLE0 c1=IDLE1
12979 core=0 noop r=0 y=0 c0=IDLE0 c1=IDLE1
12980 core=0 prio t564 1 r=0 y=0 c0=IDLE0 c1=IDLE1
12981 core=0 noop r=0 y=0 c0=IDLE0 c1=IDLE1
12982 core=1 noop r=0 y=0 c0=IDLE0 c1=IDLE1
12983 core=1 noop r=0 y=0 c0=IDLE0 c1=IDLE1
12984 core=0 delete 0 t565 r=0 y=0 c0=IDLE0 c1=IDLE1
12985 core=0 prio t564 0 r=0 y=0 c0=IDLE0 c1=IDLE1
12986 core=1 create 8 t568 p3 r=1 y=2 c0=IDLE0 c1=t568
12987 core=1 noop r=0 y=0 c0=IDLE0 c1=t568
12988 core=1 takeb t568 4 r=1 y=0 c0=IDLE0 c1=t568
12989 core=1 give r=1 y=0 c0=IDLE0 c1=t568
12990 core=1 noop r=0 y=0 c0=IDLE0 c1=t568
12991 core=0 create 3 t569 p1 r=1 y=1 c0=t569 c1=t568
12992 core=0 take t569 r=1 y=0 c0=t569 c1=t568
12993 core=1 suspend t569 r=0 y=1 c0=IDLE1 c1=t568
12994 core=1 yield r=0 y=2 c0=IDLE1 c1=t568
12995 core=1 noop r=0 y=0 c0=IDLE1 c1=t568
12996 core=0 noop r=0 y=0 c0=IDLE1 c1=t568
12997 core=0 give r=1 y=0 c0=IDLE1 c1=t568
12998 core=1 resume t566 r=0 y=1 c0=IDLE0 c1=t568
12999 core=1 noop r=0 y=0 c0=IDLE0 c1=t568
13000 core=1 give_isr r=0 y=0 c0=IDLE0 c1=t568
13001 core=0 prio t568 1 r=0 y=2 c0=IDLE0 c1=t568
13002 core=0 prio t564 0 r=0 y=0 c0=IDLE0 c1=t568
13003 core=0 tick r=1 y=1 c0=t567 c1=t568
13004 core=0 delay t567 5 r=0 y=1 c0=t566 c1=t568
13005 core=0 delete 5 t567 r=0 y=0 c0=t566 c1=t568
13006 core=0 create 0 t570 p0 r=1 y=0 c0=t566 c1=t568
13007 core=0 noop r=0 y=0 c0=t566 c1=t568
13008 core=1 give r=0 y=0 c0=t566 c1=t568
13009 core=0 noop r=0 y=0 c0=t566 c1=t568
13010 core=1 noop r=0 y=0 c0=t566 c1=t568
13011 core=0 create 6 t571 p2 r=1 y=1 c0=t571 c1=t568
13012 core=1 delete 8 t568 r=0 y=2 c0=t571 c1=IDLE1
13013 core=0 noop r=0 y=0 c0=t571 c1=IDLE1
13014 core=0 delete 6 t571 r=0 y=1 c0=IDLE0 c1=IDLE1
13015 core=0 yield r=0 y=1 c0=t570 c1=IDLE1
13016 core=0 noop r=0 y=0 c0=t570 c1=IDLE1
13017 core=1 noop r=0 y=0 c0=t570 c1=IDLE1
13018 core=1 noop r=0 y=0 c0=t570 c1=IDLE1
13019 core=1 noop r=0 y=0 c0=t570 c1=IDLE1
13020 core=1 noop r=0 y=0 c0=t570 c1=IDLE1
13021 core=1 noop r=0 y=0 c0=t570 c1=IDLE1
13022 core=0 resume t569 r=0 y=2 c0=t570 c1=t569
13023 core=0 noop r=0 y=0 c0=t570 c1=t569
13024 core=1 noop r=0 y=0 c0=t570 c1=t569
13025 core=1 noop r=0 y=0 c0=t570 c1=t569
13026 core=0 noop r=0 y=0 c0=t570 c1=t569
13027 core=1 delete 0 t570 r=0 y=1 c0=t566 c1=t569
13028 core=0 noop r=0 y=0 c0=t566 c1=t569
13029 core=1 delete 2 t564 r=0 y=0 c0=t566 c1=t569
13030 core=1 give_isr r=0 y=0 c0=t566 c1=t569
13031 core=0 yield r=0 y=1 c0=IDLE0 c1=t569
13032 core=0 noop r=0 y=0 c0=IDLE0 c1=t569
13033 core=1 noop r=0 y=0 c0=IDLE0 c1=t569
13034 core=1 give_isr r=0 y=0 c0=IDLE0 c1=t569
13035 core=0 noop r=0 y=0 c0=IDLE0 c1=t569
13036 core=0 tick r=1 y=1 c0=IDLE1 c1=t569
13037 core=0 noop r=0 y=0 c0=IDLE1 c1=t569
13038 core=0 create 6 t572 p0 r=1 y=1 c0=t566 c1=t569
13039 core=0 give_isr r=0 y=0 c0=t566 c1=t569
13040 core=1 give r=0 y=0 c0=t566 c1=t569
13041 core=1 suspend t572 r=0 y=0 c0=t566 c1=t569
13042 core=1 prio t566 1 r=0 y=0 c0=t566 c1=t569
13043 core=1 suspend t572 r=0 y=0 c0=t566 c1=t569
13044 core=1 noop r=0 y=0 c0=t566 c1=t569
13045 core=1 delay t569 5 r=0 y=2 c0=t566 c1=IDLE0
13046 core=0 create 0 t573 p1 r=1 y=2 c0=t566 c1=t573
13047 core=0 give r=0 y=0 c0=t566 c1=t573
13048 core=0 give r=0 y=0 c0=t566 c1=t573
13049 core=0 takeb t566 2 r=1 y=0 c0=t566 c1=t573
13050 core=0 noop r=0 y=0 c0=t566 c1=t573
13051 core=1 prio t572 0 r=0 y=0 c0=t566 c1=t573
13052 core=1 give_isr r=1 y=0 c0=t566 c1=t573
13053 core=0 create 8 t574 p3 r=1 y=2 c0=t566 c1=t574
13054 core=0 noop r=0 y=0 c0=t566 c1=t574
13055 core=0 noop r=0 y=0 c0=t566 c1=t574
13056 core=0 takeb t566 2 r=1 y=0 c0=t566 c1=t574
13057 core=0 tick r=1 y=1 c0=t573 c1=t574
13058 core=1 delay t574 5 r=0 y=2 c0=t573 c1=t566
13059 core=0 delay t573 3 r=0 y=1 c0=IDLE1 c1=t566
13060 core=0 resume t573 r=0 y=0 c0=IDLE1 c1=t566
13061 core=1 give r=1 y=0 c0=IDLE1 c1=t566
13062 core=0 noop r=0 y=0 c0=IDLE1 c1=t566
13063 core=0 resume t573 r=0 y=0 c0=IDLE1 c1=t566
13064 core=1 suspend t572 r=0 y=0 c0=IDLE1 c1=t566
13065 core=0 noop r=0 y=0 c0=IDLE1 c1=t566
13066 core=1 give r=0 y=0 c0=IDLE1 c1=t566
13067 core=1 noop r=0 y=0 c0=IDLE1 c1=t566
13068 core=0 resume t573 r=0 y=0 c0=IDLE1 c1=t566
13069 core=1 give_isr r=0 y=0 c0=IDLE1 c1=t566
13070 core=0 noop r=0 y=0 c0=IDLE1 c1=t566
13071 core=1 takeb t566 2 r=1 y=0 c0=IDLE1 c1=t566
13072 core=0 give r=1 y=0 c0=IDLE1 c1=t566
13073 core=1 noop r=0 y=0 c0=IDLE1 c1=t566
13074 core=0 noop r=0 y=0 c0=IDLE1 c1=t566
13075 core=0 delete 9 t566 r=0 y=2 c0=IDLE1 c1=IDLE0
13076 core=0 give r=0 y=0 c0=IDLE1 c1=IDLE0
13077 core=0 noop r=0 y=0 c0=IDLE1 c1=IDLE0
13078 core=1 yield r=0 y=2 c0=IDLE1 c1=IDLE0
13079 core=0 suspend t572 r=0 y=0 c0=IDLE1 c1=IDLE0
13080 core=0 give_isr r=0 y=0 c0=IDLE1 c1=IDLE0
13081 core=1 create 5 t575 p1 r=1 y=2 c0=IDLE1 c1=t575
13082 core=0 delete 6 t572 r=0 y=0 c0=IDLE1 c1=t575
13083 core=1 suspend t574 r=0 y=0 c0=IDLE1 c1=t575
13084 core=0 give r=0 y=0 c0=IDLE1 c1=t575
13085 core=1 delay t575 1 r=0 y=2 c0=IDLE1 c1=IDLE0
13086 core=0 tick r=1 y=3 c0=t575 c1=IDLE1
13087 core=0 noop r=0 y=0 c0=t575 c1=IDLE1
13088 core=0 give_isr r=0 y=0 c0=t575 c1=IDLE1
13089 core=0 noop r=0 y=0 c0=t575 c1=IDLE1
13090 core=1 noop r=0 y=0 c0=t575 c1=IDLE1
13091 core=0 give_isr r=0 y=0 c0=t575 c1=IDLE1
13092 core=0 give r=0 y=0 c0=t575 c1=IDLE1
13093 core=0 noop r=0 y=0 c0=t575 c1=IDLE1
13094 core=1 give r=0 y=0 c0=t575 c1=IDLE1
13095 core=0 suspend t575 r=0 y=1 c0=IDLE0 c1=IDLE1
13096 core=0 noop r=0 y=0 c0=IDLE0 c1=IDLE1
13097 core=0 delete 5 t575 r=0 y=0 c0=IDLE0 c1=IDLE1
13098 core=1 create 2 t576 p3 r=1 y=2 c0=IDLE0 c1=t576
13099 core=1 give r=0 y=0 c0=IDLE0 c1=t576
13100 core=1 noop r=0 y=0 c0=IDLE0 c1=t576
13101 core=1 delay t576 2 r=0 y=2 c0=IDLE0 c1=IDLE1
13102 core=0 noop r=0 y=0 c0=IDLE0 c1=IDLE1
13103 core=0 tick r=1 y=3 c0=IDLE0 c1=IDLE1
13104 core=0 create 6 t577 p2 r=1 y=2 c0=IDLE0 c1=t577
13105 core=1 create 7 t578 p2 r=1 y=1 c0=t578 c1=t577
13106 core=0 delay t578 3 r=0 y=1 c0=IDLE1 c1=t577
13107 core=1 takeb t577 4 r=1 y=0 c0=IDLE1 c1=t577
13108 core=1 noop r=0 y=0 c0=IDLE1 c1=t577
13109 core=0 give r=1 y=0 c0=IDLE1 c1=t577
13110 core=1 prio t576 2 r=0 y=0 c0=IDLE1 c1=t577
13111 core=1 noop r=0 y=0 c0=IDLE1 c1=t577
13112 core=0 suspend t576 r=0 y=0 c0=IDLE1 c1=t577
13113 core=0 noop r=0 y=0 c0=IDLE1 c1=t577
13114 core=1 give_isr r=0 y=0 c0=IDLE1 c1=t577
13115 core=0 give_isr r=0 y=0 c0=IDLE1 c1=t577
13116 core=1 give_isr r=0 y=0 c0=IDLE1 c1=t577
13117 core=1 delete 0 t573 r=0 y=0 c0=IDLE1 c1=t577
13118 core=1 delay t577 5 r=0 y=2 c0=IDLE1 c1=IDLE0
13119 core=0 noop r=0 y=0 c0=IDLE1 c1=IDLE0
13120 core=0 noop r=0 y=0 c0=IDLE1 c1=IDLE0
13121 core=0 noop r=0 y=0 c0=IDLE1 c1=IDLE0
13122 core=1 create 5 t579 p3 r=1 y=2 c0=IDLE1 c1=t579
13123 core=1 noop r=0 y=0 c0=IDLE1 c1=t579
13124 core=1 noop r=0 y=0 c0=IDLE1 c1=t579
13125 core=0 give_isr r=0 y=0 c0=IDLE1 c1=t579
13126 core=1 noop r=0 y=0 c0=IDLE1 c1=t579
13127 core=0 yield r=0 y=1 c0=IDLE0 c1=t579
13128 core=0 noop r=0 y=0 c0=IDLE0 c1=t579
13129 core=0 tick r=1 y=1 c0=IDLE1 c1=t579
13130 core=1 takeb t579 6 r=1 y=0 c0=IDLE1 c1=t579
13131 core=1 delay t579 5 r=0 y=2 c0=IDLE1 c1=IDLE0
13132 core=0 noop r=0 y=0 c0=IDLE1 c1=IDLE0
13133 core=0 delete 8 t574 r=0 y=0 c0=IDLE1 c1=IDLE0
13134 core=0 delete 6 t577 r=0 y=0 c0=IDLE1 c1=IDLE0
13135 core=1 noop r=0 y=0 c0=IDLE1 c1=IDLE0
13136 core=1 give r=1 y=0 c0=IDLE1 c1=IDLE0
13137 core=1 suspend t569 r=0 y=0 c0=IDLE1 c1=IDLE0
13138 core=1 resume t576 r=0 y=2 c0=IDLE1 c1=t576
13139 core=1 give_isr r=0 y=0 c0=IDLE1 c1=t576
13140 core=1 noop r=0 y=0 c0=IDLE1 c1=t576
13141 core=0 noop r=0 y=0 c0=IDLE1 c1=t576
13142 core=0 give r=0 y=0 c0=IDLE1 c1=t576
13143 core=0 suspend t576 r=0 y=2 c0=IDLE1 c1=IDLE0
13144 core=1 noop r=0 y=0 c0=IDLE1 c1=IDLE0
13145 core=0 tick r=1 y=3 c0=IDLE1 c1=IDLE0
13146 core=1 noop r=0 y=0 c0=IDLE1 c1=IDLE0
13147 core=1 noop r=0 y=0 c0=IDLE1 c1=IDLE0
13148 core=1 noop r=0 y=0 c0=IDLE1 c1=IDLE0
13149 core=0 tick r=1 y=3 c0=t578 c1=IDLE1
13150 core=1 noop r=0 y=0 c0=t578 c1=IDLE1
13151 core=1 give_isr r=0 y=0 c0=t578 c1=IDLE1
13152 core=1 delete 7 t578 r=0 y=1 c0=IDLE0 c1=IDLE1
13153 core=0 resume t576 r=0 y=2 c0=IDLE0 c1=t576
13154 core=0 give_isr r=0 y=0 c0=IDLE0 c1=t576
13155 core=0 prio t569 1 r=0 y=0 c0=IDLE0 c1=t576
13156 core=0 noop r=0 y=0 c0=IDLE0 c1=t576
13157 core=0 give_isr r=0 y=0 c0=IDLE0 c1=t576
13158 core=1 noop r=0 y=0 c0=IDLE0 c1=t576
13159 core=0 tick r=1 y=1 c0=IDLE1 c1=t576
13160 core=1 noop r=0 y=0 c0=IDLE1 c1=t576
13161 core=0 noop r=0 y=0 c0=IDLE1 c1=t576
13162 core=1 noop r=0 y=0 c0=IDLE1 c1=t576
13163 core=0 tick r=1 y=1 c0=IDLE0 c1=t576
13164 core=0 noop r=0 y=0 c0=IDLE0 c1=t576
13165 core=0 noop r=0 y=0 c0=IDLE0 c1=t576
13166 core=0 give r=0 y=0 c0=IDLE0 c1=t576
13167 core=0 noop r=0 y=0 c0=IDLE0 c1=t576
13168 core=0 tick r=1 y=1 c0=t579 c1=t576
13169 core=0 tick r=0 y=0 c0=t579 c1=t576
13170 core=1 give r=0 y=0 c0=t579 c1=t576
13171 core=1 create 9 t580 p2 r=1 y=0 c0=t579 c1=t576
13172 core=0 give r=0 y=0 c0=t579 c1=t576
13173 core=1 give r=0 y=0 c0=t579 c1=t576
13174 core=1 delete 2 t576 r=0 y=2 c0=t579 c1=t580
13175 core=1 give r=0 y=0 c0=t579 c1=t580
13176 core=1 noop r=0 y=0 c0=t579 c1=t580
13177 core=1 delay t580 1 r=0 y=2 c0=t579 c1=IDLE1
13178 core=0 delay t579 4 r=0 y=1 c0=IDLE0 c1=IDLE1
13179 core=0 give r=0 y=0 c0=IDLE0 c1=IDLE1
13180 core=0 noop r=0 y=0 c0=IDLE0 c1=IDLE1
13181 core=0 give r=0 y=0 c0=IDLE0 c1=IDLE1
13182 core=0 noop r=0 y=0 c0=IDLE0 c1=IDLE1
13183 core=1 noop r=0 y=0 c0=IDLE0 c1=IDLE1
13184 core=0 noop r=0 y=0 c0=IDLE0 c1=IDLE1
13185 core=1 suspend t580 r=0 y=0 c0=IDLE0 c1=IDLE1
13186 core=1 noop r=0 y=0 c0=IDLE0 c1=IDLE1
13187 core=0 tick r=1 y=3 c0=IDLE0 c1=IDLE1
13188 core=0 noop r=0 y=0 c0=IDLE0 c1=IDLE1
13189 core=0 create 2 t581 p0 r=1 y=2 c0=IDLE0 c1=t581
13190 core=1 yield r=0 y=2 c0=IDLE0 c1=IDLE1
13191 core=0 noop r=0 y=0 c0=IDLE0 c1=IDLE1
13192 core=1 noop r=0 y=0 c0=IDLE0 c1=IDLE1
13193 core=0 tick r=1 y=3 c0=t581 c1=IDLE0
13194 core=1 delete 2 t581 r=0 y=1 c0=IDLE1 c1=IDLE0
13195 core=0 noop r=0 y=0 c0=IDLE1 c1=IDLE0
13196 core=0 noop r=0 y=0 c0=IDLE1 c1=IDLE0
13197 core=1 noop r=0 y=0 c0=IDLE1 c1=IDLE0
13198 core=0 noop r=0 y=0 c0=IDLE1 c1=IDLE0
13199 core=0 give r=0 y=0 c0=IDLE1 c1=IDLE0
13200 core=1 yield r=0 y=2 c0=IDLE1 c1=IDLE0
13201 core=1 noop r=0 y=0 c0=IDLE1 c1=IDLE0
13202 core=0 noop r=0 y=0 c0=IDLE1 c1=IDLE0
13203 core=0 noop r=0 y=0 c0=IDLE1 c1=IDLE0
13204 core=0 noop r=0 y=0 c0=IDLE1 c1=IDLE0
13205 core=1 noop r=0 y=0 c0=IDLE1 c1=IDLE0
13206 core=1 noop r=0 y=0 c0=IDLE1 c1=IDLE0
13207 core=0 tick r=1 y=3 c0=IDLE1 c1=IDLE0
13208 core=0 create 6 t582 p1 r=1 y=2 c0=IDLE1 c1=t582
13209 core=0 prio t579 2 r=0 y=0 c0=IDLE1 c1=t582
13210 core=1 noop r=0 y=0 c0=IDLE1 c1=t582
13211 core=1 delay t582 2 r=0 y=2 c0=IDLE1 c1=IDLE0
13212 core=1 give r=0 y=0 c0=IDLE1 c1=IDLE0
13213 core=1 give_isr r=0 y=0 c0=IDLE1 c1=IDLE0
13214 core=1 noop r=0 y=0 c0=IDLE1 c1=IDLE0
13215 core=1 give r=0 y=0 c0=IDLE1 c1=IDLE0
13216 core=0 give_isr r=0 y=0 c0=IDLE1 c1=IDLE0
13217 core=1 give r=0 y=0 c0=IDLE1 c1=IDLE0
13218 core=1 noop r=0 y=0 c0=IDLE1 c1=IDLE0
13219 core=1 noop r=0 y=0 c0=IDLE1 c1=IDLE0
13220 core=1 noop r=0 y=0 c0=IDLE1 c1=IDLE0
13221 core=1 noop r=0 y=0 c0=IDLE1 c1=IDLE0
13222 core=1 noop r=0 y=0 c0=IDLE1 c1=IDLE0
13223 core=1 noop r=0 y=0 c0=IDLE1 c1=IDLE0
13224 core=0 resume t579 r=0 y=0 c0=IDLE1 c1=IDLE0
13225 core=1 give r=0 y=0 c0=IDLE1 c1=IDLE0
13226 core=1 give_isr r=0 y=0 c0=IDLE1 c1=IDLE0
13227 core=0 tick r=1 y=3 c0=t579 c1=IDLE1
13228 core=1 suspend t580 r=0 y=0 c0=t579 c1=IDLE1
13229 core=0 tick r=0 y=2 c0=t579 c1=t582
13230 core=1 resume t580 r=0 y=2 c0=t579 c1=t580
13231 core=1 prio t580 3 r=0 y=0 c0=t579 c1=t580
13232 core=1 noop r=0 y=0 c0=t579 c1=t580
13233 core=1 noop r=0 y=0 c0=t579 c1=t580
13234 core=1 noop r=0 y=0 c0=t579 c1=t580
13235 core=1 noop r=0 y=0 c0=t579 c1=t580
13236 core=0 prio t580 2 r=0 y=2 c0=t579 c1=t580
13237 core=1 noop r=0 y=0 c0=t579 c1=t580
13238 core=0 noop r=0 y=0 c0=t579 c1=t580
13239 core=1 noop r=0 y=0 c0=t579 c1=t580
13240 core=1 takeb t580 6 r=1 y=0 c0=t579 c1=t580
13241 core=0 give r=1 y=0 c0=t579 c1=t580
13242 core=0 create 0 t583 p3 r=1 y=2 c0=t579 c1=t583
13243 core=1 give_isr r=0 y=0 c0=t579 c1=t583
13244 core=0 delay t579 5 r=0 y=1 c0=t580 c1=t583
13245 core=1 resume t583 r=0 y=0 c0=t580 c1=t583
13246 core=1 noop r=0 y=0 c0=t580 c1=t583
13247 core=1 takeb t583 5 r=1 y=0 c0=t580 c1=t583
13248 core=0 tick r=0 y=0 c0=t580 c1=t583
13249 core=0 noop r=0 y=0 c0=t580 c1=t583
13250 core=0 delete 0 t583 r=0 y=2 c0=t580 c1=t582
13251 core=0 give_isr r=1 y=0 c0=t580 c1=t582
13252 core=1 delay t582 5 r=0 y=2 c0=t580 c1=IDLE0
13253 core=1 noop r=0 y=0 c0=t580 c1=IDLE0
13254 core=1 delete 6 t582 r=0 y=0 c0=t580 c1=IDLE0
13255 core=0 tick r=0 y=2 c0=t580 c1=IDLE1
13256 core=1 prio t569 0 r=0 y=0 c0=t580 c1=IDLE1
13257 core=0 give_isr r=0 y=0 c0=t580 c1=IDLE1
13258 core=0 tick r=0 y=2 c0=t580 c1=IDLE0
13259 core=0 noop r=0 y=0 c0=t580 c1=IDLE0
13260 core=1 prio t579 2 r=0 y=0 c0=t580 c1=IDLE0
13261 core=0 delete 5 t579 r=0 y=0 c0=t580 c1=IDLE0
13262 core=0 noop r=0 y=0 c0=t580 c1=IDLE0
13263 core=0 create 2 t584 p3 r=1 y=2 c0=t580 c1=t584
13264 core=1 delay t584 3 r=0 y=2 c0=t580 c1=IDLE1
13265 core=0 noop r=0 y=0 c0=t580 c1=IDLE1
13266 core=1 noop r=0 y=0 c0=t580 c1=IDLE1
13267 core=0 noop r=0 y=0 c0=t580 c1=IDLE1
13268 core=1 noop r=0 y=0 c0=t580 c1=IDLE1
13269 core=1 noop r=0 y=0 c0=t580 c1=IDLE1
13270 core=1 create 8 t585 p0 r=1 y=2 c0=t580 c1=IDLE0
13271 core=0 give r=0 y=0 c0=t580 c1=IDLE0
13272 core=1 yield r=0 y=2 c0=t580 c1=t585
13273 core=0 create 7 t586 p2 r=1 y=2 c0=t580 c1=t586
13274 core=0 create 5 t587 p0 r=1 y=0 c0=t580 c1=t586
13275 core=0 noop r=0 y=0 c0=t580 c1=t586
13276 core=0 delete 2 t584 r=0 y=0 c0=t580 c1=t586
13277 core=0 tick r=1 y=3 c0=t580 c1=t586
13278 core=0 create 0 t588 p0 r=1 y=0 c0=t580 c1=t586
13279 core=0 prio t588 0 r=0 y=0 c0=t580 c1=t586
13280 core=0 give_isr r=0 y=0 c0=t580 c1=t586
13281 core=0 noop r=0 y=0 c0=t580 c1=t586
13282 core=1 take t586 r=1 y=0 c0=t580 c1=t586
13283 core=0 give r=1 y=0 c0=t580 c1=t586
13284 core=1 resume t569 r=0 y=0 c0=t580 c1=t586
13285 core=0 noop r=0 y=0 c0=t580 c1=t586
13286 core=1 noop r=0 y=0 c0=t580 c1=t586
13287 core=1 resume t580 r=0 y=0 c0=t580 c1=t586
13288 core=1 noop r=0 y=0 c0=t580 c1=t586
13289 core=1 prio t569 3 r=0 y=2 c0=t580 c1=t569
13290 core=1 takeb t569 6 r=1 y=0 c0=t580 c1=t569
13291 core=0 tick r=1 y=1 c0=t586 c1=t569
13292 core=0 give_isr r=1 y=0 c0=t586 c1=t569
13293 core=0 delete 5 t587 r=0 y=0 c0=t586 c1=t569
13294 core=1 delay t569 5 r=0 y=2 c0=t586 c1=t580
13295 core=1 take t580 r=1 y=0 c0=t586 c1=t580
13296 core=0 give r=1 y=0 c0=t586 c1=t580
13297 core=1 resume t585 r=0 y=0 c0=t586 c1=t580
13298 core=1 yield r=0 y=2 c0=t586 c1=t580
13299 core=0 tick r=1 y=3 c0=t586 c1=t580
13300 core=1 delay t580 1 r=0 y=2 c0=t586 c1=IDLE1
13301 core=1 prio t586 2 r=0 y=0 c0=t586 c1=IDLE1
13302 core=0 noop r=0 y=0 c0=t586 c1=IDLE1
13303 core=1 noop r=0 y=0 c0=t586 c1=IDLE1
13304 core=0 tick r=1 y=3 c0=t580 c1=t586
13305 core=1 takeb t586 4 r=1 y=0 c0=t580 c1=t586
13306 core=0 give r=1 y=0 c0=t580 c1=t586
13307 core=1 noop r=0 y=0 c0=t580 c1=t586
13308 core=1 noop r=0 y=0 c0=t580 c1=t586
13309 core=0 noop r=0 y=0 c0=t580 c1=t586
13310 core=0 prio t588 1 r=0 y=0 c0=t580 c1=t586
13311 core=0 give_isr r=0 y=0 c0=t580 c1=t586
13312 core=1 give r=0 y=0 c0=t580 c1=t586
13313 core=1 give r=0 y=0 c0=t580 c1=t586
13314 core=1 give r=0 y=0 c0=t580 c1=t586
13315 core=1 noop r=0 y=0 c0=t580 c1=t586
13316 core=0 suspend t585 r=0 y=0 c0=t580 c1=t586
13317 core=0 delete 3 t569 r=0 y=0 c0=t580 c1=t586
13318 core=0 give_isr r=0 y=0 c0=t580 c1=t586
13319 core=0 noop r=0 y=0 c0=t580 c1=t586
13320 core=1 create 4 t589 p0 r=1 y=0 c0=t580 c1=t586
13321 core=1 prio t585 1 r=0 y=0 c0=t580 c1=t586
13322 core=0 noop r=0 y=0 c0=t580 c1=t586
13323 core=0 tick r=1 y=3 c0=t580 c1=t586
13324 core=1 resume t588 r=0 y=0 c0=t580 c1=t586
13325 core=0 tick r=1 y=3 c0=t580 c1=t586
13326 core=0 noop r=0 y=0 c0=t580 c1=t586
13327 core=1 give_isr r=0 y=0 c0=t580 c1=t586
13328 core=0 create 3 t590 p2 r=1 y=0 c0=t580 c1=t586
13329 core=1 suspend t590 r=0 y=0 c0=t580 c1=t586
13330 core=0 tick r=1 y=3 c0=t580 c1=t586
13331 core=0 delete 9 t580 r=0 y=1 c0=t588 c1=t586
13332 core=0 tick r=0 y=0 c0=t588 c1=t586
13333 core=1 suspend t590 r=0 y=0 c0=t588 c1=t586
13334 core=0 resume t589 r=0 y=0 c0=t588 c1=t586
13335 core=0 give_isr r=0 y=0 c0=t588 c1=t586
13336 core=1 noop r=0 y=0 c0=t588 c1=t586
13337 core=1 suspend t590 r=0 y=0 c0=t588 c1=t586
13338 core=1 prio t588 3 r=0 y=0 c0=t588 c1=t586
13339 core=1 take t586 r=1 y=0 c0=t588 c1=t586
13340 core=1 noop r=0 y=0 c0=t588 c1=t586
13341 core=1 takeb t586 5 r=2 y=2 c0=t588 c1=IDLE0
13342 core=1 resume t586 r=0 y=0 c0=t588 c1=IDLE0
13343 core=1 noop r=0 y=0 c0=t588 c1=IDLE0
13344 core=0 noop r=0 y=0 c0=t588 c1=IDLE0
13345 core=0 noop r=0 y=0 c0=t588 c1=IDLE0
13346 core=0 noop r=0 y=0 c0=t588 c1=IDLE0
13347 core=1 noop r=0 y=0 c0=t588 c1=IDLE0
13348 core=1 noop r=0 y=0 c0=t588 c1=IDLE0
13349 core=1 noop r=0 y=0 c0=t588 c1=IDLE0
13350 core=0 noop r=0 y=0 c0=t588 c1=IDLE0
13351 core=0 resume t589 r=0 y=0 c0=t588 c1=IDLE0
13352 core=1 noop r=0 y=0 c0=t588 c1=IDLE0
13353 core=0 delay t588 3 r=0 y=1 c0=IDLE1 c1=IDLE0
13354 core=1 give_isr r=1 y=2 c0=IDLE1 c1=t586
13355 core=1 cont t586 r=1 y=0 c0=IDLE1 c1=t586
13356 core=0 tick r=1 y=1 c0=t589 c1=t586
13357 core=0 take t589 r=0 y=0 c0=t589 c1=t586
13358 core=1 give_isr r=1 y=0 c0=t589 c1=t586
13359 core=1 suspend t585 r=0 y=0 c0=t589 c1=t586
13360 core=0 tick r=1 y=1 c0=IDLE0 c1=t586
13361 core=0 create 2 t591 p3 r=1 y=1 c0=t591 c1=t586
13362 core=1 give r=0 y=0 c0=t591 c1=t586
13363 core=1 give r=0 y=0 c0=t591 c1=t586
13364 core=0 tick r=1 y=3 c0=t588 c1=t591
13365 core=1 noop r=0 y=0 c0=t588 c1=t591
13366 core=1 delete 0 t588 r=0 y=1 c0=t586 c1=t591
13367 core=0 give r=0 y=0 c0=t586 c1=t591
13368 core=1 give_isr r=0 y=0 c0=t586 c1=t591
13369 core=1 create 1 t592 p2 r=1 y=0 c0=t586 c1=t591
13370 core=1 noop r=0 y=0 c0=t586 c1=t591
13371 core=0 suspend t591 r=0 y=2 c0=t586 c1=t592
13372 core=0 noop r=0 y=0 c0=t586 c1=t592
13373 core=1 create 5 t593 p1 r=1 y=0 c0=t586 c1=t592
13374 core=0 takeb t586 2 r=1 y=0 c0=t586 c1=t592
13375 core=0 suspend t591 r=0 y=0 c0=t586 c1=t592
13376 core=1 noop r=0 y=0 c0=t586 c1=t592
13377 core=0 suspend t589 r=0 y=0 c0=t586 c1=t592
13378 core=1 give r=1 y=0 c0=t586 c1=t592
13379 core=0 take t586 r=1 y=0 c0=t586 c1=t592
13380 core=0 noop r=0 y=0 c0=t586 c1=t592
13381 core=0 give_isr r=1 y=0 c0=t586 c1=t592
13382 core=0 delay t586 2 r=0 y=1 c0=t593 c1=t592
13383 core=1 delete 1 t592 r=0 y=2 c0=t593 c1=IDLE1
13384 core=0 take t593 r=1 y=0 c0=t593 c1=IDLE1
13385 core=1 resume t589 r=0 y=2 c0=t593 c1=IDLE0
13386 core=1 resume t593 r=0 y=0 c0=t593 c1=IDLE0
13387 core=0 tick r=0 y=2 c0=t593 c1=t589
13388 core=0 resume t590 r=0 y=2 c0=t593 c1=t590
13389 core=0 noop r=0 y=0 c0=t593 c1=t590
13390 core=0 noop r=0 y=0 c0=t593 c1=t590
13391 core=0 give_isr r=1 y=0 c0=t593 c1=t590
13392 core=1 take t590 r=1 y=0 c0=t593 c1=t590
13393 core=0 tick r=1 y=3 c0=t586 c1=t590
13394 core=0 noop r=0 y=0 c0=t586 c1=t590
13395 core=0 takeb t586 3 r=2 y=1 c0=t593 c1=t590
13396 core=1 give_isr r=1 y=1 c0=t586 c1=t590
13397 core=0 cont t586 r=1 y=0 c0=t586 c1=t590
13398 core=0 tick r=1 y=3 c0=t586 c1=t590
13399 core=1 delete 8 t585 r=0 y=0 c0=t586 c1=t590
13400 core=1 takeb t590 6 r=2 y=2 c0=t586 c1=t593
13401 core=1 suspend t586 r=0 y=1 c0=IDLE1 c1=t593
13402 core=0 noop r=0 y=0 c0=IDLE1 c1=t593
13403 core=1 suspend t586 r=0 y=0 c0=IDLE1 c1=t593
13404 core=1 give r=1 y=1 c0=t590 c1=t593
13405 core=0 cont t590 r=1 y=0 c0=t590 c1=t593
13406 core=1 noop r=0 y=0 c0=t590 c1=t593
13407 core=1 take t593 r=0 y=0 c0=t590 c1=t593
13408 core=0 resume t593 r=0 y=0 c0=t590 c1=t593
13409 core=1 noop r=0 y=0 c0=t590 c1=t593
13410 core=1 noop r=0 y=0 c0=t590 c1=t593
13411 core=0 prio t590 1 r=0 y=1 c0=t590 c1=t593
13412 core=1 give r=1 y=0 c0=t590 c1=t593
13413 core=0 tick r=1 y=3 c0=t590 c1=t593
13414 core=1 give r=0 y=0 c0=t590 c1=t593
13415 core=1 suspend t590 r=0 y=1 c0=IDLE0 c1=t593
13416 core=0 noop r=0 y=0 c0=IDLE0 c1=t593
13417 core=0 noop r=0 y=0 c0=IDLE0 c1=t593
13418 core=0 give r=0 y=0 c0=IDLE0 c1=t593
13419 core=1 delete 3 t590 r=0 y=0 c0=IDLE0 c1=t593
13420 core=0 noop r=0 y=0 c0=IDLE0 c1=t593
13421 core=1 suspend t589 r=0 y=0 c0=IDLE0 c1=t593
13422 core=0 noop r=0 y=0 c0=IDLE0 c1=t593
13423 core=1 noop r=0 y=0 c0=IDLE0 c1=t593
13424 core=0 prio t586 2 r=0 y=0 c0=IDLE0 c1=t593
13425 core=0 noop r=0 y=0 c0=IDLE0 c1=t593
13426 core=0 noop r=0 y=0 c0=IDLE0 c1=t593
13427 core=1 noop r=0 y=0 c0=IDLE0 c1=t593
13428 core=0 prio t586 3 r=0 y=0 c0=IDLE0 c1=t593
13429 core=1 takeb t593 1 r=1 y=0 c0=IDLE0 c1=t593
13430 core=0 noop r=0 y=0 c0=IDLE0 c1=t593
13431 core=1 give_isr r=1 y=0 c0=IDLE0 c1=t593
13432 core=1 noop r=0 y=0 c0=IDLE0 c1=t593
13433 core=0 noop r=0 y=0 c0=IDLE0 c1=t593
13434 core=1 give r=0 y=0 c0=IDLE0 c1=t593
13435 core=1 delay t593 4 r=0 y=2 c0=IDLE0 c1=IDLE1
13436 core=1 noop r=0 y=0 c0=IDLE0 c1=IDLE1
13437 core=1 suspend t593 r=0 y=0 c0=IDLE0 c1=IDLE1
13438 core=0 noop r=0 y=0 c0=IDLE0 c1=IDLE1
13439 core=1 give_isr r=0 y=0 c0=IDLE0 c1=IDLE1
13440 core=0 prio t589 2 r=0 y=0 c0=IDLE0 c1=IDLE1
13441 core=1 noop r=0 y=0 c0=IDLE0 c1=IDLE1
13442 core=1 give r=0 y=0 c0=IDLE0 c1=IDLE1
13443 core=1 noop r=0 y=0 c0=IDLE0 c1=IDLE1
13444 core=0 noop r=0 y=0 c0=IDLE0 c1=IDLE1
13445 core=1 noop r=0 y=0 c0=IDLE0 c1=IDLE1
13446 core=1 noop r=0 y=0 c0=IDLE0 c1=IDLE1
13447 core=1 noop r=0 y=0 c0=IDLE0 c1=IDLE1
13448 core=1 suspend t589 r=0 y=0 c0=IDLE0 c1=IDLE1
13449 core=1 noop r=0 y=0 c0=IDLE0 c1=IDLE1
13450 core=0 noop r=0 y=0 c0=IDLE0 c1=IDLE1
13451 core=1 prio t589 0 r=0 y=0 c0=IDLE0 c1=IDLE1
13452 core=0 noop r=0 y=0 c0=IDLE0 c1=IDLE1
13453 core=1 noop r=0 y=0 c0=IDLE0 c1=IDLE1
13454 core=1 give_isr r=0 y=0 c0=IDLE0 c1=IDLE1
13455 core=1 suspend t586 r=0 y=0 c0=IDLE0 c1=IDLE1
13456 core=1 noop r=0 y=0 c0=IDLE0 c1=IDLE1
13457 core=1 noop r=0 y=0 c0=IDLE0 c1=IDLE1
13458 core=1 noop r=0 y=0 c0=IDLE0 c1=IDLE1
13459 core=0 prio t589 2 r=0 y=0 c0=IDLE0 c1=IDLE1
13460 core=1 noop r=0 y=0 c0=IDLE0 c1=IDLE1
13461 core=1 delete 2 t591 r=0 y=0 c0=IDLE0 c1=IDLE1
13462 core=0 tick r=1 y=3 c0=IDLE0 c1=IDLE1
13463 core=1 noop r=0 y=0 c0=IDLE0 c1=IDLE1
13464 core=1 yield r=0 y=2 c0=IDLE0 c1=IDLE1
13465 core=1 prio t589 3 r=0 y=0 c0=IDLE0 c1=IDLE1
13466 core=0 noop r=0 y=0 c0=IDLE0 c1=IDLE1
13467 core=1 suspend t593 r=0 y=0 c0=IDLE0 c1=IDLE1
13468 core=0 tick r=1 y=3 c0=IDLE0 c1=IDLE1
13469 core=1 noop r=0 y=0 c0=IDLE0 c1=IDLE1
13470 core=0 tick r=1 y=3 c0=IDLE0 c1=IDLE1
13471 core=1 create 2 t594 p1 r=1 y=2 c0=IDLE0 c1=t594
13472 core=0 give r=0 y=0 c0=IDLE0 c1=t594
13473 core=0 create 0 t595 p0 r=1 y=1 c0=IDLE1 c1=t594
13474 core=1 resume t594 r=0 y=0 c0=IDLE1 c1=t594
13475 core=1 noop r=0 y=0 c0=IDLE1 c1=t594
13476 core=1 noop r=0 y=0 c0=IDLE1 c1=t594
13477 core=0 prio t589 2 r=0 y=0 c0=IDLE1 c1=t594
13478 core=0 noop r=0 y=0 c0=IDLE1 c1=t594
13479 core=1 noop r=0 y=0 c0=IDLE1 c1=t594
13480 core=1 give r=0 y=0 c0=IDLE1 c1=t594
13481 core=0 noop r=0 y=0 c0=IDLE1 c1=t594
13482 core=1 noop r=0 y=0 c0=IDLE1 c1=t594
13483 core=1 delete 4 t589 r=0 y=0 c0=IDLE1 c1=t594
13484 core=1 noop r=0 y=0 c0=IDLE1 c1=t594
13485 core=0 noop r=0 y=0 c0=IDLE1 c1=t594
13486 core=0 noop r=0 y=0 c0=IDLE1 c1=t594
13487 core=1 noop r=0 y=0 c0=IDLE1 c1=t594
13488 core=1 delay t594 4 r=0 y=2 c0=IDLE1 c1=t595
13489 core=0 create 9 t596 p0 r=1 y=1 c0=IDLE0 c1=t595
13490 core=0 noop r=0 y=0 c0=IDLE0 c1=t595
13491 core=0 noop r=0 y=0 c0=IDLE0 c1=t595
13492 core=0 noop r=0 y=0 c0=IDLE0 c1=t595
13493 core=1 noop r=0 y=0 c0=IDLE0 c1=t595
13494 core=0 yield r=0 y=1 c0=t596 c1=t595
13495 core=0 create 4 t597 p1 r=1 y=2 c0=t596 c1=t597
13496 core=1 takeb t597 6 r=1 y=0 c0=t596 c1=t597
13497 core=0 give_isr r=1 y=0 c0=t596 c1=t597
13498 core=1 give r=0 y=0 c0=t596 c1=t597
13499 core=0 prio t593 1 r=0 y=0 c0=t596 c1=t597
13500 core=0 prio t586 0 r=0 y=0 c0=t596 c1=t597
13501 core=0 takeb t596 2 r=1 y=0 c0=t596 c1=t597
13502 core=1 suspend t597 r=0 y=2 c0=t596 c1=IDLE1
13503 core=1 noop r=0 y=0 c0=t596 c1=IDLE1
13504 core=0 tick r=1 y=3 c0=IDLE0 c1=t595
13505 core=1 noop r=0 y=0 c0=IDLE0 c1=t595
13506 core=1 prio t597 1 r=0 y=0 c0=IDLE0 c1=t595
13507 core=0 resume t586 r=0 y=1 c0=t596 c1=t595
13508 core=0 prio t597 1 r=0 y=0 c0=t596 c1=t595
13509 core=1 give r=1 y=0 c0=t596 c1=t595
13510 core=1 resume t596 r=0 y=0 c0=t596 c1=t595
13511 core=1 suspend t594 r=0 y=0 c0=t596 c1=t595
13512 core=0 take t596 r=1 y=0 c0=t596 c1=t595
13513 core=0 noop r=0 y=0 c0=t596 c1=t595
13514 core=1 yield r=0 y=2 c0=t596 c1=IDLE1
13515 core=0 noop r=0 y=0 c0=t596 c1=IDLE1
13516 core=0 prio t593 0 r=0 y=0 c0=t596 c1=IDLE1
13517 core=0 create 1 t598 p0 r=1 y=2 c0=t596 c1=t586
13518 core=1 create 6 t599 p2 r=1 y=2 c0=t596 c1=t599
13519 core=0 noop r=0 y=0 c0=t596 c1=t599
13520 core=0 give r=1 y=0 c0=t596 c1=t599
13521 core=1 noop r=0 y=0 c0=t596 c1=t599
13522 core=1 resume t594 r=0 y=1 c0=t594 c1=t599
13523 core=0 tick r=0 y=0 c0=t594 c1=t599
13524 core=1 give r=0 y=0 c0=t594 c1=t599
13525 core=1 suspend t599 r=0 y=2 c0=t594 c1=IDLE0
13526 core=0 noop r=0 y=0 c0=t594 c1=IDLE0
13527 core=1 prio t596 2 r=0 y=2 c0=t594 c1=t596
13528 core=0 suspend t596 r=0 y=2 c0=t594 c1=t595
13529 core=1 noop r=0 y=0 c0=t594 c1=t595
13530 core=0 noop r=0 y=0 c0=t594 c1=t595
13531 core=1 yield r=0 y=2 c0=t594 c1=t598
13532 core=1 delay t598 1 r=0 y=2 c0=t594 c1=IDLE1
13533 core=0 noop r=0 y=0 c0=t594 c1=IDLE1
13534 core=1 noop r=0 y=0 c0=t594 c1=IDLE1
13535 core=0 tick r=0 y=2 c0=t594 c1=t586
13536 core=1 give r=0 y=0 c0=t594 c1=t586
13537 core=1 delay t586 2 r=0 y=2 c0=t594 c1=IDLE0
13538 core=0 suspend t593 r=0 y=0 c0=t594 c1=IDLE0
13539 core=1 prio t593 2 r=0 y=0 c0=t594 c1=IDLE0
13540 core=0 prio t593 0 r=0 y=0 c0=t594 c1=IDLE0
13541 core=0 give_isr r=0 y=0 c0=t594 c1=IDLE0
13542 core=0 give r=0 y=0 c0=t594 c1=IDLE0
13543 core=1 prio t596 1 r=0 y=0 c0=t594 c1=IDLE0
13544 core=0 resume t598 r=0 y=0 c0=t594 c1=IDLE0
13545 core=1 noop r=0 y=0 c0=t594 c1=IDLE0
13546 core=1 noop r=0 y=0 c0=t594 c1=IDLE0
13547 core=1 resume t595 r=0 y=0 c0=t594 c1=IDLE0
13548 core=1 noop r=0 y=0 c0=t594 c1=IDLE0
13549 core=1 resume t596 r=0 y=2 c0=t594 c1=t596
13550 core=0 resume t593 r=0 y=0 c0=t594 c1=t596
13551 core=1 delay t596 2 r=0 y=2 c0=t594 c1=t595
13552 core=1 noop r=0 y=0 c0=t594 c1=t595
13553 core=1 prio t595 0 r=0 y=0 c0=t594 c1=t595
13554 core=0 give_isr r=0 y=0 c0=t594 c1=t595
13555 core=1 delete 4 t597 r=0 y=0 c0=t594 c1=t595
13556 core=0 tick r=0 y=2 c0=t594 c1=t598
13557 core=1 noop r=0 y=0 c0=t594 c1=t598
13558 core=0 suspend t599 r=0 y=0 c0=t594 c1=t598
13559 core=0 take t594 r=1 y=0 c0=t594 c1=t598
13560 core=0 delay t594 2 r=0 y=1 c0=IDLE1 c1=t598
13561 core=1 give r=1 y=0 c0=IDLE1 c1=t598
13562 core=1 takeb t598 4 r=1 y=0 c0=IDLE1 c1=t598
13563 core=0 suspend t598 r=0 y=2 c0=IDLE1 c1=IDLE0
13564 core=1 resume t599 r=0 y=2 c0=IDLE1 c1=t599
13565 core=0 prio t598 2 r=0 y=0 c0=IDLE1 c1=t599
13566 core=0 noop r=0 y=0 c0=IDLE1 c1=t599
13567 core=1 give r=1 y=0 c0=IDLE1 c1=t599
13568 core=0 noop r=0 y=0 c0=IDLE1 c1=t599
13569 core=1 noop r=0 y=0 c0=IDLE1 c1=t599
13570 core=0 tick r=1 y=1 c0=t596 c1=t599
13571 core=1 suspend t593 r=0 y=0 c0=t596 c1=t599
13572 core=1 resume t596 r=0 y=0 c0=t596 c1=t599
13573 core=0 prio t586 2 r=0 y=1 c0=t586 c1=t599
13574 core=1 noop r=0 y=0 c0=t586 c1=t599
13575 core=1 suspend t596 r=0 y=0 c0=t586 c1=t599
13576 core=0 delay t586 4 r=0 y=1 c0=t595 c1=t599
13577 core=0 noop r=0 y=0 c0=t595 c1=t599
13578 core=0 prio t598 0 r=0 y=0 c0=t595 c1=t599
13579 core=0 delay t595 1 r=0 y=1 c0=IDLE0 c1=t599
13580 core=1 delay t599 5 r=0 y=2 c0=IDLE0 c1=IDLE1
13581 core=0 give r=0 y=0 c0=IDLE0 c1=IDLE1
13582 core=1 resume t598 r=0 y=2 c0=IDLE0 c1=t598
13583 core=0 delete 6 t599 r=0 y=0 c0=IDLE0 c1=t598
13584 core=1 resume t594 r=0 y=0 c0=IDLE0 c1=t598
13585 core=1 create 4 t600 p1 r=1 y=1 c0=t600 c1=t598
13586 core=1 noop r=0 y=0 c0=t600 c1=t598
13587 core=0 tick r=1 y=3 c0=t594 c1=t600
13588 core=1 give r=0 y=0 c0=t594 c1=t600
13589 core=1 takeb t600 4 r=1 y=0 c0=t594 c1=t600
13590 core=0 create 6 t601 p3 r=1 y=2 c0=t594 c1=t601
13591 core=0 prio t586 2 r=0 y=0 c0=t594 c1=t601
13592 core=0 give_isr r=1 y=0 c0=t594 c1=t601
13593 core=0 noop r=0 y=0 c0=t594 c1=t601
13594 core=0 delete 7 t586 r=0 y=0 c0=t594 c1=t601
13595 core=0 tick r=1 y=1 c0=t600 c1=t601
13596 core=1 create 8 t602 p1 r=1 y=0 c0=t600 c1=t601
13597 core=1 resume t593 r=0 y=0 c0=t600 c1=t601
13598 core=0 yield r=0 y=1 c0=t594 c1=t601
13599 core=0 take t594 r=1 y=0 c0=t594 c1=t601
13600 core=0 prio t594 3 r=0 y=0 c0=t594 c1=t601
13601 core=0 tick r=1 y=3 c0=t594 c1=t601
13602 core=1 noop r=0 y=0 c0=t594 c1=t601
13603 core=0 give r=1 y=0 c0=t594 c1=t601
13604 core=1 delay t601 2 r=0 y=2 c0=t594 c1=t602
13605 core=0 tick r=0 y=2 c0=t594 c1=t600
13606 core=1 noop r=0 y=0 c0=t594 c1=t600
13607 core=1 prio t600 2 r=0 y=0 c0=t594 c1=t600
13608 core=1 takeb t600 3 r=1 y=0 c0=t594 c1=t600
13609 core=0 suspend t595 r=0 y=0 c0=t594 c1=t600
13610 core=0 takeb t594 6 r=2 y=1 c0=t602 c1=t600
13611 core=0 tick r=1 y=1 c0=t601 c1=t600
13612 core=1 delay t600 1 r=0 y=2 c0=t601 c1=t602
13613 core=1 give r=1 y=2 c0=t601 c1=t594
13614 core=1 cont t594 r=1 y=0 c0=t601 c1=t594
13615 core=0 take t601 r=0 y=0 c0=t601 c1=t594
13616 core=1 suspend t601 r=0 y=1 c0=t602 c1=t594
13617 core=0 resume t601 r=0 y=1 c0=t601 c1=t594
13618 core=1 prio t594 0 r=0 y=2 c0=t601 c1=t602
13619 core=0 tick r=0 y=2 c0=t601 c1=t600
13620 core=0 suspend t598 r=0 y=0 c0=t601 c1=t600
13621 core=0 noop r=0 y=0 c0=t601 c1=t600
13622 core=0 suspend t596 r=0 y=0 c0=t601 c1=t600
13623 core=0 give r=1 y=0 c0=t601 c1=t600
13624 core=0 prio t595 2 r=0 y=0 c0=t601 c1=t600
13625 core=0 give_isr r=0 y=0 c0=t601 c1=t600
13626 core=0 give_isr r=0 y=0 c0=t601 c1=t600
13627 core=0 resume t594 r=0 y=0 c0=t601 c1=t600
13628 core=1 noop r=0 y=0 c0=t601 c1=t600
13629 core=0 delete 0 t595 r=0 y=0 c0=t601 c1=t600
13630 core=0 yield r=0 y=1 c0=t601 c1=t600
13631 core=0 tick r=0 y=0 c0=t601 c1=t600
13632 core=1 give_isr r=0 y=0 c0=t601 c1=t600
13633 core=1 resume t594 r=0 y=0 c0=t601 c1=t600
13634 core=1 delay t600 2 r=0 y=2 c0=t601 c1=t602
13635 core=0 give_isr r=0 y=0 c0=t601 c1=t602
13636 core=1 delay t602 4 r=0 y=2 c0=t601 c1=IDLE1
13637 core=1 noop r=0 y=0 c0=t601 c1=IDLE1
13638 core=0 create 7 t603 p1 r=1 y=2 c0=t601 c1=t603
13639 core=0 noop r=0 y=0 c0=t601 c1=t603
13640 core=0 tick r=0 y=0 c0=t601 c1=t603
13641 core=0 resume t602 r=0 y=0 c0=t601 c1=t603
13642 core=1 yield r=0 y=2 c0=t601 c1=t603
13643 core=1 resume t598 r=0 y=0 c0=t601 c1=t603
13644 core=0 tick r=0 y=2 c0=t601 c1=t600
13645 core=0 delete 4 t600 r=0 y=2 c0=t601 c1=t603
13646 core=0 delete 2 t594 r=0 y=0 c0=t601 c1=t603
13647 core=0 delay t601 2 r=0 y=1 c0=IDLE0 c1=t603
13648 core=0 noop r=0 y=0 c0=IDLE0 c1=t603
13649 core=1 noop r=0 y=0 c0=IDLE0 c1=t603
13650 core=1 noop r=0 y=0 c0=IDLE0 c1=t603
13651 core=0 give_isr r=0 y=0 c0=IDLE0 c1=t603
13652 core=1 noop r=0 y=0 c0=IDLE0 c1=t603
13653 core=1 delay t603 5 r=0 y=2 c0=IDLE0 c1=t593
13654 core=1 yield r=0 y=2 c0=IDLE0 c1=IDLE1
13655 core=0 prio t593 0 r=0 y=0 c0=IDLE0 c1=IDLE1
13656 core=0 noop r=0 y=0 c0=IDLE0 c1=IDLE1
13657 core=0 noop r=0 y=0 c0=IDLE0 c1=IDLE1
13658 core=0 give_isr r=0 y=0 c0=IDLE0 c1=IDLE1
13659 core=0 noop r=0 y=0 c0=IDLE0 c1=IDLE1
13660 core=0 resume t602 r=0 y=0 c0=IDLE0 c1=IDLE1
13661 core=0 noop r=0 y=0 c0=IDLE0 c1=IDLE1
13662 core=0 give r=0 y=0 c0=IDLE0 c1=IDLE1
13663 core=0 noop r=0 y=0 c0=IDLE0 c1=IDLE1
13664 core=1 give_isr r=0 y=0 c0=IDLE0 c1=IDLE1
13665 core=0 noop r=0 y=0 c0=IDLE0 c1=IDLE1
13666 core=1 give r=0 y=0 c0=IDLE0 c1=IDLE1
13667 core=0 delete 1 t598 r=0 y=0 c0=IDLE0 c1=IDLE1
13668 core=1 prio t596 1 r=0 y=0 c0=IDLE0 c1=IDLE1
13669 core=0 noop r=0 y=0 c0=IDLE0 c1=IDLE1
13670 core=0 tick r=1 y=3 c0=t593 c1=IDLE0
13671 core=0 give r=0 y=0 c0=t593 c1=IDLE0
13672 core=1 noop r=0 y=0 c0=t593 c1=IDLE0
13673 core=1 delete 8 t602 r=0 y=0 c0=t593 c1=IDLE0
13674 core=1 give r=0 y=0 c0=t593 c1=IDLE0
13675 core=0 resume t593 r=0 y=0 c0=t593 c1=IDLE0
13676 core=0 noop r=0 y=0 c0=t593 c1=IDLE0
13677 core=1 yield r=0 y=2 c0=t593 c1=IDLE1
13678 core=1 noop r=0 y=0 c0=t593 c1=IDLE1
13679 core=0 give r=0 y=0 c0=t593 c1=IDLE1
13680 core=1 give r=0 y=0 c0=t593 c1=IDLE1
13681 core=1 noop r=0 y=0 c0=t593 c1=IDLE1
13682 core=0 noop r=0 y=0 c0=t593 c1=IDLE1
13683 core=0 delete 5 t593 r=0 y=1 c0=IDLE0 c1=IDLE1
13684 core=1 give r=0 y=0 c0=IDLE0 c1=IDLE1
13685 core=0 noop r=0 y=0 c0=IDLE0 c1=IDLE1
13686 core=1 noop r=0 y=0 c0=IDLE0 c1=IDLE1
13687 core=1 give_isr r=0 y=0 c0=IDLE0 c1=IDLE1
13688 core=0 noop r=0 y=0 c0=IDLE0 c1=IDLE1
13689 core=1 give r=0 y=0 c0=IDLE0 c1=IDLE1
13690 core=1 noop r=0 y=0 c0=IDLE0 c1=IDLE1
13691 core=0 noop r=0 y=0 c0=IDLE0 c1=IDLE1
13692 core=0 resume t603 r=0 y=0 c0=IDLE0 c1=IDLE1
13693 core=0 noop r=0 y=0 c0=IDLE0 c1=IDLE1
13694 core=0 noop r=0 y=0 c0=IDLE0 c1=IDLE1
13695 core=0 give r=0 y=0 c0=IDLE0 c1=IDLE1
13696 core=0 create 5 t604 p0 r=1 y=2 c0=IDLE0 c1=t604
13697 core=0 create 0 t605 p1 r=1 y=1 c0=t605 c1=t604
13698 core=1 takeb t604 4 r=1 y=0 c0=t605 c1=t604
13699 core=1 create 8 t606 p2 r=1 y=2 c0=t605 c1=t606
13700 core=0 give r=1 y=0 c0=t605 c1=t606
13701 core=0 prio t601 0 r=0 y=0 c0=t605 c1=t606
13702 core=1 suspend t603 r=0 y=0 c0=t605 c1=t606
13703 core=1 suspend t596 r=0 y=0 c0=t605 c1=t606
13704 core=1 give r=0 y=0 c0=t605 c1=t606
13705 core=1 delay t606 2 r=0 y=2 c0=t605 c1=IDLE1
13706 core=1 noop r=0 y=0 c0=t605 c1=IDLE1
13707 core=0 tick r=0 y=2 c0=t605 c1=IDLE0
13708 core=1 noop r=0 y=0 c0=t605 c1=IDLE0
13709 core=1 noop r=0 y=0 c0=t605 c1=IDLE0
13710 core=1 give r=0 y=0 c0=t605 c1=IDLE0
13711 core=0 noop r=0 y=0 c0=t605 c1=IDLE0
13712 core=1 suspend t601 r=0 y=0 c0=t605 c1=IDLE0
13713 core=0 yield r=0 y=1 c0=t605 c1=IDLE0
13714 core=1 noop r=0 y=0 c0=t605 c1=IDLE0
13715 core=0 tick r=0 y=2 c0=t605 c1=t606
13716 core=0 create 4 t607 p1 r=1 y=0 c0=t605 c1=t606
13717 core=0 tick r=1 y=1 c0=t607 c1=t606
13718 core=1 noop r=0 y=0 c0=t607 c1=t606
13719 core=0 delay t607 4 r=0 y=1 c0=t605 c1=t606
13720 core=0 give_isr r=0 y=0 c0=t605 c1=t606
13721 core=0 prio t607 0 r=0 y=0 c0=t605 c1=t606
13722 core=1 takeb t606 3 r=1 y=0 c0=t605 c1=t606
13723 core=0 give_isr r=1 y=0 c0=t605 c1=t606
13724 core=1 prio t604 1 r=0 y=0 c0=t605 c1=t606
13725 core=0 takeb t605 6 r=1 y=0 c0=t605 c1=t606
13726 core=0 yield r=0 y=1 c0=t604 c1=t606
13727 core=0 give r=1 y=0 c0=t604 c1=t606
13728 core=1 delete 0 t605 r=0 y=0 c0=t604 c1=t606
13729 core=0 yield r=0 y=1 c0=t604 c1=t606
13730 core=1 delay t606 5 r=0 y=2 c0=t604 c1=IDLE1
13731 core=0 tick r=0 y=2 c0=t604 c1=IDLE0
13732 core=1 suspend t601 r=0 y=0 c0=t604 c1=IDLE0
13733 core=0 noop r=0 y=0 c0=t604 c1=IDLE0
13734 core=0 tick r=0 y=2 c0=t604 c1=IDLE1
13735 core=0 create 1 t608 p3 r=1 y=2 c0=t604 c1=t608
13736 core=0 tick r=0 y=0 c0=t604 c1=t608
13737 core=0 suspend t604 r=0 y=1 c0=IDLE0 c1=t608
13738 core=0 noop r=0 y=0 c0=IDLE0 c1=t608
13739 core=1 give r=0 y=0 c0=IDLE0 c1=t608
13740 core=0 noop r=0 y=0 c0=IDLE0 c1=t608
13741 core=0 tick r=1 y=1 c0=IDLE1 c1=t608
13742 core=1 noop r=0 y=0 c0=IDLE1 c1=t608
13743 core=0 noop r=0 y=0 c0=IDLE1 c1=t608
13744 core=1 prio t603 3 r=0 y=0 c0=IDLE1 c1=t608
13745 core=0 yield r=0 y=1 c0=t607 c1=t608
13746 core=1 takeb t608 4 r=1 y=0 c0=t607 c1=t608
13747 core=0 noop r=0 y=0 c0=t607 c1=t608
13748 core=1 noop r=0 y=0 c0=t607 c1=t608
13749 core=0 takeb t607 1 r=2 y=1 c0=IDLE0 c1=t608
13750 core=1 give_isr r=1 y=1 c0=IDLE1 c1=t608
13751 core=0 suspend t603 r=0 y=0 c0=IDLE1 c1=t608
13752 core=0 suspend t601 r=0 y=0 c0=IDLE1 c1=t608
13753 core=0 give_isr r=0 y=0 c0=IDLE1 c1=t608
13754 core=0 give_isr r=0 y=0 c0=IDLE1 c1=t608
13755 core=1 noop r=0 y=0 c0=IDLE1 c1=t608
13756 core=1 create 2 t609 p0 r=1 y=1 c0=t607 c1=t608
13757 core=0 cont t607 r=1 y=0 c0=t607 c1=t608
13758 core=1 prio t606 2 r=0 y=0 c0=t607 c1=t608
13759 core=1 give r=1 y=0 c0=t607 c1=t608
13760 core=1 noop r=0 y=0 c0=t607 c1=t608
13761 core=0 noop r=0 y=0 c0=t607 c1=t608
13762 core=0 delay t607 5 r=0 y=1 c0=IDLE0 c1=t608
13763 core=0 noop r=0 y=0 c0=IDLE0 c1=t608
13764 core=1 noop r=0 y=0 c0=IDLE0 c1=t608
13765 core=0 noop r=0 y=0 c0=IDLE0 c1=t608
13766 core=1 delay t608 4 r=0 y=2 c0=IDLE0 c1=t609
13767 core=0 suspend t606 r=0 y=0 c0=IDLE0 c1=t609
13768 core=1 resume t609 r=0 y=0 c0=IDLE0 c1=t609
13769 core=0 noop r=0 y=0 c0=IDLE0 c1=t609
13770 core=1 resume t606 r=0 y=1 c0=t606 c1=t609
13771 core=0 give r=0 y=0 c0=t606 c1=t609
13772 core=1 noop r=0 y=0 c0=t606 c1=t609
13773 core=0 resume t608 r=0 y=0 c0=t606 c1=t609
13774 core=1 give r=0 y=0 c0=t606 c1=t609
13775 core=1 noop r=0 y=0 c0=t606 c1=t609
13776 core=1 delay t609 3 r=0 y=2 c0=t606 c1=IDLE1
13777 core=0 resume t608 r=0 y=0 c0=t606 c1=IDLE1
13778 core=1 give_isr r=0 y=0 c0=t606 c1=IDLE1
13779 core=0 give r=0 y=0 c0=t606 c1=IDLE1
13780 core=1 delete 5 t604 r=0 y=0 c0=t606 c1=IDLE1
13781 core=0 resume t608 r=0 y=0 c0=t606 c1=IDLE1
13782 core=0 noop r=0 y=0 c0=t606 c1=IDLE1
13783 core=1 prio t607 1 r=0 y=0 c0=t606 c1=IDLE1
13784 core=0 resume t606 r=0 y=0 c0=t606 c1=IDLE1
13785 core=1 yield r=0 y=2 c0=t606 c1=IDLE0
13786 core=1 prio t606 0 r=0 y=1 c0=IDLE1 c1=IDLE0
13787 core=1 resume t606 r=0 y=0 c0=IDLE1 c1=IDLE0
13788 core=1 noop r=0 y=0 c0=IDLE1 c1=IDLE0
13789 core=0 noop r=0 y=0 c0=IDLE1 c1=IDLE0
13790 core=0 resume t601 r=0 y=2 c0=IDLE1 c1=t606
13791 core=0 noop r=0 y=0 c0=IDLE1 c1=t606
13792 core=0 create 5 t610 p1 r=1 y=1 c0=t610 c1=t606
13793 core=1 delay t606 4 r=0 y=2 c0=t610 c1=t601
13794 core=0 resume t606 r=0 y=0 c0=t610 c1=t601
13795 core=0 resume t609 r=0 y=0 c0=t610 c1=t601
13796 core=1 give_isr r=0 y=0 c0=t610 c1=t601
13797 core=1 noop r=0 y=0 c0=t610 c1=t601
13798 core=0 give r=0 y=0 c0=t610 c1=t601
13799 core=1 delete 1 t608 r=0 y=0 c0=t610 c1=t601
13800 core=1 delay t601 1 r=0 y=2 c0=t610 c1=IDLE0
13801 core=0 delete 5 t610 r=0 y=1 c0=IDLE1 c1=IDLE0
13802 core=1 noop r=0 y=0 c0=IDLE1 c1=IDLE0
13803 core=0 delete 8 t606 r=0 y=0 c0=IDLE1 c1=IDLE0
13804 core=1 suspend t609 r=0 y=0 c0=IDLE1 c1=IDLE0
13805 core=1 noop r=0 y=0 c0=IDLE1 c1=IDLE0
13806 core=1 noop r=0 y=0 c0=IDLE1 c1=IDLE0
13807 core=1 noop r=0 y=0 c0=IDLE1 c1=IDLE0
13808 core=1 noop r=0 y=0 c0=IDLE1 c1=IDLE0
13809 core=0 noop r=0 y=0 c0=IDLE1 c1=IDLE0
13810 core=0 noop r=0 y=0 c0=IDLE1 c1=IDLE0
13811 core=0 tick r=1 y=3 c0=t601 c1=IDLE1
13812 core=1 suspend t601 r=0 y=1 c0=IDLE0 c1=IDLE1
13813 core=1 give_isr r=0 y=0 c0=IDLE0 c1=IDLE1
13814 core=0 give r=0 y=0 c0=IDLE0 c1=IDLE1
13815 core=1 give r=0 y=0 c0=IDLE0 c1=IDLE1
13816 core=1 noop r=0 y=0 c0=IDLE0 c1=IDLE1
13817 core=1 create 1 t611 p2 r=1 y=2 c0=IDLE0 c1=t611
13818 core=0 give r=0 y=0 c0=IDLE0 c1=t611
13819 core=1 delay t611 2 r=0 y=2 c0=IDLE0 c1=IDLE1
13820 core=1 give_isr r=0 y=0 c0=IDLE0 c1=IDLE1
13821 core=0 noop r=0 y=0 c0=IDLE0 c1=IDLE1
13822 core=1 noop r=0 y=0 c0=IDLE0 c1=IDLE1
13823 core=0 tick r=1 y=3 c0=IDLE0 c1=IDLE1
13824 core=1 noop r=0 y=0 c0=IDLE0 c1=IDLE1
13825 core=0 give r=0 y=0 c0=IDLE0 c1=IDLE1
13826 core=0 create 0 t612 p2 r=1 y=2 c0=IDLE0 c1=t612
13827 core=1 take t612 r=1 y=0 c0=IDLE0 c1=t612
13828 core=0 prio t612 0 r=0 y=2 c0=IDLE0 c1=IDLE1
13829 core=1 resume t601 r=0 y=2 c0=IDLE0 c1=t612
13830 core=0 suspend t603 r=0 y=0 c0=IDLE0 c1=t612
13831 core=0 yield r=0 y=1 c0=t601 c1=t612
13832 core=0 delay t601 2 r=0 y=1 c0=IDLE1 c1=t612
13833 core=0 create 5 t613 p3 r=1 y=1 c0=t613 c1=t612
13834 core=1 prio t607 1 r=0 y=0 c0=t613 c1=t612
13835 core=0 create 8 t614 p3 r=1 y=2 c0=t613 c1=t614
13836 core=0 prio t614 1 r=0 y=2 c0=t613 c1=t614
13837 core=1 takeb t614 1 r=2 y=2 c0=t613 c1=IDLE0
13838 core=1 give r=1 y=2 c0=t613 c1=t614
13839 core=0 delete 0 t612 r=0 y=0 c0=t613 c1=t614
13840 core=0 give r=0 y=0 c0=t613 c1=t614
13841 core=1 cont t614 r=1 y=0 c0=t613 c1=t614
13842 core=1 noop r=0 y=0 c0=t613 c1=t614
13843 core=0 suspend t601 r=0 y=0 c0=t613 c1=t614
13844 core=1 suspend t603 r=0 y=0 c0=t613 c1=t614
13845 core=0 tick r=0 y=2 c0=t613 c1=t611
13846 core=0 give_isr r=1 y=0 c0=t613 c1=t611
13847 core=0 resume t607 r=0 y=0 c0=t613 c1=t611
13848 core=0 noop r=0 y=0 c0=t613 c1=t611
13849 core=1 noop r=0 y=0 c0=t613 c1=t611
13850 core=0 prio t609 0 r=0 y=0 c0=t613 c1=t611
13851 core=0 yield r=0 y=1 c0=t613 c1=t611
13852 core=0 takeb t613 4 r=1 y=0 c0=t613 c1=t611
13853 core=0 give r=1 y=0 c0=t613 c1=t611
13854 core=0 give r=0 y=0 c0=t613 c1=t611
13855 core=0 tick r=0 y=0 c0=t613 c1=t611
13856 core=0 noop r=0 y=0 c0=t613 c1=t611
13857 core=0 delay t613 5 r=0 y=1 c0=t614 c1=t611
13858 core=1 prio t614 0 r=0 y=1 c0=IDLE1 c1=t611
13859 core=1 delay t611 3 r=0 y=2 c0=IDLE1 c1=IDLE0
13860 core=1 noop r=0 y=0 c0=IDLE1 c1=IDLE0
13861 core=0 noop r=0 y=0 c0=IDLE1 c1=IDLE0
13862 core=1 noop r=0 y=0 c0=IDLE1 c1=IDLE0
13863 core=1 noop r=0 y=0 c0=IDLE1 c1=IDLE0
13864 core=1 suspend t614 r=0 y=0 c0=IDLE1 c1=IDLE0
13865 core=0 tick r=1 y=3 c0=t607 c1=IDLE1
13866 core=1 give r=0 y=0 c0=t607 c1=IDLE1
13867 core=0 prio t611 2 r=0 y=0 c0=t607 c1=IDLE1
13868 core=1 suspend t613 r=0 y=0 c0=t607 c1=IDLE1
13869 core=1 give r=0 y=0 c0=t607 c1=IDLE1
13870 core=1 delete 1 t611 r=0 y=0 c0=t607 c1=IDLE1
13871 core=0 noop r=0 y=0 c0=t607 c1=IDLE1
13872 core=1 resume t609 r=0 y=2 c0=t607 c1=IDLE0
13873 core=0 tick r=0 y=2 c0=t607 c1=t609
13874 core=1 delay t609 5 r=0 y=2 c0=t607 c1=IDLE1
13875 core=0 takeb t607 1 r=1 y=0 c0=t607 c1=IDLE1
13876 core=1 prio t596 3 r=0 y=0 c0=t607 c1=IDLE1
13877 core=0 give_isr r=1 y=0 c0=t607 c1=IDLE1
13878 core=0 tick r=0 y=2 c0=t607 c1=IDLE0
13879 core=1 noop r=0 y=0 c0=t607 c1=IDLE0
13880 core=0 noop r=0 y=0 c0=t607 c1=IDLE0
13881 core=1 give_isr r=0 y=0 c0=t607 c1=IDLE0
13882 core=0 tick r=0 y=2 c0=t607 c1=IDLE1
13883 core=1 noop r=0 y=0 c0=t607 c1=IDLE1
13884 core=1 give_isr r=0 y=0 c0=t607 c1=IDLE1
13885 core=0 takeb t607 2 r=1 y=0 c0=t607 c1=IDLE1
13886 core=0 suspend t614 r=0 y=0 c0=t607 c1=IDLE1
13887 core=1 noop r=0 y=0 c0=t607 c1=IDLE1
13888 core=1 create 3 t615 p1 r=1 y=2 c0=t607 c1=t615
13889 core=1 give r=1 y=0 c0=t607 c1=t615
13890 core=1 noop r=0 y=0 c0=t607 c1=t615
13891 core=0 noop r=0 y=0 c0=t607 c1=t615
13892 core=0 yield r=0 y=1 c0=t607 c1=t615
13893 core=0 tick r=1 y=3 c0=t607 c1=t615
13894 core=0 delay t607 3 r=0 y=1 c0=IDLE0 c1=t615
13895 core=0 create 0 t616 p1 r=1 y=1 c0=t616 c1=t615
13896 core=0 suspend t616 r=0 y=1 c0=IDLE1 c1=t615
13897 core=1 prio t603 1 r=0 y=0 c0=IDLE1 c1=t615
13898 core=0 noop r=0 y=0 c0=IDLE1 c1=t615
13899 core=1 noop r=0 y=0 c0=IDLE1 c1=t615
13900 core=0 noop r=0 y=0 c0=IDLE1 c1=t615
13901 core=1 suspend t616 r=0 y=0 c0=IDLE1 c1=t615
13902 core=0 noop r=0 y=0 c0=IDLE1 c1=t615
13903 core=1 noop r=0 y=0 c0=IDLE1 c1=t615
13904 core=1 resume t609 r=0 y=0 c0=IDLE1 c1=t615
13905 core=0 prio t609 1 r=0 y=0 c0=IDLE1 c1=t615
13906 core=0 give r=0 y=0 c0=IDLE1 c1=t615
13907 core=0 resume t615 r=0 y=0 c0=IDLE1 c1=t615
13908 core=1 delete 2 t609 r=0 y=0 c0=IDLE1 c1=t615
13909 core=0 yield r=0 y=1 c0=IDLE0 c1=t615
13910 core=0 noop r=0 y=0 c0=IDLE0 c1=t615
13911 core=0 noop r=0 y=0 c0=IDLE0 c1=t615
13912 core=0 noop r=0 y=0 c0=IDLE0 c1=t615
13913 core=1 yield r=0 y=2 c0=IDLE0 c1=t615
13914 core=1 give_isr r=0 y=0 c0=IDLE0 c1=t615
13915 core=0 noop r=0 y=0 c0=IDLE0 c1=t615
13916 core=0 noop r=0 y=0 c0=IDLE0 c1=t615
13917 core=1 give r=0 y=0 c0=IDLE0 c1=t615
13918 core=1 prio t596 1 r=0 y=0 c0=IDLE0 c1=t615
13919 core=0 noop r=0 y=0 c0=IDLE0 c1=t615
13920 core=0 yield r=0 y=1 c0=IDLE1 c1=t615
13921 core=0 prio t601 1 r=0 y=0 c0=IDLE1 c1=t615
13922 core=0 suspend t601 r=0 y=0 c0=IDLE1 c1=t615
13923 core=0 suspend t601 r=0 y=0 c0=IDLE1 c1=t615
13924 core=0 yield r=0 y=1 c0=IDLE0 c1=t615
13925 core=0 suspend t601 r=0 y=0 c0=IDLE0 c1=t615
13926 core=0 noop r=0 y=0 c0=IDLE0 c1=t615
13927 core=0 give_isr r=0 y=0 c0=IDLE0 c1=t615
13928 core=1 resume t607 r=0 y=0 c0=IDLE0 c1=t615
13929 core=1 noop r=0 y=0 c0=IDLE0 c1=t615
13930 core=0 noop r=0 y=0 c0=IDLE0 c1=t615
13931 core=0 yield r=0 y=1 c0=IDLE1 c1=t615
13932 core=1 delay t615 4 r=0 y=2 c0=IDLE1 c1=IDLE0
13933 core=0 tick r=1 y=3 c0=IDLE1 c1=IDLE0
13934 core=0 suspend t601 r=0 y=0 c0=IDLE1 c1=IDLE0
13935 core=1 suspend t601 r=0 y=0 c0=IDLE1 c1=IDLE0
13936 core=1 give r=0 y=0 c0=IDLE1 c1=IDLE0
13937 core=1 noop r=0 y=0 c0=IDLE1 c1=IDLE0
13938 core=0 noop r=0 y=0 c0=IDLE1 c1=IDLE0
13939 core=0 resume t615 r=0 y=0 c0=IDLE1 c1=IDLE0
13940 core=1 suspend t596 r=0 y=0 c0=IDLE1 c1=IDLE0
13941 core=1 give_isr r=0 y=0 c0=IDLE1 c1=IDLE0
13942 core=0 suspend t603 r=0 y=0 c0=IDLE1 c1=IDLE0
13943 core=0 create 2 t617 p0 r=1 y=2 c0=IDLE1 c1=t617
13944 core=1 resume t615 r=0 y=0 c0=IDLE1 c1=t617
13945 core=1 suspend t616 r=0 y=0 c0=IDLE1 c1=t617
13946 core=0 tick r=1 y=3 c0=IDLE0 c1=IDLE1
13947 core=0 prio t614 2 r=0 y=0 c0=IDLE0 c1=IDLE1
13948 core=1 noop r=0 y=0 c0=IDLE0 c1=IDLE1
13949 core=1 prio t614 3 r=0 y=0 c0=IDLE0 c1=IDLE1
13950 core=1 resume t617 r=0 y=0 c0=IDLE0 c1=IDLE1
13951 core=0 resume t603 r=0 y=2 c0=IDLE0 c1=t603
13952 core=1 noop r=0 y=0 c0=IDLE0 c1=t603
13953 core=0 give_isr r=0 y=0 c0=IDLE0 c1=t603
13954 core=1 takeb t603 4 r=1 y=0 c0=IDLE0 c1=t603
13955 core=0 prio t615 3 r=0 y=0 c0=IDLE0 c1=t603
13956 core=1 noop r=0 y=0 c0=IDLE0 c1=t603
13957 core=0 resume t616 r=0 y=1 c0=t616 c1=t603
13958 core=1 delete 3 t615 r=0 y=0 c0=t616 c1=t603
13959 core=0 tick r=1 y=3 c0=t607 c1=t616
13960 core=0 delay t607 4 r=0 y=1 c0=t603 c1=t616
13961 core=1 prio t617 2 r=0 y=2 c0=t603 c1=t617
13962 core=0 prio t596 1 r=0 y=0 c0=t603 c1=t617
13963 core=0 delay t603 5 r=0 y=1 c0=t616 c1=t617
13964 core=0 delete 4 t607 r=0 y=0 c0=t616 c1=t617
13965 core=0 takeb t616 3 r=2 y=1 c0=IDLE1 c1=t617
13966 core=1 create 4 t618 p1 r=1 y=1 c0=t618 c1=t617
13967 core=0 prio t614 0 r=0 y=0 c0=t618 c1=t617
13968 core=1 delay t617 2 r=0 y=2 c0=t618 c1=IDLE0
13969 core=0 tick r=0 y=2 c0=t618 c1=IDLE1
13970 core=0 delay t618 1 r=0 y=1 c0=IDLE0 c1=IDLE1
13971 core=1 resume t601 r=0 y=2 c0=IDLE0 c1=t601
13972 core=0 tick r=1 y=3 c0=t617 c1=t618
13973 core=1 takeb t618 6 r=2 y=2 c0=t617 c1=t601
13974 core=1 takeb t601 3 r=2 y=2 c0=t617 c1=IDLE1
13975 core=0 noop r=0 y=0 c0=t617 c1=IDLE1
13976 core=0 create 1 t619 p1 r=1 y=2 c0=t617 c1=t619
13977 core=1 suspend t613 r=0 y=0 c0=t617 c1=t619
13978 core=0 takeb t617 5 r=2 y=1 c0=IDLE0 c1=t619
13979 core=0 prio t614 1 r=0 y=0 c0=IDLE0 c1=t619
13980 core=0 noop r=0 y=0 c0=IDLE0 c1=t619
13981 core=0 noop r=0 y=0 c0=IDLE0 c1=t619
13982 core=0 noop r=0 y=0 c0=IDLE0 c1=t619
13983 core=1 suspend t596 r=0 y=0 c0=IDLE0 c1=t619
13984 core=0 resume t619 r=0 y=0 c0=IDLE0 c1=t619
13985 core=0 noop r=0 y=0 c0=IDLE0 c1=t619
13986 core=1 create 3 t620 p0 r=1 y=1 c0=IDLE1 c1=t619
13987 core=1 delay t619 4 r=0 y=2 c0=IDLE1 c1=t620
13988 core=1 delete 7 t603 r=0 y=0 c0=IDLE1 c1=t620
13989 core=0 resume t596 r=0 y=1 c0=t596 c1=t620
13990 core=1 takeb t620 1 r=2 y=2 c0=t596 c1=IDLE0
13991 core=0 delay t596 5 r=0 y=1 c0=IDLE1 c1=IDLE0
13992 core=1 noop r=0 y=0 c0=IDLE1 c1=IDLE0
13993 core=1 suspend t618 r=0 y=0 c0=IDLE1 c1=IDLE0
13994 core=0 noop r=0 y=0 c0=IDLE1 c1=IDLE0
13995 core=0 noop r=0 y=0 c0=IDLE1 c1=IDLE0
13996 core=0 noop r=0 y=0 c0=IDLE1 c1=IDLE0
13997 core=0 noop r=0 y=0 c0=IDLE1 c1=IDLE0
13998 core=0 tick r=1 y=3 c0=t616 c1=t620
13999 core=0 cont t616 r=0 y=0 c0=t616 c1=t620
14000 core=1 cont t620 r=0 y=0 c0=t616 c1=t620
14001 core=1 delay t620 2 r=0 y=2 c0=t616 c1=IDLE1
14002 core=1 suspend t601 r=0 y=0 c0=t616 c1=IDLE1
14003 core=0 noop r=0 y=0 c0=t616 c1=IDLE1
14004 core=1 give_isr r=1 y=2 c0=t616 c1=t617
14005 core=0 takeb t616 6 r=1 y=0 c0=t616 c1=t617
14006 core=1 cont t617 r=2 y=2 c0=t616 c1=IDLE0
14007 core=1 resume t619 r=0 y=0 c0=t616 c1=IDLE0
14008 core=0 tick r=0 y=2 c0=t616 c1=IDLE1
14009 core=0 suspend t601 r=0 y=0 c0=t616 c1=IDLE1
14010 core=1 prio t596 3 r=0 y=0 c0=t616 c1=IDLE1
14011 core=1 give r=1 y=2 c0=t616 c1=t617
14012 core=1 cont t617 r=1 y=0 c0=t616 c1=t617
14013 core=1 suspend t620 r=0 y=0 c0=t616 c1=t617
14014 core=0 delete 0 t616 r=0 y=1 c0=IDLE0 c1=t617
14015 core=0 suspend t619 r=0 y=0 c0=IDLE0 c1=t617
14016 core=1 prio t613 2 r=0 y=0 c0=IDLE0 c1=t617
14017 core=0 noop r=0 y=0 c0=IDLE0 c1=t617
14018 core=1 give r=1 y=0 c0=IDLE0 c1=t617
14019 core=1 suspend t601 r=0 y=0 c0=IDLE0 c1=t617
14020 core=0 tick r=1 y=1 c0=IDLE1 c1=t617
14021 core=0 delete 3 t620 r=0 y=0 c0=IDLE1 c1=t617
14022 core=1 give_isr r=0 y=0 c0=IDLE1 c1=t617
14023 core=1 delay t617 5 r=0 y=2 c0=IDLE1 c1=IDLE0
14024 core=0 suspend t601 r=0 y=0 c0=IDLE1 c1=IDLE0
14025 core=1 suspend t601 r=0 y=0 c0=IDLE1 c1=IDLE0
14026 core=0 give r=0 y=0 c0=IDLE1 c1=IDLE0
14027 core=0 noop r=0 y=0 c0=IDLE1 c1=IDLE0
14028 core=1 noop r=0 y=0 c0=IDLE1 c1=IDLE0
14029 core=1 suspend t614 r=0 y=0 c0=IDLE1 c1=IDLE0
14030 core=1 noop r=0 y=0 c0=IDLE1 c1=IDLE0
14031 core=0 give_isr r=0 y=0 c0=IDLE1 c1=IDLE0
14032 core=0 resume t617 r=0 y=0 c0=IDLE1 c1=IDLE0
14033 core=1 suspend t601 r=0 y=0 c0=IDLE1 c1=IDLE0
14034 core=0 noop r=0 y=0 c0=IDLE1 c1=IDLE0
14035 core=0 tick r=1 y=3 c0=IDLE1 c1=IDLE0
14036 core=0 tick r=1 y=3 c0=t596 c1=IDLE1
14037 core=1 suspend t614 r=0 y=0 c0=t596 c1=IDLE1
14038 core=0 noop r=0 y=0 c0=t596 c1=IDLE1
14039 core=0 tick r=0 y=2 c0=t596 c1=IDLE0
14040 core=0 tick r=0 y=2 c0=t596 c1=IDLE1
14041 core=1 delete 4 t618 r=0 y=0 c0=t596 c1=IDLE1
14042 core=1 give_isr r=0 y=0 c0=t596 c1=IDLE1
14043 core=1 resume t617 r=0 y=0 c0=t596 c1=IDLE1
14044 core=1 noop r=0 y=0 c0=t596 c1=IDLE1
14045 core=0 tick r=0 y=2 c0=t596 c1=t617
14046 core=0 noop r=0 y=0 c0=t596 c1=t617
14047 core=1 give r=0 y=0 c0=t596 c1=t617
14048 core=0 delay t596 5 r=0 y=1 c0=IDLE0 c1=t617
14049 core=0 prio t613 1 r=0 y=0 c0=IDLE0 c1=t617
14050 core=1 give r=0 y=0 c0=IDLE0 c1=t617
14051 core=0 tick r=1 y=1 c0=IDLE1 c1=t617
14052 core=0 give_isr r=0 y=0 c0=IDLE1 c1=t617
14053 core=0 noop r=0 y=0 c0=IDLE1 c1=t617
14054 core=1 takeb t617 5 r=1 y=0 c0=IDLE1 c1=t617
14055 core=0 give r=1 y=0 c0=IDLE1 c1=t617
14056 core=0 noop r=0 y=0 c0=IDLE1 c1=t617
14057 core=1 give r=0 y=0 c0=IDLE1 c1=t617
14058 core=1 noop r=0 y=0 c0=IDLE1 c1=t617
14059 core=1 noop r=0 y=0 c0=IDLE1 c1=t617
14060 core=1 delay t617 4 r=0 y=2 c0=IDLE1 c1=IDLE0
14061 core=0 tick r=1 y=3 c0=IDLE1 c1=IDLE0
14062 core=0 yield r=0 y=1 c0=IDLE1 c1=IDLE0
14063 core=1 noop r=0 y=0 c0=IDLE1 c1=IDLE0
14064 core=1 noop r=0 y=0 c0=IDLE1 c1=IDLE0
14065 core=1 noop r=0 y=0 c0=IDLE1 c1=IDLE0
14066 core=1 resume t596 r=0 y=0 c0=IDLE1 c1=IDLE0
14067 core=0 suspend t601 r=0 y=0 c0=IDLE1 c1=IDLE0
14068 core=0 give_isr r=0 y=0 c0=IDLE1 c1=IDLE0
14069 core=1 resume t613 r=0 y=2 c0=IDLE1 c1=t613
14070 core=1 delay t613 2 r=0 y=2 c0=IDLE1 c1=IDLE0
14071 core=1 suspend t596 r=0 y=0 c0=IDLE1 c1=IDLE0
14072 core=1 noop r=0 y=0 c0=IDLE1 c1=IDLE0
14073 core=0 tick r=1 y=3 c0=IDLE1 c1=IDLE0
14074 core=0 give_isr r=0 y=0 c0=IDLE1 c1=IDLE0
14075 core=1 noop r=0 y=0 c0=IDLE1 c1=IDLE0
14076 core=0 noop r=0 y=0 c0=IDLE1 c1=IDLE0
14077 core=1 prio t596 1 r=0 y=0 c0=IDLE1 c1=IDLE0
14078 core=0 give_isr r=0 y=0 c0=IDLE1 c1=IDLE0
14079 core=1 noop r=0 y=0 c0=IDLE1 c1=IDLE0
14080 core=0 noop r=0 y=0 c0=IDLE1 c1=IDLE0
14081 core=0 tick r=1 y=3 c0=t613 c1=IDLE1
14082 core=0 tick r=0 y=2 c0=t613 c1=t617
14083 core=0 tick r=0 y=0 c0=t613 c1=t617
14084 core=0 resume t601 r=0 y=0 c0=t613 c1=t617
14085 core=1 suspend t614 r=0 y=0 c0=t613 c1=t617
14086 core=0 tick r=1 y=1 c0=t601 c1=t617
14087 core=1 noop r=0 y=0 c0=t601 c1=t617
14088 core=0 cont t601 r=1 y=0 c0=t601 c1=t617
14089 core=1 resume t617 r=0 y=0 c0=t601 c1=t617
14090 core=1 give_isr r=1 y=0 c0=t601 c1=t617
14091 core=1 create 3 t621 p2 r=1 y=1 c0=t621 c1=t617
14092 core=0 give_isr r=0 y=0 c0=t621 c1=t617
14093 core=1 prio t613 2 r=0 y=0 c0=t621 c1=t617
14094 core=0 delay t621 3 r=0 y=1 c0=t613 c1=t617
14095 core=1 resume t614 r=0 y=0 c0=t613 c1=t617
14096 core=0 suspend t617 r=0 y=2 c0=t613 c1=t601
14097 core=1 delete 3 t621 r=0 y=0 c0=t613 c1=t601
14098 core=0 tick r=0 y=2 c0=t613 c1=t614
14099 core=0 delete 9 t596 r=0 y=0 c0=t613 c1=t614
14100 core=1 noop r=0 y=0 c0=t613 c1=t614
14101 core=1 give r=0 y=0 c0=t613 c1=t614
14102 core=1 resume t613 r=0 y=0 c0=t613 c1=t614
14103 core=0 suspend t617 r=0 y=0 c0=t613 c1=t614
14104 core=0 take t613 r=1 y=0 c0=t613 c1=t614
14105 core=1 noop r=0 y=0 c0=t613 c1=t614
14106 core=0 yield r=0 y=1 c0=t613 c1=t614
14107 core=1 create 9 t622 p2 r=1 y=2 c0=t613 c1=t622
14108 core=1 prio t601 2 r=0 y=0 c0=t613 c1=t622
14109 core=1 suspend t601 r=0 y=0 c0=t613 c1=t622
14110 core=1 yield r=0 y=2 c0=t613 c1=t622
14111 core=0 give r=1 y=0 c0=t613 c1=t622
14112 core=0 tick r=1 y=3 c0=t613 c1=t622
14113 core=1 delay t622 5 r=0 y=2 c0=t613 c1=t614
14114 core=0 yield r=0 y=1 c0=t613 c1=t614
14115 core=0 prio t614 0 r=0 y=2 c0=t613 c1=IDLE0
14116 core=0 noop r=0 y=0 c0=t613 c1=IDLE0
14117 core=1 noop r=0 y=0 c0=t613 c1=IDLE0
14118 core=1 resume t622 r=0 y=0 c0=t613 c1=IDLE0
14119 core=1 give_isr r=0 y=0 c0=t613 c1=IDLE0
14120 core=0 create 7 t623 p3 r=1 y=2 c0=t613 c1=t623
14121 core=1 delete 2 t617 r=0 y=0 c0=t613 c1=t623
14122 core=0 delete 1 t619 r=0 y=0 c0=t613 c1=t623
14123 core=1 noop r=0 y=0 c0=t613 c1=t623
14124 core=0 create 1 t624 p0 r=1 y=0 c0=t613 c1=t623
14125 core=0 give r=0 y=0 c0=t613 c1=t623
14126 core=0 create 4 t625 p1 r=1 y=0 c0=t613 c1=t623
14127 core=1 delete 7 t623 r=0 y=2 c0=t613 c1=t625
14128 core=1 give_isr r=0 y=0 c0=t613 c1=t625
14129 core=1 resume t622 r=0 y=0 c0=t613 c1=t625
14130 core=0 prio t625 1 r=0 y=0 c0=t613 c1=t625
14131 core=0 create 0 t626 p2 r=1 y=2 c0=t613 c1=t626
14132 core=0 delay t613 2 r=0 y=1 c0=t625 c1=t626
14133 core=0 takeb t625 4 r=1 y=0 c0=t625 c1=t626
14134 core=0 delete 4 t625 r=0 y=1 c0=IDLE1 c1=t626
14135 core=1 take t626 r=0 y=0 c0=IDLE1 c1=t626
14136 core=0 prio t624 0 r=0 y=0 c0=IDLE1 c1=t626
14137 core=1 takeb t626 2 r=2 y=2 c0=IDLE1 c1=t614
14138 core=1 resume t614 r=0 y=0 c0=IDLE1 c1=t614
14139 core=1 delete 6 t601 r=0 y=0 c0=IDLE1 c1=t614
14140 core=0 give_isr r=1 y=1 c0=t626 c1=t614
14141 core=0 cont t626 r=1 y=0 c0=t626 c1=t614
14142 core=1 noop r=0 y=0 c0=t626 c1=t614
14143 core=1 give r=1 y=0 c0=t626 c1=t614
14144 core=0 suspend t624 r=0 y=0 c0=t626 c1=t614
14145 core=0 tick r=0 y=2 c0=t626 c1=IDLE0
14146 core=0 takeb t626 6 r=1 y=0 c0=t626 c1=IDLE0
14147 core=1 create 6 t627 p0 r=1 y=2 c0=t626 c1=IDLE1
14148 core=0 delete 0 t626 r=0 y=1 c0=t614 c1=IDLE1
14149 core=1 noop r=0 y=0 c0=t614 c1=IDLE1
14150 core=0 prio t613 3 r=0 y=0 c0=t614 c1=IDLE1
14151 core=1 delete 8 t614 r=0 y=1 c0=t627 c1=IDLE1
14152 core=1 noop r=0 y=0 c0=t627 c1=IDLE1
14153 core=0 noop r=0 y=0 c0=t627 c1=IDLE1
14154 core=1 prio t624 0 r=0 y=0 c0=t627 c1=IDLE1
14155 core=0 delay t627 4 r=0 y=1 c0=IDLE0 c1=IDLE1
14156 core=0 noop r=0 y=0 c0=IDLE0 c1=IDLE1
14157 core=1 prio t624 3 r=0 y=0 c0=IDLE0 c1=IDLE1
14158 core=1 give_isr r=1 y=0 c0=IDLE0 c1=IDLE1
14159 core=1 noop r=0 y=0 c0=IDLE0 c1=IDLE1
14160 core=0 resume t624 r=0 y=2 c0=IDLE0 c1=t624
14161 core=0 noop r=0 y=0 c0=IDLE0 c1=t624
14162 core=0 tick r=1 y=3 c0=t613 c1=t624
14163 core=0 delay t613 3 r=0 y=1 c0=IDLE1 c1=t624
14164 core=1 noop r=0 y=0 c0=IDLE1 c1=t624
14165 core=0 give_isr r=0 y=0 c0=IDLE1 c1=t624
14166 core=1 give r=0 y=0 c0=IDLE1 c1=t624
14167 core=0 give r=0 y=0 c0=IDLE1 c1=t624
14168 core=0 delete 1 t624 r=0 y=2 c0=IDLE1 c1=IDLE0
14169 core=0 tick r=1 y=3 c0=IDLE1 c1=IDLE0
14170 core=0 delete 9 t622 r=0 y=0 c0=IDLE1 c1=IDLE0
14171 core=1 prio t627 0 r=0 y=0 c0=IDLE1 c1=IDLE0
14172 core=1 give_isr r=0 y=0 c0=IDLE1 c1=IDLE0
14173 core=1 resume t613 r=0 y=0 c0=IDLE1 c1=IDLE0
14174 core=0 give_isr r=0 y=0 c0=IDLE1 c1=IDLE0
14175 core=0 noop r=0 y=0 c0=IDLE1 c1=IDLE0
14176 core=1 noop r=0 y=0 c0=IDLE1 c1=IDLE0
14177 core=1 create 2 t628 p3 r=1 y=2 c0=IDLE1 c1=t628
14178 core=0 tick r=1 y=1 c0=IDLE0 c1=t628
14179 core=1 delete 2 t628 r=0 y=2 c0=IDLE0 c1=IDLE1
14180 core=0 noop r=0 y=0 c0=IDLE0 c1=IDLE1
14181 core=1 noop r=0 y=0 c0=IDLE0 c1=IDLE1
14182 core=0 create 0 t629 p0 r=1 y=2 c0=IDLE0 c1=t629
14183 core=0 yield r=0 y=1 c0=IDLE1 c1=t629
14184 core=1 create 8 t630 p2 r=1 y=1 c0=t630 c1=t629
14185 core=0 takeb t630 6 r=1 y=0 c0=t630 c1=t629
14186 core=1 give r=1 y=0 c0=t630 c1=t629
14187 core=0 tick r=0 y=2 c0=t630 c1=t613
14188 core=0 noop r=0 y=0 c0=t630 c1=t613
14189 core=1 noop r=0 y=0 c0=t630 c1=t613
14190 core=0 noop r=0 y=0 c0=t630 c1=t613
14191 core=0 noop r=0 y=0 c0=t630 c1=t613
14192 core=0 create 1 t631 p0 r=1 y=0 c0=t630 c1=t613
14193 core=0 noop r=0 y=0 c0=t630 c1=t613
14194 core=0 tick r=0 y=0 c0=t630 c1=t613
14195 core=0 create 3 t632 p3 r=1 y=1 c0=t632 c1=t613
14196 core=0 takeb t632 2 r=1 y=0 c0=t632 c1=t613
14197 core=0 noop r=0 y=0 c0=t632 c1=t613
14198 core=0 take t632 r=0 y=0 c0=t632 c1=t613
14199 core=0 noop r=0 y=0 c0=t632 c1=t613
14200 core=0 resume t613 r=0 y=0 c0=t632 c1=t613
14201 core=0 yield r=0 y=1 c0=t632 c1=t613
14202 core=0 tick r=1 y=3 c0=t632 c1=t613
14203 core=0 give r=1 y=0 c0=t632 c1=t613
14204 core=0 takeb t632 4 r=1 y=0 c0=t632 c1=t613
14205 core=0 resume t627 r=0 y=0 c0=t632 c1=t613
14206 core=0 resume t613 r=0 y=0 c0=t632 c1=t613
14207 core=0 delete 5 t613 r=0 y=2 c0=t632 c1=t630
14208 core=0 yield r=0 y=1 c0=t632 c1=t630
14209 core=1 delete 3 t632 r=0 y=1 c0=IDLE0 c1=t630
14210 core=1 give_isr r=1 y=0 c0=IDLE0 c1=t630
14211 core=0 noop r=0 y=0 c0=IDLE0 c1=t630
14212 core=1 resume t631 r=0 y=0 c0=IDLE0 c1=t630
14213 core=1 delay t630 1 r=0 y=2 c0=IDLE0 c1=IDLE1
14214 core=1 prio t629 3 r=0 y=2 c0=IDLE0 c1=t629
14215 core=0 noop r=0 y=0 c0=IDLE0 c1=t629
14216 core=0 noop r=0 y=0 c0=IDLE0 c1=t629
14217 core=0 noop r=0 y=0 c0=IDLE0 c1=t629
14218 core=1 takeb t629 4 r=1 y=0 c0=IDLE0 c1=t629
14219 core=0 give_isr r=1 y=0 c0=IDLE0 c1=t629
14220 core=1 create 5 t633 p3 r=1 y=1 c0=t633 c1=t629
14221 core=1 prio t630 2 r=0 y=0 c0=t633 c1=t629
14222 core=0 delay t633 3 r=0 y=1 c0=t627 c1=t629
14223 core=1 give r=0 y=0 c0=t627 c1=t629
14224 core=0 noop r=0 y=0 c0=t627 c1=t629
14225 core=1 create 7 t634 p2 r=1 y=1 c0=t634 c1=t629
14226 core=1 resume t631 r=0 y=0 c0=t634 c1=t629
14227 core=1 prio t629 2 r=0 y=2 c0=t634 c1=t629
14228 core=0 yield r=0 y=1 c0=t634 c1=t629
14229 core=1 take t629 r=1 y=0 c0=t634 c1=t629
14230 core=1 noop r=0 y=0 c0=t634 c1=t629
14231 core=0 tick r=1 y=3 c0=t630 c1=t634
14232 core=1 noop r=0 y=0 c0=t630 c1=t634
14233 core=0 yield r=0 y=1 c0=t629 c1=t634
14234 core=0 resume t629 r=0 y=0 c0=t629 c1=t634
14235 core=0 noop r=0 y=0 c0=t629 c1=t634
14236 core=0 suspend t631 r=0 y=0 c0=t629 c1=t634
14237 core=1 give_isr r=1 y=0 c0=t629 c1=t634
14238 core=1 suspend t634 r=0 y=2 c0=t629 c1=t630
14239 core=1 delete 1 t631 r=0 y=0 c0=t629 c1=t630
14240 core=0 noop r=0 y=0 c0=t629 c1=t630
14241 core=1 resume t627 r=0 y=0 c0=t629 c1=t630
14242 core=1 takeb t630 5 r=1 y=0 c0=t629 c1=t630
14243 core=0 noop r=0 y=0 c0=t629 c1=t630
14244 core=0 delete 7 t634 r=0 y=0 c0=t629 c1=t630
14245 core=0 takeb t629 6 r=2 y=1 c0=IDLE1 c1=t630
14246 core=0 tick r=1 y=1 c0=IDLE0 c1=t630
14247 core=0 give r=1 y=1 c0=t629 c1=t630
14248 core=0 tick r=1 y=3 c0=t633 c1=t629
14249 core=1 cont t629 r=1 y=0 c0=t633 c1=t629
14250 core=0 noop r=0 y=0 c0=t633 c1=t629
14251 core=0 takeb t633 3 r=2 y=1 c0=t630 c1=t629
14252 core=1 noop r=0 y=0 c0=t630 c1=t629
14253 core=1 prio t629 2 r=0 y=0 c0=t630 c1=t629
14254 core=0 suspend t627 r=0 y=0 c0=t630 c1=t629
14255 core=1 delete 0 t629 r=0 y=2 c0=t630 c1=IDLE1
14256 core=1 noop r=0 y=0 c0=t630 c1=IDLE1
14257 core=0 noop r=0 y=0 c0=t630 c1=IDLE1
14258 core=0 noop r=0 y=0 c0=t630 c1=IDLE1
14259 core=1 noop r=0 y=0 c0=t630 c1=IDLE1
14260 core=1 noop r=0 y=0 c0=t630 c1=IDLE1
14261 core=1 noop r=0 y=0 c0=t630 c1=IDLE1
14262 core=0 delay t630 4 r=0 y=1 c0=IDLE0 c1=IDLE1
14263 core=1 create 0 t635 p2 r=1 y=2 c0=IDLE0 c1=t635
14264 core=1 noop r=0 y=0 c0=IDLE0 c1=t635
14265 core=1 suspend t630 r=0 y=0 c0=IDLE0 c1=t635
14266 core=1 noop r=0 y=0 c0=IDLE0 c1=t635
14267 core=0 noop r=0 y=0 c0=IDLE0 c1=t635
14268 core=0 yield r=0 y=1 c0=IDLE1 c1=t635
14269 core=1 give_isr r=1 y=1 c0=t633 c1=t635
14270 core=0 cont t633 r=1 y=0 c0=t633 c1=t635
14271 core=0 noop r=0 y=0 c0=t633 c1=t635
14272 core=0 delete 8 t630 r=0 y=0 c0=t633 c1=t635
14273 core=0 give r=1 y=0 c0=t633 c1=t635
14274 core=1 give_isr r=0 y=0 c0=t633 c1=t635
14275 core=0 take t633 r=1 y=0 c0=t633 c1=t635
14276 core=0 take t633 r=0 y=0 c0=t633 c1=t635
14277 core=0 delete 5 t633 r=0 y=1 c0=IDLE0 c1=t635
14278 core=1 noop r=0 y=0 c0=IDLE0 c1=t635
14279 core=0 give r=1 y=0 c0=IDLE0 c1=t635
14280 core=1 noop r=0 y=0 c0=IDLE0 c1=t635
14281 core=0 create 2 t636 p3 r=1 y=1 c0=t636 c1=t635
14282 core=1 yield r=0 y=2 c0=t636 c1=t635
14283 core=0 give r=0 y=0 c0=t636 c1=t635
14284 core=0 delay t636 3 r=0 y=1 c0=IDLE1 c1=t635
14285 core=0 tick r=1 y=1 c0=IDLE0 c1=t635
14286 core=0 noop r=0 y=0 c0=IDLE0 c1=t635
14287 core=1 give r=0 y=0 c0=IDLE0 c1=t635
14288 core=1 delay t635 3 r=0 y=2 c0=IDLE0 c1=IDLE1
14289 core=0 noop r=0 y=0 c0=IDLE0 c1=IDLE1
14290 core=0 give_isr r=0 y=0 c0=IDLE0 c1=IDLE1
14291 core=1 noop r=0 y=0 c0=IDLE0 c1=IDLE1
14292 core=0 noop r=0 y=0 c0=IDLE0 c1=IDLE1
14293 core=0 give r=0 y=0 c0=IDLE0 c1=IDLE1
14294 core=0 create 1 t637 p0 r=1 y=2 c0=IDLE0 c1=t637
14295 core=1 create 9 t638 p3 r=1 y=1 c0=t638 c1=t637
14296 core=0 create 4 t639 p2 r=1 y=2 c0=t638 c1=t639
14297 core=1 give r=0 y=0 c0=t638 c1=t639
14298 core=0 give_isr r=0 y=0 c0=t638 c1=t639
14299 core=0 tick r=0 y=0 c0=t638 c1=t639
14300 core=1 resume t635 r=0 y=0 c0=t638 c1=t639
14301 core=0 suspend t637 r=0 y=0 c0=t638 c1=t639
14302 core=0 noop r=0 y=0 c0=t638 c1=t639
14303 core=0 delay t638 3 r=0 y=1 c0=IDLE1 c1=t639
14304 core=1 take t639 r=1 y=0 c0=IDLE1 c1=t639
14305 core=0 noop r=0 y=0 c0=IDLE1 c1=t639
14306 core=1 delete 2 t636 r=0 y=0 c0=IDLE1 c1=t639
14307 core=1 noop r=0 y=0 c0=IDLE1 c1=t639
14308 core=1 delay t639 5 r=0 y=2 c0=IDLE1 c1=IDLE0
14309 core=1 noop r=0 y=0 c0=IDLE1 c1=IDLE0
14310 core=0 give r=1 y=0 c0=IDLE1 c1=IDLE0
14311 core=0 noop r=0 y=0 c0=IDLE1 c1=IDLE0
14312 core=0 noop r=0 y=0 c0=IDLE1 c1=IDLE0
14313 core=1 noop r=0 y=0 c0=IDLE1 c1=IDLE0
14314 core=1 resume t635 r=0 y=0 c0=IDLE1 c1=IDLE0
14315 core=1 noop r=0 y=0 c0=IDLE1 c1=IDLE0
14316 core=1 noop r=0 y=0 c0=IDLE1 c1=IDLE0
14317 core=1 give r=0 y=0 c0=IDLE1 c1=IDLE0
14318 core=1 delete 4 t639 r=0 y=0 c0=IDLE1 c1=IDLE0
14319 core=1 noop r=0 y=0 c0=IDLE1 c1=IDLE0
14320 core=0 noop r=0 y=0 c0=IDLE1 c1=IDLE0
14321 core=0 tick r=1 y=3 c0=IDLE1 c1=IDLE0
14322 core=0 noop r=0 y=0 c0=IDLE1 c1=IDLE0
14323 core=0 suspend t637 r=0 y=0 c0=IDLE1 c1=IDLE0
14324 core=0 noop r=0 y=0 c0=IDLE1 c1=IDLE0
14325 core=0 suspend t638 r=0 y=0 c0=IDLE1 c1=IDLE0
14326 core=0 noop r=0 y=0 c0=IDLE1 c1=IDLE0
14327 core=1 noop r=0 y=0 c0=IDLE1 c1=IDLE0
14328 core=0 tick r=1 y=3 c0=t635 c1=IDLE1
14329 core=1 create 4 t640 p1 r=1 y=2 c0=t635 c1=t640
14330 core=0 suspend t638 r=0 y=0 c0=t635 c1=t640
14331 core=1 noop r=0 y=0 c0=t635 c1=t640
14332 core=0 noop r=0 y=0 c0=t635 c1=t640
14333 core=1 give r=0 y=0 c0=t635 c1=t640
14334 core=0 create 7 t641 p3 r=1 y=2 c0=t635 c1=t641
14335 core=1 takeb t641 5 r=1 y=0 c0=t635 c1=t641
14336 core=0 noop r=0 y=0 c0=t635 c1=t641
14337 core=0 suspend t641 r=0 y=2 c0=t635 c1=t640
14338 core=1 resume t637 r=0 y=0 c0=t635 c1=t640
14339 core=1 noop r=0 y=0 c0=t635 c1=t640
14340 core=0 tick r=0 y=0 c0=t635 c1=t640
14341 core=0 noop r=0 y=0 c0=t635 c1=t640
14342 core=0 delete 1 t637 r=0 y=0 c0=t635 c1=t640
14343 core=0 give_isr r=1 y=0 c0=t635 c1=t640
14344 core=1 resume t635 r=0 y=0 c0=t635 c1=t640
14345 core=0 noop r=0 y=0 c0=t635 c1=t640
14346 core=0 tick r=0 y=0 c0=t635 c1=t640
14347 core=0 give_isr r=0 y=0 c0=t635 c1=t640
14348 core=0 noop r=0 y=0 c0=t635 c1=t640
14349 core=0 give_isr r=0 y=0 c0=t635 c1=t640
14350 core=0 noop r=0 y=0 c0=t635 c1=t640
14351 core=1 noop r=0 y=0 c0=t635 c1=t640
14352 core=0 delete 6 t627 r=0 y=0 c0=t635 c1=t640
14353 core=0 noop r=0 y=0 c0=t635 c1=t640
14354 core=1 give r=0 y=0 c0=t635 c1=t640
14355 core=1 noop r=0 y=0 c0=t635 c1=t640
14356 core=0 noop r=0 y=0 c0=t635 c1=t640
14357 core=1 take t640 r=1 y=0 c0=t635 c1=t640
14358 core=0 tick r=0 y=0 c0=t635 c1=t640
14359 core=1 suspend t641 r=0 y=0 c0=t635 c1=t640
14360 core=1 prio t640 1 r=0 y=0 c0=t635 c1=t640
14361 core=0 noop r=0 y=0 c0=t635 c1=t640
14362 core=1 delete 9 t638 r=0 y=0 c0=t635 c1=t640
14363 core=0 suspend t635 r=0 y=1 c0=IDLE0 c1=t640
14364 core=0 noop r=0 y=0 c0=IDLE0 c1=t640
14365 core=0 noop r=0 y=0 c0=IDLE0 c1=t640
14366 core=1 prio t635 0 r=0 y=0 c0=IDLE0 c1=t640
14367 core=0 noop r=0 y=0 c0=IDLE0 c1=t640
14368 core=0 create 8 t642 p3 r=1 y=1 c0=t642 c1=t640
14369 core=0 tick r=0 y=0 c0=t642 c1=t640
14370 core=1 noop r=0 y=0 c0=t642 c1=t640
14371 core=1 give_isr r=1 y=0 c0=t642 c1=t640
14372 core=1 takeb t640 4 r=1 y=0 c0=t642 c1=t640
14373 core=0 tick r=0 y=0 c0=t642 c1=t640
14374 core=0 tick r=0 y=0 c0=t642 c1=t640
14375 core=1 give r=1 y=0 c0=t642 c1=t640
14376 core=1 yield r=0 y=2 c0=t642 c1=t640
14377 core=0 delay t642 5 r=0 y=1 c0=IDLE1 c1=t640
14378 core=1 noop r=0 y=0 c0=IDLE1 c1=t640
14379 core=0 suspend t640 r=0 y=2 c0=IDLE1 c1=IDLE0
14380 core=0 noop r=0 y=0 c0=IDLE1 c1=IDLE0
14381 core=0 tick r=1 y=3 c0=IDLE1 c1=IDLE0
14382 core=1 create 1 t643 p1 r=1 y=2 c0=IDLE1 c1=t643
14383 core=1 noop r=0 y=0 c0=IDLE1 c1=t643
14384 core=0 tick r=1 y=1 c0=IDLE0 c1=t643
14385 core=0 yield r=0 y=1 c0=IDLE1 c1=t643
14386 core=0 noop r=0 y=0 c0=IDLE1 c1=t643
14387 core=0 yield r=0 y=1 c0=IDLE0 c1=t643
14388 core=0 resume t642 r=0 y=0 c0=IDLE0 c1=t643
14389 core=0 create 9 t644 p3 r=1 y=1 c0=t644 c1=t643
14390 core=0 give_isr r=0 y=0 c0=t644 c1=t643
14391 core=0 delay t644 4 r=0 y=1 c0=IDLE1 c1=t643
14392 core=0 tick r=1 y=1 c0=IDLE0 c1=t643
14393 core=0 noop r=0 y=0 c0=IDLE0 c1=t643
14394 core=0 give r=0 y=0 c0=IDLE0 c1=t643
14395 core=1 give_isr r=0 y=0 c0=IDLE0 c1=t643
14396 core=1 create 2 t645 p2 r=1 y=1 c0=t645 c1=t643
14397 core=0 delay t645 3 r=0 y=1 c0=IDLE1 c1=t643
14398 core=1 suspend t643 r=0 y=2 c0=IDLE1 c1=IDLE0
14399 core=1 noop r=0 y=0 c0=IDLE1 c1=IDLE0
14400 core=1 prio t642 0 r=0 y=0 c0=IDLE1 c1=IDLE0
14401 core=1 resume t641 r=0 y=2 c0=IDLE1 c1=t641
14402 core=0 tick r=1 y=1 c0=IDLE0 c1=t641
14403 core=1 suspend t640 r=0 y=0 c0=IDLE0 c1=t641
14404 core=1 noop r=0 y=0 c0=IDLE0 c1=t641
14405 core=1 resume t645 r=0 y=0 c0=IDLE0 c1=t641
14406 core=1 noop r=0 y=0 c0=IDLE0 c1=t641
14407 core=0 noop r=0 y=0 c0=IDLE0 c1=t641
14408 core=0 resume t635 r=0 y=1 c0=IDLE1 c1=t641
14409 core=0 suspend t643 r=0 y=0 c0=IDLE1 c1=t641
14410 core=1 give r=0 y=0 c0=IDLE1 c1=t641
14411 core=0 tick r=1 y=1 c0=t635 c1=t641
14412 core=1 suspend t645 r=0 y=0 c0=t635 c1=t641
14413 core=1 noop r=0 y=0 c0=t635 c1=t641
14414 core=0 noop r=0 y=0 c0=t635 c1=t641
14415 core=0 tick r=1 y=3 c0=t644 c1=t641
14416 core=0 noop r=0 y=0 c0=t644 c1=t641
14417 core=0 suspend t640 r=0 y=0 c0=t644 c1=t641
14418 core=1 create 5 t646 p3 r=1 y=0 c0=t644 c1=t641
14419 core=1 resume t642 r=0 y=0 c0=t644 c1=t641
14420 core=1 prio t642 0 r=0 y=0 c0=t644 c1=t641
14421 core=0 yield r=0 y=1 c0=t646 c1=t641
14422 core=0 tick r=1 y=3 c0=t644 c1=t646
14423 core=1 create 6 t647 p2 r=1 y=0 c0=t644 c1=t646
14424 core=0 prio t642 3 r=0 y=0 c0=t644 c1=t646
14425 core=0 delay t644 4 r=0 y=1 c0=t641 c1=t646
14426 core=0 resume t646 r=0 y=0 c0=t641 c1=t646
14427 core=0 noop r=0 y=0 c0=t641 c1=t646
14428 core=0 resume t645 r=0 y=0 c0=t641 c1=t646
14429 core=0 takeb t641 6 r=1 y=0 c0=t641 c1=t646
14430 core=0 delay t641 2 r=0 y=1 c0=t642 c1=t646
14431 core=0 tick r=1 y=3 c0=t642 c1=t646
14432 core=1 resume t642 r=0 y=0 c0=t642 c1=t646
14433 core=0 give r=1 y=0 c0=t642 c1=t646
14434 core=0 prio t645 3 r=0 y=0 c0=t642 c1=t646
14435 core=0 delete 4 t640 r=0 y=0 c0=t642 c1=t646
14436 core=1 resume t644 r=0 y=0 c0=t642 c1=t646
14437 core=1 resume t641 r=0 y=0 c0=t642 c1=t646
14438 core=0 take t642 r=1 y=0 c0=t642 c1=t646
14439 core=0 tick r=1 y=3 c0=t645 c1=t641
14440 core=0 tick r=1 y=3 c0=t642 c1=t646
14441 core=0 take t642 r=0 y=0 c0=t642 c1=t646
14442 core=0 give r=1 y=0 c0=t642 c1=t646
14443 core=0 delete 5 t646 r=0 y=2 c0=t642 c1=t645
14444 core=1 give r=0 y=0 c0=t642 c1=t645
14445 core=0 create 3 t648 p3 r=1 y=0 c0=t642 c1=t645
14446 core=1 suspend t647 r=0 y=0 c0=t642 c1=t645
14447 core=0 noop r=0 y=0 c0=t642 c1=t645
14448 core=1 suspend t644 r=0 y=0 c0=t642 c1=t645
14449 core=0 noop r=0 y=0 c0=t642 c1=t645
14450 core=0 give_isr r=0 y=0 c0=t642 c1=t645
14451 core=1 give_isr r=0 y=0 c0=t642 c1=t645
14452 core=0 resume t644 r=0 y=0 c0=t642 c1=t645
14453 core=1 give r=0 y=0 c0=t642 c1=t645
14454 core=1 suspend t642 r=0 y=1 c0=t641 c1=t645
14455 core=0 delay t641 5 r=0 y=1 c0=t648 c1=t645
14456 core=1 takeb t645 3 r=1 y=0 c0=t648 c1=t645
14457 core=0 prio t644 1 r=0 y=0 c0=t648 c1=t645
14458 core=1 take t645 r=0 y=0 c0=t648 c1=t645
14459 core=0 tick r=1 y=3 c0=t648 c1=t645
14460 core=1 yield r=0 y=2 c0=t648 c1=t645
14461 core=1 resume t644 r=0 y=0 c0=t648 c1=t645
14462 core=0 delay t648 2 r=0 y=1 c0=t644 c1=t645
14463 core=0 resume t645 r=0 y=0 c0=t644 c1=t645
14464 core=0 tick r=0 y=0 c0=t644 c1=t645
14465 core=0 delete 2 t645 r=0 y=2 c0=t644 c1=IDLE0
14466 core=0 give_isr r=1 y=0 c0=t644 c1=IDLE0
14467 core=0 give r=0 y=0 c0=t644 c1=IDLE0
14468 core=1 noop r=0 y=0 c0=t644 c1=IDLE0
14469 core=0 delay t644 4 r=0 y=1 c0=IDLE1 c1=IDLE0
14470 core=0 give r=0 y=0 c0=IDLE1 c1=IDLE0
14471 core=0 delete 7 t641 r=0 y=0 c0=IDLE1 c1=IDLE0
14472 core=1 give r=0 y=0 c0=IDLE1 c1=IDLE0
14473 core=0 noop r=0 y=0 c0=IDLE1 c1=IDLE0
14474 core=0 tick r=1 y=3 c0=t648 c1=t635
14475 core=0 tick r=0 y=2 c0=t648 c1=IDLE1
14476 core=0 give r=0 y=0 c0=t648 c1=IDLE1
14477 core=1 prio t644 3 r=0 y=0 c0=t648 c1=IDLE1
14478 core=1 noop r=0 y=0 c0=t648 c1=IDLE1
14479 core=0 noop r=0 y=0 c0=t648 c1=IDLE1
14480 core=1 noop r=0 y=0 c0=t648 c1=IDLE1
14481 core=0 delay t648 1 r=0 y=1 c0=IDLE0 c1=IDLE1
14482 core=0 noop r=0 y=0 c0=IDLE0 c1=IDLE1
14483 core=0 yield r=0 y=1 c0=t635 c1=IDLE1
14484 core=1 noop r=0 y=0 c0=t635 c1=IDLE1
14485 core=0 delete 0 t635 r=0 y=1 c0=IDLE0 c1=IDLE1
14486 core=0 yield r=0 y=1 c0=IDLE0 c1=IDLE1
14487 core=0 yield r=0 y=1 c0=IDLE0 c1=IDLE1
14488 core=0 noop r=0 y=0 c0=IDLE0 c1=IDLE1
14489 core=1 delete 6 t647 r=0 y=0 c0=IDLE0 c1=IDLE1
14490 core=1 noop r=0 y=0 c0=IDLE0 c1=IDLE1
14491 core=0 tick r=1 y=3 c0=t648 c1=IDLE0
14492 core=0 tick r=1 y=3 c0=t644 c1=t648
14493 core=0 noop r=0 y=0 c0=t644 c1=t648
14494 core=1 suspend t648 r=0 y=2 c0=t644 c1=IDLE1
14495 core=1 suspend t644 r=0 y=1 c0=IDLE0 c1=IDLE1
14496 core=0 noop r=0 y=0 c0=IDLE0 c1=IDLE1
14497 core=1 noop r=0 y=0 c0=IDLE0 c1=IDLE1
14498 core=0 noop r=0 y=0 c0=IDLE0 c1=IDLE1
14499 core=1 noop r=0 y=0 c0=IDLE0 c1=IDLE1
14500 core=0 noop r=0 y=0 c0=IDLE0 c1=IDLE1
14501 core=0 tick r=1 y=3 c0=IDLE0 c1=IDLE1
14502 core=0 tick r=1 y=3 c0=IDLE0 c1=IDLE1
14503 core=1 noop r=0 y=0 c0=IDLE0 c1=IDLE1
14504 core=0 tick r=1 y=3 c0=IDLE0 c1=IDLE1
14505 core=1 delete 8 t642 r=0 y=0 c0=IDLE0 c1=IDLE1
14506 core=0 delete 1 t643 r=0 y=0 c0=IDLE0 c1=IDLE1
14507 core=0 noop r=0 y=0 c0=IDLE0 c1=IDLE1
14508 core=1 noop r=0 y=0 c0=IDLE0 c1=IDLE1
14509 core=0 tick r=1 y=3 c0=IDLE0 c1=IDLE1
14510 core=1 noop r=0 y=0 c0=IDLE0 c1=IDLE1
14511 core=1 noop r=0 y=0 c0=IDLE0 c1=IDLE1
14512 core=1 give_isr r=0 y=0 c0=IDLE0 c1=IDLE1
14513 core=0 yield r=0 y=1 c0=IDLE0 c1=IDLE1
14514 core=1 create 7 t649 p0 r=1 y=2 c0=IDLE0 c1=t649
14515 core=1 noop r=0 y=0 c0=IDLE0 c1=t649
14516 core=1 delay t649 5 r=0 y=2 c0=IDLE0 c1=IDLE1
14517 core=0 tick r=1 y=3 c0=IDLE0 c1=IDLE1
14518 core=1 noop r=0 y=0 c0=IDLE0 c1=IDLE1
14519 core=0 noop r=0 y=0 c0=IDLE0 c1=IDLE1
14520 core=0 noop r=0 y=0 c0=IDLE0 c1=IDLE1
14521 core=1 noop r=0 y=0 c0=IDLE0 c1=IDLE1
14522 core=0 resume t648 r=0 y=2 c0=IDLE0 c1=t648
14523 core=0 delete 7 t649 r=0 y=0 c0=IDLE0 c1=t648
14524 core=0 tick r=1 y=1 c0=IDLE1 c1=t648
14525 core=0 noop r=0 y=0 c0=IDLE1 c1=t648
14526 core=0 tick r=1 y=1 c0=IDLE0 c1=t648
14527 core=1 prio t644 3 r=0 y=0 c0=IDLE0 c1=t648
14528 core=0 noop r=0 y=0 c0=IDLE0 c1=t648
14529 core=0 give_isr r=0 y=0 c0=IDLE0 c1=t648
14530 core=1 noop r=0 y=0 c0=IDLE0 c1=t648
14531 core=0 create 0 t650 p2 r=1 y=1 c0=t650 c1=t648
14532 core=0 tick r=0 y=0 c0=t650 c1=t648
14533 core=0 take t650 r=1 y=0 c0=t650 c1=t648
14534 core=0 give r=1 y=0 c0=t650 c1=t648
14535 core=0 give r=0 y=0 c0=t650 c1=t648
14536 core=1 delete 3 t648 r=0 y=2 c0=t650 c1=IDLE1
14537 core=0 noop r=0 y=0 c0=t650 c1=IDLE1
14538 core=1 give r=0 y=0 c0=t650 c1=IDLE1
14539 core=0 noop r=0 y=0 c0=t650 c1=IDLE1
14540 core=1 noop r=0 y=0 c0=t650 c1=IDLE1
14541 core=0 delay t650 5 r=0 y=1 c0=IDLE0 c1=IDLE1
14542 core=1 noop r=0 y=0 c0=IDLE0 c1=IDLE1
14543 core=1 noop r=0 y=0 c0=IDLE0 c1=IDLE1
14544 core=0 noop r=0 y=0 c0=IDLE0 c1=IDLE1
14545 core=1 noop r=0 y=0 c0=IDLE0 c1=IDLE1
14546 core=0 resume t650 r=0 y=0 c0=IDLE0 c1=IDLE1
14547 core=0 tick r=1 y=3 c0=IDLE0 c1=IDLE1
14548 core=1 create 4 t651 p0 r=1 y=2 c0=IDLE0 c1=t651
14549 core=1 prio t644 0 r=0 y=0 c0=IDLE0 c1=t651
14550 core=0 noop r=0 y=0 c0=IDLE0 c1=t651
14551 core=1 prio t651 2 r=0 y=0 c0=IDLE0 c1=t651
14552 core=0 give r=0 y=0 c0=IDLE0 c1=t651
14553 core=1 take t651 r=1 y=0 c0=IDLE0 c1=t651
14554 core=0 resume t644 r=0 y=1 c0=IDLE1 c1=t651
14555 core=1 noop r=0 y=0 c0=IDLE1 c1=t651
14556 core=0 noop r=0 y=0 c0=IDLE1 c1=t651
14557 core=0 noop r=0 y=0 c0=IDLE1 c1=t651
14558 core=0 noop r=0 y=0 c0=IDLE1 c1=t651
14559 core=0 tick r=1 y=1 c0=t644 c1=t651
14560 core=1 take t651 r=0 y=0 c0=t644 c1=t651
14561 core=0 noop r=0 y=0 c0=t644 c1=t651
14562 core=0 take t644 r=0 y=0 c0=t644 c1=t651
14563 core=1 suspend t650 r=0 y=0 c0=t644 c1=t651
14564 core=1 delete 4 t651 r=0 y=2 c0=t644 c1=IDLE0
14565 core=0 takeb t644 1 r=2 y=1 c0=IDLE1 c1=IDLE0
14566 core=1 yield r=0 y=2 c0=IDLE1 c1=IDLE0
14567 core=1 noop r=0 y=0 c0=IDLE1 c1=IDLE0
14568 core=0 tick r=1 y=3 c0=t644 c1=IDLE1
14569 core=1 noop r=0 y=0 c0=t644 c1=IDLE1
14570 core=0 cont t644 r=0 y=0 c0=t644 c1=IDLE1
14571 core=1 noop r=0 y=0 c0=t644 c1=IDLE1
14572 core=1 give r=1 y=0 c0=t644 c1=IDLE1
14573 core=1 noop r=0 y=0 c0=t644 c1=IDLE1
14574 core=0 give_isr r=0 y=0 c0=t644 c1=IDLE1
14575 core=1 noop r=0 y=0 c0=t644 c1=IDLE1
14576 core=0 noop r=0 y=0 c0=t644 c1=IDLE1
14577 core=1 noop r=0 y=0 c0=t644 c1=IDLE1
14578 core=0 noop r=0 y=0 c0=t644 c1=IDLE1
14579 core=0 give r=0 y=0 c0=t644 c1=IDLE1
14580 core=0 tick r=1 y=3 c0=IDLE0 c1=t644
14581 core=0 tick r=1 y=3 c0=IDLE1 c1=IDLE0
14582 core=1 noop r=0 y=0 c0=IDLE1 c1=IDLE0
14583 core=0 tick r=1 y=3 c0=t644 c1=IDLE1
14584 core=0 give_isr r=0 y=0 c0=t644 c1=IDLE1
14585 core=0 noop r=0 y=0 c0=t644 c1=IDLE1
14586 core=1 noop r=0 y=0 c0=t644 c1=IDLE1
14587 core=0 give r=0 y=0 c0=t644 c1=IDLE1
14588 core=0 take t644 r=1 y=0 c0=t644 c1=IDLE1
14589 core=0 noop r=0 y=0 c0=t644 c1=IDLE1
14590 core=0 delay t644 2 r=0 y=1 c0=IDLE0 c1=IDLE1
14591 core=0 noop r=0 y=0 c0=IDLE0 c1=IDLE1
14592 core=0 tick r=1 y=3 c0=IDLE0 c1=IDLE1
14593 core=1 create 8 t652 p0 r=1 y=2 c0=IDLE0 c1=t652
14594 core=1 create 4 t653 p3 r=1 y=1 c0=t653 c1=t652
14595 core=1 give r=1 y=0 c0=t653 c1=t652
14596 core=0 tick r=0 y=2 c0=t653 c1=IDLE1
14597 core=0 create 3 t654 p0 r=1 y=2 c0=t653 c1=IDLE0
14598 core=0 tick r=0 y=2 c0=t653 c1=t644
14599 core=1 noop r=0 y=0 c0=t653 c1=t644
14600 core=1 noop r=0 y=0 c0=t653 c1=t644
14601 core=1 noop r=0 y=0 c0=t653 c1=t644
14602 core=0 yield r=0 y=1 c0=t653 c1=t644
14603 core=1 yield r=0 y=2 c0=t653 c1=t652
14604 core=1 take t652 r=1 y=0 c0=t653 c1=t652
14605 core=1 delete 3 t654 r=0 y=0 c0=t653 c1=t652
14606 core=1 prio t652 1 r=0 y=0 c0=t653 c1=t652
14607 core=0 give r=1 y=0 c0=t653 c1=t652
14608 core=0 tick r=0 y=0 c0=t653 c1=t652
14609 core=0 tick r=0 y=0 c0=t653 c1=t652
14610 core=0 create 6 t655 p1 r=1 y=0 c0=t653 c1=t652
14611 core=0 noop r=0 y=0 c0=t653 c1=t652
14612 core=1 prio t652 2 r=0 y=0 c0=t653 c1=t652
14613 core=1 noop r=0 y=0 c0=t653 c1=t652
14614 core=1 give_isr r=0 y=0 c0=t653 c1=t652
14615 core=1 noop r=0 y=0 c0=t653 c1=t652
14616 core=0 noop r=0 y=0 c0=t653 c1=t652
14617 core=1 noop r=0 y=0 c0=t653 c1=t652
14618 core=1 noop r=0 y=0 c0=t653 c1=t652
14619 core=1 yield r=0 y=2 c0=t653 c1=t652
14620 core=1 noop r=0 y=0 c0=t653 c1=t652
14621 core=1 suspend t650 r=0 y=0 c0=t653 c1=t652
14622 core=0 suspend t650 r=0 y=0 c0=t653 c1=t652
14623 core=1 noop r=0 y=0 c0=t653 c1=t652
14624 core=0 suspend t652 r=0 y=2 c0=t653 c1=t655
14625 core=1 noop r=0 y=0 c0=t653 c1=t655
14626 core=0 delete 6 t655 r=0 y=2 c0=t653 c1=IDLE1
14627 core=0 noop r=0 y=0 c0=t653 c1=IDLE1
14628 core=1 noop r=0 y=0 c0=t653 c1=IDLE1
14629 core=0 tick r=0 y=2 c0=t653 c1=IDLE0
14630 core=1 resume t652 r=0 y=2 c0=t653 c1=t652
14631 core=0 resume t653 r=0 y=0 c0=t653 c1=t652
14632 core=0 resume t652 r=0 y=0 c0=t653 c1=t652
14633 core=0 noop r=0 y=0 c0=t653 c1=t652
14634 core=0 tick r=0 y=0 c0=t653 c1=t652
14635 core=0 give r=0 y=0 c0=t653 c1=t652
14636 core=1 takeb t652 6 r=1 y=0 c0=t653 c1=t652
14637 core=0 give r=1 y=0 c0=t653 c1=t652
14638 core=1 noop r=0 y=0 c0=t653 c1=t652
14639 core=0 yield r=0 y=1 c0=t653 c1=t652
14640 core=0 noop r=0 y=0 c0=t653 c1=t652
14641 core=1 noop r=0 y=0 c0=t653 c1=t652
14642 core=1 noop r=0 y=0 c0=t653 c1=t652
14643 core=0 give r=0 y=0 c0=t653 c1=t652
14644 core=1 noop r=0 y=0 c0=t653 c1=t652
14645 core=1 create 5 t656 p1 r=1 y=0 c0=t653 c1=t652
14646 core=0 suspend t653 r=0 y=1 c0=t656 c1=t652
14647 core=0 give r=0 y=0 c0=t656 c1=t652
14648 core=0 resume t650 r=0 y=1 c0=t650 c1=t652
14649 core=0 tick r=1 y=3 c0=t650 c1=t652
14650 core=1 resume t644 r=0 y=0 c0=t650 c1=t652
14651 core=0 delay t650 1 r=0 y=1 c0=t656 c1=t652
14652 core=1 give_isr r=0 y=0 c0=t656 c1=t652
14653 core=0 noop r=0 y=0 c0=t656 c1=t652
14654 core=0 resume t644 r=0 y=0 c0=t656 c1=t652
14655 core=0 create 3 t657 p2 r=1 y=1 c0=t657 c1=t652
14656 core=0 create 7 t658 p0 r=1 y=0 c0=t657 c1=t652
14657 core=1 prio t644 0 r=0 y=0 c0=t657 c1=t652
14658 core=0 tick r=1 y=3 c0=t650 c1=t657
14659 core=1 prio t653 1 r=0 y=0 c0=t650 c1=t657
14660 core=1 delay t657 4 r=0 y=2 c0=t650 c1=t652
14661 core=1 give r=0 y=0 c0=t650 c1=t652
14662 core=0 noop r=0 y=0 c0=t650 c1=t652
14663 core=0 delete 4 t653 r=0 y=0 c0=t650 c1=t652
14664 core=1 noop r=0 y=0 c0=t650 c1=t652
14665 core=1 delete 9 t644 r=0 y=0 c0=t650 c1=t652
14666 core=0 tick r=1 y=3 c0=t650 c1=t652
14667 core=1 create 9 t659 p1 r=1 y=0 c0=t650 c1=t652
14668 core=1 noop r=0 y=0 c0=t650 c1=t652
14669 core=1 give_isr r=0 y=0 c0=t650 c1=t652
14670 core=0 noop r=0 y=0 c0=t650 c1=t652
14671 core=1 noop r=0 y=0 c0=t650 c1=t652
14672 core=0 give_isr r=0 y=0 c0=t650 c1=t652
14673 core=0 create 6 t660 p2 r=1 y=0 c0=t650 c1=t652
14674 core=1 delete 8 t652 r=0 y=2 c0=t650 c1=t660
14675 core=1 give_isr r=0 y=0 c0=t650 c1=t660
14676 core=1 delay t660 4 r=0 y=2 c0=t650 c1=t656
14677 core=0 give_isr r=0 y=0 c0=t650 c1=t656
14678 core=1 delete 5 t656 r=0 y=2 c0=t650 c1=t659
14679 core=0 delay t650 1 r=0 y=1 c0=IDLE1 c1=t659
14680 core=0 noop r=0 y=0 c0=IDLE1 c1=t659
14681 core=1 noop r=0 y=0 c0=IDLE1 c1=t659
14682 core=0 give r=0 y=0 c0=IDLE1 c1=t659
14683 core=1 suspend t657 r=0 y=0 c0=IDLE1 c1=t659
14684 core=0 tick r=1 y=1 c0=t650 c1=t659
14685 core=1 noop r=0 y=0 c0=t650 c1=t659
14686 core=0 yield r=0 y=1 c0=t650 c1=t659
14687 core=0 delay t650 2 r=0 y=1 c0=IDLE0 c1=t659
14688 core=1 suspend t660 r=0 y=0 c0=IDLE0 c1=t659
14689 core=1 yield r=0 y=2 c0=IDLE0 c1=t659
14690 core=0 delete 9 t659 r=0 y=2 c0=IDLE0 c1=t658
14691 core=0 noop r=0 y=0 c0=IDLE0 c1=t658
14692 core=1 resume t650 r=0 y=0 c0=IDLE0 c1=t658
14693 core=0 delete 7 t658 r=0 y=2 c0=IDLE0 c1=IDLE1
14694 core=0 tick r=1 y=3 c0=IDLE0 c1=IDLE1
14695 core=1 noop r=0 y=0 c0=IDLE0 c1=IDLE1
14696 core=0 noop r=0 y=0 c0=IDLE0 c1=IDLE1
14697 core=0 yield r=0 y=1 c0=IDLE0 c1=IDLE1
14698 core=0 noop r=0 y=0 c0=IDLE0 c1=IDLE1
14699 core=0 noop r=0 y=0 c0=IDLE0 c1=IDLE1
14700 core=0 noop r=0 y=0 c0=IDLE0 c1=IDLE1
14701 core=1 noop r=0 y=0 c0=IDLE0 c1=IDLE1
14702 core=1 noop r=0 y=0 c0=IDLE0 c1=IDLE1
14703 core=1 noop r=0 y=0 c0=IDLE0 c1=IDLE1
14704 core=0 resume t660 r=0 y=2 c0=IDLE0 c1=t660
14705 core=1 noop r=0 y=0 c0=IDLE0 c1=t660
14706 core=1 yield r=0 y=2 c0=IDLE0 c1=t660
14707 core=0 tick r=1 y=3 c0=t650 c1=t660
14708 core=0 give_isr r=0 y=0 c0=t650 c1=t660
14709 core=0 noop r=0 y=0 c0=t650 c1=t660
14710 core=0 tick r=1 y=3 c0=t650 c1=t660
14711 core=0 tick r=1 y=3 c0=t650 c1=t660
14712 core=0 create 8 t661 p1 r=1 y=0 c0=t650 c1=t660
14713 core=0 tick r=1 y=3 c0=t650 c1=t660
14714 core=0 resume t650 r=0 y=0 c0=t650 c1=t660
14715 core=0 delay t650 2 r=0 y=1 c0=t661 c1=t660
14716 core=1 noop r=0 y=0 c0=t661 c1=t660
14717 core=0 yield r=0 y=1 c0=t661 c1=t660
14718 core=1 suspend t657 r=0 y=0 c0=t661 c1=t660
14719 core=1 prio t650 1 r=0 y=0 c0=t661 c1=t660
14720 core=1 noop r=0 y=0 c0=t661 c1=t660
14721 core=1 takeb t660 5 r=1 y=0 c0=t661 c1=t660
14722 core=1 suspend t661 r=0 y=1 c0=IDLE1 c1=t660
14723 core=1 give_isr r=1 y=0 c0=IDLE1 c1=t660
14724 core=1 delete 3 t657 r=0 y=0 c0=IDLE1 c1=t660
14725 core=1 noop r=0 y=0 c0=IDLE1 c1=t660
14726 core=1 suspend t661 r=0 y=0 c0=IDLE1 c1=t660
14727 core=1 prio t660 3 r=0 y=0 c0=IDLE1 c1=t660
14728 core=0 noop r=0 y=0 c0=IDLE1 c1=t660
14729 core=1 noop r=0 y=0 c0=IDLE1 c1=t660
14730 core=0 create 4 t662 p0 r=1 y=1 c0=IDLE0 c1=t660
14731 core=1 noop r=0 y=0 c0=IDLE0 c1=t660
14732 core=1 yield r=0 y=2 c0=IDLE0 c1=t660
14733 core=0 tick r=1 y=1 c0=t662 c1=t660
14734 core=0 noop r=0 y=0 c0=t662 c1=t660
14735 core=1 noop r=0 y=0 c0=t662 c1=t660
14736 core=1 prio t650 2 r=0 y=0 c0=t662 c1=t660
14737 core=1 noop r=0 y=0 c0=t662 c1=t660
14738 core=0 noop r=0 y=0 c0=t662 c1=t660
14739 core=0 noop r=0 y=0 c0=t662 c1=t660
14740 core=0 yield r=0 y=1 c0=IDLE1 c1=t660
14741 core=0 give r=0 y=0 c0=IDLE1 c1=t660
14742 core=1 takeb t660 3 r=1 y=0 c0=IDLE1 c1=t660
14743 core=1 give r=1 y=0 c0=IDLE1 c1=t660
14744 core=1 takeb t660 5 r=1 y=0 c0=IDLE1 c1=t660
14745 core=1 noop r=0 y=0 c0=IDLE1 c1=t660
14746 core=0 noop r=0 y=0 c0=IDLE1 c1=t660
14747 core=0 noop r=0 y=0 c0=IDLE1 c1=t660
14748 core=1 noop r=0 y=0 c0=IDLE1 c1=t660
14749 core=1 resume t650 r=0 y=0 c0=IDLE1 c1=t660
14750 core=1 delay t660 1 r=0 y=2 c0=IDLE1 c1=IDLE0
14751 core=0 noop r=0 y=0 c0=IDLE1 c1=IDLE0
14752 core=1 create 3 t663 p2 r=1 y=2 c0=IDLE1 c1=t663
14753 core=1 give_isr r=1 y=0 c0=IDLE1 c1=t663
14754 core=0 give r=0 y=0 c0=IDLE1 c1=t663
14755 core=1 delay t663 5 r=0 y=2 c0=IDLE1 c1=t662
14756 core=1 prio t662 1 r=0 y=0 c0=IDLE1 c1=t662
14757 core=0 noop r=0 y=0 c0=IDLE1 c1=t662
14758 core=0 prio t650 0 r=0 y=0 c0=IDLE1 c1=t662
14759 core=0 resume t663 r=0 y=0 c0=IDLE1 c1=t662
14760 core=0 noop r=0 y=0 c0=IDLE1 c1=t662
14761 core=1 yield r=0 y=2 c0=IDLE1 c1=t662
14762 core=0 tick r=1 y=3 c0=t660 c1=t662
14763 core=1 resume t662 r=0 y=0 c0=t660 c1=t662
14764 core=1 delay t662 5 r=0 y=2 c0=t660 c1=IDLE0
14765 core=1 noop r=0 y=0 c0=t660 c1=IDLE0
14766 core=0 noop r=0 y=0 c0=t660 c1=IDLE0
14767 core=0 suspend t661 r=0 y=0 c0=t660 c1=IDLE0
14768 core=1 noop r=0 y=0 c0=t660 c1=IDLE0
14769 core=1 prio t661 2 r=0 y=0 c0=t660 c1=IDLE0
14770 core=1 noop r=0 y=0 c0=t660 c1=IDLE0
14771 core=0 resume t650 r=0 y=0 c0=t660 c1=IDLE0
14772 core=1 create 7 t664 p3 r=1 y=2 c0=t660 c1=t664
14773 core=0 delay t660 3 r=0 y=1 c0=t650 c1=t664
14774 core=0 tick r=1 y=1 c0=IDLE1 c1=t664
14775 core=0 tick r=1 y=1 c0=IDLE0 c1=t664
14776 core=1 noop r=0 y=0 c0=IDLE0 c1=t664
14777 core=0 noop r=0 y=0 c0=IDLE0 c1=t664
14778 core=0 tick r=1 y=3 c0=t660 c1=t664
14779 core=0 noop r=0 y=0 c0=t660 c1=t664
14780 core=1 give_isr r=0 y=0 c0=t660 c1=t664
14781 core=1 takeb t664 5 r=1 y=0 c0=t660 c1=t664
14782 core=1 give r=1 y=0 c0=t660 c1=t664
14783 core=1 noop r=0 y=0 c0=t660 c1=t664
14784 core=0 tick r=1 y=3 c0=t660 c1=t664
14785 core=1 give r=0 y=0 c0=t660 c1=t664
14786 core=1 delay t664 2 r=0 y=2 c0=t660 c1=t663
14787 core=0 noop r=0 y=0 c0=t660 c1=t663
14788 core=1 noop r=0 y=0 c0=t660 c1=t663
14789 core=0 prio t650 3 r=0 y=2 c0=t660 c1=t650
14790 core=1 takeb t650 3 r=1 y=0 c0=t660 c1=t650
14791 core=1 resume t662 r=0 y=0 c0=t660 c1=t650
14792 core=0 prio t660 3 r=0 y=0 c0=t660 c1=t650
14793 core=0 create 1 t665 p1 r=1 y=0 c0=t660 c1=t650
14794 core=0 suspend t662 r=0 y=0 c0=t660 c1=t650
14795 core=0 delete 7 t664 r=0 y=0 c0=t660 c1=t650
14796 core=1 delay t650 1 r=0 y=2 c0=t660 c1=t663
14797 core=0 resume t650 r=0 y=0 c0=t660 c1=t663
14798 core=1 delete 6 t660 r=0 y=1 c0=t665 c1=t663
14799 core=1 delete 1 t665 r=0 y=1 c0=IDLE1 c1=t663
14800 core=0 tick r=1 y=1 c0=t650 c1=t663
14801 core=0 yield r=0 y=1 c0=t650 c1=t663
14802 core=1 noop r=0 y=0 c0=t650 c1=t663
14803 core=0 resume t661 r=0 y=0 c0=t650 c1=t663
14804 core=1 delete 0 t650 r=0 y=1 c0=t661 c1=t663
14805 core=0 noop r=0 y=0 c0=t661 c1=t663
14806 core=1 noop r=0 y=0 c0=t661 c1=t663
14807 core=0 tick r=1 y=3 c0=t661 c1=t663
14808 core=0 noop r=0 y=0 c0=t661 c1=t663
14809 core=0 tick r=1 y=3 c0=t661 c1=t663
14810 core=0 noop r=0 y=0 c0=t661 c1=t663
14811 core=0 resume t661 r=0 y=0 c0=t661 c1=t663
14812 core=1 delay t663 4 r=0 y=2 c0=t661 c1=IDLE0
14813 core=1 give_isr r=1 y=0 c0=t661 c1=IDLE0
14814 core=0 tick r=0 y=2 c0=t661 c1=IDLE1
14815 core=1 noop r=0 y=0 c0=t661 c1=IDLE1
14816 core=0 tick r=0 y=2 c0=t661 c1=IDLE0
14817 core=1 noop r=0 y=0 c0=t661 c1=IDLE0
14818 core=0 give_isr r=0 y=0 c0=t661 c1=IDLE0
14819 core=0 noop r=0 y=0 c0=t661 c1=IDLE0
14820 core=0 give r=0 y=0 c0=t661 c1=IDLE0
14821 core=0 noop r=0 y=0 c0=t661 c1=IDLE0
14822 core=1 noop r=0 y=0 c0=t661 c1=IDLE0
14823 core=1 noop r=0 y=0 c0=t661 c1=IDLE0
14824 core=0 tick r=0 y=2 c0=t661 c1=IDLE1
14825 core=1 suspend t662 r=0 y=0 c0=t661 c1=IDLE1
14826 core=0 noop r=0 y=0 c0=t661 c1=IDLE1
14827 core=0 noop r=0 y=0 c0=t661 c1=IDLE1
14828 core=0 tick r=1 y=3 c0=t663 c1=t661
14829 core=1 create 2 t666 p1 r=1 y=0 c0=t663 c1=t661
14830 core=0 give_isr r=0 y=0 c0=t663 c1=t661
14831 core=0 suspend t662 r=0 y=0 c0=t663 c1=t661
14832 core=0 prio t663 1 r=0 y=1 c0=t666 c1=t661
14833 core=0 noop r=0 y=0 c0=t666 c1=t661
14834 core=0 delay t666 1 r=0 y=1 c0=t663 c1=t661
14835 core=0 delay t663 3 r=0 y=1 c0=IDLE0 c1=t661
14836 core=0 prio t661 2 r=0 y=0 c0=IDLE0 c1=t661
14837 core=1 prio t661 0 r=0 y=2 c0=IDLE0 c1=IDLE1
14838 core=0 suspend t661 r=0 y=0 c0=IDLE0 c1=IDLE1
14839 core=0 give_isr r=0 y=0 c0=IDLE0 c1=IDLE1
14840 core=0 give r=0 y=0 c0=IDLE0 c1=IDLE1
14841 core=1 noop r=0 y=0 c0=IDLE0 c1=IDLE1
14842 core=1 noop r=0 y=0 c0=IDLE0 c1=IDLE1
14843 core=1 give r=0 y=0 c0=IDLE0 c1=IDLE1
14844 core=0 noop r=0 y=0 c0=IDLE0 c1=IDLE1
14845 core=0 create 0 t667 p2 r=1 y=2 c0=IDLE0 c1=t667
14846 core=1 resume t663 r=0 y=0 c0=IDLE0 c1=t667
14847 core=1 delete 2 t666 r=0 y=0 c0=IDLE0 c1=t667
14848 core=1 noop r=0 y=0 c0=IDLE0 c1=t667
14849 core=1 resume t663 r=0 y=0 c0=IDLE0 c1=t667
14850 core=0 noop r=0 y=0 c0=IDLE0 c1=t667
14851 core=0 yield r=0 y=1 c0=IDLE1 c1=t667
14852 core=1 create 2 t668 p3 r=1 y=1 c0=t668 c1=t667
14853 core=0 delay t668 5 r=0 y=1 c0=IDLE0 c1=t667
14854 core=1 suspend t663 r=0 y=0 c0=IDLE0 c1=t667
14855 core=0 give r=0 y=0 c0=IDLE0 c1=t667
14856 core=0 noop r=0 y=0 c0=IDLE0 c1=t667
14857 core=0 create 6 t669 p0 r=1 y=1 c0=IDLE1 c1=t667
14858 core=0 delete 3 t663 r=0 y=0 c0=IDLE1 c1=t667
14859 core=1 noop r=0 y=0 c0=IDLE1 c1=t667
14860 core=1 prio t662 3 r=0 y=0 c0=IDLE1 c1=t667
14861 core=0 noop r=0 y=0 c0=IDLE1 c1=t667
14862 core=1 create 3 t670 p2 r=1 y=1 c0=t670 c1=t667
14863 core=1 takeb t667 1 r=1 y=0 c0=t670 c1=t667
14864 core=1 delay t667 3 r=0 y=2 c0=t670 c1=t669
14865 core=1 noop r=0 y=0 c0=t670 c1=t669
14866 core=1 suspend t669 r=0 y=2 c0=t670 c1=IDLE0
14867 core=0 resume t661 r=0 y=2 c0=t670 c1=IDLE1
14868 core=0 give r=1 y=0 c0=t670 c1=IDLE1
14869 core=1 yield r=0 y=2 c0=t670 c1=t661
14870 core=1 suspend t668 r=0 y=0 c0=t670 c1=t661
14871 core=0 noop r=0 y=0 c0=t670 c1=t661
14872 core=1 noop r=0 y=0 c0=t670 c1=t661
14873 core=1 delay t661 1 r=0 y=2 c0=t670 c1=IDLE0
14874 core=0 prio t667 1 r=0 y=0 c0=t670 c1=IDLE0
14875 core=1 noop r=0 y=0 c0=t670 c1=IDLE0
14876 core=1 noop r=0 y=0 c0=t670 c1=IDLE0
14877 core=0 noop r=0 y=0 c0=t670 c1=IDLE0
14878 core=1 noop r=0 y=0 c0=t670 c1=IDLE0
14879 core=1 noop r=0 y=0 c0=t670 c1=IDLE0
14880 core=1 give_isr r=0 y=0 c0=t670 c1=IDLE0
14881 core=0 take t670 r=1 y=0 c0=t670 c1=IDLE0
14882 core=1 create 7 t671 p1 r=1 y=2 c0=t670 c1=t671
14883 core=0 tick r=0 y=0 c0=t670 c1=t671
14884 core=0 takeb t670 4 r=2 y=1 c0=IDLE1 c1=t671
14885 core=1 resume t668 r=0 y=1 c0=t668 c1=t671
14886 core=1 delay t671 2 r=0 y=2 c0=t668 c1=IDLE0
14887 core=1 yield r=0 y=2 c0=t668 c1=t661
14888 core=0 create 5 t672 p0 r=1 y=0 c0=t668 c1=t661
14889 core=0 give r=1 y=2 c0=t668 c1=t670
14890 core=1 cont t670 r=1 y=0 c0=t668 c1=t670
14891 core=1 delay t670 5 r=0 y=2 c0=t668 c1=IDLE1
14892 core=1 give r=1 y=0 c0=t668 c1=IDLE1
14893 core=1 suspend t670 r=0 y=0 c0=t668 c1=IDLE1
14894 core=1 noop r=0 y=0 c0=t668 c1=IDLE1
14895 core=0 tick r=0 y=2 c0=t668 c1=IDLE0
14896 core=1 noop r=0 y=0 c0=t668 c1=IDLE0
14897 core=0 noop r=0 y=0 c0=t668 c1=IDLE0
14898 core=1 noop r=0 y=0 c0=t668 c1=IDLE0
14899 core=0 give r=0 y=0 c0=t668 c1=IDLE0
14900 core=0 noop r=0 y=0 c0=t668 c1=IDLE0
14901 core=0 suspend t672 r=0 y=0 c0=t668 c1=IDLE0
14902 core=1 give_isr r=0 y=0 c0=t668 c1=IDLE0
14903 core=0 tick r=0 y=2 c0=t668 c1=t667
14904 core=0 prio t667 0 r=0 y=2 c0=t668 c1=t671
14905 core=1 noop r=0 y=0 c0=t668 c1=t671
14906 core=1 noop r=0 y=0 c0=t668 c1=t671
14907 core=0 takeb t668 4 r=1 y=0 c0=t668 c1=t671
14908 core=0 give r=1 y=0 c0=t668 c1=t671
14909 core=0 noop r=0 y=0 c0=t668 c1=t671
14910 core=0 delay t668 4 r=0 y=1 c0=t661 c1=t671
14911 core=0 give r=0 y=0 c0=t661 c1=t671
14912 core=0 yield r=0 y=1 c0=IDLE1 c1=t671
14913 core=1 delay t671 2 r=0 y=2 c0=IDLE1 c1=IDLE0
14914 core=0 tick r=1 y=3 c0=t667 c1=t661
14915 core=1 prio t668 1 r=0 y=0 c0=t667 c1=t661
14916 core=0 tick r=1 y=3 c0=t671 c1=IDLE1
14917 core=0 tick r=0 y=2 c0=t671 c1=IDLE0
14918 core=0 delay t671 2 r=0 y=1 c0=t667 c1=IDLE0
14919 core=0 create 9 t673 p0 r=1 y=2 c0=t667 c1=t661
14920 core=0 noop r=0 y=0 c0=t667 c1=t661
14921 core=0 resume t670 r=0 y=2 c0=t667 c1=t670
14922 core=1 resume t673 r=0 y=0 c0=t667 c1=t670
14923 core=1 give r=0 y=0 c0=t667 c1=t670
14924 core=0 give_isr r=0 y=0 c0=t667 c1=t670
14925 core=1 delay t670 5 r=0 y=2 c0=t667 c1=IDLE1
14926 core=1 give_isr r=0 y=0 c0=t667 c1=IDLE1
14927 core=0 tick r=1 y=3 c0=t668 c1=t673
14928 core=0 noop r=0 y=0 c0=t668 c1=t673
14929 core=1 delete 4 t662 r=0 y=0 c0=t668 c1=t673
14930 core=0 suspend t667 r=0 y=0 c0=t668 c1=t673
14931 core=1 delay t673 1 r=0 y=2 c0=t668 c1=IDLE0
14932 core=0 tick r=1 y=3 c0=t671 c1=t668
14933 core=1 give r=0 y=0 c0=t671 c1=t668
14934 core=0 prio t670 1 r=0 y=0 c0=t671 c1=t668
14935 core=0 takeb t671 1 r=1 y=0 c0=t671 c1=t668
14936 core=0 tick r=1 y=3 c0=t671 c1=t668
14937 core=1 yield r=0 y=2 c0=t671 c1=t668
14938 core=0 suspend t669 r=0 y=0 c0=t671 c1=t668
14939 core=0 delay t671 2 r=0 y=1 c0=t661 c1=t668
14940 core=0 tick r=1 y=1 c0=IDLE1 c1=t668
14941 core=1 suspend t672 r=0 y=0 c0=IDLE1 c1=t668
14942 core=1 delete 9 t673 r=0 y=0 c0=IDLE1 c1=t668
14943 core=0 noop r=0 y=0 c0=IDLE1 c1=t668
14944 core=1 delay t668 2 r=0 y=2 c0=IDLE1 c1=IDLE0
14945 core=1 resume t670 r=0 y=0 c0=IDLE1 c1=IDLE0
14946 core=0 prio t672 0 r=0 y=0 c0=IDLE1 c1=IDLE0
14947 core=1 noop r=0 y=0 c0=IDLE1 c1=IDLE0
14948 core=0 prio t671 1 r=0 y=0 c0=IDLE1 c1=IDLE0
14949 core=0 give_isr r=1 y=0 c0=IDLE1 c1=IDLE0
14950 core=1 suspend t672 r=0 y=0 c0=IDLE1 c1=IDLE0
14951 core=1 create 4 t674 p1 r=1 y=2 c0=IDLE1 c1=t674
14952 core=0 resume t667 r=0 y=1 c0=t661 c1=t674
14953 core=1 noop r=0 y=0 c0=t661 c1=t674
14954 core=1 noop r=0 y=0 c0=t661 c1=t674
14955 core=0 resume t668 r=0 y=0 c0=t661 c1=t674
14956 core=1 resume t674 r=0 y=0 c0=t661 c1=t674
14957 core=1 noop r=0 y=0 c0=t661 c1=t674
14958 core=1 prio t669 3 r=0 y=0 c0=t661 c1=t674
14959 core=1 prio t667 0 r=0 y=0 c0=t661 c1=t674
14960 core=0 give r=0 y=0 c0=t661 c1=t674
14961 core=0 give r=0 y=0 c0=t661 c1=t674
14962 core=1 yield r=0 y=2 c0=t661 c1=t674
14963 core=1 suspend t667 r=0 y=0 c0=t661 c1=t674
14964 core=0 tick r=1 y=3 c0=t670 c1=t671
14965 core=1 delete 4 t674 r=0 y=0 c0=t670 c1=t671
14966 core=1 resume t667 r=0 y=0 c0=t670 c1=t671
14967 core=0 give_isr r=0 y=0 c0=t670 c1=t671
14968 core=0 create 4 t675 p0 r=1 y=0 c0=t670 c1=t671
14969 core=0 give r=0 y=0 c0=t670 c1=t671
14970 core=0 tick r=1 y=3 c0=t668 c1=t670
14971 core=1 noop r=0 y=0 c0=t668 c1=t670
14972 core=0 give_isr r=0 y=0 c0=t668 c1=t670
14973 core=1 yield r=0 y=2 c0=t668 c1=t671
14974 core=1 prio t669 3 r=0 y=0 c0=t668 c1=t671
14975 core=1 noop r=0 y=0 c0=t668 c1=t671
14976 core=1 prio t670 1 r=0 y=0 c0=t668 c1=t671
14977 core=1 suspend t672 r=0 y=0 c0=t668 c1=t671
14978 core=0 takeb t668 2 r=1 y=0 c0=t668 c1=t671
14979 core=1 create 1 t676 p0 r=1 y=0 c0=t668 c1=t671
14980 core=0 resume t667 r=0 y=0 c0=t668 c1=t671
14981 core=1 takeb t671 3 r=2 y=2 c0=t668 c1=t670
14982 core=1 noop r=0 y=0 c0=t668 c1=t670
14983 core=0 yield r=0 y=1 c0=t668 c1=t670
14984 core=1 prio t676 0 r=0 y=0 c0=t668 c1=t670
14985 core=1 noop r=0 y=0 c0=t668 c1=t670
14986 core=0 takeb t668 6 r=2 y=1 c0=IDLE0 c1=t670
14987 core=0 delete 2 t668 r=0 y=0 c0=IDLE0 c1=t670
14988 core=0 tick r=1 y=1 c0=IDLE1 c1=t670
14989 core=0 tick r=1 y=1 c0=t661 c1=t670
14990 core=1 prio t671 0 r=0 y=0 c0=t661 c1=t670
14991 core=1 takeb t670 3 r=2 y=2 c0=t661 c1=t667
14992 core=0 give_isr r=1 y=2 c0=t661 c1=t670
14993 core=0 tick r=1 y=1 c0=t675 c1=t670
14994 core=1 cont t670 r=1 y=0 c0=t675 c1=t670
14995 core=1 takeb t670 4 r=2 y=2 c0=t675 c1=t676
14996 core=0 resume t672 r=0 y=0 c0=t675 c1=t676
14997 core=1 delay t676 5 r=0 y=2 c0=t675 c1=IDLE0
14998 core=1 noop r=0 y=0 c0=t675 c1=IDLE0
14999 core=0 give_isr r=1 y=2 c0=t675 c1=t670
15000 core=0 resume t670 r=0 y=0 c0=t675 c1=t670
15001 core=1 cont t670 r=1 y=0 c0=t675 c1=t670
15002 core=1 suspend t676 r=0 y=0 c0=t675 c1=t670
15003 core=1 take t670 r=0 y=0 c0=t675 c1=t670
15004 core=1 prio t667 2 r=0 y=1 c0=t667 c1=t670
15005 core=0 take t667 r=0 y=0 c0=t667 c1=t670
15006 core=0 noop r=0 y=0 c0=t667 c1=t670
15007 core=0 give_isr r=1 y=0 c0=t667 c1=t670
15008 core=0 resume t676 r=0 y=0 c0=t667 c1=t670
15009 core=0 yield r=0 y=1 c0=t667 c1=t670
15010 core=0 prio t667 3 r=0 y=0 c0=t667 c1=t670
15011 core=1 noop r=0 y=0 c0=t667 c1=t670
15012 core=1 resume t661 r=0 y=0 c0=t667 c1=t670
15013 core=0 tick r=0 y=0 c0=t667 c1=t670
15014 core=0 takeb t667 4 r=1 y=0 c0=t667 c1=t670
15015 core=0 delete 8 t661 r=0 y=0 c0=t667 c1=t670
15016 core=1 noop r=0 y=0 c0=t667 c1=t670
15017 core=0 resume t676 r=0 y=0 c0=t667 c1=t670
15018 core=0 suspend t670 r=0 y=2 c0=t667 c1=IDLE1
15019 core=1 give_isr r=1 y=0 c0=t667 c1=IDLE1
15020 core=0 suspend t676 r=0 y=0 c0=t667 c1=IDLE1
15021 core=0 prio t672 0 r=0 y=0 c0=t667 c1=IDLE1
15022 core=1 suspend t669 r=0 y=0 c0=t667 c1=IDLE1
15023 core=0 tick r=0 y=2 c0=t667 c1=t671
15024 core=0 resume t676 r=0 y=0 c0=t667 c1=t671
15025 core=1 cont t671 r=1 y=0 c0=t667 c1=t671
15026 core=0 tick r=0 y=2 c0=t667 c1=t672
15027 core=1 noop r=0 y=0 c0=t667 c1=t672
15028 core=1 noop r=0 y=0 c0=t667 c1=t672
15029 core=1 delay t672 1 r=0 y=2 c0=t667 c1=IDLE0
15030 core=1 noop r=0 y=0 c0=t667 c1=IDLE0
15031 core=0 give_isr r=1 y=0 c0=t667 c1=IDLE0
15032 core=1 noop r=0 y=0 c0=t667 c1=IDLE0
15033 core=0 noop r=0 y=0 c0=t667 c1=IDLE0
15034 core=1 noop r=0 y=0 c0=t667 c1=IDLE0
15035 core=0 tick r=0 y=2 c0=t667 c1=t675
15036 core=0 resume t667 r=0 y=0 c0=t667 c1=t675
15037 core=0 prio t669 0 r=0 y=0 c0=t667 c1=t675
15038 core=0 tick r=0 y=2 c0=t667 c1=IDLE1
15039 core=1 noop r=0 y=0 c0=t667 c1=IDLE1
15040 core=0 tick r=0 y=2 c0=t667 c1=t676
15041 core=0 prio t675 1 r=0 y=2 c0=t667 c1=t675
15042 core=1 create 2 t677 p2 r=1 y=2 c0=t667 c1=t677
15043 core=0 give r=0 y=0 c0=t667 c1=t677
15044 core=1 give_isr r=0 y=0 c0=t667 c1=t677
15045 core=1 suspend t667 r=0 y=1 c0=t675 c1=t677
15046 core=1 takeb t677 4 r=1 y=0 c0=t675 c1=t677
15047 core=0 tick r=0 y=0 c0=t675 c1=t677
15048 core=0 suspend t670 r=0 y=0 c0=t675 c1=t677
15049 core=0 resume t676 r=0 y=0 c0=t675 c1=t677
15050 core=0 tick r=0 y=0 c0=t675 c1=t677
15051 core=0 tick r=0 y=0 c0=t675 c1=t677
15052 core=0 suspend t672 r=0 y=0 c0=t675 c1=t677
15053 core=1 resume t672 r=0 y=0 c0=t675 c1=t677
15054 core=1 takeb t677 3 r=2 y=2 c0=t675 c1=t671
15055 core=0 prio t669 0 r=0 y=0 c0=t675 c1=t671
15056 core=0 give r=1 y=2 c0=t675 c1=t677
15057 core=0 delay t675 4 r=0 y=1 c0=IDLE0 c1=t677
15058 core=1 cont t677 r=1 y=0 c0=IDLE0 c1=t677
15059 core=0 noop r=0 y=0 c0=IDLE0 c1=t677
15060 core=0 tick r=1 y=1 c0=IDLE1 c1=t677
15061 core=1 suspend t672 r=0 y=0 c0=IDLE1 c1=t677
15062 core=1 noop r=0 y=0 c0=IDLE1 c1=t677
15063 core=1 give r=1 y=0 c0=IDLE1 c1=t677
15064 core=1 delete 4 t675 r=0 y=0 c0=IDLE1 c1=t677
15065 core=1 prio t677 3 r=0 y=0 c0=IDLE1 c1=t677
15066 core=1 give r=0 y=0 c0=IDLE1 c1=t677
15067 core=1 noop r=0 y=0 c0=IDLE1 c1=t677
15068 core=0 noop r=0 y=0 c0=IDLE1 c1=t677
15069 core=0 noop r=0 y=0 c0=IDLE1 c1=t677
15070 core=1 delay t677 5 r=0 y=2 c0=IDLE1 c1=t676
15071 core=1 suspend t667 r=0 y=0 c0=IDLE1 c1=t676
15072 core=1 delay t676 5 r=0 y=2 c0=IDLE1 c1=t671
15073 core=1 resume t676 r=0 y=0 c0=IDLE1 c1=t671
15074 core=1 give r=0 y=0 c0=IDLE1 c1=t671
15075 core=1 noop r=0 y=0 c0=IDLE1 c1=t671
15076 core=1 noop r=0 y=0 c0=IDLE1 c1=t671
15077 core=0 prio t671 0 r=0 y=0 c0=IDLE1 c1=t671
15078 core=1 give r=0 y=0 c0=IDLE1 c1=t671
15079 core=0 create 4 t678 p3 r=1 y=1 c0=t678 c1=t671
15080 core=0 tick r=0 y=2 c0=t678 c1=IDLE0
15081 core=0 noop r=0 y=0 c0=t678 c1=IDLE0
15082 core=0 noop r=0 y=0 c0=t678 c1=IDLE0
15083 core=0 give_isr r=0 y=0 c0=t678 c1=IDLE0
15084 core=0 tick r=0 y=2 c0=t678 c1=IDLE1
15085 core=0 suspend t676 r=0 y=0 c0=t678 c1=IDLE1
15086 core=1 yield r=0 y=2 c0=t678 c1=t671
15087 core=0 delete 1 t676 r=0 y=0 c0=t678 c1=t671
15088 core=0 give_isr r=0 y=0 c0=t678 c1=t671
15089 core=0 noop r=0 y=0 c0=t678 c1=t671
15090 core=0 resume t677 r=0 y=0 c0=t678 c1=t671
15091 core=1 resume t670 r=0 y=2 c0=t678 c1=t670
15092 core=0 tick r=0 y=0 c0=t678 c1=t670
15093 core=0 noop r=0 y=0 c0=t678 c1=t670
15094 core=1 resume t667 r=0 y=2 c0=t678 c1=t667
15095 core=1 give r=0 y=0 c0=t678 c1=t667
15096 core=0 noop r=0 y=0 c0=t678 c1=t667
15097 core=0 resume t671 r=0 y=0 c0=t678 c1=t667
15098 core=0 noop r=0 y=0 c0=t678 c1=t667
15099 core=0 take t678 r=1 y=0 c0=t678 c1=t667
15100 core=0 resume t672 r=0 y=0 c0=t678 c1=t667
15101 core=1 delete 2 t677 r=0 y=0 c0=t678 c1=t667
15102 core=1 give r=1 y=0 c0=t678 c1=t667
15103 core=1 noop r=0 y=0 c0=t678 c1=t667
15104 core=0 give r=0 y=0 c0=t678 c1=t667
15105 core=1 give_isr r=0 y=0 c0=t678 c1=t667
15106 core=0 prio t669 1 r=0 y=0 c0=t678 c1=t667
15107 core=1 give_isr r=0 y=0 c0=t678 c1=t667
15108 core=0 tick r=1 y=3 c0=t678 c1=t667
15109 core=0 suspend t678 r=0 y=1 c0=t670 c1=t667
15110 core=0 noop r=0 y=0 c0=t670 c1=t667
15111 core=1 give_isr r=0 y=0 c0=t670 c1=t667
15112 core=0 prio t678 0 r=0 y=0 c0=t670 c1=t667
15113 core=1 noop r=0 y=0 c0=t670 c1=t667
15114 core=0 delay t670 1 r=0 y=1 c0=IDLE0 c1=t667
15115 core=1 noop r=0 y=0 c0=IDLE0 c1=t667
15116 core=0 noop r=0 y=0 c0=IDLE0 c1=t667
15117 core=1 suspend t670 r=0 y=0 c0=IDLE0 c1=t667
15118 core=0 yield r=0 y=1 c0=IDLE1 c1=t667
15119 core=0 noop r=0 y=0 c0=IDLE1 c1=t667
15120 core=1 create 2 t679 p3 r=1 y=1 c0=t679 c1=t667
15121 core=1 resume t670 r=0 y=0 c0=t679 c1=t667
15122 core=1 prio t667 1 r=0 y=2 c0=t679 c1=t670
15123 core=0 tick r=0 y=2 c0=t679 c1=t667
15124 core=0 yield r=0 y=1 c0=t679 c1=t667
15125 core=0 delete 5 t672 r=0 y=0 c0=t679 c1=t667
15126 core=1 takeb t667 2 r=1 y=0 c0=t679 c1=t667
15127 core=0 tick r=0 y=2 c0=t679 c1=t670
15128 core=0 noop r=0 y=0 c0=t679 c1=t670
15129 core=0 noop r=0 y=0 c0=t679 c1=t670
15130 core=0 noop r=0 y=0 c0=t679 c1=t670
15131 core=0 delay t679 5 r=0 y=1 c0=t667 c1=t670
15132 core=0 resume t670 r=0 y=0 c0=t667 c1=t670
15133 core=0 tick r=1 y=3 c0=t667 c1=t670
15134 core=1 noop r=0 y=0 c0=t667 c1=t670
15135 core=0 prio t669 0 r=0 y=0 c0=t667 c1=t670
15136 core=0 noop r=0 y=0 c0=t667 c1=t670
15137 core=0 give r=1 y=0 c0=t667 c1=t670
15138 core=1 noop r=0 y=0 c0=t667 c1=t670
15139 core=1 delete 7 t671 r=0 y=0 c0=t667 c1=t670
15140 core=0 tick r=1 y=3 c0=t667 c1=t670
15141 core=1 delay t670 3 r=0 y=2 c0=t667 c1=IDLE0
15142 core=0 give r=0 y=0 c0=t667 c1=IDLE0
15143 core=0 prio t679 2 r=0 y=0 c0=t667 c1=IDLE0
15144 core=0 noop r=0 y=0 c0=t667 c1=IDLE0
15145 core=1 noop r=0 y=0 c0=t667 c1=IDLE0
15146 core=1 noop r=0 y=0 c0=t667 c1=IDLE0
15147 core=0 tick r=0 y=2 c0=t667 c1=IDLE1
15148 core=0 create 7 t680 p1 r=1 y=2 c0=t667 c1=t680
15149 core=1 noop r=0 y=0 c0=t667 c1=t680
15150 core=0 give r=0 y=0 c0=t667 c1=t680
15151 core=1 noop r=0 y=0 c0=t667 c1=t680
15152 core=0 create 1 t681 p1 r=1 y=0 c0=t667 c1=t680
15153 core=0 delete 6 t669 r=0 y=0 c0=t667 c1=t680
15154 core=1 suspend t667 r=0 y=1 c0=t681 c1=t680
15155 core=1 resume t670 r=0 y=0 c0=t681 c1=t680
15156 core=0 give_isr r=0 y=0 c0=t681 c1=t680
15157 core=0 noop r=0 y=0 c0=t681 c1=t680
15158 core=1 noop r=0 y=0 c0=t681 c1=t680
15159 core=0 delay t681 1 r=0 y=1 c0=IDLE0 c1=t680
15160 core=1 noop r=0 y=0 c0=IDLE0 c1=t680
15161 core=0 noop r=0 y=0 c0=IDLE0 c1=t680
15162 core=1 give r=0 y=0 c0=IDLE0 c1=t680
15163 core=0 noop r=0 y=0 c0=IDLE0 c1=t680
15164 core=0 noop r=0 y=0 c0=IDLE0 c1=t680
15165 core=0 noop r=0 y=0 c0=IDLE0 c1=t680
15166 core=1 prio t670 2 r=0 y=0 c0=IDLE0 c1=t680
15167 core=0 noop r=0 y=0 c0=IDLE0 c1=t680
15168 core=0 give r=0 y=0 c0=IDLE0 c1=t680
15169 core=1 give_isr r=0 y=0 c0=IDLE0 c1=t680
15170 core=0 noop r=0 y=0 c0=IDLE0 c1=t680
15171 core=1 delay t680 5 r=0 y=2 c0=IDLE0 c1=IDLE1
15172 core=0 create 8 t682 p0 r=1 y=2 c0=IDLE0 c1=t682
15173 core=0 noop r=0 y=0 c0=IDLE0 c1=t682
15174 core=1 give_isr r=0 y=0 c0=IDLE0 c1=t682
15175 core=0 yield r=0 y=1 c0=IDLE1 c1=t682
15176 core=0 suspend t681 r=0 y=0 c0=IDLE1 c1=t682
15177 core=0 prio t678 0 r=0 y=0 c0=IDLE1 c1=t682
15178 core=0 noop r=0 y=0 c0=IDLE1 c1=t682
15179 core=1 noop r=0 y=0 c0=IDLE1 c1=t682
15180 core=0 create 5 t683 p2 r=1 y=1 c0=t683 c1=t682
15181 core=1 noop r=0 y=0 c0=t683 c1=t682
15182 core=0 tick r=0 y=2 c0=t683 c1=IDLE0
15183 core=1 noop r=0 y=0 c0=t683 c1=IDLE0
15184 core=0 yield r=0 y=1 c0=t683 c1=IDLE0
15185 core=1 noop r=0 y=0 c0=t683 c1=IDLE0
15186 core=1 give_isr r=0 y=0 c0=t683 c1=IDLE0
15187 core=0 tick r=1 y=3 c0=t679 c1=t670
15188 core=1 suspend t680 r=0 y=0 c0=t679 c1=t670
15189 core=0 tick r=1 y=3 c0=t683 c1=t679
15190 core=0 give r=0 y=0 c0=t683 c1=t679
15191 core=0 create 6 t684 p0 r=1 y=0 c0=t683 c1=t679
15192 core=0 delay t683 1 r=0 y=1 c0=t670 c1=t679
15193 core=0 noop r=0 y=0 c0=t670 c1=t679
15194 core=1 noop r=0 y=0 c0=t670 c1=t679
15195 core=1 delete 8 t682 r=0 y=0 c0=t670 c1=t679
15196 core=0 resume t670 r=0 y=0 c0=t670 c1=t679
15197 core=0 give_isr r=0 y=0 c0=t670 c1=t679
15198 core=0 give r=0 y=0 c0=t670 c1=t679
15199 core=1 suspend t680 r=0 y=0 c0=t670 c1=t679
15200 core=1 noop r=0 y=0 c0=t670 c1=t679
15201 core=0 noop r=0 y=0 c0=t670 c1=t679
15202 core=1 yield r=0 y=2 c0=t670 c1=t679
15203 core=1 delete 0 t667 r=0 y=0 c0=t670 c1=t679
15204 core=0 tick r=1 y=3 c0=t683 c1=t670
15205 core=0 delete 3 t670 r=0 y=2 c0=t683 c1=t679
15206 core=0 give r=0 y=0 c0=t683 c1=t679
15207 core=0 give_isr r=0 y=0 c0=t683 c1=t679
15208 core=1 give r=0 y=0 c0=t683 c1=t679
15209 core=0 noop r=0 y=0 c0=t683 c1=t679
15210 core=1 prio t680 1 r=0 y=0 c0=t683 c1=t679
15211 core=0 give_isr r=0 y=0 c0=t683 c1=t679
15212 core=0 give r=0 y=0 c0=t683 c1=t679
15213 core=0 delay t683 2 r=0 y=1 c0=IDLE1 c1=t679
15214 core=1 prio t679 2 r=0 y=0 c0=IDLE1 c1=t679
15215 core=0 tick r=1 y=1 c0=IDLE0 c1=t679
15216 core=1 delay t679 3 r=0 y=2 c0=IDLE0 c1=t684
15217 core=0 give r=0 y=0 c0=IDLE0 c1=t684
15218 core=0 noop r=0 y=0 c0=IDLE0 c1=t684
15219 core=1 give_isr r=0 y=0 c0=IDLE0 c1=t684
15220 core=1 give r=0 y=0 c0=IDLE0 c1=t684
15221 core=1 delay t684 3 r=0 y=2 c0=IDLE0 c1=IDLE1
15222 core=1 noop r=0 y=0 c0=IDLE0 c1=IDLE1
15223 core=1 suspend t679 r=0 y=0 c0=IDLE0 c1=IDLE1
15224 core=1 yield r=0 y=2 c0=IDLE0 c1=IDLE1
15225 core=1 give r=0 y=0 c0=IDLE0 c1=IDLE1
15226 core=0 resume t678 r=0 y=2 c0=IDLE0 c1=t678
15227 core=1 resume t678 r=0 y=0 c0=IDLE0 c1=t678
15228 core=1 delay t678 5 r=0 y=2 c0=IDLE0 c1=IDLE1
15229 core=0 resume t681 r=0 y=2 c0=IDLE0 c1=t681
15230 core=1 delay t681 4 r=0 y=2 c0=IDLE0 c1=IDLE1
15231 core=0 tick r=1 y=3 c0=t683 c1=IDLE0
15232 core=0 give r=0 y=0 c0=t683 c1=IDLE0
15233 core=1 noop r=0 y=0 c0=t683 c1=IDLE0
15234 core=0 take t683 r=1 y=0 c0=t683 c1=IDLE0
15235 core=0 give_isr r=1 y=0 c0=t683 c1=IDLE0
15236 core=1 give_isr r=0 y=0 c0=t683 c1=IDLE0
15237 core=1 create 3 t685 p1 r=1 y=2 c0=t683 c1=t685
15238 core=1 yield r=0 y=2 c0=t683 c1=t685
15239 core=1 prio t679 1 r=0 y=0 c0=t683 c1=t685
15240 core=1 yield r=0 y=2 c0=t683 c1=t685
15241 core=0 resume t681 r=0 y=0 c0=t683 c1=t685
15242 core=0 resume t681 r=0 y=0 c0=t683 c1=t685
15243 core=0 noop r=0 y=0 c0=t683 c1=t685
15244 core=0 takeb t683 1 r=1 y=0 c0=t683 c1=t685
15245 core=0 noop r=0 y=0 c0=t683 c1=t685
15246 core=1 give r=1 y=0 c0=t683 c1=t685
15247 core=0 yield r=0 y=1 c0=t683 c1=t685
15248 core=1 suspend t684 r=0 y=0 c0=t683 c1=t685
15249 core=0 prio t680 0 r=0 y=0 c0=t683 c1=t685
15250 core=1 delete 1 t681 r=0 y=0 c0=t683 c1=t685
15251 core=1 noop r=0 y=0 c0=t683 c1=t685
15252 core=1 yield r=0 y=2 c0=t683 c1=t685
15253 core=1 delete 7 t680 r=0 y=0 c0=t683 c1=t685
15254 core=0 delay t683 3 r=0 y=1 c0=IDLE1 c1=t685
15255 core=0 noop r=0 y=0 c0=IDLE1 c1=t685
15256 core=1 noop r=0 y=0 c0=IDLE1 c1=t685
15257 core=0 noop r=0 y=0 c0=IDLE1 c1=t685
15258 core=0 noop r=0 y=0 c0=IDLE1 c1=t685
15259 core=1 delay t685 2 r=0 y=2 c0=IDLE1 c1=IDLE0
15260 core=0 noop r=0 y=0 c0=IDLE1 c1=IDLE0
15261 core=0 tick r=1 y=3 c0=IDLE1 c1=IDLE0
15262 core=0 noop r=0 y=0 c0=IDLE1 c1=IDLE0
15263 core=1 yield r=0 y=2 c0=IDLE1 c1=IDLE0
15264 core=0 give r=0 y=0 c0=IDLE1 c1=IDLE0
15265 core=0 tick r=1 y=3 c0=t685 c1=IDLE1
15266 core=1 resume t678 r=0 y=0 c0=t685 c1=IDLE1
15267 core=0 take t685 r=1 y=0 c0=t685 c1=IDLE1
15268 core=1 noop r=0 y=0 c0=t685 c1=IDLE1
15269 core=1 noop r=0 y=0 c0=t685 c1=IDLE1
15270 core=1 create 7 t686 p2 r=1 y=2 c0=t685 c1=t686
15271 core=1 prio t685 2 r=0 y=0 c0=t685 c1=t686
15272 core=0 tick r=1 y=3 c0=t683 c1=t685
15273 core=1 noop r=0 y=0 c0=t683 c1=t685
15274 core=1 resume t678 r=0 y=0 c0=t683 c1=t685
15275 core=0 yield r=0 y=1 c0=t686 c1=t685
15276 core=1 suspend t683 r=0 y=0 c0=t686 c1=t685
15277 core=1 give r=1 y=0 c0=t686 c1=t685
15278 core=1 takeb t685 6 r=1 y=0 c0=t686 c1=t685
15279 core=1 suspend t686 r=0 y=1 c0=IDLE0 c1=t685
15280 core=0 tick r=1 y=1 c0=IDLE1 c1=t685
15281 core=1 give r=1 y=0 c0=IDLE1 c1=t685
15282 core=0 noop r=0 y=0 c0=IDLE1 c1=t685
15283 core=0 noop r=0 y=0 c0=IDLE1 c1=t685
15284 core=1 noop r=0 y=0 c0=IDLE1 c1=t685
15285 core=0 create 8 t687 p0 r=1 y=1 c0=t678 c1=t685
15286 core=0 tick r=1 y=1 c0=IDLE0 c1=t685
15287 core=0 prio t686 1 r=0 y=0 c0=IDLE0 c1=t685
15288 core=0 noop r=0 y=0 c0=IDLE0 c1=t685
15289 core=0 noop r=0 y=0 c0=IDLE0 c1=t685
15290 core=0 suspend t679 r=0 y=0 c0=IDLE0 c1=t685
15291 core=1 prio t687 0 r=0 y=0 c0=IDLE0 c1=t685
15292 core=0 tick r=1 y=1 c0=t687 c1=t685
15293 core=1 give r=0 y=0 c0=t687 c1=t685
15294 core=0 delay t687 3 r=0 y=1 c0=IDLE1 c1=t685
15295 core=1 give_isr r=0 y=0 c0=IDLE1 c1=t685
15296 core=0 noop r=0 y=0 c0=IDLE1 c1=t685
15297 core=0 yield r=0 y=1 c0=t678 c1=t685
15298 core=0 tick r=1 y=1 c0=IDLE0 c1=t685
15299 core=1 delete 7 t686 r=0 y=0 c0=IDLE0 c1=t685
15300 core=0 prio t683 3 r=0 y=0 c0=IDLE0 c1=t685
15301 core=0 noop r=0 y=0 c0=IDLE0 c1=t685
15302 core=1 noop r=0 y=0 c0=IDLE0 c1=t685
15303 core=1 noop r=0 y=0 c0=IDLE0 c1=t685
15304 core=1 suspend t679 r=0 y=0 c0=IDLE0 c1=t685
15305 core=1 give r=0 y=0 c0=IDLE0 c1=t685
15306 core=1 delete 6 t684 r=0 y=0 c0=IDLE0 c1=t685
15307 core=1 give r=0 y=0 c0=IDLE0 c1=t685
15308 core=0 noop r=0 y=0 c0=IDLE0 c1=t685
15309 core=0 resume t683 r=0 y=1 c0=t683 c1=t685
15310 core=1 delete 4 t678 r=0 y=0 c0=t683 c1=t685
15311 core=0 takeb t683 3 r=1 y=0 c0=t683 c1=t685
15312 core=0 create 9 t688 p2 r=1 y=0 c0=t683 c1=t685
15313 core=1 resume t688 r=0 y=0 c0=t683 c1=t685
15314 core=0 give_isr r=1 y=0 c0=t683 c1=t685
15315 core=1 give_isr r=0 y=0 c0=t683 c1=t685
15316 core=0 tick r=0 y=2 c0=t683 c1=t688
15317 core=1 noop r=0 y=0 c0=t683 c1=t688
15318 core=0 tick r=0 y=2 c0=t683 c1=t685
15319 core=0 resume t679 r=0 y=0 c0=t683 c1=t685
15320 core=1 noop r=0 y=0 c0=t683 c1=t685
15321 core=1 delay t685 5 r=0 y=2 c0=t683 c1=t688
15322 core=0 tick r=0 y=0 c0=t683 c1=t688
15323 core=0 noop r=0 y=0 c0=t683 c1=t688
15324 core=0 tick r=0 y=0 c0=t683 c1=t688
15325 core=0 noop r=0 y=0 c0=t683 c1=t688
15326 core=1 noop r=0 y=0 c0=t683 c1=t688
15327 core=1 noop r=0 y=0 c0=t683 c1=t688
15328 core=0 prio t679 2 r=0 y=0 c0=t683 c1=t688
15329 core=0 resume t683 r=0 y=0 c0=t683 c1=t688
15330 core=0 delay t683 2 r=0 y=1 c0=t679 c1=t688
15331 core=0 tick r=1 y=3 c0=t679 c1=t688
15332 core=1 give_isr r=0 y=0 c0=t679 c1=t688
15333 core=0 delay t679 1 r=0 y=1 c0=IDLE1 c1=t688
15334 core=1 give_isr r=0 y=0 c0=IDLE1 c1=t688
15335 core=0 tick r=1 y=3 c0=t683 c1=t679
15336 core=0 tick r=0 y=2 c0=t683 c1=t688
15337 core=0 yield r=0 y=1 c0=t683 c1=t688
15338 core=0 suspend t685 r=0 y=0 c0=t683 c1=t688
15339 core=0 delay t683 2 r=0 y=1 c0=t679 c1=t688
15340 core=0 noop r=0 y=0 c0=t679 c1=t688
15341 core=1 noop r=0 y=0 c0=t679 c1=t688
15342 core=1 prio t688 2 r=0 y=0 c0=t679 c1=t688
15343 core=1 prio t683 1 r=0 y=0 c0=t679 c1=t688
15344 core=1 resume t685 r=0 y=0 c0=t679 c1=t688
15345 core=0 yield r=0 y=1 c0=t685 c1=t688
15346 core=1 noop r=0 y=0 c0=t685 c1=t688
15347 core=0 noop r=0 y=0 c0=t685 c1=t688
15348 core=1 noop r=0 y=0 c0=t685 c1=t688
15349 core=1 delay t688 4 r=0 y=2 c0=t685 c1=t679
15350 core=0 prio t683 0 r=0 y=0 c0=t685 c1=t679
15351 core=0 resume t688 r=0 y=0 c0=t685 c1=t679
15352 core=1 noop r=0 y=0 c0=t685 c1=t679
15353 core=0 give r=0 y=0 c0=t685 c1=t679
15354 core=0 takeb t685 1 r=1 y=0 c0=t685 c1=t679
15355 core=1 noop r=0 y=0 c0=t685 c1=t679
15356 core=0 noop r=0 y=0 c0=t685 c1=t679
15357 core=0 noop r=0 y=0 c0=t685 c1=t679
15358 core=1 create 0 t689 p2 r=1 y=0 c0=t685 c1=t679
15359 core=1 noop r=0 y=0 c0=t685 c1=t679
15360 core=0 resume t685 r=0 y=0 c0=t685 c1=t679
15361 core=0 noop r=0 y=0 c0=t685 c1=t679
15362 core=0 tick r=1 y=3 c0=t689 c1=t685
15363 core=1 noop r=0 y=0 c0=t689 c1=t685
15364 core=0 tick r=1 y=3 c0=t679 c1=t689
15365 core=1 noop r=0 y=0 c0=t679 c1=t689
15366 core=0 noop r=0 y=0 c0=t679 c1=t689
15367 core=0 noop r=0 y=0 c0=t679 c1=t689
15368 core=1 prio t689 3 r=0 y=0 c0=t679 c1=t689
15369 core=1 delay t689 3 r=0 y=2 c0=t679 c1=t685
15370 core=1 prio t689 3 r=0 y=0 c0=t679 c1=t685
15371 core=1 resume t689 r=0 y=0 c0=t679 c1=t685
15372 core=1 delay t685 3 r=0 y=2 c0=t679 c1=IDLE0
15373 core=0 yield r=0 y=1 c0=t679 c1=IDLE0
15374 core=0 tick r=0 y=2 c0=t679 c1=t687
15375 core=0 resume t688 r=0 y=0 c0=t679 c1=t687
15376 core=0 delay t679 3 r=0 y=1 c0=IDLE1 c1=t687
15377 core=0 resume t685 r=0 y=0 c0=IDLE1 c1=t687
15378 core=0 resume t687 r=0 y=0 c0=IDLE1 c1=t687
15379 core=1 delete 5 t683 r=0 y=0 c0=IDLE1 c1=t687
15380 core=1 noop r=0 y=0 c0=IDLE1 c1=t687
15381 core=0 give r=1 y=0 c0=IDLE1 c1=t687
15382 core=1 resume t689 r=0 y=0 c0=IDLE1 c1=t687
15383 core=0 noop r=0 y=0 c0=IDLE1 c1=t687
15384 core=0 resume t688 r=0 y=0 c0=IDLE1 c1=t687
15385 core=1 noop r=0 y=0 c0=IDLE1 c1=t687
15386 core=1 suspend t685 r=0 y=0 c0=IDLE1 c1=t687
15387 core=1 noop r=0 y=0 c0=IDLE1 c1=t687
15388 core=1 give r=0 y=0 c0=IDLE1 c1=t687
15389 core=1 give_isr r=0 y=0 c0=IDLE1 c1=t687
15390 core=0 suspend t688 r=0 y=0 c0=IDLE1 c1=t687
15391 core=0 tick r=1 y=3 c0=IDLE0 c1=IDLE1
15392 core=1 give r=0 y=0 c0=IDLE0 c1=IDLE1
15393 core=0 create 4 t690 p3 r=1 y=2 c0=IDLE0 c1=t690
15394 core=0 tick r=1 y=3 c0=t689 c1=t690
15395 core=1 delay t690 1 r=0 y=2 c0=t689 c1=t687
15396 core=1 noop r=0 y=0 c0=t689 c1=t687
15397 core=1 noop r=0 y=0 c0=t689 c1=t687
15398 core=1 yield r=0 y=2 c0=t689 c1=IDLE1
15399 core=1 noop r=0 y=0 c0=t689 c1=IDLE1
15400 core=1 noop r=0 y=0 c0=t689 c1=IDLE1
15401 core=1 noop r=0 y=0 c0=t689 c1=IDLE1
15402 core=1 give r=0 y=0 c0=t689 c1=IDLE1
15403 core=0 delete 8 t687 r=0 y=0 c0=t689 c1=IDLE1
15404 core=0 takeb t689 6 r=1 y=0 c0=t689 c1=IDLE1
15405 core=1 noop r=0 y=0 c0=t689 c1=IDLE1
15406 core=1 noop r=0 y=0 c0=t689 c1=IDLE1
15407 core=1 yield r=0 y=2 c0=t689 c1=IDLE0
15408 core=1 noop r=0 y=0 c0=t689 c1=IDLE0
15409 core=0 prio t689 3 r=0 y=0 c0=t689 c1=IDLE0
15410 core=1 noop r=0 y=0 c0=t689 c1=IDLE0
15411 core=1 delete 0 t689 r=0 y=1 c0=IDLE1 c1=IDLE0
15412 core=0 suspend t685 r=0 y=0 c0=IDLE1 c1=IDLE0
15413 core=0 suspend t688 r=0 y=0 c0=IDLE1 c1=IDLE0
15414 core=1 resume t690 r=0 y=0 c0=IDLE1 c1=IDLE0
15415 core=1 give r=1 y=0 c0=IDLE1 c1=IDLE0
15416 core=1 yield r=0 y=2 c0=IDLE1 c1=IDLE0
15417 core=0 tick r=1 y=3 c0=t690 c1=t679
15418 core=0 give r=0 y=0 c0=t690 c1=t679
15419 core=0 resume t685 r=0 y=0 c0=t690 c1=t679
15420 core=0 tick r=0 y=2 c0=t690 c1=t685
15421 core=1 give r=0 y=0 c0=t690 c1=t685
15422 core=1 prio t690 3 r=0 y=0 c0=t690 c1=t685
15423 core=0 noop r=0 y=0 c0=t690 c1=t685
15424 core=1 noop r=0 y=0 c0=t690 c1=t685
15425 core=1 noop r=0 y=0 c0=t690 c1=t685
15426 core=0 tick r=0 y=2 c0=t690 c1=t679
15427 core=0 delete 4 t690 r=0 y=1 c0=t685 c1=t679
15428 core=0 delay t685 1 r=0 y=1 c0=IDLE1 c1=t679
15429 core=0 noop r=0 y=0 c0=IDLE1 c1=t679
15430 core=0 give r=0 y=0 c0=IDLE1 c1=t679
15431 core=1 delete 9 t688 r=0 y=0 c0=IDLE1 c1=t679
15432 core=1 give_isr r=0 y=0 c0=IDLE1 c1=t679
15433 core=1 noop r=0 y=0 c0=IDLE1 c1=t679
15434 core=0 noop r=0 y=0 c0=IDLE1 c1=t679
15435 core=1 noop r=0 y=0 c0=IDLE1 c1=t679
15436 core=1 noop r=0 y=0 c0=IDLE1 c1=t679
15437 core=0 create 1 t691 p2 r=1 y=1 c0=t691 c1=t679
15438 core=1 noop r=0 y=0 c0=t691 c1=t679
15439 core=0 give r=0 y=0 c0=t691 c1=t679
15440 core=0 takeb t691 3 r=1 y=0 c0=t691 c1=t679
15441 core=0 delay t691 5 r=0 y=1 c0=IDLE0 c1=t679
15442 core=1 resume t685 r=0 y=0 c0=IDLE0 c1=t679
15443 core=0 tick r=1 y=3 c0=t685 c1=t679
15444 core=0 noop r=0 y=0 c0=t685 c1=t679
15445 core=0 noop r=0 y=0 c0=t685 c1=t679
15446 core=1 give_isr r=1 y=0 c0=t685 c1=t679
15447 core=1 delay t679 1 r=0 y=2 c0=t685 c1=IDLE1
15448 core=0 tick r=1 y=3 c0=t679 c1=t685
15449 core=1 delay t685 3 r=0 y=2 c0=t679 c1=IDLE0
15450 core=0 noop r=0 y=0 c0=t679 c1=IDLE0
15451 core=0 tick r=0 y=2 c0=t679 c1=IDLE1
15452 core=0 resume t679 r=0 y=0 c0=t679 c1=IDLE1
15453 core=0 tick r=0 y=2 c0=t679 c1=IDLE0
15454 core=0 give_isr r=0 y=0 c0=t679 c1=IDLE0
15455 core=0 tick r=1 y=3 c0=t691 c1=t685
15456 core=0 tick r=1 y=3 c0=t679 c1=t691
15457 core=0 delay t679 1 r=0 y=1 c0=t685 c1=t691
15458 core=0 create 8 t692 p3 r=1 y=2 c0=t685 c1=t692
15459 core=0 give r=0 y=0 c0=t685 c1=t692
15460 core=1 create 7 t693 p1 r=1 y=0 c0=t685 c1=t692
15461 core=0 delay t685 5 r=0 y=1 c0=t691 c1=t692
15462 core=0 take t691 r=1 y=0 c0=t691 c1=t692
15463 core=0 give r=1 y=0 c0=t691 c1=t692
15464 core=0 noop r=0 y=0 c0=t691 c1=t692
15465 core=0 tick r=1 y=1 c0=t679 c1=t692
15466 core=0 give r=0 y=0 c0=t679 c1=t692
15467 core=0 tick r=1 y=1 c0=t691 c1=t692
15468 core=0 give r=0 y=0 c0=t691 c1=t692
15469 core=0 give r=0 y=0 c0=t691 c1=t692
15470 core=0 resume t691 r=0 y=0 c0=t691 c1=t692
15471 core=1 noop r=0 y=0 c0=t691 c1=t692
15472 core=0 resume t692 r=0 y=0 c0=t691 c1=t692
15473 core=1 give r=0 y=0 c0=t691 c1=t692
15474 core=1 noop r=0 y=0 c0=t691 c1=t692
15475 core=0 resume t685 r=0 y=0 c0=t691 c1=t692
15476 core=0 delay t691 2 r=0 y=1 c0=t679 c1=t692
15477 core=0 resume t692 r=0 y=0 c0=t679 c1=t692
15478 core=0 delay t679 1 r=0 y=1 c0=t693 c1=t692
15479 core=1 noop r=0 y=0 c0=t693 c1=t692
15480 core=0 takeb t693 6 r=1 y=0 c0=t693 c1=t692
15481 core=0 resume t692 r=0 y=0 c0=t693 c1=t692
15482 core=0 give r=1 y=0 c0=t693 c1=t692
15483 core=1 noop r=0 y=0 c0=t693 c1=t692
15484 core=0 prio t693 3 r=0 y=0 c0=t693 c1=t692
15485 core=0 tick r=1 y=3 c0=t693 c1=t692
15486 core=0 create 5 t694 p1 r=1 y=0 c0=t693 c1=t692
15487 core=0 tick r=1 y=3 c0=t693 c1=t692
15488 core=0 tick r=1 y=3 c0=t693 c1=t692
15489 core=0 create 4 t695 p2 r=1 y=0 c0=t693 c1=t692
15490 core=0 prio t695 3 r=0 y=0 c0=t693 c1=t692
15491 core=0 suspend t685 r=0 y=0 c0=t693 c1=t692
15492 core=0 tick r=1 y=3 c0=t695 c1=t693
15493 core=1 give r=0 y=0 c0=t695 c1=t693
15494 core=1 resume t693 r=0 y=0 c0=t695 c1=t693
15495 core=1 take t693 r=1 y=0 c0=t695 c1=t693
15496 core=1 noop r=0 y=0 c0=t695 c1=t693
15497 core=1 delay t693 2 r=0 y=2 c0=t695 c1=t692
15498 core=0 delay t695 4 r=0 y=1 c0=t679 c1=t692
15499 core=0 yield r=0 y=1 c0=t691 c1=t692
15500 core=1 yield r=0 y=2 c0=t691 c1=t692
15501 core=0 takeb t691 6 r=2 y=1 c0=t679 c1=t692
15502 core=0 give r=1 y=0 c0=t679 c1=t692
15503 core=0 noop r=0 y=0 c0=t679 c1=t692
15504 core=1 noop r=0 y=0 c0=t679 c1=t692
15505 core=0 delay t679 4 r=0 y=1 c0=t691 c1=t692
15506 core=0 cont t691 r=1 y=0 c0=t691 c1=t692
15507 core=1 delay t692 4 r=0 y=2 c0=t691 c1=t694
15508 core=1 suspend t693 r=0 y=0 c0=t691 c1=t694
15509 core=0 delay t691 1 r=0 y=1 c0=IDLE1 c1=t694
15510 core=0 noop r=0 y=0 c0=IDLE1 c1=t694
15511 core=0 resume t695 r=0 y=0 c0=IDLE1 c1=t694
15512 core=0 tick r=1 y=1 c0=t691 c1=t694
15513 core=0 give r=1 y=0 c0=t691 c1=t694
15514 core=1 prio t693 1 r=0 y=0 c0=t691 c1=t694
15515 core=1 delay t694 2 r=0 y=2 c0=t691 c1=IDLE0
15516 core=0 tick r=0 y=2 c0=t691 c1=IDLE1
15517 core=0 tick r=0 y=2 c0=t691 c1=t694
15518 core=1 give_isr r=0 y=0 c0=t691 c1=t694
15519 core=0 suspend t679 r=0 y=0 c0=t691 c1=t694
15520 core=0 delay t691 4 r=0 y=1 c0=IDLE0 c1=t694
15521 core=0 suspend t679 r=0 y=0 c0=IDLE0 c1=t694
15522 core=0 give_isr r=0 y=0 c0=IDLE0 c1=t694
15523 core=1 yield r=0 y=2 c0=IDLE0 c1=t694
15524 core=0 give_isr r=0 y=0 c0=IDLE0 c1=t694
15525 core=0 give_isr r=0 y=0 c0=IDLE0 c1=t694
15526 core=1 noop r=0 y=0 c0=IDLE0 c1=t694
15527 core=0 resume t685 r=0 y=1 c0=t685 c1=t694
15528 core=0 create 0 t696 p2 r=1 y=2 c0=t685 c1=t696
15529 core=1 yield r=0 y=2 c0=t685 c1=t696
15530 core=0 tick r=1 y=3 c0=t695 c1=t692
15531 core=0 takeb t695 4 r=1 y=0 c0=t695 c1=t692
15532 core=1 give r=1 y=0 c0=t695 c1=t692
15533 core=1 create 9 t697 p2 r=1 y=0 c0=t695 c1=t692
15534 core=1 create 6 t698 p0 r=1 y=0 c0=t695 c1=t692
15535 core=0 tick r=1 y=3 c0=t695 c1=t692
15536 core=1 give r=0 y=0 c0=t695 c1=t692
15537 core=1 takeb t692 4 r=1 y=0 c0=t695 c1=t692
15538 core=1 give r=1 y=0 c0=t695 c1=t692
15539 core=0 delay t695 1 r=0 y=1 c0=t685 c1=t692
15540 core=0 resume t694 r=0 y=0 c0=t685 c1=t692
15541 core=0 suspend t698 r=0 y=0 c0=t685 c1=t692
15542 core=0 suspend t697 r=0 y=0 c0=t685 c1=t692
15543 core=1 suspend t695 r=0 y=0 c0=t685 c1=t692
15544 core=0 delay t685 5 r=0 y=1 c0=t696 c1=t692
15545 core=0 take t696 r=1 y=0 c0=t696 c1=t692
15546 core=0 tick r=0 y=0 c0=t696 c1=t692
15547 core=0 resume t698 r=0 y=0 c0=t696 c1=t692
15548 core=0 give r=1 y=0 c0=t696 c1=t692
15549 core=1 takeb t692 6 r=1 y=0 c0=t696 c1=t692
15550 core=1 noop r=0 y=0 c0=t696 c1=t692
15551 core=1 suspend t696 r=0 y=1 c0=t694 c1=t692
15552 core=0 suspend t685 r=0 y=0 c0=t694 c1=t692
15553 core=0 resume t695 r=0 y=1 c0=t695 c1=t692
15554 core=1 prio t685 3 r=0 y=0 c0=t695 c1=t692
15555 core=0 tick r=1 y=3 c0=t695 c1=t692
15556 core=0 give_isr r=1 y=0 c0=t695 c1=t692
15557 core=1 delay t692 2 r=0 y=2 c0=t695 c1=t691
15558 core=1 give r=0 y=0 c0=t695 c1=t691
15559 core=1 resume t679 r=0 y=0 c0=t695 c1=t691
15560 core=1 resume t693 r=0 y=0 c0=t695 c1=t691
15561 core=1 resume t692 r=0 y=0 c0=t695 c1=t691
15562 core=1 takeb t691 2 r=1 y=0 c0=t695 c1=t691
15563 core=1 prio t679 0 r=0 y=0 c0=t695 c1=t691
15564 core=0 resume t695 r=0 y=0 c0=t695 c1=t691
15565 core=0 delete 0 t696 r=0 y=0 c0=t695 c1=t691
15566 core=1 delay t691 2 r=0 y=2 c0=t695 c1=t694
15567 core=0 suspend t691 r=0 y=0 c0=t695 c1=t694
15568 core=1 suspend t698 r=0 y=0 c0=t695 c1=t694
15569 core=0 tick r=0 y=2 c0=t695 c1=t693
15570 core=0 yield r=0 y=1 c0=t695 c1=t693
15571 core=1 takeb t693 2 r=2 y=2 c0=t695 c1=t694
15572 core=0 tick r=1 y=3 c0=t692 c1=t695
15573 core=0 resume t691 r=0 y=0 c0=t692 c1=t695
15574 core=1 delay t695 3 r=0 y=2 c0=t692 c1=t691
15575 core=0 suspend t693 r=0 y=0 c0=t692 c1=t691
15576 core=0 resume t697 r=0 y=0 c0=t692 c1=t691
15577 core=1 resume t697 r=0 y=0 c0=t692 c1=t691
15578 core=1 delay t691 4 r=0 y=2 c0=t692 c1=t697
15579 core=0 give_isr r=1 y=0 c0=t692 c1=t697
15580 core=1 prio t698 1 r=0 y=0 c0=t692 c1=t697
15581 core=0 give r=0 y=0 c0=t692 c1=t697
15582 core=1 prio t695 0 r=0 y=0 c0=t692 c1=t697
15583 core=1 prio t691 1 r=0 y=0 c0=t692 c1=t697
15584 core=1 create 0 t699 p1 r=1 y=0 c0=t692 c1=t697
15585 core=1 noop r=0 y=0 c0=t692 c1=t697
15586 core=0 tick r=0 y=0 c0=t692 c1=t697
15587 core=0 tick r=0 y=0 c0=t692 c1=t697
15588 core=0 give r=0 y=0 c0=t692 c1=t697
15589 core=1 take t697 r=1 y=0 c0=t692 c1=t697
15590 core=1 delete 0 t699 r=0 y=0 c0=t692 c1=t697
15591 core=0 resume t691 r=0 y=0 c0=t692 c1=t697
15592 core=1 suspend t697 r=0 y=2 c0=t692 c1=t694
15593 core=0 prio t694 1 r=0 y=0 c0=t692 c1=t694
15594 core=1 noop r=0 y=0 c0=t692 c1=t694
15595 core=0 give r=1 y=0 c0=t692 c1=t694
15596 core=0 tick r=0 y=0 c0=t692 c1=t694
15597 core=0 noop r=0 y=0 c0=t692 c1=t694
15598 core=1 delay t694 2 r=0 y=2 c0=t692 c1=IDLE1
15599 core=1 prio t693 2 r=0 y=0 c0=t692 c1=IDLE1
15600 core=1 resume t697 r=0 y=2 c0=t692 c1=t697
15601 core=0 suspend t692 r=0 y=1 c0=IDLE0 c1=t697
15602 core=1 resume t685 r=0 y=1 c0=t685 c1=t697
15603 core=0 delay t685 5 r=0 y=1 c0=t679 c1=t697
15604 core=0 prio t695 2 r=0 y=1 c0=t695 c1=t697
15605 core=0 tick r=1 y=3 c0=t695 c1=t697
15606 core=0 yield r=0 y=1 c0=t695 c1=t697
15607 core=0 delay t695 2 r=0 y=1 c0=t691 c1=t697
15608 core=1 prio t691 2 r=0 y=0 c0=t691 c1=t697
15609 core=1 suspend t692 r=0 y=0 c0=t691 c1=t697
15610 core=1 suspend t691 r=0 y=1 c0=IDLE1 c1=t697
15611 core=0 delete 5 t694 r=0 y=0 c0=IDLE1 c1=t697
15612 core=1 resume t695 r=0 y=0 c0=IDLE1 c1=t697
15613 core=1 suspend t697 r=0 y=2 c0=IDLE1 c1=IDLE0
15614 core=1 noop r=0 y=0 c0=IDLE1 c1=IDLE0
15615 core=0 noop r=0 y=0 c0=IDLE1 c1=IDLE0
15616 core=0 tick r=1 y=3 c0=t679 c1=IDLE1
15617 core=0 resume t679 r=0 y=0 c0=t679 c1=IDLE1
15618 core=0 suspend t695 r=0 y=0 c0=t679 c1=IDLE1
15619 core=1 delete 8 t692 r=0 y=0 c0=t679 c1=IDLE1
15620 core=1 give r=0 y=0 c0=t679 c1=IDLE1
15621 core=1 noop r=0 y=0 c0=t679 c1=IDLE1
15622 core=1 suspend t697 r=0 y=0 c0=t679 c1=IDLE1
15623 core=0 noop r=0 y=0 c0=t679 c1=IDLE1
15624 core=0 suspend t679 r=0 y=1 c0=IDLE0 c1=IDLE1
15625 core=1 give r=0 y=0 c0=IDLE0 c1=IDLE1
15626 core=1 noop r=0 y=0 c0=IDLE0 c1=IDLE1
15627 core=1 noop r=0 y=0 c0=IDLE0 c1=IDLE1
15628 core=0 tick r=1 y=3 c0=IDLE0 c1=IDLE1
15629 core=0 create 0 t700 p3 r=1 y=2 c0=IDLE0 c1=t700
15630 core=0 prio t698 3 r=0 y=0 c0=IDLE0 c1=t700
15631 core=1 yield r=0 y=2 c0=IDLE0 c1=t700
15632 core=0 suspend t685 r=0 y=0 c0=IDLE0 c1=t700
15633 core=1 delay t700 5 r=0 y=2 c0=IDLE0 c1=IDLE1
15634 core=0 tick r=1 y=3 c0=IDLE0 c1=IDLE1
15635 core=1 give r=0 y=0 c0=IDLE0 c1=IDLE1
15636 core=0 give r=0 y=0 c0=IDLE0 c1=IDLE1
15637 core=1 give r=0 y=0 c0=IDLE0 c1=IDLE1
15638 core=0 noop r=0 y=0 c0=IDLE0 c1=IDLE1
15639 core=0 noop r=0 y=0 c0=IDLE0 c1=IDLE1
15640 core=0 noop r=0 y=0 c0=IDLE0 c1=IDLE1
15641 core=1 prio t679 1 r=0 y=0 c0=IDLE0 c1=IDLE1
15642 core=1 give_isr r=0 y=0 c0=IDLE0 c1=IDLE1
15643 core=0 noop r=0 y=0 c0=IDLE0 c1=IDLE1
15644 core=0 prio t685 1 r=0 y=0 c0=IDLE0 c1=IDLE1
15645 core=0 tick r=1 y=3 c0=IDLE0 c1=IDLE1
15646 core=1 give r=0 y=0 c0=IDLE0 c1=IDLE1
15647 core=1 noop r=0 y=0 c0=IDLE0 c1=IDLE1
15648 core=0 tick r=1 y=3 c0=IDLE0 c1=IDLE1
15649 core=0 resume t698 r=0 y=2 c0=IDLE0 c1=t698
15650 core=0 give r=0 y=0 c0=IDLE0 c1=t698
15651 core=0 create 8 t701 p1 r=1 y=1 c0=t701 c1=t698
15652 core=1 prio t693 3 r=0 y=0 c0=t701 c1=t698
15653 core=1 delay t698 5 r=0 y=2 c0=t701 c1=IDLE1
15654 core=1 noop r=0 y=0 c0=t701 c1=IDLE1
15655 core=1 noop r=0 y=0 c0=t701 c1=IDLE1
15656 core=0 tick r=0 y=2 c0=t701 c1=IDLE0
15657 core=0 give_isr r=0 y=0 c0=t701 c1=IDLE0
15658 core=1 prio t700 3 r=0 y=0 c0=t701 c1=IDLE0
15659 core=0 resume t685 r=0 y=2 c0=t701 c1=t685
15660 core=0 give r=0 y=0 c0=t701 c1=t685
15661 core=1 create 5 t702 p2 r=1 y=2 c0=t701 c1=t702
15662 core=1 resume t702 r=0 y=0 c0=t701 c1=t702
15663 core=0 give r=0 y=0 c0=t701 c1=t702
15664 core=0 tick r=1 y=1 c0=t700 c1=t702
15665 core=0 resume t691 r=0 y=0 c0=t700 c1=t702
15666 core=0 noop r=0 y=0 c0=t700 c1=t702
15667 core=1 noop r=0 y=0 c0=t700 c1=t702
15668 core=1 suspend t693 r=0 y=0 c0=t700 c1=t702
15669 core=1 prio t691 2 r=0 y=0 c0=t700 c1=t702
15670 core=0 take t700 r=1 y=0 c0=t700 c1=t702
15671 core=0 delay t700 4 r=0 y=1 c0=t691 c1=t702
15672 core=1 give_isr r=1 y=0 c0=t691 c1=t702
15673 core=1 yield r=0 y=2 c0=t691 c1=t702
15674 core=0 noop r=0 y=0 c0=t691 c1=t702
15675 core=1 resume t702 r=0 y=0 c0=t691 c1=t702
15676 core=1 resume t701 r=0 y=0 c0=t691 c1=t702
15677 core=1 resume t685 r=0 y=0 c0=t691 c1=t702
15678 core=0 resume t695 r=0 y=0 c0=t691 c1=t702
15679 core=0 tick r=1 y=3 c0=t695 c1=t691
15680 core=1 delay t691 4 r=0 y=2 c0=t695 c1=t702
15681 core=0 suspend t695 r=0 y=1 c0=t685 c1=t702
15682 core=1 prio t702 2 r=0 y=0 c0=t685 c1=t702
15683 core=1 yield r=0 y=2 c0=t685 c1=t702
15684 core=1 prio t700 0 r=0 y=0 c0=t685 c1=t702
15685 core=0 delete 4 t695 r=0 y=0 c0=t685 c1=t702
15686 core=0 give r=0 y=0 c0=t685 c1=t702
15687 core=0 prio t698 2 r=0 y=0 c0=t685 c1=t702
15688 core=0 delay t685 2 r=0 y=1 c0=t701 c1=t702
15689 core=0 delay t701 5 r=0 y=1 c0=IDLE1 c1=t702
15690 core=0 noop r=0 y=0 c0=IDLE1 c1=t702
15691 core=1 resume t693 r=0 y=1 c0=t693 c1=t702
15692 core=0 cont t693 r=1 y=0 c0=t693 c1=t702
15693 core=0 yield r=0 y=1 c0=t693 c1=t702
15694 core=0 tick r=0 y=0 c0=t693 c1=t702
15695 core=1 resume t685 r=0 y=0 c0=t693 c1=t702
15696 core=0 tick r=0 y=2 c0=t693 c1=t698
15697 core=0 suspend t693 r=0 y=1 c0=t702 c1=t698
15698 core=1 yield r=0 y=2 c0=t702 c1=t698
15699 core=0 tick r=1 y=3 c0=t702 c1=t698
15700 core=0 give r=1 y=0 c0=t702 c1=t698
15701 core=0 resume t700 r=0 y=0 c0=t702 c1=t698
15702 core=1 delay t698 4 r=0 y=2 c0=t702 c1=t685
15703 core=1 give r=0 y=0 c0=t702 c1=t685
15704 core=0 noop r=0 y=0 c0=t702 c1=t685
15705 core=0 prio t698 0 r=0 y=0 c0=t702 c1=t685
15706 core=1 delay t685 5 r=0 y=2 c0=t702 c1=IDLE0
15707 core=1 prio t702 3 r=0 y=0 c0=t702 c1=IDLE0
15708 core=0 yield r=0 y=1 c0=t702 c1=IDLE0
15709 core=1 give r=0 y=0 c0=t702 c1=IDLE0
15710 core=1 noop r=0 y=0 c0=t702 c1=IDLE0
15711 core=0 prio t698 0 r=0 y=0 c0=t702 c1=IDLE0
15712 core=0 tick r=0 y=2 c0=t702 c1=t691
15713 core=1 resume t679 r=0 y=0 c0=t702 c1=t691
15714 core=0 noop r=0 y=0 c0=t702 c1=t691
15715 core=0 tick r=0 y=0 c0=t702 c1=t691
15716 core=0 tick r=0 y=0 c0=t702 c1=t691
15717 core=0 delete 8 t701 r=0 y=0 c0=t702 c1=t691
15718 core=0 prio t702 1 r=0 y=1 c0=t679 c1=t691
15719 core=0 delete 1 t691 r=0 y=2 c0=t679 c1=t702
15720 core=0 noop r=0 y=0 c0=t679 c1=t702
15721 core=1 suspend t702 r=0 y=2 c0=t679 c1=IDLE1
15722 core=1 prio t685 1 r=0 y=0 c0=t679 c1=IDLE1
15723 core=1 noop r=0 y=0 c0=t679 c1=IDLE1
15724 core=1 delete 3 t685 r=0 y=0 c0=t679 c1=IDLE1
15725 core=0 resume t679 r=0 y=0 c0=t679 c1=IDLE1
15726 core=1 noop r=0 y=0 c0=t679 c1=IDLE1
15727 core=0 noop r=0 y=0 c0=t679 c1=IDLE1
15728 core=1 give r=0 y=0 c0=t679 c1=IDLE1
15729 core=0 prio t700 2 r=0 y=2 c0=t679 c1=t700
15730 core=1 takeb t700 5 r=1 y=0 c0=t679 c1=t700
15731 core=1 suspend t679 r=0 y=1 c0=IDLE0 c1=t700
15732 core=1 suspend t698 r=0 y=0 c0=IDLE0 c1=t700
15733 core=1 give r=1 y=0 c0=IDLE0 c1=t700
15734 core=1 delete 6 t698 r=0 y=0 c0=IDLE0 c1=t700
15735 core=1 noop r=0 y=0 c0=IDLE0 c1=t700
15736 core=0 suspend t702 r=0 y=0 c0=IDLE0 c1=t700
15737 core=0 noop r=0 y=0 c0=IDLE0 c1=t700
15738 core=0 suspend t693 r=0 y=0 c0=IDLE0 c1=t700
15739 core=0 noop r=0 y=0 c0=IDLE0 c1=t700
15740 core=0 give_isr r=0 y=0 c0=IDLE0 c1=t700
15741 core=0 noop r=0 y=0 c0=IDLE0 c1=t700
15742 core=0 create 3 t703 p3 r=1 y=1 c0=t703 c1=t700
15743 core=1 delay t700 4 r=0 y=2 c0=t703 c1=IDLE1
15744 core=1 prio t693 0 r=0 y=0 c0=t703 c1=IDLE1
15745 core=0 noop r=0 y=0 c0=t703 c1=IDLE1
15746 core=1 noop r=0 y=0 c0=t703 c1=IDLE1
15747 core=1 noop r=0 y=0 c0=t703 c1=IDLE1
15748 core=1 noop r=0 y=0 c0=t703 c1=IDLE1
15749 core=0 prio t702 2 r=0 y=0 c0=t703 c1=IDLE1
15750 core=0 create 6 t704 p2 r=1 y=2 c0=t703 c1=t704
15751 core=1 give r=0 y=0 c0=t703 c1=t704
15752 core=1 suspend t703 r=0 y=1 c0=IDLE0 c1=t704
15753 core=1 noop r=0 y=0 c0=IDLE0 c1=t704
15754 core=0 noop r=0 y=0 c0=IDLE0 c1=t704
15755 core=0 suspend t679 r=0 y=0 c0=IDLE0 c1=t704
15756 core=1 noop r=0 y=0 c0=IDLE0 c1=t704
15757 core=1 prio t703 0 r=0 y=0 c0=IDLE0 c1=t704
15758 core=1 prio t700 2 r=0 y=0 c0=IDLE0 c1=t704
15759 core=0 tick r=1 y=1 c0=IDLE1 c1=t704
15760 core=0 delete 3 t703 r=0 y=0 c0=IDLE1 c1=t704
15761 core=0 suspend t702 r=0 y=0 c0=IDLE1 c1=t704
15762 core=1 noop r=0 y=0 c0=IDLE1 c1=t704
15763 core=1 create 8 t705 p1 r=1 y=1 c0=t705 c1=t704
15764 core=0 noop r=0 y=0 c0=t705 c1=t704
15765 core=0 prio t679 3 r=0 y=0 c0=t705 c1=t704
15766 core=0 delay t705 5 r=0 y=1 c0=IDLE0 c1=t704
15767 core=1 resume t700 r=0 y=0 c0=IDLE0 c1=t704
15768 core=0 resume t700 r=0 y=0 c0=IDLE0 c1=t704
15769 core=1 delay t704 5 r=0 y=2 c0=IDLE0 c1=IDLE1
15770 core=0 tick r=1 y=3 c0=IDLE0 c1=IDLE1
15771 core=0 tick r=1 y=3 c0=IDLE0 c1=IDLE1
15772 core=0 prio t697 2 r=0 y=0 c0=IDLE0 c1=IDLE1
15773 core=0 tick r=1 y=3 c0=t700 c1=IDLE0
15774 core=1 delete 2 t679 r=0 y=0 c0=t700 c1=IDLE0
15775 core=0 give_isr r=0 y=0 c0=t700 c1=IDLE0
15776 core=0 delay t700 4 r=0 y=1 c0=IDLE1 c1=IDLE0
15777 core=0 noop r=0 y=0 c0=IDLE1 c1=IDLE0
15778 core=0 create 3 t706 p2 r=1 y=2 c0=IDLE1 c1=t706
15779 core=1 takeb t706 6 r=1 y=0 c0=IDLE1 c1=t706
15780 core=0 noop r=0 y=0 c0=IDLE1 c1=t706
15781 core=0 yield r=0 y=1 c0=IDLE0 c1=t706
15782 core=0 tick r=1 y=1 c0=IDLE1 c1=t706
15783 core=1 resume t702 r=0 y=1 c0=t702 c1=t706
15784 core=1 takeb t706 3 r=2 y=2 c0=t702 c1=IDLE0
15785 core=0 noop r=0 y=0 c0=t702 c1=IDLE0
15786 core=0 noop r=0 y=0 c0=t702 c1=IDLE0
15787 core=1 resume t693 r=0 y=2 c0=t702 c1=IDLE1
15788 core=0 prio t693 2 r=0 y=2 c0=t702 c1=t693
15789 core=1 resume t702 r=0 y=0 c0=t702 c1=t693
15790 core=0 noop r=0 y=0 c0=t702 c1=t693
15791 core=0 delay t702 4 r=0 y=1 c0=IDLE0 c1=t693
15792 core=1 delete 5 t702 r=0 y=0 c0=IDLE0 c1=t693
15793 core=0 give_isr r=1 y=1 c0=t706 c1=t693
15794 core=1 noop r=0 y=0 c0=t706 c1=t693
15795 core=0 cont t706 r=1 y=0 c0=t706 c1=t693
15796 core=0 give r=1 y=0 c0=t706 c1=t693
15797 core=0 noop r=0 y=0 c0=t706 c1=t693
15798 core=0 tick r=1 y=3 c0=t704 c1=t706
15799 core=0 noop r=0 y=0 c0=t704 c1=t706
15800 core=0 noop r=0 y=0 c0=t704 c1=t706
15801 core=1 takeb t706 3 r=1 y=0 c0=t704 c1=t706
15802 core=0 prio t705 3 r=0 y=2 c0=t704 c1=t705
15803 core=0 give r=1 y=0 c0=t704 c1=t705
15804 core=1 give r=0 y=0 c0=t704 c1=t705
15805 core=1 yield r=0 y=2 c0=t704 c1=t705
15806 core=1 prio t704 2 r=0 y=0 c0=t704 c1=t705
15807 core=0 noop r=0 y=0 c0=t704 c1=t705
15808 core=1 create 1 t707 p1 r=1 y=0 c0=t704 c1=t705
15809 core=0 give r=0 y=0 c0=t704 c1=t705
15810 core=0 suspend t700 r=0 y=0 c0=t704 c1=t705
15811 core=1 delete 7 t693 r=0 y=0 c0=t704 c1=t705
15812 core=0 delete 6 t704 r=0 y=1 c0=t706 c1=t705
15813 core=1 noop r=0 y=0 c0=t706 c1=t705
15814 core=1 prio t707 0 r=0 y=0 c0=t706 c1=t705
15815 core=0 noop r=0 y=0 c0=t706 c1=t705
15816 core=1 give r=0 y=0 c0=t706 c1=t705
15817 core=0 give_isr r=0 y=0 c0=t706 c1=t705
15818 core=1 noop r=0 y=0 c0=t706 c1=t705
15819 core=0 yield r=0 y=1 c0=t706 c1=t705
15820 core=0 give r=0 y=0 c0=t706 c1=t705
15821 core=1 takeb t705 2 r=1 y=0 c0=t706 c1=t705
15822 core=0 suspend t697 r=0 y=0 c0=t706 c1=t705
15823 core=0 give_isr r=1 y=0 c0=t706 c1=t705
15824 core=0 takeb t706 5 r=1 y=0 c0=t706 c1=t705
15825 core=0 noop r=0 y=0 c0=t706 c1=t705
15826 core=1 give_isr r=1 y=0 c0=t706 c1=t705
15827 core=1 prio t707 1 r=0 y=0 c0=t706 c1=t705
15828 core=1 give_isr r=0 y=0 c0=t706 c1=t705
15829 core=1 noop r=0 y=0 c0=t706 c1=t705
15830 core=1 resume t706 r=0 y=0 c0=t706 c1=t705
15831 core=0 create 6 t708 p1 r=1 y=0 c0=t706 c1=t705
15832 core=0 give r=0 y=0 c0=t706 c1=t705
15833 core=0 create 4 t709 p2 r=1 y=0 c0=t706 c1=t705
15834 core=0 tick r=1 y=1 c0=t709 c1=t705
15835 core=0 resume t700 r=0 y=0 c0=t709 c1=t705
15836 core=0 resume t708 r=0 y=0 c0=t709 c1=t705
15837 core=0 take t709 r=1 y=0 c0=t709 c1=t705
15838 core=0 noop r=0 y=0 c0=t709 c1=t705
15839 core=0 suspend t700 r=0 y=0 c0=t709 c1=t705
15840 core=0 give_isr r=1 y=0 c0=t709 c1=t705
15841 core=0 tick r=1 y=1 c0=t706 c1=t705
15842 core=1 noop r=0 y=0 c0=t706 c1=t705
15843 core=1 give_isr r=0 y=0 c0=t706 c1=t705
15844 core=0 create 2 t710 p1 r=1 y=0 c0=t706 c1=t705
15845 core=0 suspend t706 r=0 y=1 c0=t709 c1=t705
15846 core=1 resume t707 r=0 y=0 c0=t709 c1=t705
15847 core=0 tick r=0 y=0 c0=t709 c1=t705
15848 core=0 tick r=0 y=0 c0=t709 c1=t705
15849 core=1 resume t700 r=0 y=0 c0=t709 c1=t705
15850 core=0 takeb t709 1 r=1 y=0 c0=t709 c1=t705
15851 core=1 delete 3 t706 r=0 y=0 c0=t709 c1=t705
15852 core=0 tick r=1 y=1 c0=t700 c1=t705
15853 core=0 take t700 r=0 y=0 c0=t700 c1=t705
15854 core=0 tick r=1 y=1 c0=t709 c1=t705
15855 core=1 yield r=0 y=2 c0=t709 c1=t705
15856 core=1 prio t708 0 r=0 y=0 c0=t709 c1=t705
15857 core=1 noop r=0 y=0 c0=t709 c1=t705
15858 core=0 delay t709 2 r=0 y=1 c0=t700 c1=t705
15859 core=0 create 7 t711 p3 r=1 y=1 c0=t711 c1=t705
15860 core=0 take t711 r=0 y=0 c0=t711 c1=t705
15861 core=1 give r=1 y=0 c0=t711 c1=t705
15862 core=0 noop r=0 y=0 c0=t711 c1=t705
15863 core=1 resume t708 r=0 y=0 c0=t711 c1=t705
15864 core=0 suspend t711 r=0 y=1 c0=t700 c1=t705
15865 core=0 delete 9 t697 r=0 y=0 c0=t700 c1=t705
15866 core=1 prio t708 1 r=0 y=0 c0=t700 c1=t705
15867 core=0 noop r=0 y=0 c0=t700 c1=t705
15868 core=0 resume t700 r=0 y=0 c0=t700 c1=t705
15869 core=1 suspend t709 r=0 y=0 c0=t700 c1=t705
15870 core=0 give r=0 y=0 c0=t700 c1=t705
15871 core=1 delay t705 3 r=0 y=2 c0=t700 c1=t707
15872 core=0 prio t705 0 r=0 y=0 c0=t700 c1=t707
15873 core=0 noop r=0 y=0 c0=t700 c1=t707
15874 core=0 yield r=0 y=1 c0=t700 c1=t707
15875 core=0 tick r=0 y=2 c0=t700 c1=t710
15876 core=0 tick r=0 y=2 c0=t700 c1=t708
15877 core=0 suspend t705 r=0 y=0 c0=t700 c1=t708
15878 core=1 delay t708 4 r=0 y=2 c0=t700 c1=t707
15879 core=0 takeb t700 4 r=1 y=0 c0=t700 c1=t707
15880 core=1 give r=1 y=0 c0=t700 c1=t707
15881 core=1 noop r=0 y=0 c0=t700 c1=t707
15882 core=1 prio t711 2 r=0 y=0 c0=t700 c1=t707
15883 core=0 tick r=0 y=2 c0=t700 c1=t710
15884 core=0 tick r=0 y=2 c0=t700 c1=t707
15885 core=0 tick r=0 y=2 c0=t700 c1=t710
15886 core=1 noop r=0 y=0 c0=t700 c1=t710
15887 core=0 noop r=0 y=0 c0=t700 c1=t710
15888 core=1 yield r=0 y=2 c0=t700 c1=t707
15889 core=0 resume t711 r=0 y=2 c0=t700 c1=t711
15890 core=0 delay t700 3 r=0 y=1 c0=t710 c1=t711
15891 core=0 delete 0 t700 r=0 y=0 c0=t710 c1=t711
15892 core=0 delay t710 3 r=0 y=1 c0=t707 c1=t711
15893 core=0 delay t707 1 r=0 y=1 c0=IDLE1 c1=t711
15894 core=1 yield r=0 y=2 c0=IDLE1 c1=t711
15895 core=1 noop r=0 y=0 c0=IDLE1 c1=t711
15896 core=0 tick r=1 y=1 c0=t708 c1=t711
15897 core=0 tick r=1 y=1 c0=t707 c1=t711
15898 core=1 prio t711 1 r=0 y=2 c0=t707 c1=t708
15899 core=1 suspend t707 r=0 y=1 c0=t711 c1=t708
15900 core=1 delete 7 t711 r=0 y=1 c0=IDLE0 c1=t708
15901 core=0 noop r=0 y=0 c0=IDLE0 c1=t708
15902 core=0 noop r=0 y=0 c0=IDLE0 c1=t708
15903 core=1 give_isr r=0 y=0 c0=IDLE0 c1=t708
15904 core=1 takeb t708 5 r=1 y=0 c0=IDLE0 c1=t708
15905 core=1 give r=1 y=0 c0=IDLE0 c1=t708
15906 core=1 takeb t708 1 r=1 y=0 c0=IDLE0 c1=t708
15907 core=1 delay t708 3 r=0 y=2 c0=IDLE0 c1=IDLE1
15908 core=1 noop r=0 y=0 c0=IDLE0 c1=IDLE1
15909 core=0 suspend t707 r=0 y=0 c0=IDLE0 c1=IDLE1
15910 core=1 give_isr r=1 y=0 c0=IDLE0 c1=IDLE1
15911 core=0 tick r=1 y=3 c0=t710 c1=IDLE0
15912 core=1 prio t705 0 r=0 y=0 c0=t710 c1=IDLE0
15913 core=0 suspend t710 r=0 y=1 c0=IDLE1 c1=IDLE0
15914 core=0 prio t707 2 r=0 y=0 c0=IDLE1 c1=IDLE0
15915 core=1 prio t710 1 r=0 y=0 c0=IDLE1 c1=IDLE0
15916 core=1 yield r=0 y=2 c0=IDLE1 c1=IDLE0
15917 core=0 give_isr r=0 y=0 c0=IDLE1 c1=IDLE0
15918 core=0 give r=0 y=0 c0=IDLE1 c1=IDLE0
15919 core=0 noop r=0 y=0 c0=IDLE1 c1=IDLE0
15920 core=1 delete 4 t709 r=0 y=0 c0=IDLE1 c1=IDLE0
15921 core=0 give r=0 y=0 c0=IDLE1 c1=IDLE0
15922 core=0 noop r=0 y=0 c0=IDLE1 c1=IDLE0
15923 core=1 noop r=0 y=0 c0=IDLE1 c1=IDLE0
15924 core=0 noop r=0 y=0 c0=IDLE1 c1=IDLE0
15925 core=0 noop r=0 y=0 c0=IDLE1 c1=IDLE0
15926 core=1 give r=0 y=0 c0=IDLE1 c1=IDLE0
15927 core=0 noop r=0 y=0 c0=IDLE1 c1=IDLE0
15928 core=0 give r=0 y=0 c0=IDLE1 c1=IDLE0
15929 core=0 give r=0 y=0 c0=IDLE1 c1=IDLE0
15930 core=0 prio t710 0 r=0 y=0 c0=IDLE1 c1=IDLE0
15931 core=1 resume t707 r=0 y=2 c0=IDLE1 c1=t707
15932 core=0 noop r=0 y=0 c0=IDLE1 c1=t707
15933 core=1 noop r=0 y=0 c0=IDLE1 c1=t707
15934 core=1 noop r=0 y=0 c0=IDLE1 c1=t707
15935 core=0 noop r=0 y=0 c0=IDLE1 c1=t707
15936 core=1 delay t707 3 r=0 y=2 c0=IDLE1 c1=IDLE0
15937 core=1 give_isr r=0 y=0 c0=IDLE1 c1=IDLE0
15938 core=0 noop r=0 y=0 c0=IDLE1 c1=IDLE0
15939 core=1 noop r=0 y=0 c0=IDLE1 c1=IDLE0
15940 core=1 suspend t707 r=0 y=0 c0=IDLE1 c1=IDLE0
15941 core=1 suspend t707 r=0 y=0 c0=IDLE1 c1=IDLE0
15942 core=1 noop r=0 y=0 c0=IDLE1 c1=IDLE0
15943 core=0 suspend t707 r=0 y=0 c0=IDLE1 c1=IDLE0
15944 core=0 noop r=0 y=0 c0=IDLE1 c1=IDLE0
15945 core=1 prio t707 1 r=0 y=0 c0=IDLE1 c1=IDLE0
15946 core=1 suspend t707 r=0 y=0 c0=IDLE1 c1=IDLE0
15947 core=0 noop r=0 y=0 c0=IDLE1 c1=IDLE0
15948 core=0 noop r=0 y=0 c0=IDLE1 c1=IDLE0
15949 core=0 noop r=0 y=0 c0=IDLE1 c1=IDLE0
15950 core=0 noop r=0 y=0 c0=IDLE1 c1=IDLE0
15951 core=0 noop r=0 y=0 c0=IDLE1 c1=IDLE0
15952 core=1 noop r=0 y=0 c0=IDLE1 c1=IDLE0
15953 core=1 give_isr r=0 y=0 c0=IDLE1 c1=IDLE0
15954 core=1 noop r=0 y=0 c0=IDLE1 c1=IDLE0
15955 core=1 noop r=0 y=0 c0=IDLE1 c1=IDLE0
15956 core=1 prio t707 1 r=0 y=0 c0=IDLE1 c1=IDLE0
15957 core=1 yield r=0 y=2 c0=IDLE1 c1=IDLE0
15958 core=1 noop r=0 y=0 c0=IDLE1 c1=IDLE0
15959 core=0 tick r=1 y=3 c0=IDLE1 c1=IDLE0
15960 core=1 noop r=0 y=0 c0=IDLE1 c1=IDLE0
15961 core=1 noop r=0 y=0 c0=IDLE1 c1=IDLE0
15962 core=1 yield r=0 y=2 c0=IDLE1 c1=IDLE0
15963 core=0 yield r=0 y=1 c0=IDLE1 c1=IDLE0
15964 core=0 noop r=0 y=0 c0=IDLE1 c1=IDLE0
15965 core=0 noop r=0 y=0 c0=IDLE1 c1=IDLE0
15966 core=0 delete 8 t705 r=0 y=0 c0=IDLE1 c1=IDLE0
15967 core=0 give_isr r=0 y=0 c0=IDLE1 c1=IDLE0
15968 core=0 noop r=0 y=0 c0=IDLE1 c1=IDLE0
15969 core=0 noop r=0 y=0 c0=IDLE1 c1=IDLE0
15970 core=0 resume t707 r=0 y=2 c0=IDLE1 c1=t707
15971 core=0 noop r=0 y=0 c0=IDLE1 c1=t707
15972 core=0 give r=0 y=0 c0=IDLE1 c1=t707
15973 core=1 give_isr r=0 y=0 c0=IDLE1 c1=t707
15974 core=0 tick r=1 y=3 c0=t708 c1=t707
15975 core=0 noop r=0 y=0 c0=t708 c1=t707
15976 core=0 noop r=0 y=0 c0=t708 c1=t707
15977 core=0 tick r=1 y=3 c0=t708 c1=t707
15978 core=1 noop r=0 y=0 c0=t708 c1=t707
15979 core=0 noop r=0 y=0 c0=t708 c1=t707
15980 core=1 delay t707 1 r=0 y=2 c0=t708 c1=IDLE0
15981 core=0 resume t710 r=0 y=2 c0=t708 c1=IDLE1
15982 core=1 noop r=0 y=0 c0=t708 c1=IDLE1
15983 core=0 give_isr r=0 y=0 c0=t708 c1=IDLE1
15984 core=0 noop r=0 y=0 c0=t708 c1=IDLE1
15985 core=1 noop r=0 y=0 c0=t708 c1=IDLE1
15986 core=1 create 3 t712 p0 r=1 y=2 c0=t708 c1=t710
15987 core=1 delay t710 2 r=0 y=2 c0=t708 c1=IDLE0
15988 core=1 noop r=0 y=0 c0=t708 c1=IDLE0
15989 core=0 delay t708 1 r=0 y=1 c0=t712 c1=IDLE0
15990 core=1 noop r=0 y=0 c0=t712 c1=IDLE0
15991 core=1 noop r=0 y=0 c0=t712 c1=IDLE0
15992 core=1 noop r=0 y=0 c0=t712 c1=IDLE0
15993 core=0 yield r=0 y=1 c0=IDLE1 c1=IDLE0
15994 core=1 create 4 t713 p2 r=1 y=2 c0=IDLE1 c1=t713
15995 core=1 give_isr r=0 y=0 c0=IDLE1 c1=t713
15996 core=0 tick r=1 y=1 c0=t707 c1=t713
15997 core=0 give r=0 y=0 c0=t707 c1=t713
15998 core=0 noop r=0 y=0 c0=t707 c1=t713
15999 core=0 delete 2 t710 r=0 y=0 c0=t707 c1=t713
16000 core=1 noop r=0 y=0 c0=t707 c1=t713
16001 core=0 tick r=1 y=1 c0=t708 c1=t713
16002 core=1 delay t713 4 r=0 y=2 c0=t708 c1=t707
16003 core=0 tick r=1 y=3 c0=t708 c1=t707
16004 core=0 give_isr r=0 y=0 c0=t708 c1=t707
16005 core=0 resume t712 r=0 y=0 c0=t708 c1=t707
16006 core=0 delay t708 2 r=0 y=1 c0=t712 c1=t707
16007 core=0 create 0 t714 p0 r=1 y=0 c0=t712 c1=t707
16008 core=0 noop r=0 y=0 c0=t712 c1=t707
16009 core=1 noop r=0 y=0 c0=t712 c1=t707
16010 core=0 take t712 r=1 y=0 c0=t712 c1=t707
16011 core=0 delete 4 t713 r=0 y=0 c0=t712 c1=t707
16012 core=0 tick r=1 y=1 c0=IDLE0 c1=t707
16013 core=0 noop r=0 y=0 c0=IDLE0 c1=t707
16014 core=1 give_isr r=1 y=0 c0=IDLE0 c1=t707
16015 core=1 delay t707 4 r=0 y=2 c0=IDLE0 c1=IDLE1
16016 core=0 noop r=0 y=0 c0=IDLE0 c1=IDLE1
16017 core=0 tick r=1 y=3 c0=t708 c1=t714
16018 core=0 create 2 t715 p3 r=1 y=2 c0=t708 c1=t715
16019 core=1 prio t707 1 r=0 y=0 c0=t708 c1=t715
16020 core=1 resume t707 r=0 y=0 c0=t708 c1=t715
16021 core=0 tick r=0 y=0 c0=t708 c1=t715
16022 core=0 noop r=0 y=0 c0=t708 c1=t715
16023 core=1 takeb t715 5 r=1 y=0 c0=t708 c1=t715
16024 core=1 give r=1 y=0 c0=t708 c1=t715
16025 core=0 noop r=0 y=0 c0=t708 c1=t715
16026 core=0 delay t708 2 r=0 y=1 c0=t712 c1=t715
16027 core=1 give r=0 y=0 c0=t712 c1=t715
16028 core=1 delete 6 t708 r=0 y=0 c0=t712 c1=t715
16029 core=1 noop r=0 y=0 c0=t712 c1=t715
16030 core=0 noop r=0 y=0 c0=t712 c1=t715
16031 core=1 noop r=0 y=0 c0=t712 c1=t715
16032 core=1 noop r=0 y=0 c0=t712 c1=t715
16033 core=0 tick r=1 y=1 c0=IDLE0 c1=t715
16034 core=1 create 6 t716 p2 r=1 y=1 c0=t716 c1=t715
16035 core=0 delay t716 5 r=0 y=1 c0=IDLE1 c1=t715
16036 core=0 noop r=0 y=0 c0=IDLE1 c1=t715
16037 core=1 delay t715 3 r=0 y=2 c0=IDLE1 c1=t714
16038 core=0 resume t716 r=0 y=0 c0=IDLE1 c1=t714
16039 core=0 noop r=0 y=0 c0=IDLE1 c1=t714
16040 core=1 delay t714 4 r=0 y=2 c0=IDLE1 c1=t712
16041 core=1 noop r=0 y=0 c0=IDLE1 c1=t712
16042 core=0 noop r=0 y=0 c0=IDLE1 c1=t712
16043 core=1 give r=0 y=0 c0=IDLE1 c1=t712
16044 core=0 noop r=0 y=0 c0=IDLE1 c1=t712
16045 core=1 create 9 t717 p3 r=1 y=1 c0=t717 c1=t712
16046 core=1 suspend t715 r=0 y=0 c0=t717 c1=t712
16047 core=1 delay t712 1 r=0 y=2 c0=t717 c1=IDLE0
16048 core=0 suspend t714 r=0 y=0 c0=t717 c1=IDLE0
16049 core=1 noop r=0 y=0 c0=t717 c1=IDLE0
16050 core=1 give_isr r=0 y=0 c0=t717 c1=IDLE0
16051 core=0 tick r=0 y=2 c0=t717 c1=t707
16052 core=0 takeb t717 2 r=1 y=0 c0=t717 c1=t707
16053 core=0 resume t712 r=0 y=0 c0=t717 c1=t707
16054 core=0 give r=1 y=0 c0=t717 c1=t707
16055 core=1 give_isr r=0 y=0 c0=t717 c1=t707
16056 core=1 resume t712 r=0 y=0 c0=t717 c1=t707
16057 core=0 give r=0 y=0 c0=t717 c1=t707
16058 core=1 noop r=0 y=0 c0=t717 c1=t707
16059 core=0 noop r=0 y=0 c0=t717 c1=t707
16060 core=0 resume t715 r=0 y=2 c0=t717 c1=t715
16061 core=0 delay t717 2 r=0 y=1 c0=t707 c1=t715
16062 core=0 suspend t717 r=0 y=0 c0=t707 c1=t715
16063 core=1 delay t715 1 r=0 y=2 c0=t707 c1=IDLE1
16064 core=0 noop r=0 y=0 c0=t707 c1=IDLE1
16065 core=1 noop r=0 y=0 c0=t707 c1=IDLE1
16066 core=1 suspend t716 r=0 y=0 c0=t707 c1=IDLE1
16067 core=1 noop r=0 y=0 c0=t707 c1=IDLE1
16068 core=0 give_isr r=0 y=0 c0=t707 c1=IDLE1
16069 core=0 noop r=0 y=0 c0=t707 c1=IDLE1
16070 core=0 take t707 r=1 y=0 c0=t707 c1=IDLE1
16071 core=1 delete 2 t715 r=0 y=0 c0=t707 c1=IDLE1
16072 core=1 noop r=0 y=0 c0=t707 c1=IDLE1
16073 core=0 resume t716 r=0 y=2 c0=t707 c1=t716
16074 core=0 delete 0 t714 r=0 y=0 c0=t707 c1=t716
16075 core=0 noop r=0 y=0 c0=t707 c1=t716
16076 core=0 tick r=0 y=0 c0=t707 c1=t716
16077 core=0 delay t707 4 r=0 y=1 c0=t712 c1=t716
16078 core=0 noop r=0 y=0 c0=t712 c1=t716
16079 core=1 give r=1 y=0 c0=t712 c1=t716
16080 core=0 noop r=0 y=0 c0=t712 c1=t716
16081 core=0 give r=0 y=0 c0=t712 c1=t716
16082 core=1 prio t716 2 r=0 y=0 c0=t712 c1=t716
16083 core=0 give_isr r=0 y=0 c0=t712 c1=t716
16084 core=1 noop r=0 y=0 c0=t712 c1=t716
16085 core=0 tick r=1 y=1 c0=IDLE0 c1=t716
16086 core=1 noop r=0 y=0 c0=IDLE0 c1=t716
16087 core=0 noop r=0 y=0 c0=IDLE0 c1=t716
16088 core=1 give_isr r=0 y=0 c0=IDLE0 c1=t716
16089 core=0 noop r=0 y=0 c0=IDLE0 c1=t716
16090 core=0 create 7 t718 p2 r=1 y=1 c0=t718 c1=t716
16091 core=0 resume t717 r=0 y=2 c0=t718 c1=t717
16092 core=0 delay t718 1 r=0 y=1 c0=t716 c1=t717
16093 core=1 takeb t717 2 r=1 y=0 c0=t716 c1=t717
16094 core=1 take t717 r=0 y=0 c0=t716 c1=t717
16095 core=0 noop r=0 y=0 c0=t716 c1=t717
16096 core=0 create 4 t719 p2 r=1 y=0 c0=t716 c1=t717
16097 core=1 noop r=0 y=0 c0=t716 c1=t717
16098 core=1 delay t717 4 r=0 y=2 c0=t716 c1=t719
16099 core=0 takeb t716 1 r=2 y=1 c0=IDLE1 c1=t719
16100 core=0 noop r=0 y=0 c0=IDLE1 c1=t719
16101 core=1 give_isr r=1 y=1 c0=t716 c1=t719
16102 core=0 cont t716 r=1 y=0 c0=t716 c1=t719
16103 core=0 yield r=0 y=1 c0=t716 c1=t719
16104 core=1 noop r=0 y=0 c0=t716 c1=t719
16105 core=1 takeb t719 1 r=2 y=2 c0=t716 c1=t712
16106 core=1 suspend t707 r=0 y=0 c0=t716 c1=t712
16107 core=0 tick r=1 y=3 c0=t718 c1=t719
16108 core=1 cont t719 r=0 y=0 c0=t718 c1=t719
16109 core=0 create 0 t720 p1 r=1 y=0 c0=t718 c1=t719
16110 core=0 prio t712 3 r=0 y=2 c0=t718 c1=t712
16111 core=1 noop r=0 y=0 c0=t718 c1=t712
16112 core=1 prio t716 3 r=0 y=1 c0=t716 c1=t712
16113 core=0 delay t716 2 r=0 y=1 c0=t719 c1=t712
16114 core=0 resume t719 r=0 y=0 c0=t719 c1=t712
16115 core=0 noop r=0 y=0 c0=t719 c1=t712
16116 core=0 tick r=1 y=1 c0=t718 c1=t712
16117 core=1 noop r=0 y=0 c0=t718 c1=t712
16118 core=0 suspend t716 r=0 y=0 c0=t718 c1=t712
16119 core=1 noop r=0 y=0 c0=t718 c1=t712
16120 core=1 give r=1 y=0 c0=t718 c1=t712
16121 core=0 tick r=1 y=1 c0=t719 c1=t712
16122 core=1 noop r=0 y=0 c0=t719 c1=t712
16123 core=0 prio t717 2 r=0 y=0 c0=t719 c1=t712
16124 core=0 tick r=1 y=1 c0=t718 c1=t712
16125 core=1 noop r=0 y=0 c0=t718 c1=t712
16126 core=0 take t718 r=1 y=0 c0=t718 c1=t712
16127 core=1 give_isr r=1 y=0 c0=t718 c1=t712
16128 core=1 delete 3 t712 r=0 y=2 c0=t718 c1=t717
16129 core=1 noop r=0 y=0 c0=t718 c1=t717
16130 core=0 noop r=0 y=0 c0=t718 c1=t717
16131 core=0 tick r=1 y=3 c0=t719 c1=t718
16132 core=1 noop r=0 y=0 c0=t719 c1=t718
16133 core=0 noop r=0 y=0 c0=t719 c1=t718
16134 core=1 takeb t718 5 r=1 y=0 c0=t719 c1=t718
16135 core=0 tick r=1 y=3 c0=t717 c1=t719
16136 core=1 noop r=0 y=0 c0=t717 c1=t719
16137 core=0 tick r=1 y=3 c0=t718 c1=t717
16138 core=0 noop r=0 y=0 c0=t718 c1=t717
16139 core=0 takeb t718 5 r=2 y=1 c0=t719 c1=t717
16140 core=1 noop r=0 y=0 c0=t719 c1=t717
16141 core=1 prio t720 1 r=0 y=0 c0=t719 c1=t717
16142 core=0 noop r=0 y=0 c0=t719 c1=t717
16143 core=0 takeb t719 5 r=2 y=1 c0=t720 c1=t717
16144 core=0 give r=1 y=1 c0=t718 c1=t717
16145 core=1 resume t716 r=0 y=2 c0=t718 c1=t716
16146 core=1 noop r=0 y=0 c0=t718 c1=t716
16147 core=0 cont t718 r=1 y=0 c0=t718 c1=t716
16148 core=0 give_isr r=1 y=0 c0=t718 c1=t716
16149 core=0 tick r=1 y=1 c0=t717 c1=t716
16150 core=0 take t717 r=1 y=0 c0=t717 c1=t716
16151 core=0 delay t717 4 r=0 y=1 c0=t719 c1=t716
16152 core=0 cont t719 r=2 y=1 c0=t718 c1=t716
16153 core=0 give_isr r=1 y=0 c0=t718 c1=t716
16154 core=0 tick r=1 y=1 c0=t719 c1=t716
16155 core=0 cont t719 r=1 y=0 c0=t719 c1=t716
16156 core=0 give r=1 y=0 c0=t719 c1=t716
16157 core=0 resume t718 r=0 y=0 c0=t719 c1=t716
16158 core=0 yield r=0 y=1 c0=t718 c1=t716
16159 core=1 noop r=0 y=0 c0=t718 c1=t716
16160 core=0 noop r=0 y=0 c0=t718 c1=t716
16161 core=1 give_isr r=0 y=0 c0=t718 c1=t716
16162 core=0 tick r=1 y=1 c0=t719 c1=t716
16163 core=0 create 3 t721 p2 r=1 y=0 c0=t719 c1=t716
16164 core=0 tick r=1 y=1 c0=t718 c1=t716
16165 core=0 takeb t718 6 r=1 y=0 c0=t718 c1=t716
16166 core=0 give r=1 y=0 c0=t718 c1=t716
16167 core=0 delete 3 t721 r=0 y=0 c0=t718 c1=t716
16168 core=0 give r=0 y=0 c0=t718 c1=t716
16169 core=1 noop r=0 y=0 c0=t718 c1=t716
16170 core=1 suspend t707 r=0 y=0 c0=t718 c1=t716
16171 core=0 give_isr r=0 y=0 c0=t718 c1=t716
16172 core=0 delay t718 5 r=0 y=1 c0=t719 c1=t716
16173 core=1 suspend t707 r=0 y=0 c0=t719 c1=t716
16174 core=0 resume t717 r=0 y=0 c0=t719 c1=t716
16175 core=0 prio t716 0 r=0 y=2 c0=t719 c1=t720
16176 core=1 resume t719 r=0 y=0 c0=t719 c1=t720
16177 core=1 prio t718 3 r=0 y=0 c0=t719 c1=t720
16178 core=1 delay t720 1 r=0 y=2 c0=t719 c1=IDLE0
16179 core=0 give r=0 y=0 c0=t719 c1=IDLE0
16180 core=1 suspend t720 r=0 y=0 c0=t719 c1=IDLE0
16181 core=1 noop r=0 y=0 c0=t719 c1=IDLE0
16182 core=0 delay t719 5 r=0 y=1 c0=IDLE1 c1=IDLE0
16183 core=0 delete 7 t718 r=0 y=0 c0=IDLE1 c1=IDLE0
16184 core=0 noop r=0 y=0 c0=IDLE1 c1=IDLE0
16185 core=1 noop r=0 y=0 c0=IDLE1 c1=IDLE0
16186 core=0 create 3 t722 p2 r=1 y=2 c0=IDLE1 c1=t722
16187 core=0 create 5 t723 p3 r=1 y=1 c0=t723 c1=t722
16188 core=0 give r=0 y=0 c0=t723 c1=t722
16189 core=1 noop r=0 y=0 c0=t723 c1=t722
16190 core=1 give r=0 y=0 c0=t723 c1=t722
16191 core=0 delay t723 3 r=0 y=1 c0=t716 c1=t722
16192 core=1 noop r=0 y=0 c0=t716 c1=t722
16193 core=0 suspend t717 r=0 y=0 c0=t716 c1=t722
16194 core=0 noop r=0 y=0 c0=t716 c1=t722
16195 core=1 delete 0 t720 r=0 y=0 c0=t716 c1=t722
16196 core=0 noop r=0 y=0 c0=t716 c1=t722
16197 core=0 noop r=0 y=0 c0=t716 c1=t722
16198 core=0 tick r=1 y=1 c0=IDLE0 c1=t722
16199 core=0 yield r=0 y=1 c0=IDLE1 c1=t722
16200 core=1 give r=0 y=0 c0=IDLE1 c1=t722
16201 core=0 give r=0 y=0 c0=IDLE1 c1=t722
16202 core=1 resume t719 r=0 y=0 c0=IDLE1 c1=t722
16203 core=0 noop r=0 y=0 c0=IDLE1 c1=t722
16204 core=0 tick r=1 y=1 c0=t716 c1=t722
16205 core=1 suspend t717 r=0 y=0 c0=t716 c1=t722
16206 core=0 create 2 t724 p2 r=1 y=1 c0=t724 c1=t722
16207 core=1 give_isr r=0 y=0 c0=t724 c1=t722
16208 core=0 delay t724 3 r=0 y=1 c0=IDLE0 c1=t722
16209 core=0 tick r=1 y=1 c0=t723 c1=t722
16210 core=0 noop r=0 y=0 c0=t723 c1=t722
16211 core=1 delay t722 3 r=0 y=2 c0=t723 c1=IDLE1
16212 core=1 resume t717 r=0 y=2 c0=t723 c1=t717
16213 core=0 delay t723 1 r=0 y=1 c0=t716 c1=t717
16214 core=0 noop r=0 y=0 c0=t716 c1=t717
16215 core=0 noop r=0 y=0 c0=t716 c1=t717
16216 core=1 resume t722 r=0 y=0 c0=t716 c1=t717
16217 core=1 takeb t717 2 r=1 y=0 c0=t716 c1=t717
16218 core=0 resume t724 r=0 y=0 c0=t716 c1=t717
16219 core=0 create 0 t725 p2 r=1 y=1 c0=t725 c1=t717
16220 core=1 resume t719 r=0 y=0 c0=t725 c1=t717
16221 core=1 give_isr r=1 y=0 c0=t725 c1=t717
16222 core=1 give r=0 y=0 c0=t725 c1=t717
16223 core=0 tick r=1 y=3 c0=t723 c1=t725
16224 core=1 suspend t725 r=0 y=2 c0=t723 c1=t717
16225 core=0 prio t722 2 r=0 y=0 c0=t723 c1=t717
16226 core=1 noop r=0 y=0 c0=t723 c1=t717
16227 core=0 resume t707 r=0 y=0 c0=t723 c1=t717
16228 core=1 noop r=0 y=0 c0=t723 c1=t717
16229 core=0 delete 2 t724 r=0 y=0 c0=t723 c1=t717
16230 core=0 resume t717 r=0 y=0 c0=t723 c1=t717
16231 core=0 yield r=0 y=1 c0=t723 c1=t717
16232 core=0 yield r=0 y=1 c0=t723 c1=t717
16233 core=1 takeb t717 4 r=1 y=0 c0=t723 c1=t717
16234 core=1 noop r=0 y=0 c0=t723 c1=t717
16235 core=0 give r=1 y=0 c0=t723 c1=t717
16236 core=0 resume t707 r=0 y=0 c0=t723 c1=t717
16237 core=0 noop r=0 y=0 c0=t723 c1=t717
16238 core=1 prio t717 0 r=0 y=2 c0=t723 c1=t707
16239 core=1 noop r=0 y=0 c0=t723 c1=t707
16240 core=0 delay t723 5 r=0 y=1 c0=IDLE0 c1=t707
16241 core=1 give_isr r=0 y=0 c0=IDLE0 c1=t707
16242 core=1 delay t707 4 r=0 y=2 c0=IDLE0 c1=IDLE1
16243 core=1 create 8 t726 p2 r=1 y=2 c0=IDLE0 c1=t726
16244 core=0 delete 9 t717 r=0 y=0 c0=IDLE0 c1=t726
16245 core=0 resume t722 r=0 y=0 c0=IDLE0 c1=t726
16246 core=0 create 9 t727 p0 r=1 y=1 c0=t716 c1=t726
16247 core=0 yield r=0 y=1 c0=IDLE1 c1=t726
16248 core=0 noop r=0 y=0 c0=IDLE1 c1=t726
16249 core=0 give r=0 y=0 c0=IDLE1 c1=t726
16250 core=0 give r=0 y=0 c0=IDLE1 c1=t726
16251 core=1 yield r=0 y=2 c0=IDLE1 c1=t726
16252 core=0 noop r=0 y=0 c0=IDLE1 c1=t726
16253 core=1 noop r=0 y=0 c0=IDLE1 c1=t726
16254 core=0 give_isr r=0 y=0 c0=IDLE1 c1=t726
16255 core=0 prio t727 0 r=0 y=0 c0=IDLE1 c1=t726
16256 core=1 take t726 r=1 y=0 c0=IDLE1 c1=t726
16257 core=0 resume t723 r=0 y=0 c0=IDLE1 c1=t726
16258 core=1 resume t719 r=0 y=0 c0=IDLE1 c1=t726
16259 core=1 resume t725 r=0 y=1 c0=t725 c1=t726
16260 core=0 noop r=0 y=0 c0=t725 c1=t726
16261 core=0 takeb t725 5 r=2 y=1 c0=t727 c1=t726
16262 core=0 resume t727 r=0 y=0 c0=t727 c1=t726
16263 core=1 resume t723 r=0 y=0 c0=t727 c1=t726
16264 core=0 tick r=1 y=3 c0=t719 c1=t726
16265 core=1 delay t726 2 r=0 y=2 c0=t719 c1=IDLE0
16266 core=0 tick r=1 y=3 c0=t722 c1=t719
16267 core=1 give r=1 y=0 c0=t722 c1=t719
16268 core=0 resume t719 r=0 y=0 c0=t722 c1=t719
16269 core=0 suspend t716 r=0 y=0 c0=t722 c1=t719
16270 core=1 delay t719 2 r=0 y=2 c0=t722 c1=t725
16271 core=1 cont t725 r=1 y=0 c0=t722 c1=t725
16272 core=0 prio t716 3 r=0 y=0 c0=t722 c1=t725
16273 core=0 give r=1 y=0 c0=t722 c1=t725
16274 core=1 prio t707 3 r=0 y=0 c0=t722 c1=t725
16275 core=1 prio t719 2 r=0 y=0 c0=t722 c1=t725
16276 core=1 suspend t719 r=0 y=0 c0=t722 c1=t725
16277 core=0 tick r=1 y=3 c0=t726 c1=t722
16278 core=1 noop r=0 y=0 c0=t726 c1=t722
16279 core=0 prio t723 3 r=0 y=0 c0=t726 c1=t722
16280 core=1 give r=0 y=0 c0=t726 c1=t722
16281 core=0 prio t723 3 r=0 y=0 c0=t726 c1=t722
16282 core=0 resume t707 r=0 y=0 c0=t726 c1=t722
16283 core=0 takeb t726 3 r=1 y=0 c0=t726 c1=t722
16284 core=0 tick r=1 y=3 c0=t707 c1=t725
16285 core=0 tick r=1 y=3 c0=t723 c1=t707
16286 core=0 tick r=1 y=3 c0=t723 c1=t707
16287 core=0 suspend t722 r=0 y=0 c0=t723 c1=t707
16288 core=1 delete 8 t726 r=0 y=0 c0=t723 c1=t707
16289 core=0 noop r=0 y=0 c0=t723 c1=t707
16290 core=1 give r=1 y=0 c0=t723 c1=t707
16291 core=0 prio t719 3 r=0 y=0 c0=t723 c1=t707
16292 core=0 tick r=1 y=3 c0=t723 c1=t707
16293 core=0 noop r=0 y=0 c0=t723 c1=t707
16294 core=0 tick r=1 y=3 c0=t723 c1=t707
16295 core=1 suspend t725 r=0 y=0 c0=t723 c1=t707
16296 core=0 prio t719 0 r=0 y=0 c0=t723 c1=t707
16297 core=0 takeb t723 5 r=1 y=0 c0=t723 c1=t707
16298 core=0 noop r=0 y=0 c0=t723 c1=t707
16299 core=1 resume t719 r=0 y=0 c0=t723 c1=t707
16300 core=0 suspend t727 r=0 y=0 c0=t723 c1=t707
16301 core=0 delete 0 t725 r=0 y=0 c0=t723 c1=t707
16302 core=0 resume t727 r=0 y=0 c0=t723 c1=t707
16303 core=0 noop r=0 y=0 c0=t723 c1=t707
16304 core=0 delay t723 1 r=0 y=1 c0=IDLE1 c1=t707
16305 core=1 resume t727 r=0 y=0 c0=IDLE1 c1=t707
16306 core=1 yield r=0 y=2 c0=IDLE1 c1=t707
16307 core=0 suspend t727 r=0 y=0 c0=IDLE1 c1=t707
16308 core=0 noop r=0 y=0 c0=IDLE1 c1=t707
16309 core=0 tick r=1 y=3 c0=t723 c1=t707
16310 core=1 delay t707 3 r=0 y=2 c0=t723 c1=IDLE0
16311 core=1 noop r=0 y=0 c0=t723 c1=IDLE0
16312 core=0 give r=1 y=0 c0=t723 c1=IDLE0
16313 core=1 give r=0 y=0 c0=t723 c1=IDLE0
16314 core=0 give_isr r=0 y=0 c0=t723 c1=IDLE0
16315 core=0 prio t719 3 r=0 y=2 c0=t723 c1=t719
16316 core=1 delay t719 3 r=0 y=2 c0=t723 c1=IDLE1
16317 core=0 yield r=0 y=1 c0=t723 c1=IDLE1
16318 core=1 noop r=0 y=0 c0=t723 c1=IDLE1
16319 core=0 prio t723 2 r=0 y=1 c0=t723 c1=IDLE1
16320 core=0 delay t723 1 r=0 y=1 c0=IDLE0 c1=IDLE1
16321 core=1 noop r=0 y=0 c0=IDLE0 c1=IDLE1
16322 core=1 noop r=0 y=0 c0=IDLE0 c1=IDLE1
16323 core=0 noop r=0 y=0 c0=IDLE0 c1=IDLE1
16324 core=0 give_isr r=0 y=0 c0=IDLE0 c1=IDLE1
16325 core=0 noop r=0 y=0 c0=IDLE0 c1=IDLE1
16326 core=1 noop r=0 y=0 c0=IDLE0 c1=IDLE1
16327 core=0 yield r=0 y=1 c0=IDLE0 c1=IDLE1
16328 core=1 noop r=0 y=0 c0=IDLE0 c1=IDLE1
16329 core=0 yield r=0 y=1 c0=IDLE0 c1=IDLE1
16330 core=1 noop r=0 y=0 c0=IDLE0 c1=IDLE1
16331 core=1 give_isr r=0 y=0 c0=IDLE0 c1=IDLE1
16332 core=1 prio t722 1 r=0 y=0 c0=IDLE0 c1=IDLE1
16333 core=1 noop r=0 y=0 c0=IDLE0 c1=IDLE1
16334 core=0 suspend t716 r=0 y=0 c0=IDLE0 c1=IDLE1
16335 core=0 tick r=1 y=3 c0=t723 c1=IDLE0
16336 core=1 noop r=0 y=0 c0=t723 c1=IDLE0
16337 core=0 takeb t723 3 r=1 y=0 c0=t723 c1=IDLE0
16338 core=1 noop r=0 y=0 c0=t723 c1=IDLE0
16339 core=0 prio t707 0 r=0 y=0 c0=t723 c1=IDLE0
16340 core=1 noop r=0 y=0 c0=t723 c1=IDLE0
16341 core=0 delay t723 1 r=0 y=1 c0=IDLE1 c1=IDLE0
16342 core=1 give_isr r=1 y=0 c0=IDLE1 c1=IDLE0
16343 core=0 noop r=0 y=0 c0=IDLE1 c1=IDLE0
16344 core=1 noop r=0 y=0 c0=IDLE1 c1=IDLE0
16345 core=1 noop r=0 y=0 c0=IDLE1 c1=IDLE0
16346 core=1 noop r=0 y=0 c0=IDLE1 c1=IDLE0
16347 core=0 suspend t719 r=0 y=0 c0=IDLE1 c1=IDLE0
16348 core=1 noop r=0 y=0 c0=IDLE1 c1=IDLE0
16349 core=0 give r=0 y=0 c0=IDLE1 c1=IDLE0
16350 core=0 prio t727 1 r=0 y=0 c0=IDLE1 c1=IDLE0
16351 core=0 tick r=1 y=3 c0=t723 c1=IDLE1
16352 core=0 noop r=0 y=0 c0=t723 c1=IDLE1
16353 core=1 suspend t727 r=0 y=0 c0=t723 c1=IDLE1
16354 core=0 give r=0 y=0 c0=t723 c1=IDLE1
16355 core=1 prio t716 0 r=0 y=0 c0=t723 c1=IDLE1
16356 core=0 takeb t723 2 r=1 y=0 c0=t723 c1=IDLE1
16357 core=0 resume t723 r=0 y=0 c0=t723 c1=IDLE1
16358 core=1 noop r=0 y=0 c0=t723 c1=IDLE1
16359 core=0 tick r=0 y=2 c0=t723 c1=IDLE0
16360 core=1 give_isr r=1 y=0 c0=t723 c1=IDLE0
16361 core=1 noop r=0 y=0 c0=t723 c1=IDLE0
16362 core=0 give r=0 y=0 c0=t723 c1=IDLE0
16363 core=0 prio t707 0 r=0 y=0 c0=t723 c1=IDLE0
16364 core=1 noop r=0 y=0 c0=t723 c1=IDLE0
16365 core=1 prio t723 0 r=0 y=1 c0=t707 c1=IDLE0
16366 core=1 noop r=0 y=0 c0=t707 c1=IDLE0
16367 core=0 prio t723 0 r=0 y=0 c0=t707 c1=IDLE0
16368 core=0 resume t719 r=0 y=2 c0=t707 c1=t719
16369 core=0 resume t722 r=0 y=1 c0=t722 c1=t719
16370 core=0 delay t722 3 r=0 y=1 c0=IDLE1 c1=t719
16371 core=0 tick r=1 y=1 c0=t723 c1=t719
16372 core=1 noop r=0 y=0 c0=t723 c1=t719
16373 core=1 resume t716 r=0 y=0 c0=t723 c1=t719
16374 core=0 resume t716 r=0 y=0 c0=t723 c1=t719
16375 core=0 give_isr r=0 y=0 c0=t723 c1=t719
16376 core=1 prio t727 3 r=0 y=0 c0=t723 c1=t719
16377 core=1 resume t716 r=0 y=0 c0=t723 c1=t719
16378 core=1 delete 9 t727 r=0 y=0 c0=t723 c1=t719
16379 core=1 suspend t716 r=0 y=0 c0=t723 c1=t719
16380 core=1 delay t719 3 r=0 y=2 c0=t723 c1=IDLE0
16381 core=0 prio t716 0 r=0 y=0 c0=t723 c1=IDLE0
16382 core=1 resume t716 r=0 y=2 c0=t723 c1=t707
16383 core=1 give r=0 y=0 c0=t723 c1=t707
16384 core=1 noop r=0 y=0 c0=t723 c1=t707
16385 core=0 noop r=0 y=0 c0=t723 c1=t707
16386 core=1 noop r=0 y=0 c0=t723 c1=t707
16387 core=0 give r=0 y=0 c0=t723 c1=t707
16388 core=0 tick r=1 y=3 c0=IDLE1 c1=t716
16389 core=1 resume t723 r=0 y=0 c0=IDLE1 c1=t716
16390 core=0 prio t719 2 r=0 y=0 c0=IDLE1 c1=t716
16391 core=0 noop r=0 y=0 c0=IDLE1 c1=t716
16392 core=0 give r=0 y=0 c0=IDLE1 c1=t716
16393 core=0 noop r=0 y=0 c0=IDLE1 c1=t716
16394 core=0 create 2 t728 p1 r=1 y=1 c0=t728 c1=t716
16395 core=1 noop r=0 y=0 c0=t728 c1=t716
16396 core=1 delete 4 t719 r=0 y=0 c0=t728 c1=t716
16397 core=1 takeb t716 6 r=1 y=0 c0=t728 c1=t716
16398 core=0 tick r=1 y=3 c0=t722 c1=t728
16399 core=1 resume t707 r=0 y=0 c0=t722 c1=t728
16400 core=1 yield r=0 y=2 c0=t722 c1=t728
16401 core=1 noop r=0 y=0 c0=t722 c1=t728
16402 core=0 noop r=0 y=0 c0=t722 c1=t728
16403 core=0 prio t707 3 r=0 y=2 c0=t722 c1=t707
16404 core=0 resume t728 r=0 y=0 c0=t722 c1=t707
16405 core=1 give_isr r=1 y=0 c0=t722 c1=t707
16406 core=0 give_isr r=0 y=0 c0=t722 c1=t707
16407 core=0 noop r=0 y=0 c0=t722 c1=t707
16408 core=1 noop r=0 y=0 c0=t722 c1=t707
16409 core=0 yield r=0 y=1 c0=t728 c1=t707
16410 core=0 prio t707 0 r=0 y=2 c0=t728 c1=t722
16411 core=1 noop r=0 y=0 c0=t728 c1=t722
16412 core=0 delay t728 5 r=0 y=1 c0=IDLE0 c1=t722
16413 core=1 create 7 t729 p1 r=1 y=1 c0=t729 c1=t722
16414 core=0 noop r=0 y=0 c0=t729 c1=t722
16415 core=0 tick r=1 y=3 c0=t729 c1=t722
16416 core=0 create 8 t730 p3 r=1 y=2 c0=t729 c1=t730
16417 core=1 noop r=0 y=0 c0=t729 c1=t730
16418 core=0 tick r=1 y=1 c0=t722 c1=t730
16419 core=0 resume t716 r=0 y=0 c0=t722 c1=t730
16420 core=1 noop r=0 y=0 c0=t722 c1=t730
16421 core=1 delete 6 t716 r=0 y=0 c0=t722 c1=t730
16422 core=1 noop r=0 y=0 c0=t722 c1=t730
16423 core=1 noop r=0 y=0 c0=t722 c1=t730
16424 core=1 takeb t730 3 r=1 y=0 c0=t722 c1=t730
16425 core=0 noop r=0 y=0 c0=t722 c1=t730
16426 core=1 noop r=0 y=0 c0=t722 c1=t730
16427 core=0 noop r=0 y=0 c0=t722 c1=t730
16428 core=0 prio t707 1 r=0 y=0 c0=t722 c1=t730
16429 core=1 delay t730 4 r=0 y=2 c0=t722 c1=t729
16430 core=0 create 6 t731 p2 r=1 y=2 c0=t722 c1=t731
16431 core=1 noop r=0 y=0 c0=t722 c1=t731
16432 core=0 delete 2 t728 r=0 y=0 c0=t722 c1=t731
16433 core=0 delay t722 5 r=0 y=1 c0=t707 c1=t731
16434 core=1 resume t707 r=0 y=0 c0=t707 c1=t731
16435 core=1 suspend t722 r=0 y=0 c0=t707 c1=t731
16436 core=0 takeb t707 3 r=2 y=1 c0=t729 c1=t731
16437 core=1 delay t731 2 r=0 y=2 c0=t729 c1=t723
16438 core=0 give r=1 y=2 c0=t729 c1=t707
16439 core=1 cont t707 r=1 y=0 c0=t729 c1=t707
16440 core=0 give_isr r=1 y=0 c0=t729 c1=t707
16441 core=0 give_isr r=0 y=0 c0=t729 c1=t707
16442 core=1 create 9 t732 p3 r=1 y=2 c0=t729 c1=t732
16443 core=0 noop r=0 y=0 c0=t729 c1=t732
16444 core=0 tick r=1 y=1 c0=t707 c1=t732
16445 core=0 noop r=0 y=0 c0=t707 c1=t732
16446 core=0 suspend t707 r=0 y=1 c0=t729 c1=t732
16447 core=0 takeb t729 5 r=1 y=0 c0=t729 c1=t732
16448 core=1 delete 6 t731 r=0 y=0 c0=t729 c1=t732
16449 core=1 delay t732 5 r=0 y=2 c0=t729 c1=IDLE1
16450 core=1 yield r=0 y=2 c0=t729 c1=IDLE0
16451 core=1 noop r=0 y=0 c0=t729 c1=IDLE0
16452 core=1 give r=1 y=0 c0=t729 c1=IDLE0
16453 core=0 take t729 r=1 y=0 c0=t729 c1=IDLE0
16454 core=1 resume t732 r=0 y=0 c0=t729 c1=IDLE0
16455 core=1 suspend t722 r=0 y=0 c0=t729 c1=IDLE0
16456 core=0 suspend t729 r=0 y=1 c0=t723 c1=IDLE0
16457 core=1 give r=1 y=0 c0=t723 c1=IDLE0
16458 core=1 give r=0 y=0 c0=t723 c1=IDLE0
16459 core=1 noop r=0 y=0 c0=t723 c1=IDLE0
16460 core=1 yield r=0 y=2 c0=t723 c1=IDLE1
16461 core=0 give r=0 y=0 c0=t723 c1=IDLE1
16462 core=0 take t723 r=1 y=0 c0=t723 c1=IDLE1
16463 core=1 noop r=0 y=0 c0=t723 c1=IDLE1
16464 core=0 resume t723 r=0 y=0 c0=t723 c1=IDLE1
16465 core=1 noop r=0 y=0 c0=t723 c1=IDLE1
16466 core=1 delete 3 t722 r=0 y=0 c0=t723 c1=IDLE1
16467 core=1 give_isr r=1 y=0 c0=t723 c1=IDLE1
16468 core=0 tick r=1 y=3 c0=IDLE0 c1=t723
16469 core=1 noop r=0 y=0 c0=IDLE0 c1=t723
16470 core=0 prio t723 1 r=0 y=0 c0=IDLE0 c1=t723
16471 core=0 tick r=1 y=1 c0=IDLE1 c1=t723
16472 core=1 noop r=0 y=0 c0=IDLE1 c1=t723
16473 core=1 resume t729 r=0 y=1 c0=t729 c1=t723
16474 core=1 give r=0 y=0 c0=t729 c1=t723
16475 core=0 prio t729 3 r=0 y=0 c0=t729 c1=t723
16476 core=0 give r=0 y=0 c0=t729 c1=t723
16477 core=1 give r=0 y=0 c0=t729 c1=t723
16478 core=1 prio t707 3 r=0 y=0 c0=t729 c1=t723
16479 core=1 give r=0 y=0 c0=t729 c1=t723
16480 core=0 noop r=0 y=0 c0=t729 c1=t723
16481 core=1 noop r=0 y=0 c0=t729 c1=t723
16482 core=0 noop r=0 y=0 c0=t729 c1=t723
16483 core=0 suspend t723 r=0 y=2 c0=t729 c1=IDLE0
16484 core=0 tick r=1 y=3 c0=t730 c1=t729
16485 core=0 noop r=0 y=0 c0=t730 c1=t729
16486 core=0 give r=0 y=0 c0=t730 c1=t729
16487 core=1 give r=0 y=0 c0=t730 c1=t729
16488 core=1 suspend t730 r=0 y=1 c0=IDLE1 c1=t729
16489 core=0 resume t729 r=0 y=0 c0=IDLE1 c1=t729
16490 core=0 tick r=1 y=1 c0=IDLE0 c1=t729
16491 core=0 tick r=1 y=3 c0=t732 c1=t729
16492 core=0 resume t707 r=0 y=0 c0=t732 c1=t729
16493 core=0 create 2 t733 p2 r=1 y=0 c0=t732 c1=t729
16494 core=0 resume t729 r=0 y=0 c0=t732 c1=t729
16495 core=0 give r=0 y=0 c0=t732 c1=t729
16496 core=0 give_isr r=0 y=0 c0=t732 c1=t729
16497 core=0 resume t729 r=0 y=0 c0=t732 c1=t729
16498 core=0 tick r=1 y=3 c0=t707 c1=t732
16499 core=1 noop r=0 y=0 c0=t707 c1=t732
16500 core=0 takeb t707 5 r=1 y=0 c0=t707 c1=t732
16501 core=1 takeb t732 2 r=2 y=2 c0=t707 c1=t729
16502 core=1 takeb t729 2 r=2 y=2 c0=t707 c1=t733
16503 core=1 noop r=0 y=0 c0=t707 c1=t733
16504 core=0 takeb t707 3 r=2 y=1 c0=IDLE1 c1=t733
16505 core=0 noop r=0 y=0 c0=IDLE1 c1=t733
16506 core=1 yield r=0 y=2 c0=IDLE1 c1=t733
16507 core=0 noop r=0 y=0 c0=IDLE1 c1=t733
16508 core=0 yield r=0 y=1 c0=IDLE0 c1=t733
16509 core=0 resume t733 r=0 y=0 c0=IDLE0 c1=t733
16510 core=0 tick r=1 y=1 c0=IDLE1 c1=t733
16511 core=0 tick r=1 y=3 c0=t732 c1=t729
16512 core=0 cont t732 r=0 y=0 c0=t732 c1=t729
16513 core=0 prio t733 1 r=0 y=0 c0=t732 c1=t729
16514 core=0 noop r=0 y=0 c0=t732 c1=t729
16515 core=1 cont t729 r=0 y=0 c0=t732 c1=t729
16516 core=1 prio t730 1 r=0 y=0 c0=t732 c1=t729
16517 core=1 delete 8 t730 r=0 y=0 c0=t732 c1=t729
16518 core=1 takeb t729 2 r=2 y=2 c0=t732 c1=t733
16519 core=0 give r=1 y=2 c0=t732 c1=t707
16520 core=0 takeb t732 5 r=1 y=0 c0=t732 c1=t707
16521 core=1 cont t707 r=2 y=2 c0=t732 c1=t733
16522 core=0 noop r=0 y=0 c0=t732 c1=t733
16523 core=0 suspend t723 r=0 y=0 c0=t732 c1=t733
16524 core=0 suspend t723 r=0 y=0 c0=t732 c1=t733
16525 core=0 suspend t723 r=0 y=0 c0=t732 c1=t733
16526 core=1 noop r=0 y=0 c0=t732 c1=t733
16527 core=0 take t732 r=0 y=0 c0=t732 c1=t733
16528 core=0 create 3 t734 p3 r=1 y=2 c0=t732 c1=t734
16529 core=1 delay t734 4 r=0 y=2 c0=t732 c1=t733
16530 core=0 noop r=0 y=0 c0=t732 c1=t733
16531 core=0 noop r=0 y=0 c0=t732 c1=t733
16532 core=1 resume t732 r=0 y=0 c0=t732 c1=t733
16533 core=0 yield r=0 y=1 c0=t732 c1=t733
16534 core=1 prio t707 1 r=0 y=0 c0=t732 c1=t733
16535 core=0 noop r=0 y=0 c0=t732 c1=t733
16536 core=0 tick r=0 y=2 c0=t732 c1=t707
16537 core=0 noop r=0 y=0 c0=t732 c1=t707
16538 core=0 delay t732 2 r=0 y=1 c0=t733 c1=t707
16539 core=1 cont t707 r=0 y=0 c0=t733 c1=t707
16540 core=1 resume t707 r=0 y=0 c0=t733 c1=t707
16541 core=0 noop r=0 y=0 c0=t733 c1=t707
16542 core=1 give r=1 y=2 c0=t733 c1=t729
16543 core=1 cont t729 r=1 y=0 c0=t733 c1=t729
16544 core=0 tick r=1 y=1 c0=t707 c1=t729
16545 core=0 delay t707 3 r=0 y=1 c0=t733 c1=t729
16546 core=1 resume t707 r=0 y=0 c0=t733 c1=t729
16547 core=0 noop r=0 y=0 c0=t733 c1=t729
16548 core=1 prio t732 1 r=0 y=0 c0=t733 c1=t729
16549 core=0 tick r=1 y=1 c0=t732 c1=t729
16550 core=0 noop r=0 y=0 c0=t732 c1=t729
16551 core=0 tick r=1 y=3 c0=t734 c1=t729
16552 core=1 takeb t729 3 r=2 y=2 c0=t734 c1=t733
16553 core=1 give r=1 y=2 c0=t734 c1=t729
16554 core=1 cont t729 r=1 y=0 c0=t734 c1=t729
16555 core=0 delete 9 t732 r=0 y=0 c0=t734 c1=t729
16556 core=0 tick r=1 y=3 c0=t734 c1=t729
16557 core=1 give r=1 y=0 c0=t734 c1=t729
16558 core=0 give r=0 y=0 c0=t734 c1=t729
16559 core=1 give r=0 y=0 c0=t734 c1=t729
16560 core=0 noop r=0 y=0 c0=t734 c1=t729
16561 core=0 give_isr r=0 y=0 c0=t734 c1=t729
16562 core=1 give_isr r=0 y=0 c0=t734 c1=t729
16563 core=1 suspend t734 r=0 y=1 c0=t733 c1=t729
16564 core=1 give_isr r=0 y=0 c0=t733 c1=t729
16565 core=0 give_isr r=0 y=0 c0=t733 c1=t729
16566 core=0 yield r=0 y=1 c0=t707 c1=t729
16567 core=1 create 4 t735 p1 r=1 y=0 c0=t707 c1=t729
16568 core=1 takeb t729 6 r=1 y=0 c0=t707 c1=t729
16569 core=1 create 0 t736 p1 r=1 y=0 c0=t707 c1=t729
16570 core=1 noop r=0 y=0 c0=t707 c1=t729
16571 core=0 delay t707 3 r=0 y=1 c0=t733 c1=t729
16572 core=0 delete 2 t733 r=0 y=1 c0=t735 c1=t729
16573 core=0 resume t723 r=0 y=0 c0=t735 c1=t729
16574 core=0 noop r=0 y=0 c0=t735 c1=t729
16575 core=1 resume t707 r=0 y=0 c0=t735 c1=t729
16576 core=0 delay t735 2 r=0 y=1 c0=t736 c1=t729
16577 core=1 noop r=0 y=0 c0=t736 c1=t729
16578 core=0 tick r=1 y=1 c0=t723 c1=t729
16579 core=1 resume t734 r=0 y=1 c0=t734 c1=t729
16580 core=0 tick r=1 y=3 c0=t734 c1=t729
16581 core=1 noop r=0 y=0 c0=t734 c1=t729
16582 core=0 resume t734 r=0 y=0 c0=t734 c1=t729
16583 core=0 resume t707 r=0 y=0 c0=t734 c1=t729
16584 core=0 give_isr r=1 y=0 c0=t734 c1=t729
16585 core=0 noop r=0 y=0 c0=t734 c1=t729
16586 core=1 delay t729 1 r=0 y=2 c0=t734 c1=t736
16587 core=0 delete 4 t735 r=0 y=0 c0=t734 c1=t736
16588 core=0 give r=0 y=0 c0=t734 c1=t736
16589 core=0 tick r=1 y=3 c0=t729 c1=t734
16590 core=0 create 8 t737 p3 r=1 y=0 c0=t729 c1=t734
16591 core=1 give r=0 y=0 c0=t729 c1=t734
16592 core=0 tick r=1 y=3 c0=t737 c1=t729
16593 core=0 tick r=1 y=3 c0=t734 c1=t737
16594 core=1 delete 1 t707 r=0 y=0 c0=t734 c1=t737
16595 core=1 delay t737 1 r=0 y=2 c0=t734 c1=t729
16596 core=1 noop r=0 y=0 c0=t734 c1=t729
16597 core=0 prio t734 1 r=0 y=1 c0=t723 c1=t729
16598 core=1 give r=0 y=0 c0=t723 c1=t729
16599 core=1 take t729 r=1 y=0 c0=t723 c1=t729
16600 core=0 yield r=0 y=1 c0=t736 c1=t729
16601 core=1 resume t729 r=0 y=0 c0=t736 c1=t729
16602 core=0 prio t734 2 r=0 y=1 c0=t734 c1=t729
16603 core=0 takeb t734 4 r=2 y=1 c0=t723 c1=t729
16604 core=1 resume t734 r=0 y=0 c0=t723 c1=t729
16605 core=1 delay t729 2 r=0 y=2 c0=t723 c1=t736
16606 core=0 suspend t729 r=0 y=0 c0=t723 c1=t736
16607 core=0 tick r=1 y=3 c0=t737 c1=t723
16608 core=0 delete 5 t723 r=0 y=2 c0=t737 c1=t736
16609 core=1 prio t736 2 r=0 y=0 c0=t737 c1=t736
16610 core=1 delete 0 t736 r=0 y=2 c0=t737 c1=IDLE0
16611 core=1 resume t729 r=0 y=2 c0=t737 c1=t729
16612 core=0 tick r=1 y=3 c0=t737 c1=t729
16613 core=0 tick r=1 y=3 c0=t737 c1=t729
16614 core=0 give r=1 y=0 c0=t737 c1=t729
16615 core=0 noop r=0 y=0 c0=t737 c1=t729
16616 core=0 tick r=1 y=3 c0=t737 c1=t729
16617 core=1 give r=0 y=0 c0=t737 c1=t729
16618 core=1 noop r=0 y=0 c0=t737 c1=t729
16619 core=0 noop r=0 y=0 c0=t737 c1=t729
16620 core=1 takeb t729 5 r=1 y=0 c0=t737 c1=t729
16621 core=0 tick r=1 y=3 c0=t737 c1=t729
16622 core=1 noop r=0 y=0 c0=t737 c1=t729
16623 core=0 noop r=0 y=0 c0=t737 c1=t729
16624 core=0 resume t734 r=0 y=0 c0=t737 c1=t729
16625 core=0 create 1 t738 p2 r=1 y=0 c0=t737 c1=t729
16626 core=0 noop r=0 y=0 c0=t737 c1=t729
16627 core=1 noop r=0 y=0 c0=t737 c1=t729
16628 core=0 yield r=0 y=1 c0=t737 c1=t729
16629 core=1 give_isr r=1 y=0 c0=t737 c1=t729
16630 core=0 noop r=0 y=0 c0=t737 c1=t729
16631 core=0 takeb t737 4 r=1 y=0 c0=t737 c1=t729
16632 core=0 delete 8 t737 r=0 y=1 c0=t734 c1=t729
16633 core=0 cont t734 r=0 y=0 c0=t734 c1=t729
16634 core=1 create 5 t739 p3 r=1 y=1 c0=t739 c1=t729
16635 core=0 noop r=0 y=0 c0=t739 c1=t729
16636 core=0 noop r=0 y=0 c0=t739 c1=t729
16637 core=0 give r=1 y=0 c0=t739 c1=t729
16638 core=1 resume t738 r=0 y=0 c0=t739 c1=t729
16639 core=1 noop r=0 y=0 c0=t739 c1=t729
16640 core=0 resume t738 r=0 y=0 c0=t739 c1=t729
16641 core=0 give r=0 y=0 c0=t739 c1=t729
16642 core=0 noop r=0 y=0 c0=t739 c1=t729
16643 core=0 give r=0 y=0 c0=t739 c1=t729
16644 core=0 create 6 t740 p0 r=1 y=0 c0=t739 c1=t729
16645 core=1 prio t738 1 r=0 y=0 c0=t739 c1=t729
16646 core=1 noop r=0 y=0 c0=t739 c1=t729
16647 core=0 delay t739 3 r=0 y=1 c0=t734 c1=t729
16648 core=1 prio t734 0 r=0 y=1 c0=t738 c1=t729
16649 core=1 takeb t729 5 r=1 y=0 c0=t738 c1=t729
16650 core=0 takeb t738 3 r=2 y=1 c0=IDLE1 c1=t729
16651 core=1 noop r=0 y=0 c0=IDLE1 c1=t729
16652 core=1 yield r=0 y=2 c0=IDLE1 c1=t729
16653 core=1 noop r=0 y=0 c0=IDLE1 c1=t729
16654 core=0 delete 5 t739 r=0 y=0 c0=IDLE1 c1=t729
16655 core=0 noop r=0 y=0 c0=IDLE1 c1=t729
16656 core=1 give r=1 y=1 c0=t738 c1=t729
16657 core=0 cont t738 r=1 y=0 c0=t738 c1=t729
16658 core=0 delay t738 4 r=0 y=1 c0=IDLE0 c1=t729
16659 core=0 noop r=0 y=0 c0=IDLE0 c1=t729
16660 core=1 prio t738 2 r=0 y=0 c0=IDLE0 c1=t729
16661 core=1 yield r=0 y=2 c0=IDLE0 c1=t729
16662 core=0 tick r=1 y=1 c0=t740 c1=t729
16663 core=0 tick r=1 y=1 c0=t734 c1=t729
16664 core=0 noop r=0 y=0 c0=t734 c1=t729
16665 core=1 give r=1 y=0 c0=t734 c1=t729
16666 core=0 noop r=0 y=0 c0=t734 c1=t729
16667 core=0 noop r=0 y=0 c0=t734 c1=t729
16668 core=0 delete 1 t738 r=0 y=0 c0=t734 c1=t729
16669 core=0 create 8 t741 p2 r=1 y=1 c0=t741 c1=t729
16670 core=0 noop r=0 y=0 c0=t741 c1=t729
16671 core=0 suspend t729 r=0 y=2 c0=t741 c1=IDLE1
16672 core=0 noop r=0 y=0 c0=t741 c1=IDLE1
16673 core=0 give r=0 y=0 c0=t741 c1=IDLE1
16674 core=0 noop r=0 y=0 c0=t741 c1=IDLE1
16675 core=1 noop r=0 y=0 c0=t741 c1=IDLE1
16676 core=0 create 4 t742 p1 r=1 y=2 c0=t741 c1=t742
16677 core=1 takeb t742 3 r=1 y=0 c0=t741 c1=t742
16678 core=1 give r=1 y=0 c0=t741 c1=t742
16679 core=1 noop r=0 y=0 c0=t741 c1=t742
16680 core=1 yield r=0 y=2 c0=t741 c1=t742
16681 core=1 noop r=0 y=0 c0=t741 c1=t742
16682 core=0 give_isr r=0 y=0 c0=t741 c1=t742
16683 core=1 suspend t740 r=0 y=0 c0=t741 c1=t742
16684 core=0 tick r=0 y=0 c0=t741 c1=t742
16685 core=0 suspend t740 r=0 y=0 c0=t741 c1=t742
16686 core=0 yield r=0 y=1 c0=t741 c1=t742
16687 core=0 noop r=0 y=0 c0=t741 c1=t742
16688 core=1 suspend t740 r=0 y=0 c0=t741 c1=t742
16689 core=1 noop r=0 y=0 c0=t741 c1=t742
16690 core=0 noop r=0 y=0 c0=t741 c1=t742
16691 core=1 noop r=0 y=0 c0=t741 c1=t742
16692 core=1 give_isr r=0 y=0 c0=t741 c1=t742
16693 core=0 take t741 r=1 y=0 c0=t741 c1=t742
16694 core=0 noop r=0 y=0 c0=t741 c1=t742
16695 core=1 create 9 t743 p0 r=1 y=0 c0=t741 c1=t742
16696 core=0 delete 6 t740 r=0 y=0 c0=t741 c1=t742
16697 core=0 tick r=0 y=0 c0=t741 c1=t742
16698 core=0 delay t741 4 r=0 y=1 c0=IDLE0 c1=t742
16699 core=0 yield r=0 y=1 c0=t734 c1=t742
16700 core=0 give r=1 y=0 c0=t734 c1=t742
16701 core=1 yield r=0 y=2 c0=t734 c1=t742
16702 core=0 noop r=0 y=0 c0=t734 c1=t742
16703 core=0 yield r=0 y=1 c0=IDLE1 c1=t742
16704 core=1 noop r=0 y=0 c0=IDLE1 c1=t742
16705 core=0 resume t741 r=0 y=0 c0=IDLE1 c1=t742
16706 core=1 noop r=0 y=0 c0=IDLE1 c1=t742
16707 core=1 delay t742 3 r=0 y=2 c0=IDLE1 c1=t743
16708 core=0 noop r=0 y=0 c0=IDLE1 c1=t743
16709 core=1 noop r=0 y=0 c0=IDLE1 c1=t743
16710 core=1 take t743 r=1 y=0 c0=IDLE1 c1=t743
16711 core=0 delete 7 t729 r=0 y=0 c0=IDLE1 c1=t743
16712 core=0 tick r=1 y=3 c0=IDLE0 c1=t734
16713 core=1 takeb t734 6 r=2 y=2 c0=IDLE0 c1=IDLE1
16714 core=1 noop r=0 y=0 c0=IDLE0 c1=IDLE1
16715 core=1 prio t734 3 r=0 y=0 c0=IDLE0 c1=IDLE1
16716 core=0 give_isr r=1 y=2 c0=IDLE0 c1=t734
16717 core=1 cont t734 r=1 y=0 c0=IDLE0 c1=t734
16718 core=0 tick r=1 y=1 c0=t743 c1=t734
16719 core=0 give_isr r=1 y=0 c0=t743 c1=t734
16720 core=0 noop r=0 y=0 c0=t743 c1=t734
16721 core=0 tick r=1 y=1 c0=t742 c1=t734
16722 core=0 give r=0 y=0 c0=t742 c1=t734
16723 core=0 noop r=0 y=0 c0=t742 c1=t734
16724 core=1 noop r=0 y=0 c0=t742 c1=t734
16725 core=0 delay t742 2 r=0 y=1 c0=IDLE1 c1=t734
16726 core=0 delete 4 t742 r=0 y=0 c0=IDLE1 c1=t734
16727 core=0 noop r=0 y=0 c0=IDLE1 c1=t734
16728 core=1 noop r=0 y=0 c0=IDLE1 c1=t734
16729 core=0 give_isr r=0 y=0 c0=IDLE1 c1=t734
16730 core=1 noop r=0 y=0 c0=IDLE1 c1=t734
16731 core=1 noop r=0 y=0 c0=IDLE1 c1=t734
16732 core=0 create 6 t744 p2 r=1 y=1 c0=t744 c1=t734
16733 core=1 give_isr r=0 y=0 c0=t744 c1=t734
16734 core=0 prio t734 3 r=0 y=0 c0=t744 c1=t734
16735 core=0 delay t744 1 r=0 y=1 c0=IDLE0 c1=t734
16736 core=1 suspend t743 r=0 y=0 c0=IDLE0 c1=t734
16737 core=0 create 0 t745 p0 r=1 y=1 c0=IDLE1 c1=t734
16738 core=0 noop r=0 y=0 c0=IDLE1 c1=t734
16739 core=0 tick r=1 y=1 c0=t741 c1=t734
16740 core=1 noop r=0 y=0 c0=t741 c1=t734
16741 core=1 noop r=0 y=0 c0=t741 c1=t734
16742 core=1 delete 6 t744 r=0 y=0 c0=t741 c1=t734
16743 core=0 yield r=0 y=1 c0=t741 c1=t734
16744 core=0 give_isr r=0 y=0 c0=t741 c1=t734
16745 core=1 give_isr r=0 y=0 c0=t741 c1=t734
16746 core=0 suspend t745 r=0 y=0 c0=t741 c1=t734
16747 core=0 delay t741 5 r=0 y=1 c0=IDLE0 c1=t734
16748 core=0 noop r=0 y=0 c0=IDLE0 c1=t734
16749 core=1 delay t734 4 r=0 y=2 c0=IDLE0 c1=IDLE1
16750 core=0 noop r=0 y=0 c0=IDLE0 c1=IDLE1
16751 core=1 create 7 t746 p1 r=1 y=2 c0=IDLE0 c1=t746
16752 core=0 tick r=1 y=1 c0=IDLE1 c1=t746
16753 core=1 delete 3 t734 r=0 y=0 c0=IDLE1 c1=t746
16754 core=1 give_isr r=0 y=0 c0=IDLE1 c1=t746
16755 core=1 noop r=0 y=0 c0=IDLE1 c1=t746
16756 core=1 noop r=0 y=0 c0=IDLE1 c1=t746
16757 core=1 noop r=0 y=0 c0=IDLE1 c1=t746
16758 core=1 yield r=0 y=2 c0=IDLE1 c1=t746
16759 core=1 create 2 t747 p3 r=1 y=1 c0=t747 c1=t746
16760 core=0 yield r=0 y=1 c0=t747 c1=t746
16761 core=1 create 1 t748 p3 r=1 y=2 c0=t747 c1=t748
16762 core=0 delete 0 t745 r=0 y=0 c0=t747 c1=t748
16763 core=0 takeb t747 6 r=1 y=0 c0=t747 c1=t748
16764 core=1 takeb t748 5 r=2 y=2 c0=t747 c1=t746
16765 core=1 takeb t746 4 r=2 y=2 c0=t747 c1=IDLE0
16766 core=1 noop r=0 y=0 c0=t747 c1=IDLE0
16767 core=1 resume t746 r=0 y=0 c0=t747 c1=IDLE0
16768 core=1 resume t748 r=0 y=0 c0=t747 c1=IDLE0
16769 core=1 noop r=0 y=0 c0=t747 c1=IDLE0
16770 core=1 give r=1 y=2 c0=t747 c1=t748
16771 core=0 yield r=0 y=1 c0=t747 c1=t748
16772 core=0 noop r=0 y=0 c0=t747 c1=t748
16773 core=0 resume t747 r=0 y=0 c0=t747 c1=t748
16774 core=0 give_isr r=0 y=0 c0=t747 c1=t748
16775 core=0 noop r=0 y=0 c0=t747 c1=t748
16776 core=0 yield r=0 y=1 c0=t747 c1=t748
16777 core=1 cont t748 r=1 y=0 c0=t747 c1=t748
16778 core=1 give r=1 y=0 c0=t747 c1=t748
16779 core=0 give_isr r=0 y=0 c0=t747 c1=t748
16780 core=1 give r=0 y=0 c0=t747 c1=t748
16781 core=1 suspend t741 r=0 y=0 c0=t747 c1=t748
16782 core=0 prio t747 2 r=0 y=1 c0=t747 c1=t748
16783 core=1 noop r=0 y=0 c0=t747 c1=t748
16784 core=1 suspend t743 r=0 y=0 c0=t747 c1=t748
16785 core=1 noop r=0 y=0 c0=t747 c1=t748
16786 core=1 noop r=0 y=0 c0=t747 c1=t748
16787 core=1 yield r=0 y=2 c0=t747 c1=t748
16788 core=0 noop r=0 y=0 c0=t747 c1=t748
16789 core=0 noop r=0 y=0 c0=t747 c1=t748
16790 core=1 delay t748 5 r=0 y=2 c0=t747 c1=t746
16791 core=0 delay t747 2 r=0 y=1 c0=IDLE1 c1=t746
16792 core=0 noop r=0 y=0 c0=IDLE1 c1=t746
16793 core=0 tick r=1 y=1 c0=IDLE0 c1=t746
16794 core=1 cont t746 r=1 y=0 c0=IDLE0 c1=t746
16795 core=1 suspend t748 r=0 y=0 c0=IDLE0 c1=t746
16796 core=1 noop r=0 y=0 c0=IDLE0 c1=t746
16797 core=0 noop r=0 y=0 c0=IDLE0 c1=t746
16798 core=0 noop r=0 y=0 c0=IDLE0 c1=t746
16799 core=0 tick r=1 y=1 c0=t747 c1=t746
16800 core=0 prio t741 0 r=0 y=0 c0=t747 c1=t746
16801 core=1 yield r=0 y=2 c0=t747 c1=t746
16802 core=1 give_isr r=1 y=0 c0=t747 c1=t746
16803 core=1 noop r=0 y=0 c0=t747 c1=t746
16804 core=1 give_isr r=0 y=0 c0=t747 c1=t746
16805 core=1 delete 1 t748 r=0 y=0 c0=t747 c1=t746
16806 core=0 give_isr r=0 y=0 c0=t747 c1=t746
16807 core=0 yield r=0 y=1 c0=t747 c1=t746
16808 core=1 noop r=0 y=0 c0=t747 c1=t746
16809 core=0 delay t747 3 r=0 y=1 c0=IDLE1 c1=t746
16810 core=1 take t746 r=1 y=0 c0=IDLE1 c1=t746
16811 core=1 noop r=0 y=0 c0=IDLE1 c1=t746
16812 core=1 create 4 t749 p1 r=1 y=1 c0=t749 c1=t746
16813 core=1 suspend t747 r=0 y=0 c0=t749 c1=t746
16814 core=0 prio t746 1 r=0 y=0 c0=t749 c1=t746
16815 core=1 noop r=0 y=0 c0=t749 c1=t746
16816 core=1 prio t749 2 r=0 y=0 c0=t749 c1=t746
16817 core=0 tick r=0 y=0 c0=t749 c1=t746
16818 core=0 yield r=0 y=1 c0=t749 c1=t746
16819 core=1 suspend t746 r=0 y=2 c0=t749 c1=IDLE0
16820 core=1 noop r=0 y=0 c0=t749 c1=IDLE0
16821 core=1 noop r=0 y=0 c0=t749 c1=IDLE0
16822 core=1 give r=1 y=0 c0=t749 c1=IDLE0
16823 core=1 give r=0 y=0 c0=t749 c1=IDLE0
16824 core=1 noop r=0 y=0 c0=t749 c1=IDLE0
16825 core=0 create 6 t750 p3 r=1 y=2 c0=t749 c1=t750
16826 core=1 give_isr r=0 y=0 c0=t749 c1=t750
16827 core=0 yield r=0 y=1 c0=t749 c1=t750
16828 core=0 delay t749 1 r=0 y=1 c0=IDLE1 c1=t750
16829 core=1 give r=0 y=0 c0=IDLE1 c1=t750
16830 core=0 suspend t746 r=0 y=0 c0=IDLE1 c1=t750
16831 core=0 prio t747 2 r=0 y=0 c0=IDLE1 c1=t750
16832 core=0 give r=0 y=0 c0=IDLE1 c1=t750
16833 core=0 create 3 t751 p0 r=1 y=1 c0=IDLE0 c1=t750
16834 core=0 tick r=1 y=1 c0=t749 c1=t750
16835 core=1 create 1 t752 p3 r=1 y=1 c0=t752 c1=t750
16836 core=0 resume t750 r=0 y=0 c0=t752 c1=t750
16837 core=0 suspend t752 r=0 y=1 c0=t749 c1=t750
16838 core=1 noop r=0 y=0 c0=t749 c1=t750
16839 core=0 delay t749 3 r=0 y=1 c0=t751 c1=t750
16840 core=1 suspend t741 r=0 y=0 c0=t751 c1=t750
16841 core=1 give r=0 y=0 c0=t751 c1=t750
16842 core=1 give r=0 y=0 c0=t751 c1=t750
16843 core=0 give r=0 y=0 c0=t751 c1=t750
16844 core=0 suspend t749 r=0 y=0 c0=t751 c1=t750
16845 core=0 delay t751 2 r=0 y=1 c0=IDLE1 c1=t750
16846 core=1 noop r=0 y=0 c0=IDLE1 c1=t750
16847 core=0 noop r=0 y=0 c0=IDLE1 c1=t750
16848 core=0 noop r=0 y=0 c0=IDLE1 c1=t750
16849 core=1 delay t750 3 r=0 y=2 c0=IDLE1 c1=IDLE0
16850 core=1 noop r=0 y=0 c0=IDLE1 c1=IDLE0
16851 core=0 noop r=0 y=0 c0=IDLE1 c1=IDLE0
16852 core=0 delete 6 t750 r=0 y=0 c0=IDLE1 c1=IDLE0
16853 core=0 delete 3 t751 r=0 y=0 c0=IDLE1 c1=IDLE0
16854 core=0 give_isr r=0 y=0 c0=IDLE1 c1=IDLE0
16855 core=0 yield r=0 y=1 c0=IDLE1 c1=IDLE0
16856 core=0 noop r=0 y=0 c0=IDLE1 c1=IDLE0
16857 core=0 noop r=0 y=0 c0=IDLE1 c1=IDLE0
16858 core=1 noop r=0 y=0 c0=IDLE1 c1=IDLE0
16859 core=1 suspend t746 r=0 y=0 c0=IDLE1 c1=IDLE0
16860 core=0 noop r=0 y=0 c0=IDLE1 c1=IDLE0
16861 core=0 noop r=0 y=0 c0=IDLE1 c1=IDLE0
16862 core=0 noop r=0 y=0 c0=IDLE1 c1=IDLE0
16863 core=0 give r=0 y=0 c0=IDLE1 c1=IDLE0
16864 core=1 noop r=0 y=0 c0=IDLE1 c1=IDLE0
16865 core=0 noop r=0 y=0 c0=IDLE1 c1=IDLE0
16866 core=1 noop r=0 y=0 c0=IDLE1 c1=IDLE0
16867 core=0 create 3 t753 p2 r=1 y=2 c0=IDLE1 c1=t753
16868 core=0 noop r=0 y=0 c0=IDLE1 c1=t753
16869 core=0 resume t749 r=0 y=1 c0=t749 c1=t753
16870 core=1 create 5 t754 p1 r=1 y=0 c0=t749 c1=t753
16871 core=0 resume t746 r=0 y=0 c0=t749 c1=t753
16872 core=1 noop r=0 y=0 c0=t749 c1=t753
16873 core=0 resume t746 r=0 y=0 c0=t749 c1=t753
16874 core=0 delay t749 4 r=0 y=1 c0=t754 c1=t753
16875 core=0 tick r=1 y=1 c0=t746 c1=t753
16876 core=0 suspend t753 r=0 y=2 c0=t746 c1=t754
16877 core=1 suspend t747 r=0 y=0 c0=t746 c1=t754
16878 core=1 prio t743 0 r=0 y=0 c0=t746 c1=t754
16879 core=0 create 6 t755 p3 r=1 y=2 c0=t746 c1=t755
16880 core=1 noop r=0 y=0 c0=t746 c1=t755
16881 core=1 noop r=0 y=0 c0=t746 c1=t755
16882 core=0 give r=0 y=0 c0=t746 c1=t755
16883 core=1 suspend t747 r=0 y=0 c0=t746 c1=t755
16884 core=0 give r=0 y=0 c0=t746 c1=t755
16885 core=1 noop r=0 y=0 c0=t746 c1=t755
16886 core=0 takeb t746 5 r=1 y=0 c0=t746 c1=t755
16887 core=0 delay t746 1 r=0 y=1 c0=t754 c1=t755
16888 core=1 prio t753 2 r=0 y=0 c0=t754 c1=t755
16889 core=1 noop r=0 y=0 c0=t754 c1=t755
16890 core=0 give_isr r=1 y=0 c0=t754 c1=t755
16891 core=0 prio t753 3 r=0 y=0 c0=t754 c1=t755
16892 core=0 noop r=0 y=0 c0=t754 c1=t755
16893 core=1 suspend t753 r=0 y=0 c0=t754 c1=t755
16894 core=0 delay t754 1 r=0 y=1 c0=IDLE0 c1=t755
16895 core=0 noop r=0 y=0 c0=IDLE0 c1=t755
16896 core=0 noop r=0 y=0 c0=IDLE0 c1=t755
16897 core=1 delay t755 4 r=0 y=2 c0=IDLE0 c1=IDLE1
16898 core=1 prio t749 3 r=0 y=0 c0=IDLE0 c1=IDLE1
16899 core=1 give r=0 y=0 c0=IDLE0 c1=IDLE1
16900 core=1 noop r=0 y=0 c0=IDLE0 c1=IDLE1
16901 core=1 noop r=0 y=0 c0=IDLE0 c1=IDLE1
16902 core=0 noop r=0 y=0 c0=IDLE0 c1=IDLE1
16903 core=1 prio t755 3 r=0 y=0 c0=IDLE0 c1=IDLE1
16904 core=1 prio t749 3 r=0 y=0 c0=IDLE0 c1=IDLE1
16905 core=0 resume t754 r=0 y=0 c0=IDLE0 c1=IDLE1
16906 core=1 noop r=0 y=0 c0=IDLE0 c1=IDLE1
16907 core=0 noop r=0 y=0 c0=IDLE0 c1=IDLE1
16908 core=1 give_isr r=0 y=0 c0=IDLE0 c1=IDLE1
16909 core=0 give r=0 y=0 c0=IDLE0 c1=IDLE1
16910 core=1 give r=0 y=0 c0=IDLE0 c1=IDLE1
16911 core=1 noop r=0 y=0 c0=IDLE0 c1=IDLE1
16912 core=1 noop r=0 y=0 c0=IDLE0 c1=IDLE1
16913 core=1 give_isr r=0 y=0 c0=IDLE0 c1=IDLE1
16914 core=0 resume t741 r=0 y=2 c0=IDLE0 c1=t741
16915 core=0 noop r=0 y=0 c0=IDLE0 c1=t741
16916 core=0 suspend t753 r=0 y=0 c0=IDLE0 c1=t741
16917 core=0 suspend t749 r=0 y=0 c0=IDLE0 c1=t741
16918 core=1 resume t741 r=0 y=0 c0=IDLE0 c1=t741
16919 core=1 resume t749 r=0 y=1 c0=t749 c1=t741
16920 core=0 tick r=0 y=2 c0=t749 c1=t746
16921 core=1 delay t746 4 r=0 y=2 c0=t749 c1=t754
16922 core=1 delay t754 3 r=0 y=2 c0=t749 c1=IDLE1
16923 core=1 noop r=0 y=0 c0=t749 c1=IDLE1
16924 core=1 delete 3 t753 r=0 y=0 c0=t749 c1=IDLE1
16925 core=0 tick r=0 y=2 c0=t749 c1=IDLE0
16926 core=0 delete 8 t741 r=0 y=0 c0=t749 c1=IDLE0
16927 core=1 noop r=0 y=0 c0=t749 c1=IDLE0
16928 core=1 give r=0 y=0 c0=t749 c1=IDLE0
16929 core=0 delete 2 t747 r=0 y=0 c0=t749 c1=IDLE0
16930 core=0 suspend t754 r=0 y=0 c0=t749 c1=IDLE0
16931 core=0 noop r=0 y=0 c0=t749 c1=IDLE0
16932 core=0 resume t752 r=0 y=2 c0=t749 c1=t752
16933 core=1 noop r=0 y=0 c0=t749 c1=t752
16934 core=1 noop r=0 y=0 c0=t749 c1=t752
16935 core=0 give_isr r=0 y=0 c0=t749 c1=t752
16936 core=0 noop r=0 y=0 c0=t749 c1=t752
16937 core=1 suspend t755 r=0 y=0 c0=t749 c1=t752
16938 core=0 take t749 r=1 y=0 c0=t749 c1=t752
16939 core=1 give_isr r=1 y=0 c0=t749 c1=t752
16940 core=0 tick r=1 y=3 c0=t749 c1=t752
16941 core=0 tick r=1 y=3 c0=t749 c1=t752
16942 core=0 create 3 t756 p0 r=1 y=0 c0=t749 c1=t752
16943 core=0 yield r=0 y=1 c0=t749 c1=t752
16944 core=1 prio t756 2 r=0 y=0 c0=t749 c1=t752
16945 core=1 give r=0 y=0 c0=t749 c1=t752
16946 core=1 prio t746 0 r=0 y=0 c0=t749 c1=t752
16947 core=0 give r=0 y=0 c0=t749 c1=t752
16948 core=1 prio t756 3 r=0 y=0 c0=t749 c1=t752
16949 core=1 yield r=0 y=2 c0=t749 c1=t756
16950 core=0 give_isr r=0 y=0 c0=t749 c1=t756
16951 core=1 takeb t756 5 r=1 y=0 c0=t749 c1=t756
16952 core=1 suspend t754 r=0 y=0 c0=t749 c1=t756
16953 core=0 delay t749 4 r=0 y=1 c0=t752 c1=t756
16954 core=1 delete 5 t754 r=0 y=0 c0=t752 c1=t756
16955 core=0 delay t752 2 r=0 y=1 c0=IDLE1 c1=t756
16956 core=0 tick r=1 y=1 c0=IDLE0 c1=t756
16957 core=0 noop r=0 y=0 c0=IDLE0 c1=t756
16958 core=0 create 0 t757 p2 r=1 y=1 c0=t757 c1=t756
16959 core=1 delay t756 2 r=0 y=2 c0=t757 c1=t746
16960 core=1 yield r=0 y=2 c0=t757 c1=IDLE1
16961 core=0 give r=1 y=0 c0=t757 c1=IDLE1
16962 core=0 tick r=0 y=2 c0=t757 c1=t752
16963 core=1 delay t752 5 r=0 y=2 c0=t757 c1=IDLE0
16964 core=1 noop r=0 y=0 c0=t757 c1=IDLE0
16965 core=0 resume t756 r=0 y=0 c0=t757 c1=IDLE0
16966 core=0 suspend t749 r=0 y=0 c0=t757 c1=IDLE0
16967 core=1 give r=0 y=0 c0=t757 c1=IDLE0
16968 core=1 give_isr r=0 y=0 c0=t757 c1=IDLE0
16969 core=1 delete 6 t755 r=0 y=0 c0=t757 c1=IDLE0
16970 core=1 resume t743 r=0 y=2 c0=t757 c1=t746
16971 core=0 give_isr r=0 y=0 c0=t757 c1=t746
16972 core=1 delay t746 5 r=0 y=2 c0=t757 c1=IDLE1
16973 core=1 noop r=0 y=0 c0=t757 c1=IDLE1
16974 core=0 tick r=0 y=2 c0=t757 c1=t756
16975 core=1 takeb t756 1 r=1 y=0 c0=t757 c1=t756
16976 core=0 give r=1 y=0 c0=t757 c1=t756
16977 core=1 delete 0 t757 r=0 y=1 c0=t743 c1=t756
16978 core=0 noop r=0 y=0 c0=t743 c1=t756
16979 core=1 prio t743 1 r=0 y=0 c0=t743 c1=t756
16980 core=0 noop r=0 y=0 c0=t743 c1=t756
16981 core=1 suspend t749 r=0 y=0 c0=t743 c1=t756
16982 core=0 give r=0 y=0 c0=t743 c1=t756
16983 core=0 noop r=0 y=0 c0=t743 c1=t756
16984 core=0 tick r=0 y=0 c0=t743 c1=t756
16985 core=1 delay t756 3 r=0 y=2 c0=t743 c1=IDLE0
16986 core=1 noop r=0 y=0 c0=t743 c1=IDLE0
16987 core=1 noop r=0 y=0 c0=t743 c1=IDLE0
16988 core=1 delete 3 t756 r=0 y=0 c0=t743 c1=IDLE0
16989 core=1 noop r=0 y=0 c0=t743 c1=IDLE0
16990 core=1 noop r=0 y=0 c0=t743 c1=IDLE0
16991 core=0 suspend t746 r=0 y=0 c0=t743 c1=IDLE0
16992 core=1 yield r=0 y=2 c0=t743 c1=IDLE1
16993 core=1 give r=0 y=0 c0=t743 c1=IDLE1
16994 core=0 noop r=0 y=0 c0=t743 c1=IDLE1
16995 core=1 noop r=0 y=0 c0=t743 c1=IDLE1
16996 core=0 tick r=0 y=2 c0=t743 c1=IDLE0
16997 core=0 noop r=0 y=0 c0=t743 c1=IDLE0
16998 core=0 take t743 r=1 y=0 c0=t743 c1=IDLE0
16999 core=0 tick r=0 y=2 c0=t743 c1=IDLE1
17000 core=0 yield r=0 y=1 c0=t743 c1=IDLE1
17001 core=1 create 0 t758 p2 r=1 y=2 c0=t743 c1=t758
17002 core=0 tick r=1 y=1 c0=t752 c1=t758
17003 core=1 takeb t758 2 r=2 y=2 c0=t752 c1=t743
17004 core=0 give r=1 y=2 c0=t752 c1=t758
17005 core=1 cont t758 r=1 y=0 c0=t752 c1=t758
17006 core=0 noop r=0 y=0 c0=t752 c1=t758
17007 core=1 give_isr r=1 y=0 c0=t752 c1=t758
17008 core=0 noop r=0 y=0 c0=t752 c1=t758
17009 core=0 give r=0 y=0 c0=t752 c1=t758
17010 core=1 noop r=0 y=0 c0=t752 c1=t758
17011 core=1 take t758 r=1 y=0 c0=t752 c1=t758
17012 core=1 resume t743 r=0 y=0 c0=t752 c1=t758
17013 core=1 noop r=0 y=0 c0=t752 c1=t758
17014 core=1 give r=1 y=0 c0=t752 c1=t758
17015 core=1 suspend t752 r=0 y=1 c0=t743 c1=t758
17016 core=1 take t758 r=1 y=0 c0=t743 c1=t758
17017 core=1 yield r=0 y=2 c0=t743 c1=t758
17018 core=1 noop r=0 y=0 c0=t743 c1=t758
17019 core=0 noop r=0 y=0 c0=t743 c1=t758
17020 core=1 resume t749 r=0 y=1 c0=t749 c1=t758
17021 core=1 suspend t752 r=0 y=0 c0=t749 c1=t758
17022 core=0 noop r=0 y=0 c0=t749 c1=t758
17023 core=0 suspend t752 r=0 y=0 c0=t749 c1=t758
17024 core=1 noop r=0 y=0 c0=t749 c1=t758
17025 core=1 delete 1 t752 r=0 y=0 c0=t749 c1=t758
17026 core=0 prio t758 1 r=0 y=2 c0=t749 c1=t743
17027 core=0 noop r=0 y=0 c0=t749 c1=t743
17028 core=1 noop r=0 y=0 c0=t749 c1=t743
17029 core=0 noop r=0 y=0 c0=t749 c1=t743
17030 core=1 takeb t743 5 r=2 y=2 c0=t749 c1=t758
17031 core=0 tick r=0 y=0 c0=t749 c1=t758
17032 core=0 noop r=0 y=0 c0=t749 c1=t758
17033 core=0 noop r=0 y=0 c0=t749 c1=t758
17034 core=0 create 1 t759 p0 r=1 y=0 c0=t749 c1=t758
17035 core=1 create 5 t760 p3 r=1 y=2 c0=t749 c1=t760
17036 core=0 give_isr r=1 y=0 c0=t749 c1=t760
17037 core=0 noop r=0 y=0 c0=t749 c1=t760
17038 core=0 noop r=0 y=0 c0=t749 c1=t760
17039 core=1 yield r=0 y=2 c0=t749 c1=t760
17040 core=0 tick r=1 y=3 c0=t749 c1=t760
17041 core=1 delete 9 t743 r=0 y=0 c0=t749 c1=t760
17042 core=0 takeb t749 3 r=1 y=0 c0=t749 c1=t760
17043 core=0 resume t746 r=0 y=0 c0=t749 c1=t760
17044 core=0 noop r=0 y=0 c0=t749 c1=t760
17045 core=1 noop r=0 y=0 c0=t749 c1=t760
17046 core=0 create 9 t761 p1 r=1 y=0 c0=t749 c1=t760
17047 core=1 resume t759 r=0 y=0 c0=t749 c1=t760
17048 core=0 noop r=0 y=0 c0=t749 c1=t760
17049 core=0 noop r=0 y=0 c0=t749 c1=t760
17050 core=0 delete 7 t746 r=0 y=0 c0=t749 c1=t760
17051 core=1 suspend t761 r=0 y=0 c0=t749 c1=t760
17052 core=0 create 2 t762 p2 r=1 y=0 c0=t749 c1=t760
17053 core=1 delete 1 t759 r=0 y=0 c0=t749 c1=t760
17054 core=1 delay t760 5 r=0 y=2 c0=t749 c1=t762
17055 core=0 tick r=0 y=0 c0=t749 c1=t762
17056 core=1 noop r=0 y=0 c0=t749 c1=t762
17057 core=1 delay t762 2 r=0 y=2 c0=t749 c1=t758
17058 core=0 prio t761 3 r=0 y=0 c0=t749 c1=t758
17059 core=1 noop r=0 y=0 c0=t749 c1=t758
17060 core=0 tick r=0 y=0 c0=t749 c1=t758
17061 core=0 tick r=0 y=2 c0=t749 c1=t762
17062 core=1 noop r=0 y=0 c0=t749 c1=t762
17063 core=0 noop r=0 y=0 c0=t749 c1=t762
17064 core=0 noop r=0 y=0 c0=t749 c1=t762
17065 core=1 delay t762 4 r=0 y=2 c0=t749 c1=t758
17066 core=0 give_isr r=1 y=0 c0=t749 c1=t758
17067 core=0 suspend t749 r=0 y=1 c0=IDLE0 c1=t758
17068 core=1 yield r=0 y=2 c0=IDLE0 c1=t758
17069 core=0 tick r=1 y=1 c0=IDLE1 c1=t758
17070 core=0 delete 5 t760 r=0 y=0 c0=IDLE1 c1=t758
17071 core=0 yield r=0 y=1 c0=IDLE0 c1=t758
17072 core=1 noop r=0 y=0 c0=IDLE0 c1=t758
17073 core=1 resume t758 r=0 y=0 c0=IDLE0 c1=t758
17074 core=0 tick r=1 y=1 c0=IDLE1 c1=t758
17075 core=1 prio t761 1 r=0 y=0 c0=IDLE1 c1=t758
17076 core=0 yield r=0 y=1 c0=IDLE0 c1=t758
17077 core=1 noop r=0 y=0 c0=IDLE0 c1=t758
17078 core=1 prio t762 1 r=0 y=0 c0=IDLE0 c1=t758
17079 core=0 noop r=0 y=0 c0=IDLE0 c1=t758
17080 core=0 noop r=0 y=0 c0=IDLE0 c1=t758
17081 core=1 give_isr r=0 y=0 c0=IDLE0 c1=t758
17082 core=1 takeb t758 2 r=1 y=0 c0=IDLE0 c1=t758
17083 core=1 give_isr r=1 y=0 c0=IDLE0 c1=t758
17084 core=1 noop r=0 y=0 c0=IDLE0 c1=t758
17085 core=0 noop r=0 y=0 c0=IDLE0 c1=t758
17086 core=1 give r=0 y=0 c0=IDLE0 c1=t758
17087 core=1 delay t758 2 r=0 y=2 c0=IDLE0 c1=IDLE1
17088 core=0 noop r=0 y=0 c0=IDLE0 c1=IDLE1
17089 core=1 suspend t758 r=0 y=0 c0=IDLE0 c1=IDLE1
17090 core=1 prio t758 0 r=0 y=0 c0=IDLE0 c1=IDLE1
17091 core=0 resume t758 r=0 y=2 c0=IDLE0 c1=t758
17092 core=0 noop r=0 y=0 c0=IDLE0 c1=t758
17093 core=0 create 7 t763 p3 r=1 y=1 c0=t763 c1=t758
17094 core=0 prio t761 3 r=0 y=0 c0=t763 c1=t758
17095 core=0 give r=0 y=0 c0=t763 c1=t758
17096 core=0 noop r=0 y=0 c0=t763 c1=t758
17097 core=1 resume t762 r=0 y=0 c0=t763 c1=t758
17098 core=1 noop r=0 y=0 c0=t763 c1=t758
17099 core=0 noop r=0 y=0 c0=t763 c1=t758
17100 core=1 delay t758 2 r=0 y=2 c0=t763 c1=IDLE1
17101 core=1 noop r=0 y=0 c0=t763 c1=IDLE1
17102 core=0 take t763 r=1 y=0 c0=t763 c1=IDLE1
17103 core=0 takeb t763 6 r=2 y=1 c0=IDLE0 c1=IDLE1
17104 core=1 create 5 t764 p1 r=1 y=2 c0=IDLE0 c1=t764
17105 core=0 noop r=0 y=0 c0=IDLE0 c1=t764
17106 core=0 suspend t764 r=0 y=2 c0=IDLE0 c1=IDLE1
17107 core=1 prio t764 0 r=0 y=0 c0=IDLE0 c1=IDLE1
17108 core=1 noop r=0 y=0 c0=IDLE0 c1=IDLE1
17109 core=1 noop r=0 y=0 c0=IDLE0 c1=IDLE1
17110 core=1 prio t758 1 r=0 y=0 c0=IDLE0 c1=IDLE1
17111 core=1 noop r=0 y=0 c0=IDLE0 c1=IDLE1
17112 core=0 noop r=0 y=0 c0=IDLE0 c1=IDLE1
17113 core=0 noop r=0 y=0 c0=IDLE0 c1=IDLE1
17114 core=0 yield r=0 y=1 c0=IDLE0 c1=IDLE1
17115 core=0 tick r=1 y=3 c0=IDLE0 c1=IDLE1
17116 core=1 noop r=0 y=0 c0=IDLE0 c1=IDLE1
17117 core=0 suspend t749 r=0 y=0 c0=IDLE0 c1=IDLE1
17118 core=1 create 8 t765 p3 r=1 y=2 c0=IDLE0 c1=t765
17119 core=1 takeb t765 1 r=2 y=2 c0=IDLE0 c1=IDLE1
17120 core=0 noop r=0 y=0 c0=IDLE0 c1=IDLE1
17121 core=0 tick r=1 y=3 c0=t765 c1=t762
17122 core=1 prio t761 3 r=0 y=0 c0=t765 c1=t762
17123 core=0 cont t765 r=0 y=0 c0=t765 c1=t762
17124 core=0 suspend t761 r=0 y=0 c0=t765 c1=t762
17125 core=0 yield r=0 y=1 c0=t765 c1=t762
17126 core=1 delete 5 t764 r=0 y=0 c0=t765 c1=t762
17127 core=0 prio t761 0 r=0 y=0 c0=t765 c1=t762
17128 core=0 tick r=0 y=2 c0=t765 c1=t758
17129 core=1 give_isr r=1 y=2 c0=t765 c1=t763
17130 core=1 cont t763 r=1 y=0 c0=t765 c1=t763
17131 core=0 yield r=0 y=1 c0=t765 c1=t763
17132 core=0 tick r=1 y=3 c0=t765 c1=t763
17133 core=1 give_isr r=1 y=0 c0=t765 c1=t763
17134 core=0 delay t765 3 r=0 y=1 c0=t762 c1=t763
17135 core=0 noop r=0 y=0 c0=t762 c1=t763
17136 core=0 tick r=1 y=1 c0=t758 c1=t763
17137 core=0 give r=0 y=0 c0=t758 c1=t763
17138 core=1 take t763 r=1 y=0 c0=t758 c1=t763
17139 core=0 tick r=1 y=1 c0=t762 c1=t763
17140 core=0 tick r=1 y=3 c0=t765 c1=t763
17141 core=0 delete 8 t765 r=0 y=1 c0=t758 c1=t763
17142 core=1 noop r=0 y=0 c0=t758 c1=t763
17143 core=0 give_isr r=1 y=0 c0=t758 c1=t763
17144 core=0 tick r=1 y=1 c0=t762 c1=t763
17145 core=0 noop r=0 y=0 c0=t762 c1=t763
17146 core=0 give_isr r=0 y=0 c0=t762 c1=t763
17147 core=1 delay t763 4 r=0 y=2 c0=t762 c1=t758
17148 core=0 yield r=0 y=1 c0=t762 c1=t758
17149 core=0 give_isr r=0 y=0 c0=t762 c1=t758
17150 core=0 yield r=0 y=1 c0=t762 c1=t758
17151 core=0 create 6 t766 p2 r=1 y=2 c0=t762 c1=t766
17152 core=0 resume t758 r=0 y=0 c0=t762 c1=t766
17153 core=1 yield r=0 y=2 c0=t762 c1=t766
17154 core=1 give_isr r=0 y=0 c0=t762 c1=t766
17155 core=0 tick r=1 y=1 c0=t758 c1=t766
17156 core=1 prio t766 1 r=0 y=2 c0=t758 c1=t762
17157 core=0 noop r=0 y=0 c0=t758 c1=t762
17158 core=0 delay t758 5 r=0 y=1 c0=t766 c1=t762
17159 core=1 delay t762 4 r=0 y=2 c0=t766 c1=IDLE0
17160 core=0 delay t766 1 r=0 y=1 c0=IDLE1 c1=IDLE0
17161 core=1 noop r=0 y=0 c0=IDLE1 c1=IDLE0
17162 core=1 noop r=0 y=0 c0=IDLE1 c1=IDLE0
17163 core=0 tick r=1 y=3 c0=t766 c1=IDLE1
17164 core=0 tick r=0 y=2 c0=t766 c1=IDLE0
17165 core=0 give r=0 y=0 c0=t766 c1=IDLE0
17166 core=0 tick r=0 y=2 c0=t766 c1=t763
17167 core=0 delete 2 t762 r=0 y=0 c0=t766 c1=t763
17168 core=1 create 8 t767 p0 r=1 y=0 c0=t766 c1=t763
17169 core=1 noop r=0 y=0 c0=t766 c1=t763
17170 core=0 suspend t758 r=0 y=0 c0=t766 c1=t763
17171 core=1 create 1 t768 p0 r=1 y=0 c0=t766 c1=t763
17172 core=0 resume t767 r=0 y=0 c0=t766 c1=t763
17173 core=0 give r=0 y=0 c0=t766 c1=t763
17174 core=1 resume t763 r=0 y=0 c0=t766 c1=t763
17175 core=1 delay t763 2 r=0 y=2 c0=t766 c1=IDLE1
17176 core=1 noop r=0 y=0 c0=t766 c1=IDLE1
17177 core=1 suspend t766 r=0 y=1 c0=IDLE0 c1=IDLE1
17178 core=0 tick r=1 y=3 c0=t767 c1=t768
17179 core=0 suspend t763 r=0 y=0 c0=t767 c1=t768
17180 core=1 noop r=0 y=0 c0=t767 c1=t768
17181 core=1 resume t768 r=0 y=0 c0=t767 c1=t768
17182 core=0 delay t767 3 r=0 y=1 c0=IDLE0 c1=t768
17183 core=0 noop r=0 y=0 c0=IDLE0 c1=t768
17184 core=0 tick r=1 y=3 c0=IDLE1 c1=IDLE0
17185 core=0 create 3 t769 p1 r=1 y=2 c0=IDLE1 c1=t769
17186 core=0 delete 1 t768 r=0 y=0 c0=IDLE1 c1=t769
17187 core=1 delay t769 4 r=0 y=2 c0=IDLE1 c1=IDLE0
17188 core=1 noop r=0 y=0 c0=IDLE1 c1=IDLE0
17189 core=0 resume t749 r=0 y=2 c0=IDLE1 c1=t749
17190 core=0 tick r=1 y=1 c0=IDLE0 c1=t749
17191 core=0 noop r=0 y=0 c0=IDLE0 c1=t749
17192 core=1 delete 3 t769 r=0 y=0 c0=IDLE0 c1=t749
17193 core=1 noop r=0 y=0 c0=IDLE0 c1=t749
17194 core=1 create 5 t770 p1 r=1 y=1 c0=t770 c1=t749
17195 core=0 tick r=0 y=0 c0=t770 c1=t749
17196 core=0 create 1 t771 p0 r=1 y=0 c0=t770 c1=t749
17197 core=1 suspend t771 r=0 y=0 c0=t770 c1=t749
17198 core=1 give_isr r=0 y=0 c0=t770 c1=t749
17199 core=0 give_isr r=0 y=0 c0=t770 c1=t749
17200 core=1 noop r=0 y=0 c0=t770 c1=t749
17201 core=0 delay t770 4 r=0 y=1 c0=IDLE1 c1=t749
17202 core=1 takeb t749 1 r=1 y=0 c0=IDLE1 c1=t749
17203 core=1 noop r=0 y=0 c0=IDLE1 c1=t749
17204 core=0 tick r=1 y=1 c0=IDLE0 c1=t749
17205 core=1 takeb t749 5 r=2 y=2 c0=IDLE0 c1=t767
17206 core=0 delete 4 t749 r=0 y=0 c0=IDLE0 c1=t767
17207 core=1 yield r=0 y=2 c0=IDLE0 c1=IDLE1
17208 core=0 tick r=1 y=3 c0=t767 c1=IDLE0
17209 core=0 tick r=1 y=3 c0=IDLE1 c1=t767
17210 core=1 give r=1 y=0 c0=IDLE1 c1=t767
17211 core=0 noop r=0 y=0 c0=IDLE1 c1=t767
17212 core=1 noop r=0 y=0 c0=IDLE1 c1=t767
17213 core=0 tick r=1 y=3 c0=t770 c1=IDLE0
17214 core=1 noop r=0 y=0 c0=t770 c1=IDLE0
17215 core=0 delay t770 4 r=0 y=1 c0=IDLE1 c1=IDLE0
17216 core=1 resume t771 r=0 y=2 c0=IDLE1 c1=t767
17217 core=1 delay t767 4 r=0 y=2 c0=IDLE1 c1=t771
17218 core=0 tick r=1 y=3 c0=IDLE0 c1=IDLE1
17219 core=1 noop r=0 y=0 c0=IDLE0 c1=IDLE1
17220 core=0 noop r=0 y=0 c0=IDLE0 c1=IDLE1
17221 core=1 suspend t771 r=0 y=0 c0=IDLE0 c1=IDLE1
17222 core=0 noop r=0 y=0 c0=IDLE0 c1=IDLE1
17223 core=0 noop r=0 y=0 c0=IDLE0 c1=IDLE1
17224 core=1 resume t761 r=0 y=2 c0=IDLE0 c1=t761
17225 core=0 tick r=1 y=3 c0=IDLE1 c1=IDLE0
17226 core=1 noop r=0 y=0 c0=IDLE1 c1=IDLE0
17227 core=0 noop r=0 y=0 c0=IDLE1 c1=IDLE0
17228 core=1 resume t770 r=0 y=0 c0=IDLE1 c1=IDLE0
17229 core=1 noop r=0 y=0 c0=IDLE1 c1=IDLE0
17230 core=0 give r=0 y=0 c0=IDLE1 c1=IDLE0
17231 core=1 noop r=0 y=0 c0=IDLE1 c1=IDLE0
17232 core=1 noop r=0 y=0 c0=IDLE1 c1=IDLE0
17233 core=0 noop r=0 y=0 c0=IDLE1 c1=IDLE0
17234 core=1 resume t770 r=0 y=0 c0=IDLE1 c1=IDLE0
17235 core=1 noop r=0 y=0 c0=IDLE1 c1=IDLE0
17236 core=1 noop r=0 y=0 c0=IDLE1 c1=IDLE0
17237 core=0 give r=0 y=0 c0=IDLE1 c1=IDLE0
17238 core=1 noop r=0 y=0 c0=IDLE1 c1=IDLE0
17239 core=0 resume t767 r=0 y=0 c0=IDLE1 c1=IDLE0
17240 core=0 noop r=0 y=0 c0=IDLE1 c1=IDLE0
17241 core=0 suspend t771 r=0 y=0 c0=IDLE1 c1=IDLE0
17242 core=0 noop r=0 y=0 c0=IDLE1 c1=IDLE0
17243 core=0 tick r=1 y=3 c0=t761 c1=IDLE1
17244 core=0 tick r=1 y=3 c0=t770 c1=IDLE0
17245 core=0 delay t770 1 r=0 y=1 c0=t767 c1=IDLE0
17246 core=1 resume t767 r=0 y=0 c0=t767 c1=IDLE0
17247 core=1 yield r=0 y=2 c0=t767 c1=t761
17248 core=0 suspend t758 r=0 y=0 c0=t767 c1=t761
17249 core=0 give_isr r=0 y=0 c0=t767 c1=t761
17250 core=0 delete 9 t761 r=0 y=2 c0=t767 c1=IDLE1
17251 core=0 tick r=1 y=3 c0=t770 c1=IDLE0
17252 core=1 noop r=0 y=0 c0=t770 c1=IDLE0
17253 core=0 create 9 t772 p1 r=1 y=2 c0=t770 c1=t772
17254 core=0 noop r=0 y=0 c0=t770 c1=t772
17255 core=1 delete 5 t770 r=0 y=1 c0=t767 c1=t772
17256 core=0 prio t763 1 r=0 y=0 c0=t767 c1=t772
17257 core=0 prio t766 0 r=0 y=0 c0=t767 c1=t772
17258 core=1 takeb t772 3 r=1 y=0 c0=t767 c1=t772
17259 core=0 give_isr r=1 y=0 c0=t767 c1=t772
17260 core=1 give r=0 y=0 c0=t767 c1=t772
17261 core=1 give_isr r=0 y=0 c0=t767 c1=t772
17262 core=1 give_isr r=0 y=0 c0=t767 c1=t772
17263 core=1 delay t772 4 r=0 y=2 c0=t767 c1=IDLE1
17264 core=1 resume t767 r=0 y=0 c0=t767 c1=IDLE1
17265 core=0 yield r=0 y=1 c0=IDLE0 c1=IDLE1
17266 core=0 tick r=1 y=3 c0=t767 c1=IDLE0
17267 core=0 resume t767 r=0 y=0 c0=t767 c1=IDLE0
17268 core=0 yield r=0 y=1 c0=IDLE1 c1=IDLE0
17269 core=1 noop r=0 y=0 c0=IDLE1 c1=IDLE0
17270 core=0 tick r=1 y=3 c0=t767 c1=IDLE1
17271 core=0 give r=0 y=0 c0=t767 c1=IDLE1
17272 core=1 delete 8 t767 r=0 y=1 c0=IDLE0 c1=IDLE1
17273 core=0 noop r=0 y=0 c0=IDLE0 c1=IDLE1
17274 core=0 give r=0 y=0 c0=IDLE0 c1=IDLE1
17275 core=0 suspend t771 r=0 y=0 c0=IDLE0 c1=IDLE1
17276 core=0 create 4 t773 p0 r=1 y=2 c0=IDLE0 c1=t773
17277 core=0 give r=0 y=0 c0=IDLE0 c1=t773
17278 core=1 prio t763 0 r=0 y=0 c0=IDLE0 c1=t773
17279 core=0 tick r=1 y=3 c0=IDLE1 c1=IDLE0
17280 core=1 noop r=0 y=0 c0=IDLE1 c1=IDLE0
17281 core=1 give_isr r=0 y=0 c0=IDLE1 c1=IDLE0
17282 core=0 delete 9 t772 r=0 y=0 c0=IDLE1 c1=IDLE0
17283 core=1 prio t758 0 r=0 y=0 c0=IDLE1 c1=IDLE0
17284 core=1 noop r=0 y=0 c0=IDLE1 c1=IDLE0
17285 core=0 create 8 t774 p0 r=1 y=2 c0=IDLE1 c1=t773
17286 core=0 noop r=0 y=0 c0=IDLE1 c1=t773
17287 core=1 give r=0 y=0 c0=IDLE1 c1=t773
17288 core=1 create 5 t775 p2 r=1 y=1 c0=t775 c1=t773
17289 core=1 delay t773 4 r=0 y=2 c0=t775 c1=t774
17290 core=0 noop r=0 y=0 c0=t775 c1=t774
17291 core=0 takeb t775 3 r=1 y=0 c0=t775 c1=t774
17292 core=1 suspend t773 r=0 y=0 c0=t775 c1=t774
17293 core=0 give_isr r=1 y=0 c0=t775 c1=t774
17294 core=0 resume t775 r=0 y=0 c0=t775 c1=t774
17295 core=0 takeb t775 4 r=1 y=0 c0=t775 c1=t774
17296 core=1 give r=1 y=0 c0=t775 c1=t774
17297 core=1 prio t774 3 r=0 y=0 c0=t775 c1=t774
17298 core=0 give r=0 y=0 c0=t775 c1=t774
17299 core=0 tick r=0 y=0 c0=t775 c1=t774
17300 core=0 resume t775 r=0 y=0 c0=t775 c1=t774
17301 core=1 delay t774 3 r=0 y=2 c0=t775 c1=IDLE0
17302 core=0 noop r=0 y=0 c0=t775 c1=IDLE0
17303 core=0 give_isr r=0 y=0 c0=t775 c1=IDLE0
17304 core=0 suspend t775 r=0 y=1 c0=IDLE1 c1=IDLE0
17305 core=1 suspend t763 r=0 y=0 c0=IDLE1 c1=IDLE0
17306 core=1 give_isr r=0 y=0 c0=IDLE1 c1=IDLE0
17307 core=1 prio t771 3 r=0 y=0 c0=IDLE1 c1=IDLE0
17308 core=0 noop r=0 y=0 c0=IDLE1 c1=IDLE0
17309 core=0 tick r=1 y=3 c0=IDLE1 c1=IDLE0
17310 core=0 give r=0 y=0 c0=IDLE1 c1=IDLE0
17311 core=1 noop r=0 y=0 c0=IDLE1 c1=IDLE0
17312 core=0 tick r=1 y=3 c0=IDLE1 c1=IDLE0
17313 core=0 noop r=0 y=0 c0=IDLE1 c1=IDLE0
17314 core=0 noop r=0 y=0 c0=IDLE1 c1=IDLE0
17315 core=1 give_isr r=0 y=0 c0=IDLE1 c1=IDLE0
17316 core=1 give r=0 y=0 c0=IDLE1 c1=IDLE0
17317 core=0 give r=0 y=0 c0=IDLE1 c1=IDLE0
17318 core=1 suspend t773 r=0 y=0 c0=IDLE1 c1=IDLE0
17319 core=0 noop r=0 y=0 c0=IDLE1 c1=IDLE0
17320 core=1 noop r=0 y=0 c0=IDLE1 c1=IDLE0
17321 core=1 noop r=0 y=0 c0=IDLE1 c1=IDLE0
17322 core=0 noop r=0 y=0 c0=IDLE1 c1=IDLE0
17323 core=0 noop r=0 y=0 c0=IDLE1 c1=IDLE0
17324 core=1 resume t775 r=0 y=2 c0=IDLE1 c1=t775
17325 core=0 give r=0 y=0 c0=IDLE1 c1=t775
17326 core=0 noop r=0 y=0 c0=IDLE1 c1=t775
17327 core=1 noop r=0 y=0 c0=IDLE1 c1=t775
17328 core=1 delay t775 2 r=0 y=2 c0=IDLE1 c1=IDLE0
17329 core=0 tick r=1 y=3 c0=t774 c1=IDLE1
17330 core=0 give r=0 y=0 c0=t774 c1=IDLE1
17331 core=0 delay t774 5 r=0 y=1 c0=IDLE0 c1=IDLE1
17332 core=1 noop r=0 y=0 c0=IDLE0 c1=IDLE1
17333 core=1 suspend t758 r=0 y=0 c0=IDLE0 c1=IDLE1
17334 core=0 yield r=0 y=1 c0=IDLE0 c1=IDLE1
17335 core=0 noop r=0 y=0 c0=IDLE0 c1=IDLE1
17336 core=1 noop r=0 y=0 c0=IDLE0 c1=IDLE1
17337 core=0 give_isr r=0 y=0 c0=IDLE0 c1=IDLE1
17338 core=0 give_isr r=0 y=0 c0=IDLE0 c1=IDLE1
17339 core=0 delete 8 t774 r=0 y=0 c0=IDLE0 c1=IDLE1
17340 core=0 give r=0 y=0 c0=IDLE0 c1=IDLE1
17341 core=1 noop r=0 y=0 c0=IDLE0 c1=IDLE1
17342 core=0 suspend t771 r=0 y=0 c0=IDLE0 c1=IDLE1
17343 core=0 noop r=0 y=0 c0=IDLE0 c1=IDLE1
17344 core=1 noop r=0 y=0 c0=IDLE0 c1=IDLE1
17345 core=0 noop r=0 y=0 c0=IDLE0 c1=IDLE1
17346 core=0 delete 1 t771 r=0 y=0 c0=IDLE0 c1=IDLE1
17347 core=0 yield r=0 y=1 c0=IDLE0 c1=IDLE1
17348 core=1 resume t763 r=0 y=2 c0=IDLE0 c1=t763
17349 core=0 noop r=0 y=0 c0=IDLE0 c1=t763
17350 core=0 noop r=0 y=0 c0=IDLE0 c1=t763
17351 core=1 delay t763 4 r=0 y=2 c0=IDLE0 c1=IDLE1
17352 core=0 noop r=0 y=0 c0=IDLE0 c1=IDLE1
17353 core=0 give r=0 y=0 c0=IDLE0 c1=IDLE1
17354 core=1 noop r=0 y=0 c0=IDLE0 c1=IDLE1
17355 core=0 tick r=1 y=3 c0=t775 c1=IDLE0
17356 core=0 take t775 r=1 y=0 c0=t775 c1=IDLE0
17357 core=1 give r=1 y=0 c0=t775 c1=IDLE0
17358 core=1 give_isr r=0 y=0 c0=t775 c1=IDLE0
17359 core=0 yield r=0 y=1 c0=t775 c1=IDLE0
17360 core=0 give r=0 y=0 c0=t775 c1=IDLE0
17361 core=0 take t775 r=1 y=0 c0=t775 c1=IDLE0
17362 core=0 noop r=0 y=0 c0=t775 c1=IDLE0
17363 core=0 noop r=0 y=0 c0=t775 c1=IDLE0
17364 core=1 noop r=0 y=0 c0=t775 c1=IDLE0
17365 core=0 prio t773 0 r=0 y=0 c0=t775 c1=IDLE0
17366 core=0 prio t775 3 r=0 y=0 c0=t775 c1=IDLE0
17367 core=0 suspend t766 r=0 y=0 c0=t775 c1=IDLE0
17368 core=1 noop r=0 y=0 c0=t775 c1=IDLE0
17369 core=0 tick r=0 y=2 c0=t775 c1=IDLE1
17370 core=0 noop r=0 y=0 c0=t775 c1=IDLE1
17371 core=0 tick r=0 y=2 c0=t775 c1=IDLE0
17372 core=0 noop r=0 y=0 c0=t775 c1=IDLE0
17373 core=1 noop r=0 y=0 c0=t775 c1=IDLE0
17374 core=1 delete 6 t766 r=0 y=0 c0=t775 c1=IDLE0
17375 core=1 prio t758 2 r=0 y=0 c0=t775 c1=IDLE0
17376 core=1 suspend t775 r=0 y=1 c0=IDLE1 c1=IDLE0
17377 core=0 tick r=1 y=3 c0=t763 c1=IDLE1
17378 core=0 yield r=0 y=1 c0=IDLE0 c1=IDLE1
17379 core=0 noop r=0 y=0 c0=IDLE0 c1=IDLE1
17380 core=1 noop r=0 y=0 c0=IDLE0 c1=IDLE1
17381 core=1 suspend t763 r=0 y=0 c0=IDLE0 c1=IDLE1
17382 core=1 create 9 t776 p1 r=1 y=2 c0=IDLE0 c1=t776
17383 core=0 resume t776 r=0 y=0 c0=IDLE0 c1=t776
17384 core=1 noop r=0 y=0 c0=IDLE0 c1=t776
17385 core=1 suspend t773 r=0 y=0 c0=IDLE0 c1=t776
17386 core=0 tick r=1 y=1 c0=IDLE1 c1=t776
17387 core=1 noop r=0 y=0 c0=IDLE1 c1=t776
17388 core=1 delay t776 2 r=0 y=2 c0=IDLE1 c1=IDLE0
17389 core=1 noop r=0 y=0 c0=IDLE1 c1=IDLE0
17390 core=0 noop r=0 y=0 c0=IDLE1 c1=IDLE0
17391 core=0 noop r=0 y=0 c0=IDLE1 c1=IDLE0
17392 core=0 create 3 t777 p3 r=1 y=2 c0=IDLE1 c1=t777
17393 core=1 takeb t777 2 r=2 y=2 c0=IDLE1 c1=IDLE0
17394 core=0 create 1 t778 p1 r=1 y=2 c0=IDLE1 c1=t778
17395 core=0 tick r=1 y=1 c0=IDLE0 c1=t778
17396 core=0 noop r=0 y=0 c0=IDLE0 c1=t778
17397 core=1 noop r=0 y=0 c0=IDLE0 c1=t778
17398 core=0 tick r=1 y=3 c0=t777 c1=t776
17399 core=0 cont t777 r=0 y=0 c0=t777 c1=t776
17400 core=0 delay t777 2 r=0 y=1 c0=t778 c1=t776
17401 core=0 noop r=0 y=0 c0=t778 c1=t776
17402 core=0 suspend t776 r=0 y=2 c0=t778 c1=IDLE1
17403 core=1 noop r=0 y=0 c0=t778 c1=IDLE1
17404 core=0 noop r=0 y=0 c0=t778 c1=IDLE1
17405 core=1 delete 1 t778 r=0 y=1 c0=IDLE0 c1=IDLE1
17406 core=0 tick r=1 y=3 c0=IDLE0 c1=IDLE1
17407 core=1 noop r=0 y=0 c0=IDLE0 c1=IDLE1
17408 core=1 noop r=0 y=0 c0=IDLE0 c1=IDLE1
17409 core=0 yield r=0 y=1 c0=IDLE0 c1=IDLE1
17410 core=0 noop r=0 y=0 c0=IDLE0 c1=IDLE1
17411 core=0 noop r=0 y=0 c0=IDLE0 c1=IDLE1
17412 core=1 yield r=0 y=2 c0=IDLE0 c1=IDLE1
17413 core=0 noop r=0 y=0 c0=IDLE0 c1=IDLE1
17414 core=0 noop r=0 y=0 c0=IDLE0 c1=IDLE1
17415 core=1 resume t763 r=0 y=2 c0=IDLE0 c1=t763
17416 core=0 noop r=0 y=0 c0=IDLE0 c1=t763
17417 core=0 noop r=0 y=0 c0=IDLE0 c1=t763
17418 core=0 noop r=0 y=0 c0=IDLE0 c1=t763
17419 core=0 give r=1 y=0 c0=IDLE0 c1=t763
17420 core=1 delay t763 1 r=0 y=2 c0=IDLE0 c1=IDLE1
17421 core=1 prio t776 2 r=0 y=0 c0=IDLE0 c1=IDLE1
17422 core=1 suspend t763 r=0 y=0 c0=IDLE0 c1=IDLE1
17423 core=1 noop r=0 y=0 c0=IDLE0 c1=IDLE1
17424 core=0 tick r=1 y=3 c0=t777 c1=IDLE0
17425 core=0 tick r=0 y=2 c0=t777 c1=IDLE1
17426 core=0 delay t777 2 r=0 y=1 c0=IDLE0 c1=IDLE1
17427 core=0 delete 4 t773 r=0 y=0 c0=IDLE0 c1=IDLE1
17428 core=0 noop r=0 y=0 c0=IDLE0 c1=IDLE1
17429 core=0 tick r=1 y=3 c0=IDLE0 c1=IDLE1
17430 core=1 give r=0 y=0 c0=IDLE0 c1=IDLE1
17431 core=1 yield r=0 y=2 c0=IDLE0 c1=IDLE1
17432 core=0 give r=0 y=0 c0=IDLE0 c1=IDLE1
17433 core=1 noop r=0 y=0 c0=IDLE0 c1=IDLE1
17434 core=1 prio t758 1 r=0 y=0 c0=IDLE0 c1=IDLE1
17435 core=1 noop r=0 y=0 c0=IDLE0 c1=IDLE1
17436 core=0 prio t775 1 r=0 y=0 c0=IDLE0 c1=IDLE1
17437 core=1 noop r=0 y=0 c0=IDLE0 c1=IDLE1
17438 core=0 tick r=1 y=3 c0=t777 c1=IDLE0
17439 core=0 noop r=0 y=0 c0=t777 c1=IDLE0
17440 core=0 prio t763 3 r=0 y=0 c0=t777 c1=IDLE0
17441 core=1 noop r=0 y=0 c0=t777 c1=IDLE0
17442 core=0 tick r=0 y=2 c0=t777 c1=IDLE1
17443 core=0 delay t777 3 r=0 y=1 c0=IDLE0 c1=IDLE1
17444 core=0 noop r=0 y=0 c0=IDLE0 c1=IDLE1
17445 core=1 create 6 t779 p1 r=1 y=2 c0=IDLE0 c1=t779
17446 core=1 delay t779 5 r=0 y=2 c0=IDLE0 c1=IDLE1
17447 core=0 give_isr r=0 y=0 c0=IDLE0 c1=IDLE1
17448 core=1 noop r=0 y=0 c0=IDLE0 c1=IDLE1
17449 core=0 suspend t775 r=0 y=0 c0=IDLE0 c1=IDLE1
17450 core=1 give r=0 y=0 c0=IDLE0 c1=IDLE1
17451 core=0 give r=0 y=0 c0=IDLE0 c1=IDLE1
17452 core=0 tick r=1 y=3 c0=IDLE0 c1=IDLE1
17453 core=1 noop r=0 y=0 c0=IDLE0 c1=IDLE1
17454 core=0 noop r=0 y=0 c0=IDLE0 c1=IDLE1
17455 core=1 noop r=0 y=0 c0=IDLE0 c1=IDLE1
17456 core=0 noop r=0 y=0 c0=IDLE0 c1=IDLE1
17457 core=0 suspend t776 r=0 y=0 c0=IDLE0 c1=IDLE1
17458 core=0 noop r=0 y=0 c0=IDLE0 c1=IDLE1
17459 core=1 give_isr r=0 y=0 c0=IDLE0 c1=IDLE1
17460 core=1 noop r=0 y=0 c0=IDLE0 c1=IDLE1
17461 core=0 noop r=0 y=0 c0=IDLE0 c1=IDLE1
17462 core=0 noop r=0 y=0 c0=IDLE0 c1=IDLE1
17463 core=1 noop r=0 y=0 c0=IDLE0 c1=IDLE1
17464 core=0 yield r=0 y=1 c0=IDLE0 c1=IDLE1
17465 core=1 resume t776 r=0 y=2 c0=IDLE0 c1=t776
17466 core=1 noop r=0 y=0 c0=IDLE0 c1=t776
17467 core=0 noop r=0 y=0 c0=IDLE0 c1=t776
17468 core=0 prio t779 3 r=0 y=0 c0=IDLE0 c1=t776
17469 core=0 give r=0 y=0 c0=IDLE0 c1=t776
17470 core=1 noop r=0 y=0 c0=IDLE0 c1=t776
17471 core=1 takeb t776 5 r=1 y=0 c0=IDLE0 c1=t776
17472 core=0 noop r=0 y=0 c0=IDLE0 c1=t776
17473 core=1 noop r=0 y=0 c0=IDLE0 c1=t776
17474 core=0 prio t779 0 r=0 y=0 c0=IDLE0 c1=t776
17475 core=0 tick r=1 y=1 c0=IDLE1 c1=t776
17476 core=1 take t776 r=0 y=0 c0=IDLE1 c1=t776
17477 core=0 noop r=0 y=0 c0=IDLE1 c1=t776
17478 core=1 noop r=0 y=0 c0=IDLE1 c1=t776
17479 core=1 delete 5 t775 r=0 y=0 c0=IDLE1 c1=t776
17480 core=0 noop r=0 y=0 c0=IDLE1 c1=t776
17481 core=0 noop r=0 y=0 c0=IDLE1 c1=t776
17482 core=1 takeb t776 2 r=2 y=2 c0=IDLE1 c1=IDLE0
17483 core=1 prio t758 3 r=0 y=0 c0=IDLE1 c1=IDLE0
17484 core=1 noop r=0 y=0 c0=IDLE1 c1=IDLE0
17485 core=1 delete 0 t758 r=0 y=0 c0=IDLE1 c1=IDLE0
17486 core=1 noop r=0 y=0 c0=IDLE1 c1=IDLE0
17487 core=1 suspend t779 r=0 y=0 c0=IDLE1 c1=IDLE0
17488 core=0 give_isr r=1 y=2 c0=IDLE1 c1=t776
17489 core=0 noop r=0 y=0 c0=IDLE1 c1=t776
17490 core=1 cont t776 r=1 y=0 c0=IDLE1 c1=t776
17491 core=0 give r=1 y=0 c0=IDLE1 c1=t776
17492 core=1 give r=0 y=0 c0=IDLE1 c1=t776
17493 core=0 delete 3 t777 r=0 y=0 c0=IDLE1 c1=t776
17494 core=1 noop r=0 y=0 c0=IDLE1 c1=t776
17495 core=1 delay t776 1 r=0 y=2 c0=IDLE1 c1=IDLE0
17496 core=0 noop r=0 y=0 c0=IDLE1 c1=IDLE0
17497 core=0 noop r=0 y=0 c0=IDLE1 c1=IDLE0
17498 core=1 noop r=0 y=0 c0=IDLE1 c1=IDLE0
17499 core=1 yield r=0 y=2 c0=IDLE1 c1=IDLE0
17500 core=1 give_isr r=0 y=0 c0=IDLE1 c1=IDLE0
17501 core=1 delete 9 t776 r=0 y=0 c0=IDLE1 c1=IDLE0
17502 core=1 suspend t779 r=0 y=0 c0=IDLE1 c1=IDLE0
17503 core=1 noop r=0 y=0 c0=IDLE1 c1=IDLE0
17504 core=1 noop r=0 y=0 c0=IDLE1 c1=IDLE0
17505 core=1 noop r=0 y=0 c0=IDLE1 c1=IDLE0
17506 core=0 noop r=0 y=0 c0=IDLE1 c1=IDLE0
17507 core=0 give r=0 y=0 c0=IDLE1 c1=IDLE0
17508 core=0 noop r=0 y=0 c0=IDLE1 c1=IDLE0
17509 core=0 noop r=0 y=0 c0=IDLE1 c1=IDLE0
17510 core=1 noop r=0 y=0 c0=IDLE1 c1=IDLE0
17511 core=0 noop r=0 y=0 c0=IDLE1 c1=IDLE0
17512 core=1 noop r=0 y=0 c0=IDLE1 c1=IDLE0
17513 core=0 tick r=1 y=3 c0=IDLE1 c1=IDLE0
17514 core=0 noop r=0 y=0 c0=IDLE1 c1=IDLE0
17515 core=0 suspend t779 r=0 y=0 c0=IDLE1 c1=IDLE0
17516 core=1 resume t779 r=0 y=2 c0=IDLE1 c1=t779
17517 core=0 tick r=1 y=3 c0=IDLE0 c1=IDLE1
17518 core=0 noop r=0 y=0 c0=IDLE0 c1=IDLE1
17519 core=1 noop r=0 y=0 c0=IDLE0 c1=IDLE1
17520 core=0 tick r=1 y=3 c0=t779 c1=IDLE0
17521 core=1 give r=0 y=0 c0=t779 c1=IDLE0
17522 core=1 noop r=0 y=0 c0=t779 c1=IDLE0
17523 core=0 suspend t763 r=0 y=0 c0=t779 c1=IDLE0
17524 core=1 noop r=0 y=0 c0=t779 c1=IDLE0
17525 core=0 takeb t779 3 r=1 y=0 c0=t779 c1=IDLE0
17526 core=0 yield r=0 y=1 c0=IDLE1 c1=IDLE0
17527 core=0 yield r=0 y=1 c0=t779 c1=IDLE0
17528 core=0 tick r=1 y=3 c0=IDLE1 c1=t779
17529 core=1 noop r=0 y=0 c0=IDLE1 c1=t779
17530 core=1 prio t763 3 r=0 y=0 c0=IDLE1 c1=t779
17531 core=0 suspend t763 r=0 y=0 c0=IDLE1 c1=t779
17532 core=1 delete 7 t763 r=0 y=0 c0=IDLE1 c1=t779
17533 core=0 tick r=1 y=3 c0=IDLE0 c1=IDLE1
17534 core=1 noop r=0 y=0 c0=IDLE0 c1=IDLE1
17535 core=1 noop r=0 y=0 c0=IDLE0 c1=IDLE1
17536 core=0 noop r=0 y=0 c0=IDLE0 c1=IDLE1
17537 core=0 tick r=1 y=3 c0=t779 c1=IDLE0
17538 core=1 noop r=0 y=0 c0=t779 c1=IDLE0
17539 core=0 create 7 t780 p0 r=1 y=2 c0=t779 c1=IDLE1
17540 core=0 delay t779 2 r=0 y=1 c0=t780 c1=IDLE1
17541 core=1 prio t779 0 r=0 y=0 c0=t780 c1=IDLE1
17542 core=0 noop r=0 y=0 c0=t780 c1=IDLE1
17543 core=1 noop r=0 y=0 c0=t780 c1=IDLE1
17544 core=1 noop r=0 y=0 c0=t780 c1=IDLE1
17545 core=1 yield r=0 y=2 c0=t780 c1=IDLE0
17546 core=0 noop r=0 y=0 c0=t780 c1=IDLE0
17547 core=1 give_isr r=1 y=0 c0=t780 c1=IDLE0
17548 core=1 noop r=0 y=0 c0=t780 c1=IDLE0
17549 core=0 takeb t780 5 r=1 y=0 c0=t780 c1=IDLE0
17550 core=0 noop r=0 y=0 c0=t780 c1=IDLE0
17551 core=1 give r=1 y=0 c0=t780 c1=IDLE0
17552 core=1 yield r=0 y=2 c0=t780 c1=IDLE1
17553 core=1 noop r=0 y=0 c0=t780 c1=IDLE1
17554 core=1 noop r=0 y=0 c0=t780 c1=IDLE1
17555 core=0 yield r=0 y=1 c0=IDLE0 c1=IDLE1
17556 core=1 yield r=0 y=2 c0=IDLE0 c1=t780
17557 core=0 resume t779 r=0 y=0 c0=IDLE0 c1=t780
17558 core=1 yield r=0 y=2 c0=IDLE0 c1=IDLE1
17559 core=1 create 0 t781 p2 r=1 y=2 c0=IDLE0 c1=t781
17560 core=1 take t781 r=1 y=0 c0=IDLE0 c1=t781
17561 core=1 takeb t781 3 r=2 y=2 c0=IDLE0 c1=t780
17562 core=0 noop r=0 y=0 c0=IDLE0 c1=t780
17563 core=0 prio t779 3 r=0 y=0 c0=IDLE0 c1=t780
17564 core=1 noop r=0 y=0 c0=IDLE0 c1=t780
17565 core=0 noop r=0 y=0 c0=IDLE0 c1=t780
17566 core=1 suspend t779 r=0 y=0 c0=IDLE0 c1=t780
17567 core=1 give r=1 y=1 c0=t781 c1=t780
17568 core=1 take t780 r=1 y=0 c0=t781 c1=t780
17569 core=0 cont t781 r=2 y=1 c0=IDLE1 c1=t780
17570 core=0 noop r=0 y=0 c0=IDLE1 c1=t780
17571 core=0 noop r=0 y=0 c0=IDLE1 c1=t780
17572 core=1 noop r=0 y=0 c0=IDLE1 c1=t780
17573 core=1 takeb t780 1 r=2 y=2 c0=IDLE1 c1=IDLE0
17574 core=0 give_isr r=1 y=2 c0=IDLE1 c1=t781
17575 core=0 suspend t779 r=0 y=0 c0=IDLE1 c1=t781
17576 core=0 tick r=1 y=1 c0=IDLE0 c1=t781
17577 core=1 cont t781 r=1 y=0 c0=IDLE0 c1=t781
17578 core=0 noop r=0 y=0 c0=IDLE0 c1=t781
17579 core=0 suspend t781 r=0 y=2 c0=IDLE0 c1=t780
17580 core=1 cont t780 r=0 y=0 c0=IDLE0 c1=t780
17581 core=1 noop r=0 y=0 c0=IDLE0 c1=t780
17582 core=1 give_isr r=1 y=0 c0=IDLE0 c1=t780
17583 core=1 delay t780 3 r=0 y=2 c0=IDLE0 c1=IDLE1
17584 core=1 noop r=0 y=0 c0=IDLE0 c1=IDLE1
17585 core=0 noop r=0 y=0 c0=IDLE0 c1=IDLE1
17586 core=1 noop r=0 y=0 c0=IDLE0 c1=IDLE1
17587 core=0 noop r=0 y=0 c0=IDLE0 c1=IDLE1
17588 core=1 noop r=0 y=0 c0=IDLE0 c1=IDLE1
17589 core=0 tick r=1 y=3 c0=IDLE0 c1=IDLE1
17590 core=0 noop r=0 y=0 c0=IDLE0 c1=IDLE1
17591 core=1 give r=0 y=0 c0=IDLE0 c1=IDLE1
17592 core=1 noop r=0 y=0 c0=IDLE0 c1=IDLE1
17593 core=1 give_isr r=0 y=0 c0=IDLE0 c1=IDLE1
17594 core=0 noop r=0 y=0 c0=IDLE0 c1=IDLE1
17595 core=1 noop r=0 y=0 c0=IDLE0 c1=IDLE1
17596 core=0 noop r=0 y=0 c0=IDLE0 c1=IDLE1
17597 core=1 noop r=0 y=0 c0=IDLE0 c1=IDLE1
17598 core=1 create 1 t782 p0 r=1 y=2 c0=IDLE0 c1=t782
17599 core=1 noop r=0 y=0 c0=IDLE0 c1=t782
17600 core=1 takeb t782 1 r=1 y=0 c0=IDLE0 c1=t782
17601 core=1 give_isr r=1 y=0 c0=IDLE0 c1=t782
17602 core=0 noop r=0 y=0 c0=IDLE0 c1=t782
17603 core=1 takeb t782 5 r=1 y=0 c0=IDLE0 c1=t782
17604 core=0 tick r=1 y=3 c0=IDLE1 c1=IDLE0
17605 core=0 give_isr r=1 y=0 c0=IDLE1 c1=IDLE0
17606 core=0 give_isr r=0 y=0 c0=IDLE1 c1=IDLE0
17607 core=0 noop r=0 y=0 c0=IDLE1 c1=IDLE0
17608 core=1 noop r=0 y=0 c0=IDLE1 c1=IDLE0
17609 core=0 noop r=0 y=0 c0=IDLE1 c1=IDLE0
17610 core=1 noop r=0 y=0 c0=IDLE1 c1=IDLE0
17611 core=0 noop r=0 y=0 c0=IDLE1 c1=IDLE0
17612 core=1 noop r=0 y=0 c0=IDLE1 c1=IDLE0
17613 core=0 noop r=0 y=0 c0=IDLE1 c1=IDLE0
17614 core=0 noop r=0 y=0 c0=IDLE1 c1=IDLE0
17615 core=1 noop r=0 y=0 c0=IDLE1 c1=IDLE0
17616 core=0 tick r=1 y=3 c0=t782 c1=t780
17617 core=1 noop r=0 y=0 c0=t782 c1=t780
17618 core=1 delay t780 4 r=0 y=2 c0=t782 c1=IDLE1
17619 core=0 prio t779 2 r=0 y=0 c0=t782 c1=IDLE1
17620 core=0 noop r=0 y=0 c0=t782 c1=IDLE1
17621 core=1 create 8 t783 p2 r=1 y=2 c0=t782 c1=t783
17622 core=0 prio t779 1 r=0 y=0 c0=t782 c1=t783
17623 core=0 yield r=0 y=1 c0=IDLE0 c1=t783
17624 core=1 yield r=0 y=2 c0=IDLE0 c1=t783
17625 core=1 noop r=0 y=0 c0=IDLE0 c1=t783
17626 core=0 tick r=1 y=1 c0=IDLE1 c1=t783
17627 core=1 yield r=0 y=2 c0=IDLE1 c1=t783
17628 core=0 noop r=0 y=0 c0=IDLE1 c1=t783
17629 core=1 take t783 r=1 y=0 c0=IDLE1 c1=t783
17630 core=1 give_isr r=1 y=0 c0=IDLE1 c1=t783
17631 core=1 delay t783 4 r=0 y=2 c0=IDLE1 c1=t782
17632 core=1 give r=0 y=0 c0=IDLE1 c1=t782
17633 core=0 noop r=0 y=0 c0=IDLE1 c1=t782
17634 core=0 give_isr r=0 y=0 c0=IDLE1 c1=t782
17635 core=0 noop r=0 y=0 c0=IDLE1 c1=t782
17636 core=0 prio t781 0 r=0 y=0 c0=IDLE1 c1=t782
17637 core=1 give_isr r=0 y=0 c0=IDLE1 c1=t782
17638 core=1 give_isr r=0 y=0 c0=IDLE1 c1=t782
17639 core=0 suspend t779 r=0 y=0 c0=IDLE1 c1=t782
17640 core=0 suspend t782 r=0 y=2 c0=IDLE1 c1=IDLE0
17641 core=0 tick r=1 y=3 c0=IDLE1 c1=IDLE0
17642 core=0 resume t779 r=0 y=2 c0=IDLE1 c1=t779
17643 core=1 noop r=0 y=0 c0=IDLE1 c1=t779
17644 core=1 noop r=0 y=0 c0=IDLE1 c1=t779
17645 core=0 resume t779 r=0 y=0 c0=IDLE1 c1=t779
17646 core=1 takeb t779 6 r=1 y=0 c0=IDLE1 c1=t779
17647 core=0 noop r=0 y=0 c0=IDLE1 c1=t779
17648 core=1 give_isr r=1 y=0 c0=IDLE1 c1=t779
17649 core=0 noop r=0 y=0 c0=IDLE1 c1=t779
17650 core=0 noop r=0 y=0 c0=IDLE1 c1=t779
17651 core=1 noop r=0 y=0 c0=IDLE1 c1=t779
17652 core=1 give r=0 y=0 c0=IDLE1 c1=t779
17653 core=0 tick r=1 y=1 c0=IDLE0 c1=t779
17654 core=0 create 4 t784 p0 r=1 y=1 c0=IDLE1 c1=t779
17655 core=1 create 9 t785 p3 r=1 y=1 c0=t785 c1=t779
17656 core=0 takeb t785 6 r=1 y=0 c0=t785 c1=t779
17657 core=1 prio t782 3 r=0 y=0 c0=t785 c1=t779
17658 core=0 tick r=0 y=0 c0=t785 c1=t779
17659 core=0 tick r=0 y=2 c0=t785 c1=t783
17660 core=0 delete 7 t780 r=0 y=0 c0=t785 c1=t783
17661 core=0 noop r=0 y=0 c0=t785 c1=t783
17662 core=0 create 2 t786 p2 r=1 y=0 c0=t785 c1=t783
17663 core=0 delay t785 2 r=0 y=1 c0=t786 c1=t783
17664 core=1 suspend t782 r=0 y=0 c0=t786 c1=t783
17665 core=0 noop r=0 y=0 c0=t786 c1=t783
17666 core=0 delay t786 1 r=0 y=1 c0=t779 c1=t783
17667 core=1 delete 0 t781 r=0 y=0 c0=t779 c1=t783
17668 core=0 noop r=0 y=0 c0=t779 c1=t783
17669 core=1 resume t782 r=0 y=1 c0=t782 c1=t783
17670 core=1 delay t783 5 r=0 y=2 c0=t782 c1=t779
17671 core=0 takeb t782 5 r=2 y=1 c0=t784 c1=t779
17672 core=0 give r=1 y=1 c0=t782 c1=t779
17673 core=1 prio t785 1 r=0 y=0 c0=t782 c1=t779
17674 core=0 cont t782 r=1 y=0 c0=t782 c1=t779
17675 core=0 takeb t782 5 r=2 y=1 c0=IDLE0 c1=t779
17676 core=0 give_isr r=1 y=1 c0=t782 c1=t779
17677 core=1 delay t779 4 r=0 y=2 c0=t782 c1=IDLE1
17678 core=0 tick r=0 y=2 c0=t782 c1=t786
17679 core=1 delay t786 1 r=0 y=2 c0=t782 c1=t784
17680 core=0 cont t782 r=1 y=0 c0=t782 c1=t784
17681 core=1 noop r=0 y=0 c0=t782 c1=t784
17682 core=1 noop r=0 y=0 c0=t782 c1=t784
17683 core=0 delay t782 2 r=0 y=1 c0=IDLE0 c1=t784
17684 core=1 noop r=0 y=0 c0=IDLE0 c1=t784
17685 core=1 noop r=0 y=0 c0=IDLE0 c1=t784
17686 core=0 give r=1 y=0 c0=IDLE0 c1=t784
17687 core=1 takeb t784 3 r=1 y=0 c0=IDLE0 c1=t784
17688 core=1 delay t784 1 r=0 y=2 c0=IDLE0 c1=IDLE1
17689 core=1 noop r=0 y=0 c0=IDLE0 c1=IDLE1
17690 core=0 noop r=0 y=0 c0=IDLE0 c1=IDLE1
17691 core=1 noop r=0 y=0 c0=IDLE0 c1=IDLE1
17692 core=1 suspend t786 r=0 y=0 c0=IDLE0 c1=IDLE1
17693 core=0 noop r=0 y=0 c0=IDLE0 c1=IDLE1
17694 core=0 give_isr r=1 y=0 c0=IDLE0 c1=IDLE1
17695 core=0 tick r=1 y=3 c0=t785 c1=t784
17696 core=1 create 3 t787 p3 r=1 y=2 c0=t785 c1=t787
17697 core=0 prio t786 2 r=0 y=0 c0=t785 c1=t787
17698 core=0 tick r=1 y=3 c0=t782 c1=t787
17699 core=0 delay t782 2 r=0 y=1 c0=t785 c1=t787
17700 core=0 delay t785 2 r=0 y=1 c0=IDLE0 c1=t787
17701 core=0 noop r=0 y=0 c0=IDLE0 c1=t787
17702 core=0 give_isr r=0 y=0 c0=IDLE0 c1=t787
17703 core=0 noop r=0 y=0 c0=IDLE0 c1=t787
17704 core=0 noop r=0 y=0 c0=IDLE0 c1=t787
17705 core=1 noop r=0 y=0 c0=IDLE0 c1=t787
17706 core=0 noop r=0 y=0 c0=IDLE0 c1=t787
17707 core=0 tick r=1 y=1 c0=t779 c1=t787
17708 core=0 give_isr r=0 y=0 c0=t779 c1=t787
17709 core=0 take t779 r=1 y=0 c0=t779 c1=t787
17710 core=1 delete 4 t784 r=0 y=0 c0=t779 c1=t787
17711 core=0 noop r=0 y=0 c0=t779 c1=t787
17712 core=1 suspend t787 r=0 y=2 c0=t779 c1=IDLE1
17713 core=1 noop r=0 y=0 c0=t779 c1=IDLE1
17714 core=0 prio t783 2 r=0 y=0 c0=t779 c1=IDLE1
17715 core=0 create 7 t788 p0 r=1 y=2 c0=t779 c1=IDLE0
17716 core=0 prio t782 1 r=0 y=0 c0=t779 c1=IDLE0
17717 core=0 tick r=1 y=3 c0=t783 c1=t782
17718 core=1 noop r=0 y=0 c0=t783 c1=t782
17719 core=0 suspend t783 r=0 y=1 c0=t785 c1=t782
17720 core=1 delay t782 1 r=0 y=2 c0=t785 c1=t779
17721 core=1 resume t779 r=0 y=0 c0=t785 c1=t779
17722 core=0 tick r=1 y=3 c0=t782 c1=t785
17723 core=0 takeb t782 4 r=2 y=1 c0=t779 c1=t785
17724 core=1 delete 1 t782 r=0 y=0 c0=t779 c1=t785
17725 core=0 give_isr r=1 y=0 c0=t779 c1=t785
17726 core=0 suspend t785 r=0 y=2 c0=t779 c1=t788
17727 core=1 resume t785 r=0 y=2 c0=t779 c1=t785
17728 core=1 resume t787 r=0 y=2 c0=t779 c1=t787
17729 core=1 resume t788 r=0 y=0 c0=t779 c1=t787
17730 core=1 noop r=0 y=0 c0=t779 c1=t787
17731 core=1 give r=0 y=0 c0=t779 c1=t787
17732 core=0 noop r=0 y=0 c0=t779 c1=t787
17733 core=1 noop r=0 y=0 c0=t779 c1=t787
17734 core=1 noop r=0 y=0 c0=t779 c1=t787
17735 core=0 delay t779 3 r=0 y=1 c0=t785 c1=t787
17736 core=1 delay t787 1 r=0 y=2 c0=t785 c1=IDLE1
17737 core=1 give r=0 y=0 c0=t785 c1=IDLE1
17738 core=1 noop r=0 y=0 c0=t785 c1=IDLE1
17739 core=0 tick r=0 y=2 c0=t785 c1=t787
17740 core=0 noop r=0 y=0 c0=t785 c1=t787
17741 core=0 noop r=0 y=0 c0=t785 c1=t787
17742 core=1 suspend t788 r=0 y=0 c0=t785 c1=t787
17743 core=0 delay t785 4 r=0 y=1 c0=IDLE0 c1=t787
17744 core=0 noop r=0 y=0 c0=IDLE0 c1=t787
17745 core=1 noop r=0 y=0 c0=IDLE0 c1=t787
17746 core=0 give r=0 y=0 c0=IDLE0 c1=t787
17747 core=1 delay t787 5 r=0 y=2 c0=IDLE0 c1=IDLE1
17748 core=0 give_isr r=0 y=0 c0=IDLE0 c1=IDLE1
17749 core=0 create 5 t789 p2 r=1 y=2 c0=IDLE0 c1=t789
17750 core=1 noop r=0 y=0 c0=IDLE0 c1=t789
17751 core=0 prio t785 0 r=0 y=0 c0=IDLE0 c1=t789
17752 core=0 tick r=1 y=1 c0=IDLE1 c1=t789
17753 core=0 give_isr r=0 y=0 c0=IDLE1 c1=t789
17754 core=1 takeb t789 3 r=1 y=0 c0=IDLE1 c1=t789
17755 core=0 noop r=0 y=0 c0=IDLE1 c1=t789
17756 core=0 noop r=0 y=0 c0=IDLE1 c1=t789
17757 core=0 delete 6 t779 r=0 y=0 c0=IDLE1 c1=t789
17758 core=0 noop r=0 y=0 c0=IDLE1 c1=t789
17759 core=0 noop r=0 y=0 c0=IDLE1 c1=t789
17760 core=0 noop r=0 y=0 c0=IDLE1 c1=t789
17761 core=0 noop r=0 y=0 c0=IDLE1 c1=t789
17762 core=1 takeb t789 5 r=2 y=2 c0=IDLE1 c1=IDLE0
17763 core=1 noop r=0 y=0 c0=IDLE1 c1=IDLE0
17764 core=0 give r=1 y=2 c0=IDLE1 c1=t789
17765 core=0 prio t783 2 r=0 y=0 c0=IDLE1 c1=t789
17766 core=1 cont t789 r=1 y=0 c0=IDLE1 c1=t789
17767 core=1 prio t787 0 r=0 y=0 c0=IDLE1 c1=t789
17768 core=1 takeb t789 4 r=2 y=2 c0=IDLE1 c1=IDLE0
17769 core=1 prio t786 1 r=0 y=0 c0=IDLE1 c1=IDLE0
17770 core=1 noop r=0 y=0 c0=IDLE1 c1=IDLE0
17771 core=0 delete 8 t783 r=0 y=0 c0=IDLE1 c1=IDLE0
17772 core=1 yield r=0 y=2 c0=IDLE1 c1=IDLE0
17773 core=1 noop r=0 y=0 c0=IDLE1 c1=IDLE0
17774 core=1 noop r=0 y=0 c0=IDLE1 c1=IDLE0
17775 core=1 create 8 t790 p1 r=1 y=2 c0=IDLE1 c1=t790
17776 core=1 give r=1 y=1 c0=t789 c1=t790
17777 core=1 create 1 t791 p2 r=1 y=2 c0=t789 c1=t791
17778 core=0 cont t789 r=1 y=0 c0=t789 c1=t791
17779 core=1 resume t791 r=0 y=0 c0=t789 c1=t791
17780 core=1 takeb t791 6 r=2 y=2 c0=t789 c1=t790
17781 core=0 prio t789 0 r=0 y=1 c0=IDLE0 c1=t790
17782 core=1 give_isr r=1 y=1 c0=t791 c1=t790
17783 core=1 noop r=0 y=0 c0=t791 c1=t790
17784 core=1 resume t785 r=0 y=0 c0=t791 c1=t790
17785 core=1 give_isr r=0 y=0 c0=t791 c1=t790
17786 core=0 cont t791 r=1 y=0 c0=t791 c1=t790
17787 core=1 noop r=0 y=0 c0=t791 c1=t790
17788 core=1 give_isr r=1 y=0 c0=t791 c1=t790
17789 core=1 delay t790 3 r=0 y=2 c0=t791 c1=IDLE1
17790 core=1 noop r=0 y=0 c0=t791 c1=IDLE1
17791 core=1 noop r=0 y=0 c0=t791 c1=IDLE1
17792 core=1 noop r=0 y=0 c0=t791 c1=IDLE1
17793 core=1 prio t786 3 r=0 y=0 c0=t791 c1=IDLE1
17794 core=0 give_isr r=0 y=0 c0=t791 c1=IDLE1
17795 core=0 noop r=0 y=0 c0=t791 c1=IDLE1
17796 core=1 resume t790 r=0 y=0 c0=t791 c1=IDLE1
17797 core=1 delete 9 t785 r=0 y=0 c0=t791 c1=IDLE1
17798 core=0 tick r=0 y=2 c0=t791 c1=t789
17799 core=0 noop r=0 y=0 c0=t791 c1=t789
17800 core=1 takeb t789 2 r=1 y=0 c0=t791 c1=t789
17801 core=0 takeb t791 2 r=2 y=1 c0=IDLE0 c1=t789
17802 core=0 prio t787 1 r=0 y=0 c0=IDLE0 c1=t789
17803 core=0 give r=1 y=1 c0=t791 c1=t789
17804 core=1 give r=0 y=0 c0=t791 c1=t789
17805 core=1 delete 1 t791 r=0 y=1 c0=IDLE1 c1=t789
17806 core=0 give_isr r=0 y=0 c0=IDLE1 c1=t789
17807 core=1 delete 7 t788 r=0 y=0 c0=IDLE1 c1=t789
17808 core=0 give_isr r=0 y=0 c0=IDLE1 c1=t789
17809 core=0 prio t786 3 r=0 y=0 c0=IDLE1 c1=t789
17810 core=0 noop r=0 y=0 c0=IDLE1 c1=t789
17811 core=0 tick r=1 y=3 c0=IDLE0 c1=IDLE1
17812 core=0 noop r=0 y=0 c0=IDLE0 c1=IDLE1
17813 core=0 noop r=0 y=0 c0=IDLE0 c1=IDLE1
17814 core=0 tick r=1 y=3 c0=t790 c1=t789
17815 core=0 give_isr r=0 y=0 c0=t790 c1=t789
17816 core=1 delay t789 2 r=0 y=2 c0=t790 c1=IDLE0
17817 core=1 yield r=0 y=2 c0=t790 c1=IDLE1
17818 core=1 create 0 t792 p0 r=1 y=2 c0=t790 c1=IDLE0
17819 core=0 noop r=0 y=0 c0=t790 c1=IDLE0
17820 core=0 create 6 t793 p1 r=1 y=2 c0=t790 c1=t793
17821 core=1 noop r=0 y=0 c0=t790 c1=t793
17822 core=0 resume t787 r=0 y=0 c0=t790 c1=t793
17823 core=1 noop r=0 y=0 c0=t790 c1=t793
17824 core=1 takeb t793 2 r=1 y=0 c0=t790 c1=t793
17825 core=1 noop r=0 y=0 c0=t790 c1=t793
17826 core=0 give_isr r=1 y=0 c0=t790 c1=t793
17827 core=0 give_isr r=0 y=0 c0=t790 c1=t793
17828 core=1 yield r=0 y=2 c0=t790 c1=t793
17829 core=1 resume t792 r=0 y=0 c0=t790 c1=t793
17830 core=1 prio t787 0 r=0 y=0 c0=t790 c1=t793
17831 core=0 suspend t787 r=0 y=0 c0=t790 c1=t793
17832 core=0 resume t793 r=0 y=0 c0=t790 c1=t793
17833 core=0 delay t790 5 r=0 y=1 c0=t792 c1=t793
17834 core=1 prio t786 1 r=0 y=0 c0=t792 c1=t793
17835 core=1 give r=0 y=0 c0=t792 c1=t793
17836 core=0 noop r=0 y=0 c0=t792 c1=t793
17837 core=1 prio t786 1 r=0 y=0 c0=t792 c1=t793
17838 core=0 noop r=0 y=0 c0=t792 c1=t793
17839 core=0 delete 3 t787 r=0 y=0 c0=t792 c1=t793
17840 core=1 resume t786 r=0 y=1 c0=t786 c1=t793
17841 core=0 noop r=0 y=0 c0=t786 c1=t793
17842 core=0 takeb t786 6 r=1 y=0 c0=t786 c1=t793
17843 core=0 tick r=1 y=3 c0=t786 c1=t793
17844 core=0 noop r=0 y=0 c0=t786 c1=t793
17845 core=1 give r=1 y=0 c0=t786 c1=t793
17846 core=0 tick r=1 y=3 c0=t786 c1=t793
17847 core=0 give_isr r=0 y=0 c0=t786 c1=t793
17848 core=0 give_isr r=0 y=0 c0=t786 c1=t793
17849 core=1 noop r=0 y=0 c0=t786 c1=t793
17850 core=0 prio t793 2 r=0 y=0 c0=t786 c1=t793
17851 core=1 give r=0 y=0 c0=t786 c1=t793
17852 core=1 give_isr r=0 y=0 c0=t786 c1=t793
17853 core=0 delay t786 2 r=0 y=1 c0=IDLE1 c1=t793
17854 core=1 noop r=0 y=0 c0=IDLE1 c1=t793
17855 core=0 noop r=0 y=0 c0=IDLE1 c1=t793
17856 core=1 delete 5 t789 r=0 y=0 c0=IDLE1 c1=t793
17857 core=1 give_isr r=0 y=0 c0=IDLE1 c1=t793
17858 core=0 noop r=0 y=0 c0=IDLE1 c1=t793
17859 core=0 create 9 t794 p3 r=1 y=1 c0=t794 c1=t793
17860 core=0 give r=0 y=0 c0=t794 c1=t793
17861 core=0 give_isr r=0 y=0 c0=t794 c1=t793
17862 core=0 noop r=0 y=0 c0=t794 c1=t793
17863 core=1 suspend t792 r=0 y=0 c0=t794 c1=t793
17864 core=0 tick r=0 y=0 c0=t794 c1=t793
17865 core=1 resume t786 r=0 y=0 c0=t794 c1=t793
17866 core=0 takeb t794 2 r=1 y=0 c0=t794 c1=t793
17867 core=1 noop r=0 y=0 c0=t794 c1=t793
17868 core=1 noop r=0 y=0 c0=t794 c1=t793
17869 core=1 give_isr r=1 y=0 c0=t794 c1=t793
17870 core=0 tick r=0 y=0 c0=t794 c1=t793
17871 core=0 noop r=0 y=0 c0=t794 c1=t793
17872 core=1 noop r=0 y=0 c0=t794 c1=t793
17873 core=1 takeb t793 5 r=1 y=0 c0=t794 c1=t793
17874 core=0 noop r=0 y=0 c0=t794 c1=t793
17875 core=0 prio t793 0 r=0 y=2 c0=t794 c1=t786
17876 core=0 resume t786 r=0 y=0 c0=t794 c1=t786
17877 core=1 give r=1 y=0 c0=t794 c1=t786
17878 core=1 yield r=0 y=2 c0=t794 c1=t786
17879 core=0 noop r=0 y=0 c0=t794 c1=t786
17880 core=1 noop r=0 y=0 c0=t794 c1=t786
17881 core=0 suspend t786 r=0 y=2 c0=t794 c1=IDLE0
17882 core=0 suspend t792 r=0 y=0 c0=t794 c1=IDLE0
17883 core=1 noop r=0 y=0 c0=t794 c1=IDLE0
17884 core=0 noop r=0 y=0 c0=t794 c1=IDLE0
17885 core=1 noop r=0 y=0 c0=t794 c1=IDLE0
17886 core=0 give r=0 y=0 c0=t794 c1=IDLE0
17887 core=0 takeb t794 2 r=1 y=0 c0=t794 c1=IDLE0
17888 core=1 give r=1 y=0 c0=t794 c1=IDLE0
17889 core=1 noop r=0 y=0 c0=t794 c1=IDLE0
17890 core=1 noop r=0 y=0 c0=t794 c1=IDLE0
17891 core=0 noop r=0 y=0 c0=t794 c1=IDLE0
17892 core=0 delay t794 2 r=0 y=1 c0=IDLE1 c1=IDLE0
17893 core=0 noop r=0 y=0 c0=IDLE1 c1=IDLE0
17894 core=0 resume t786 r=0 y=2 c0=IDLE1 c1=t786
17895 core=1 prio t793 1 r=0 y=1 c0=t793 c1=t786
17896 core=1 resume t793 r=0 y=0 c0=t793 c1=t786
17897 core=0 create 7 t795 p3 r=1 y=2 c0=t793 c1=t795
17898 core=0 takeb t793 1 r=1 y=0 c0=t793 c1=t795
17899 core=0 noop r=0 y=0 c0=t793 c1=t795
17900 core=0 give r=1 y=0 c0=t793 c1=t795
17901 core=0 give_isr r=0 y=0 c0=t793 c1=t795
17902 core=1 give_isr r=0 y=0 c0=t793 c1=t795
17903 core=0 suspend t790 r=0 y=0 c0=t793 c1=t795
17904 core=0 delay t793 3 r=0 y=1 c0=t786 c1=t795
17905 core=1 noop r=0 y=0 c0=t786 c1=t795
17906 core=1 give_isr r=0 y=0 c0=t786 c1=t795
17907 core=0 takeb t786 5 r=1 y=0 c0=t786 c1=t795
17908 core=0 delete 6 t793 r=0 y=0 c0=t786 c1=t795
17909 core=0 delay t786 1 r=0 y=1 c0=IDLE0 c1=t795
17910 core=1 give r=1 y=0 c0=IDLE0 c1=t795
17911 core=1 noop r=0 y=0 c0=IDLE0 c1=t795
17912 core=1 noop r=0 y=0 c0=IDLE0 c1=t795
17913 core=0 yield r=0 y=1 c0=IDLE1 c1=t795
17914 core=1 resume t794 r=0 y=0 c0=IDLE1 c1=t795
17915 core=1 give r=0 y=0 c0=IDLE1 c1=t795
17916 core=1 resume t795 r=0 y=0 c0=IDLE1 c1=t795
17917 core=0 tick r=1 y=1 c0=t786 c1=t795
17918 core=1 takeb t795 4 r=1 y=0 c0=t786 c1=t795
17919 core=0 delay t786 2 r=0 y=1 c0=IDLE0 c1=t795
17920 core=0 noop r=0 y=0 c0=IDLE0 c1=t795
17921 core=0 noop r=0 y=0 c0=IDLE0 c1=t795
17922 core=1 noop r=0 y=0 c0=IDLE0 c1=t795
17923 core=1 create 4 t796 p2 r=1 y=1 c0=t796 c1=t795
17924 core=0 resume t796 r=0 y=0 c0=t796 c1=t795
17925 core=1 resume t796 r=0 y=0 c0=t796 c1=t795
17926 core=0 delay t796 3 r=0 y=1 c0=IDLE1 c1=t795
17927 core=0 noop r=0 y=0 c0=IDLE1 c1=t795
17928 core=0 prio t796 3 r=0 y=0 c0=IDLE1 c1=t795
17929 core=1 suspend t794 r=0 y=0 c0=IDLE1 c1=t795
17930 core=0 noop r=0 y=0 c0=IDLE1 c1=t795
17931 core=0 tick r=1 y=1 c0=IDLE0 c1=t795
17932 core=0 give r=1 y=0 c0=IDLE0 c1=t795
17933 core=1 noop r=0 y=0 c0=IDLE0 c1=t795
17934 core=1 give_isr r=0 y=0 c0=IDLE0 c1=t795
17935 core=0 noop r=0 y=0 c0=IDLE0 c1=t795
17936 core=1 resume t795 r=0 y=0 c0=IDLE0 c1=t795
17937 core=0 prio t792 1 r=0 y=0 c0=IDLE0 c1=t795
17938 core=1 delay t795 5 r=0 y=2 c0=IDLE0 c1=IDLE1
17939 core=1 noop r=0 y=0 c0=IDLE0 c1=IDLE1
17940 core=1 noop r=0 y=0 c0=IDLE0 c1=IDLE1
17941 core=0 tick r=1 y=3 c0=t786 c1=IDLE0
17942 core=0 noop r=0 y=0 c0=t786 c1=IDLE0
17943 core=1 noop r=0 y=0 c0=t786 c1=IDLE0
17944 core=0 suspend t796 r=0 y=0 c0=t786 c1=IDLE0
17945 core=1 delete 8 t790 r=0 y=0 c0=t786 c1=IDLE0
17946 core=1 give r=0 y=0 c0=t786 c1=IDLE0
17947 core=1 noop r=0 y=0 c0=t786 c1=IDLE0
17948 core=0 give r=0 y=0 c0=t786 c1=IDLE0
17949 core=0 noop r=0 y=0 c0=t786 c1=IDLE0
17950 core=1 noop r=0 y=0 c0=t786 c1=IDLE0
17951 core=1 resume t786 r=0 y=0 c0=t786 c1=IDLE0
17952 core=1 prio t792 1 r=0 y=0 c0=t786 c1=IDLE0
17953 core=0 noop r=0 y=0 c0=t786 c1=IDLE0
17954 core=1 noop r=0 y=0 c0=t786 c1=IDLE0
17955 core=1 delete 4 t796 r=0 y=0 c0=t786 c1=IDLE0
17956 core=1 noop r=0 y=0 c0=t786 c1=IDLE0
17957 core=1 resume t795 r=0 y=0 c0=t786 c1=IDLE0
17958 core=1 noop r=0 y=0 c0=t786 c1=IDLE0
17959 core=1 noop r=0 y=0 c0=t786 c1=IDLE0
17960 core=1 resume t786 r=0 y=0 c0=t786 c1=IDLE0
17961 core=0 noop r=0 y=0 c0=t786 c1=IDLE0
17962 core=0 resume t794 r=0 y=2 c0=t786 c1=t794
17963 core=0 noop r=0 y=0 c0=t786 c1=t794
17964 core=0 noop r=0 y=0 c0=t786 c1=t794
17965 core=1 give_isr r=0 y=0 c0=t786 c1=t794
17966 core=1 give_isr r=0 y=0 c0=t786 c1=t794
17967 core=1 give r=0 y=0 c0=t786 c1=t794
17968 core=0 prio t786 0 r=0 y=1 c0=IDLE1 c1=t794
17969 core=1 take t794 r=1 y=0 c0=IDLE1 c1=t794
17970 core=0 noop r=0 y=0 c0=IDLE1 c1=t794
17971 core=0 create 6 t797 p3 r=1 y=1 c0=t797 c1=t794
17972 core=0 takeb t797 5 r=2 y=1 c0=IDLE0 c1=t794
17973 core=1 noop r=0 y=0 c0=IDLE0 c1=t794
17974 core=1 noop r=0 y=0 c0=IDLE0 c1=t794
17975 core=1 delay t794 5 r=0 y=2 c0=IDLE0 c1=t786
17976 core=0 noop r=0 y=0 c0=IDLE0 c1=t786
17977 core=1 resume t795 r=0 y=0 c0=IDLE0 c1=t786
17978 core=1 noop r=0 y=0 c0=IDLE0 c1=t786
17979 core=1 prio t795 1 r=0 y=0 c0=IDLE0 c1=t786
17980 core=0 give_isr r=1 y=1 c0=t797 c1=t786
17981 core=0 tick r=0 y=2 c0=t797 c1=IDLE1
17982 core=0 cont t797 r=1 y=0 c0=t797 c1=IDLE1
17983 core=0 takeb t797 5 r=2 y=1 c0=IDLE0 c1=IDLE1
17984 core=0 delete 0 t792 r=0 y=0 c0=IDLE0 c1=IDLE1
17985 core=0 tick r=1 y=3 c0=t786 c1=IDLE0
17986 core=0 create 8 t798 p1 r=1 y=2 c0=t786 c1=t798
17987 core=1 prio t794 3 r=0 y=0 c0=t786 c1=t798
17988 core=0 create 3 t799 p0 r=1 y=0 c0=t786 c1=t798
17989 core=0 resume t795 r=0 y=0 c0=t786 c1=t798
17990 core=1 prio t794 1 r=0 y=0 c0=t786 c1=t798
17991 core=1 delete 7 t795 r=0 y=0 c0=t786 c1=t798
17992 core=1 delay t798 2 r=0 y=2 c0=t786 c1=IDLE1
17993 core=1 noop r=0 y=0 c0=t786 c1=IDLE1
17994 core=1 noop r=0 y=0 c0=t786 c1=IDLE1
17995 core=0 resume t799 r=0 y=0 c0=t786 c1=IDLE1
17996 core=0 create 7 t800 p1 r=1 y=2 c0=t786 c1=t800
17997 core=1 create 0 t801 p0 r=1 y=0 c0=t786 c1=t800
17998 core=0 prio t801 0 r=0 y=0 c0=t786 c1=t800
17999 core=0 tick r=1 y=1 c0=IDLE0 c1=t800
18000 core=1 create 5 t802 p3 r=1 y=1 c0=t802 c1=t800
18001 core=1 take t800 r=0 y=0 c0=t802 c1=t800
18002 core=0 give_isr r=1 y=2 c0=t802 c1=t797
18003 core=0 takeb t802 2 r=1 y=0 c0=t802 c1=t797
18004 core=1 cont t797 r=2 y=2 c0=t802 c1=t800
18005 core=0 delay t802 3 r=0 y=1 c0=t799 c1=t800
18006 core=1 give_isr r=1 y=1 c0=t797 c1=t800
18007 core=0 cont t797 r=1 y=0 c0=t797 c1=t800
18008 core=1 delete 6 t797 r=0 y=1 c0=IDLE1 c1=t800
18009 core=1 suspend t798 r=0 y=0 c0=IDLE1 c1=t800
18010 core=1 noop r=0 y=0 c0=IDLE1 c1=t800
18011 core=1 give_isr r=1 y=0 c0=IDLE1 c1=t800
18012 core=0 delete 2 t786 r=0 y=0 c0=IDLE1 c1=t800
18013 core=1 delete 0 t801 r=0 y=0 c0=IDLE1 c1=t800
18014 core=0 noop r=0 y=0 c0=IDLE1 c1=t800
18015 core=1 give r=0 y=0 c0=IDLE1 c1=t800
18016 core=0 noop r=0 y=0 c0=IDLE1 c1=t800
18017 core=1 delete 7 t800 r=0 y=2 c0=IDLE1 c1=IDLE0
18018 core=1 noop r=0 y=0 c0=IDLE1 c1=IDLE0
18019 core=0 create 7 t803 p3 r=1 y=2 c0=IDLE1 c1=t803
18020 core=1 resume t798 r=0 y=1 c0=t798 c1=t803
18021 core=1 takeb t803 5 r=1 y=0 c0=t798 c1=t803
18022 core=0 prio t798 2 r=0 y=0 c0=t798 c1=t803
18023 core=0 delay t798 4 r=0 y=1 c0=t799 c1=t803
18024 core=1 delay t803 4 r=0 y=2 c0=t799 c1=IDLE0
18025 core=1 resume t799 r=0 y=0 c0=t799 c1=IDLE0
18026 core=1 noop r=0 y=0 c0=t799 c1=IDLE0
18027 core=0 give r=1 y=0 c0=t799 c1=IDLE0
18028 core=1 noop r=0 y=0 c0=t799 c1=IDLE0
18029 core=0 noop r=0 y=0 c0=t799 c1=IDLE0
18030 core=1 resume t798 r=0 y=0 c0=t799 c1=IDLE0
18031 core=0 tick r=1 y=3 c0=IDLE1 c1=t799
18032 core=0 noop r=0 y=0 c0=IDLE1 c1=t799
18033 core=0 noop r=0 y=0 c0=IDLE1 c1=t799
18034 core=1 suspend t798 r=0 y=0 c0=IDLE1 c1=t799
18035 core=0 prio t803 3 r=0 y=0 c0=IDLE1 c1=t799
18036 core=1 yield r=0 y=2 c0=IDLE1 c1=IDLE0
18037 core=1 noop r=0 y=0 c0=IDLE1 c1=IDLE0
18038 core=1 prio t798 1 r=0 y=0 c0=IDLE1 c1=IDLE0
18039 core=0 noop r=0 y=0 c0=IDLE1 c1=IDLE0
18040 core=1 suspend t803 r=0 y=0 c0=IDLE1 c1=IDLE0
18041 core=1 noop r=0 y=0 c0=IDLE1 c1=IDLE0
18042 core=0 noop r=0 y=0 c0=IDLE1 c1=IDLE0
18043 core=0 noop r=0 y=0 c0=IDLE1 c1=IDLE0
18044 core=1 noop r=0 y=0 c0=IDLE1 c1=IDLE0
18045 core=1 give r=0 y=0 c0=IDLE1 c1=IDLE0
18046 core=0 noop r=0 y=0 c0=IDLE1 c1=IDLE0
18047 core=0 noop r=0 y=0 c0=IDLE1 c1=IDLE0
18048 core=0 noop r=0 y=0 c0=IDLE1 c1=IDLE0
18049 core=1 noop r=0 y=0 c0=IDLE1 c1=IDLE0
18050 core=1 noop r=0 y=0 c0=IDLE1 c1=IDLE0
18051 core=1 give_isr r=0 y=0 c0=IDLE1 c1=IDLE0
18052 core=1 noop r=0 y=0 c0=IDLE1 c1=IDLE0
18053 core=0 noop r=0 y=0 c0=IDLE1 c1=IDLE0
18054 core=0 noop r=0 y=0 c0=IDLE1 c1=IDLE0
18055 core=1 give r=0 y=0 c0=IDLE1 c1=IDLE0
18056 core=0 noop r=0 y=0 c0=IDLE1 c1=IDLE0
18057 core=0 noop r=0 y=0 c0=IDLE1 c1=IDLE0
18058 core=1 suspend t794 r=0 y=0 c0=IDLE1 c1=IDLE0
18059 core=0 noop r=0 y=0 c0=IDLE1 c1=IDLE0
18060 core=1 noop r=0 y=0 c0=IDLE1 c1=IDLE0
18061 core=0 prio t794 1 r=0 y=0 c0=IDLE1 c1=IDLE0
18062 core=1 noop r=0 y=0 c0=IDLE1 c1=IDLE0
18063 core=0 create 6 t804 p3 r=1 y=2 c0=IDLE1 c1=t804
18064 core=0 noop r=0 y=0 c0=IDLE1 c1=t804
18065 core=1 takeb t804 6 r=1 y=0 c0=IDLE1 c1=t804
18066 core=0 delete 8 t798 r=0 y=0 c0=IDLE1 c1=t804
18067 core=0 noop r=0 y=0 c0=IDLE1 c1=t804
18068 core=1 suspend t794 r=0 y=0 c0=IDLE1 c1=t804
18069 core=1 takeb t804 3 r=2 y=2 c0=IDLE1 c1=t799
18070 core=1 noop r=0 y=0 c0=IDLE1 c1=t799
18071 core=1 delay t799 2 r=0 y=2 c0=IDLE1 c1=IDLE0
18072 core=1 noop r=0 y=0 c0=IDLE1 c1=IDLE0
18073 core=0 yield r=0 y=1 c0=IDLE1 c1=IDLE0
18074 core=1 give_isr r=1 y=2 c0=IDLE1 c1=t804
18075 core=1 cont t804 r=1 y=0 c0=IDLE1 c1=t804
18076 core=1 noop r=0 y=0 c0=IDLE1 c1=t804
18077 core=1 delay t804 5 r=0 y=2 c0=IDLE1 c1=IDLE0
18078 core=0 noop r=0 y=0 c0=IDLE1 c1=IDLE0
18079 core=0 tick r=1 y=3 c0=IDLE1 c1=IDLE0
18080 core=0 tick r=1 y=3 c0=t802 c1=t799
18081 core=0 resume t804 r=0 y=0 c0=t802 c1=t799
18082 core=0 delete 5 t802 r=0 y=1 c0=IDLE1 c1=t799
18083 core=0 noop r=0 y=0 c0=IDLE1 c1=t799
18084 core=0 prio t804 3 r=0 y=0 c0=IDLE1 c1=t799
18085 core=0 prio t794 1 r=0 y=0 c0=IDLE1 c1=t799
18086 core=1 noop r=0 y=0 c0=IDLE1 c1=t799
18087 core=1 give r=1 y=0 c0=IDLE1 c1=t799
18088 core=0 create 5 t805 p3 r=1 y=1 c0=t805 c1=t799
18089 core=0 yield r=0 y=1 c0=t805 c1=t799
18090 core=0 suspend t794 r=0 y=0 c0=t805 c1=t799
18091 core=0 tick r=0 y=2 c0=t805 c1=IDLE0
18092 core=0 give r=0 y=0 c0=t805 c1=IDLE0
18093 core=0 suspend t794 r=0 y=0 c0=t805 c1=IDLE0
18094 core=0 delay t805 4 r=0 y=1 c0=IDLE1 c1=IDLE0
18095 core=1 noop r=0 y=0 c0=IDLE1 c1=IDLE0
18096 core=0 noop r=0 y=0 c0=IDLE1 c1=IDLE0
18097 core=1 noop r=0 y=0 c0=IDLE1 c1=IDLE0
18098 core=0 prio t804 0 r=0 y=0 c0=IDLE1 c1=IDLE0
18099 core=0 tick r=1 y=3 c0=t799 c1=IDLE1
18100 core=1 prio t803 0 r=0 y=0 c0=t799 c1=IDLE1
18101 core=0 prio t804 1 r=0 y=0 c0=t799 c1=IDLE1
18102 core=0 delay t799 2 r=0 y=1 c0=IDLE0 c1=IDLE1
18103 core=1 noop r=0 y=0 c0=IDLE0 c1=IDLE1
18104 core=1 noop r=0 y=0 c0=IDLE0 c1=IDLE1
18105 core=0 suspend t794 r=0 y=0 c0=IDLE0 c1=IDLE1
18106 core=0 give_isr r=0 y=0 c0=IDLE0 c1=IDLE1
18107 core=0 noop r=0 y=0 c0=IDLE0 c1=IDLE1
18108 core=1 noop r=0 y=0 c0=IDLE0 c1=IDLE1
18109 core=0 noop r=0 y=0 c0=IDLE0 c1=IDLE1
18110 core=0 noop r=0 y=0 c0=IDLE0 c1=IDLE1
18111 core=0 noop r=0 y=0 c0=IDLE0 c1=IDLE1
18112 core=1 noop r=0 y=0 c0=IDLE0 c1=IDLE1
18113 core=0 noop r=0 y=0 c0=IDLE0 c1=IDLE1
18114 core=0 give r=0 y=0 c0=IDLE0 c1=IDLE1
18115 core=0 noop r=0 y=0 c0=IDLE0 c1=IDLE1
18116 core=1 noop r=0 y=0 c0=IDLE0 c1=IDLE1
18117 core=0 noop r=0 y=0 c0=IDLE0 c1=IDLE1
18118 core=1 noop r=0 y=0 c0=IDLE0 c1=IDLE1
18119 core=1 noop r=0 y=0 c0=IDLE0 c1=IDLE1
18120 core=1 noop r=0 y=0 c0=IDLE0 c1=IDLE1
18121 core=0 tick r=1 y=3 c0=t804 c1=IDLE0
18122 core=1 delete 7 t803 r=0 y=0 c0=t804 c1=IDLE0
18123 core=0 noop r=0 y=0 c0=t804 c1=IDLE0
18124 core=1 noop r=0 y=0 c0=t804 c1=IDLE0
18125 core=1 noop r=0 y=0 c0=t804 c1=IDLE0
18126 core=0 create 2 t806 p0 r=1 y=2 c0=t804 c1=IDLE1
18127 core=0 give_isr r=0 y=0 c0=t804 c1=IDLE1
18128 core=1 noop r=0 y=0 c0=t804 c1=IDLE1
18129 core=1 noop r=0 y=0 c0=t804 c1=IDLE1
18130 core=1 give_isr r=0 y=0 c0=t804 c1=IDLE1
18131 core=0 prio t799 2 r=0 y=0 c0=t804 c1=IDLE1
18132 core=0 create 8 t807 p3 r=1 y=2 c0=t804 c1=t807
18133 core=0 tick r=1 y=1 c0=t799 c1=t807
18134 core=1 noop r=0 y=0 c0=t799 c1=t807
18135 core=0 give_isr r=0 y=0 c0=t799 c1=t807
18136 core=0 noop r=0 y=0 c0=t799 c1=t807
18137 core=1 noop r=0 y=0 c0=t799 c1=t807
18138 core=0 give r=0 y=0 c0=t799 c1=t807
18139 core=1 noop r=0 y=0 c0=t799 c1=t807
18140 core=1 noop r=0 y=0 c0=t799 c1=t807
18141 core=1 noop r=0 y=0 c0=t799 c1=t807
18142 core=1 delay t807 2 r=0 y=2 c0=t799 c1=t804
18143 core=1 resume t799 r=0 y=0 c0=t799 c1=t804
18144 core=1 give_isr r=0 y=0 c0=t799 c1=t804
18145 core=0 create 0 t808 p2 r=1 y=2 c0=t799 c1=t808
18146 core=0 tick r=1 y=3 c0=t805 c1=t799
18147 core=1 noop r=0 y=0 c0=t805 c1=t799
18148 core=1 yield r=0 y=2 c0=t805 c1=t808
18149 core=0 resume t808 r=0 y=0 c0=t805 c1=t808
18150 core=1 suspend t794 r=0 y=0 c0=t805 c1=t808
18151 core=0 tick r=1 y=3 c0=t807 c1=t805
18152 core=1 prio t799 2 r=0 y=0 c0=t807 c1=t805
18153 core=1 take t805 r=1 y=0 c0=t807 c1=t805
18154 core=0 give r=1 y=0 c0=t807 c1=t805
18155 core=1 yield r=0 y=2 c0=t807 c1=t805
18156 core=0 delete 5 t805 r=0 y=2 c0=t807 c1=t799
18157 core=0 yield r=0 y=1 c0=t807 c1=t799
18158 core=0 take t807 r=1 y=0 c0=t807 c1=t799
18159 core=1 create 1 t809 p3 r=1 y=2 c0=t807 c1=t809
18160 core=0 delay t807 5 r=0 y=1 c0=t808 c1=t809
18161 core=1 noop r=0 y=0 c0=t808 c1=t809
18162 core=0 give_isr r=1 y=0 c0=t808 c1=t809
18163 core=0 resume t799 r=0 y=0 c0=t808 c1=t809
18164 core=0 tick r=1 y=1 c0=t799 c1=t809
18165 core=0 take t799 r=1 y=0 c0=t799 c1=t809
18166 core=1 yield r=0 y=2 c0=t799 c1=t809
18167 core=0 tick r=1 y=1 c0=t808 c1=t809
18168 core=0 noop r=0 y=0 c0=t808 c1=t809
18169 core=1 prio t806 2 r=0 y=0 c0=t808 c1=t809
18170 core=0 prio t806 2 r=0 y=0 c0=t808 c1=t809
18171 core=0 takeb t808 2 r=2 y=1 c0=t799 c1=t809
18172 core=1 give r=1 y=0 c0=t799 c1=t809
18173 core=0 noop r=0 y=0 c0=t799 c1=t809
18174 core=0 resume t807 r=0 y=0 c0=t799 c1=t809
18175 core=1 noop r=0 y=0 c0=t799 c1=t809
18176 core=1 give_isr r=0 y=0 c0=t799 c1=t809
18177 core=0 prio t809 3 r=0 y=0 c0=t799 c1=t809
18178 core=0 tick r=1 y=1 c0=t806 c1=t809
18179 core=0 noop r=0 y=0 c0=t806 c1=t809
18180 core=1 give_isr r=0 y=0 c0=t806 c1=t809
18181 core=1 delay t809 5 r=0 y=2 c0=t806 c1=t808
18182 core=1 cont t808 r=1 y=0 c0=t806 c1=t808
18183 core=1 suspend t799 r=0 y=0 c0=t806 c1=t808
18184 core=1 noop r=0 y=0 c0=t806 c1=t808
18185 core=1 delay t808 5 r=0 y=2 c0=t806 c1=t804
18186 core=1 give r=1 y=0 c0=t806 c1=t804
18187 core=0 delete 3 t799 r=0 y=0 c0=t806 c1=t804
18188 core=0 noop r=0 y=0 c0=t806 c1=t804
18189 core=1 give r=0 y=0 c0=t806 c1=t804
18190 core=0 noop r=0 y=0 c0=t806 c1=t804
18191 core=0 tick r=0 y=0 c0=t806 c1=t804
18192 core=0 tick r=0 y=2 c0=t806 c1=t807
18193 core=1 noop r=0 y=0 c0=t806 c1=t807
18194 core=1 take t807 r=1 y=0 c0=t806 c1=t807
18195 core=0 give_isr r=1 y=0 c0=t806 c1=t807
18196 core=0 give_isr r=0 y=0 c0=t806 c1=t807
18197 core=0 suspend t808 r=0 y=0 c0=t806 c1=t807
18198 core=1 noop r=0 y=0 c0=t806 c1=t807
18199 core=0 tick r=0 y=0 c0=t806 c1=t807
18200 core=1 noop r=0 y=0 c0=t806 c1=t807
18201 core=1 give_isr r=0 y=0 c0=t806 c1=t807
18202 core=0 noop r=0 y=0 c0=t806 c1=t807
18203 core=0 noop r=0 y=0 c0=t806 c1=t807
18204 core=0 delay t806 2 r=0 y=1 c0=t804 c1=t807
18205 core=1 give r=0 y=0 c0=t804 c1=t807
18206 core=1 takeb t807 2 r=1 y=0 c0=t804 c1=t807
18207 core=0 suspend t808 r=0 y=0 c0=t804 c1=t807
18208 core=1 take t807 r=0 y=0 c0=t804 c1=t807
18209 core=0 prio t794 3 r=0 y=0 c0=t804 c1=t807
18210 core=0 noop r=0 y=0 c0=t804 c1=t807
18211 core=0 tick r=0 y=0 c0=t804 c1=t807
18212 core=1 resume t806 r=0 y=0 c0=t804 c1=t807
18213 core=0 delete 6 t804 r=0 y=1 c0=IDLE0 c1=t807
18214 core=1 suspend t808 r=0 y=0 c0=IDLE0 c1=t807
18215 core=0 tick r=1 y=3 c0=t809 c1=t807
18216 core=1 yield r=0 y=2 c0=t809 c1=t807
18217 core=1 resume t808 r=0 y=0 c0=t809 c1=t807
18218 core=1 noop r=0 y=0 c0=t809 c1=t807
18219 core=1 create 5 t810 p3 r=1 y=0 c0=t809 c1=t807
18220 core=0 noop r=0 y=0 c0=t809 c1=t807
18221 core=0 delay t809 4 r=0 y=1 c0=t810 c1=t807
18222 core=1 suspend t806 r=0 y=0 c0=t810 c1=t807
18223 core=0 delay t810 1 r=0 y=1 c0=t808 c1=t807
18224 core=0 tick r=1 y=3 c0=t810 c1=t807
18225 core=1 delay t807 2 r=0 y=2 c0=t810 c1=t808
18226 core=1 give r=1 y=0 c0=t810 c1=t808
18227 core=1 delay t808 3 r=0 y=2 c0=t810 c1=IDLE1
18228 core=0 noop r=0 y=0 c0=t810 c1=IDLE1
18229 core=0 prio t808 0 r=0 y=0 c0=t810 c1=IDLE1
18230 core=1 give_isr r=0 y=0 c0=t810 c1=IDLE1
18231 core=1 give_isr r=0 y=0 c0=t810 c1=IDLE1
18232 core=1 prio t808 2 r=0 y=0 c0=t810 c1=IDLE1
18233 core=0 delete 1 t809 r=0 y=0 c0=t810 c1=IDLE1
18234 core=0 prio t808 0 r=0 y=0 c0=t810 c1=IDLE1
18235 core=1 create 6 t811 p1 r=1 y=2 c0=t810 c1=t811
18236 core=1 noop r=0 y=0 c0=t810 c1=t811
18237 core=0 delay t810 2 r=0 y=1 c0=IDLE0 c1=t811
18238 core=1 yield r=0 y=2 c0=IDLE0 c1=t811
18239 core=0 suspend t808 r=0 y=0 c0=IDLE0 c1=t811
18240 core=1 noop r=0 y=0 c0=IDLE0 c1=t811
18241 core=0 noop r=0 y=0 c0=IDLE0 c1=t811
18242 core=1 noop r=0 y=0 c0=IDLE0 c1=t811
18243 core=1 yield r=0 y=2 c0=IDLE0 c1=t811
18244 core=1 give_isr r=0 y=0 c0=IDLE0 c1=t811
18245 core=0 delete 2 t806 r=0 y=0 c0=IDLE0 c1=t811
18246 core=0 noop r=0 y=0 c0=IDLE0 c1=t811
18247 core=0 noop r=0 y=0 c0=IDLE0 c1=t811
18248 core=1 give r=0 y=0 c0=IDLE0 c1=t811
18249 core=1 yield r=0 y=2 c0=IDLE0 c1=t811
18250 core=1 noop r=0 y=0 c0=IDLE0 c1=t811
18251 core=1 noop r=0 y=0 c0=IDLE0 c1=t811
18252 core=0 noop r=0 y=0 c0=IDLE0 c1=t811
18253 core=1 resume t810 r=0 y=0 c0=IDLE0 c1=t811
18254 core=0 noop r=0 y=0 c0=IDLE0 c1=t811
18255 core=0 tick r=1 y=1 c0=IDLE1 c1=t811
18256 core=0 noop r=0 y=0 c0=IDLE1 c1=t811
18257 core=0 create 4 t812 p2 r=1 y=1 c0=t812 c1=t811
18258 core=0 delete 6 t811 r=0 y=2 c0=t812 c1=IDLE0
18259 core=1 noop r=0 y=0 c0=t812 c1=IDLE0
18260 core=0 take t812 r=1 y=0 c0=t812 c1=IDLE0
18261 core=1 noop r=0 y=0 c0=t812 c1=IDLE0
18262 core=1 noop r=0 y=0 c0=t812 c1=IDLE0
18263 core=0 noop r=0 y=0 c0=t812 c1=IDLE0
18264 core=0 noop r=0 y=0 c0=t812 c1=IDLE0
18265 core=1 give r=1 y=0 c0=t812 c1=IDLE0
18266 core=0 noop r=0 y=0 c0=t812 c1=IDLE0
18267 core=0 tick r=1 y=3 c0=t807 c1=t810
18268 core=1 prio t807 3 r=0 y=0 c0=t807 c1=t810
18269 core=0 delay t807 1 r=0 y=1 c0=t812 c1=t810
18270 core=0 noop r=0 y=0 c0=t812 c1=t810
18271 core=1 give_isr r=0 y=0 c0=t812 c1=t810
18272 core=0 tick r=1 y=3 c0=t807 c1=t810
18273 core=0 noop r=0 y=0 c0=t807 c1=t810
18274 core=0 take t807 r=1 y=0 c0=t807 c1=t810
18275 core=0 resume t812 r=0 y=0 c0=t807 c1=t810
18276 core=1 give_isr r=1 y=0 c0=t807 c1=t810
18277 core=0 give_isr r=0 y=0 c0=t807 c1=t810
18278 core=1 give_isr r=0 y=0 c0=t807 c1=t810
18279 core=0 delay t807 3 r=0 y=1 c0=t812 c1=t810
18280 core=1 noop r=0 y=0 c0=t812 c1=t810
18281 core=1 noop r=0 y=0 c0=t812 c1=t810
18282 core=0 tick r=0 y=0 c0=t812 c1=t810
18283 core=0 delay t812 5 r=0 y=1 c0=IDLE1 c1=t810
18284 core=1 create 1 t813 p2 r=1 y=1 c0=t813 c1=t810
18285 core=0 give r=0 y=0 c0=t813 c1=t810
18286 core=0 prio t794 1 r=0 y=0 c0=t813 c1=t810
18287 core=0 suspend t807 r=0 y=0 c0=t813 c1=t810
18288 core=0 resume t807 r=0 y=1 c0=t807 c1=t810
18289 core=1 noop r=0 y=0 c0=t807 c1=t810
18290 core=1 delete 8 t807 r=0 y=1 c0=t813 c1=t810
18291 core=0 suspend t808 r=0 y=0 c0=t813 c1=t810
18292 core=1 noop r=0 y=0 c0=t813 c1=t810
18293 core=0 delete 1 t813 r=0 y=1 c0=IDLE0 c1=t810
18294 core=0 tick r=1 y=1 c0=IDLE1 c1=t810
18295 core=0 noop r=0 y=0 c0=IDLE1 c1=t810
18296 core=1 delay t810 3 r=0 y=2 c0=IDLE1 c1=IDLE0
18297 core=0 tick r=1 y=3 c0=IDLE1 c1=IDLE0
18298 core=1 noop r=0 y=0 c0=IDLE1 c1=IDLE0
18299 core=0 noop r=0 y=0 c0=IDLE1 c1=IDLE0
18300 core=0 resume t810 r=0 y=0 c0=IDLE1 c1=IDLE0
18301 core=0 resume t794 r=0 y=2 c0=IDLE1 c1=t794
18302 core=0 noop r=0 y=0 c0=IDLE1 c1=t794
18303 core=0 tick r=1 y=1 c0=IDLE0 c1=t794
18304 core=1 give r=0 y=0 c0=IDLE0 c1=t794
18305 core=0 noop r=0 y=0 c0=IDLE0 c1=t794
18306 core=1 noop r=0 y=0 c0=IDLE0 c1=t794
18307 core=0 create 3 t814 p0 r=1 y=1 c0=IDLE1 c1=t794
18308 core=0 tick r=1 y=1 c0=t810 c1=t794
18309 core=1 suspend t810 r=0 y=1 c0=t814 c1=t794
18310 core=0 tick r=1 y=1 c0=t812 c1=t794
18311 core=0 delete 5 t810 r=0 y=0 c0=t812 c1=t794
18312 core=1 noop r=0 y=0 c0=t812 c1=t794
18313 core=0 delay t812 3 r=0 y=1 c0=IDLE0 c1=t794
18314 core=0 noop r=0 y=0 c0=IDLE0 c1=t794
18315 core=1 noop r=0 y=0 c0=IDLE0 c1=t794
18316 core=0 tick r=1 y=1 c0=IDLE1 c1=t794
18317 core=1 noop r=0 y=0 c0=IDLE1 c1=t794
18318 core=0 yield r=0 y=1 c0=t814 c1=t794
18319 core=0 delay t814 4 r=0 y=1 c0=IDLE0 c1=t794
18320 core=0 noop r=0 y=0 c0=IDLE0 c1=t794
18321 core=0 noop r=0 y=0 c0=IDLE0 c1=t794
18322 core=0 noop r=0 y=0 c0=IDLE0 c1=t794
18323 core=1 delete 4 t812 r=0 y=0 c0=IDLE0 c1=t794
18324 core=0 tick r=1 y=1 c0=IDLE1 c1=t794
18325 core=1 delay t794 5 r=0 y=2 c0=IDLE1 c1=IDLE0
18326 core=1 create 4 t815 p0 r=1 y=2 c0=IDLE1 c1=t815
18327 core=0 noop r=0 y=0 c0=IDLE1 c1=t815
18328 core=1 noop r=0 y=0 c0=IDLE1 c1=t815
18329 core=0 noop r=0 y=0 c0=IDLE1 c1=t815
18330 core=0 noop r=0 y=0 c0=IDLE1 c1=t815
18331 core=1 prio t794 2 r=0 y=0 c0=IDLE1 c1=t815
18332 core=0 tick r=1 y=3 c0=IDLE0 c1=IDLE1
18333 core=1 noop r=0 y=0 c0=IDLE0 c1=IDLE1
18334 core=0 noop r=0 y=0 c0=IDLE0 c1=IDLE1
18335 core=1 give r=0 y=0 c0=IDLE0 c1=IDLE1
18336 core=0 noop r=0 y=0 c0=IDLE0 c1=IDLE1
18337 core=1 noop r=0 y=0 c0=IDLE0 c1=IDLE1
18338 core=0 noop r=0 y=0 c0=IDLE0 c1=IDLE1
18339 core=0 tick r=1 y=3 c0=t815 c1=IDLE0
18340 core=0 takeb t815 1 r=1 y=0 c0=t815 c1=IDLE0
18341 core=0 tick r=1 y=3 c0=IDLE1 c1=t814
18342 core=1 give r=1 y=0 c0=IDLE1 c1=t814
18343 core=1 noop r=0 y=0 c0=IDLE1 c1=t814
18344 core=0 give_isr r=0 y=0 c0=IDLE1 c1=t814
18345 core=1 noop r=0 y=0 c0=IDLE1 c1=t814
18346 core=1 delete 0 t808 r=0 y=0 c0=IDLE1 c1=t814
18347 core=1 give r=0 y=0 c0=IDLE1 c1=t814
18348 core=0 noop r=0 y=0 c0=IDLE1 c1=t814
18349 core=0 noop r=0 y=0 c0=IDLE1 c1=t814
18350 core=1 delay t814 3 r=0 y=2 c0=IDLE1 c1=t815
18351 core=0 noop r=0 y=0 c0=IDLE1 c1=t815
18352 core=0 tick r=1 y=3 c0=IDLE0 c1=IDLE1
18353 core=1 yield r=0 y=2 c0=IDLE0 c1=t815
18354 core=0 tick r=1 y=3 c0=t794 c1=IDLE1
18355 core=1 give r=0 y=0 c0=t794 c1=IDLE1
18356 core=1 noop r=0 y=0 c0=t794 c1=IDLE1
18357 core=0 tick r=0 y=2 c0=t794 c1=IDLE0
18358 core=1 noop r=0 y=0 c0=t794 c1=IDLE0
18359 core=0 give_isr r=0 y=0 c0=t794 c1=IDLE0
18360 core=1 noop r=0 y=0 c0=t794 c1=IDLE0
18361 core=1 noop r=0 y=0 c0=t794 c1=IDLE0
18362 core=1 yield r=0 y=2 c0=t794 c1=t815
18363 core=1 takeb t815 4 r=1 y=0 c0=t794 c1=t815
18364 core=1 take t815 r=0 y=0 c0=t794 c1=t815
18365 core=1 resume t814 r=0 y=0 c0=t794 c1=t815
18366 core=1 prio t794 1 r=0 y=1 c0=t794 c1=t815
18367 core=0 delay t794 3 r=0 y=1 c0=t814 c1=t815
18368 core=0 give_isr r=1 y=0 c0=t814 c1=t815
18369 core=0 resume t815 r=0 y=0 c0=t814 c1=t815
18370 core=1 noop r=0 y=0 c0=t814 c1=t815
18371 core=1 yield r=0 y=2 c0=t814 c1=IDLE1
18372 core=1 noop r=0 y=0 c0=t814 c1=IDLE1
18373 core=1 give r=0 y=0 c0=t814 c1=IDLE1
18374 core=0 delay t814 5 r=0 y=1 c0=IDLE0 c1=IDLE1
18375 core=1 give r=0 y=0 c0=IDLE0 c1=IDLE1
18376 core=0 noop r=0 y=0 c0=IDLE0 c1=IDLE1
18377 core=1 noop r=0 y=0 c0=IDLE0 c1=IDLE1
18378 core=0 give r=0 y=0 c0=IDLE0 c1=IDLE1
18379 core=0 noop r=0 y=0 c0=IDLE0 c1=IDLE1
18380 core=0 give r=0 y=0 c0=IDLE0 c1=IDLE1
18381 core=0 give r=0 y=0 c0=IDLE0 c1=IDLE1
18382 core=0 noop r=0 y=0 c0=IDLE0 c1=IDLE1
18383 core=0 tick r=1 y=3 c0=t815 c1=IDLE0
18384 core=0 tick r=1 y=3 c0=IDLE1 c1=t815
18385 core=0 give_isr r=0 y=0 c0=IDLE1 c1=t815
18386 core=0 resume t794 r=0 y=0 c0=IDLE1 c1=t815
18387 core=1 give r=0 y=0 c0=IDLE1 c1=t815
18388 core=0 suspend t815 r=0 y=2 c0=IDLE1 c1=IDLE0
18389 core=0 tick r=1 y=3 c0=t794 c1=IDLE1
18390 core=0 take t794 r=1 y=0 c0=t794 c1=IDLE1
18391 core=1 noop r=0 y=0 c0=t794 c1=IDLE1
18392 core=0 noop r=0 y=0 c0=t794 c1=IDLE1
18393 core=1 give r=1 y=0 c0=t794 c1=IDLE1
18394 core=1 suspend t815 r=0 y=0 c0=t794 c1=IDLE1
18395 core=0 give_isr r=0 y=0 c0=t794 c1=IDLE1
18396 core=0 resume t794 r=0 y=0 c0=t794 c1=IDLE1
18397 core=1 noop r=0 y=0 c0=t794 c1=IDLE1
18398 core=1 give r=0 y=0 c0=t794 c1=IDLE1
18399 core=1 suspend t815 r=0 y=0 c0=t794 c1=IDLE1
18400 core=0 noop r=0 y=0 c0=t794 c1=IDLE1
18401 core=1 noop r=0 y=0 c0=t794 c1=IDLE1
18402 core=0 noop r=0 y=0 c0=t794 c1=IDLE1
18403 core=0 tick r=0 y=2 c0=t794 c1=IDLE0
18404 core=0 delay t794 3 r=0 y=1 c0=IDLE1 c1=IDLE0
18405 core=1 noop r=0 y=0 c0=IDLE1 c1=IDLE0
18406 core=0 tick r=1 y=3 c0=t814 c1=IDLE1
18407 core=0 give_isr r=0 y=0 c0=t814 c1=IDLE1
18408 core=0 noop r=0 y=0 c0=t814 c1=IDLE1
18409 core=1 give r=0 y=0 c0=t814 c1=IDLE1
18410 core=0 yield r=0 y=1 c0=IDLE0 c1=IDLE1
18411 core=1 noop r=0 y=0 c0=IDLE0 c1=IDLE1
18412 core=1 noop r=0 y=0 c0=IDLE0 c1=IDLE1
18413 core=0 give_isr r=0 y=0 c0=IDLE0 c1=IDLE1
18414 core=1 give_isr r=0 y=0 c0=IDLE0 c1=IDLE1
18415 core=0 create 8 t816 p1 r=1 y=2 c0=IDLE0 c1=t816
18416 core=1 noop r=0 y=0 c0=IDLE0 c1=t816
18417 core=0 give_isr r=0 y=0 c0=IDLE0 c1=t816
18418 core=0 noop r=0 y=0 c0=IDLE0 c1=t816
18419 core=0 tick r=1 y=1 c0=t814 c1=t816
18420 core=0 noop r=0 y=0 c0=t814 c1=t816
18421 core=0 delete 8 t816 r=0 y=2 c0=t814 c1=IDLE1
18422 core=0 take t814 r=1 y=0 c0=t814 c1=IDLE1
18423 core=1 noop r=0 y=0 c0=t814 c1=IDLE1
18424 core=0 take t814 r=0 y=0 c0=t814 c1=IDLE1
18425 core=1 yield r=0 y=2 c0=t814 c1=IDLE0
18426 core=0 noop r=0 y=0 c0=t814 c1=IDLE0
18427 core=1 suspend t814 r=0 y=1 c0=IDLE1 c1=IDLE0
18428 core=0 create 5 t817 p2 r=1 y=2 c0=IDLE1 c1=t817
18429 core=1 delay t817 1 r=0 y=2 c0=IDLE1 c1=IDLE0
18430 core=0 noop r=0 y=0 c0=IDLE1 c1=IDLE0
18431 core=1 noop r=0 y=0 c0=IDLE1 c1=IDLE0
18432 core=0 delete 3 t814 r=0 y=0 c0=IDLE1 c1=IDLE0
18433 core=1 noop r=0 y=0 c0=IDLE1 c1=IDLE0
18434 core=0 noop r=0 y=0 c0=IDLE1 c1=IDLE0
18435 core=0 suspend t817 r=0 y=0 c0=IDLE1 c1=IDLE0
18436 core=1 resume t817 r=0 y=2 c0=IDLE1 c1=t817
18437 core=0 tick r=1 y=1 c0=t794 c1=t817
18438 core=0 tick r=0 y=0 c0=t794 c1=t817
18439 core=1 suspend t817 r=0 y=2 c0=t794 c1=IDLE0
18440 core=0 tick r=0 y=2 c0=t794 c1=IDLE1
18441 core=0 give r=1 y=0 c0=t794 c1=IDLE1
18442 core=0 tick r=0 y=2 c0=t794 c1=IDLE0
18443 core=0 delete 9 t794 r=0 y=1 c0=IDLE1 c1=IDLE0
18444 core=1 noop r=0 y=0 c0=IDLE1 c1=IDLE0
18445 core=0 noop r=0 y=0 c0=IDLE1 c1=IDLE0
18446 core=1 suspend t815 r=0 y=0 c0=IDLE1 c1=IDLE0
18447 core=1 give r=0 y=0 c0=IDLE1 c1=IDLE0
18448 core=1 yield r=0 y=2 c0=IDLE1 c1=IDLE0
18449 core=0 noop r=0 y=0 c0=IDLE1 c1=IDLE0
18450 core=1 create 0 t818 p1 r=1 y=2 c0=IDLE1 c1=t818
18451 core=1 noop r=0 y=0 c0=IDLE1 c1=t818
18452 core=0 give_isr r=0 y=0 c0=IDLE1 c1=t818
18453 core=1 noop r=0 y=0 c0=IDLE1 c1=t818
18454 core=0 noop r=0 y=0 c0=IDLE1 c1=t818
18455 core=1 prio t817 0 r=0 y=0 c0=IDLE1 c1=t818
18456 core=0 noop r=0 y=0 c0=IDLE1 c1=t818
18457 core=0 noop r=0 y=0 c0=IDLE1 c1=t818
18458 core=0 give_isr r=0 y=0 c0=IDLE1 c1=t818
18459 core=1 give r=0 y=0 c0=IDLE1 c1=t818
18460 core=1 delay t818 1 r=0 y=2 c0=IDLE1 c1=IDLE0
18461 core=0 tick r=1 y=3 c0=t818 c1=IDLE1
18462 core=1 noop r=0 y=0 c0=t818 c1=IDLE1
18463 core=0 tick r=0 y=2 c0=t818 c1=IDLE0
18464 core=0 noop r=0 y=0 c0=t818 c1=IDLE0
18465 core=1 noop r=0 y=0 c0=t818 c1=IDLE0
18466 core=1 noop r=0 y=0 c0=t818 c1=IDLE0
18467 core=0 prio t815 1 r=0 y=0 c0=t818 c1=IDLE0
18468 core=1 yield r=0 y=2 c0=t818 c1=IDLE1
18469 core=1 noop r=0 y=0 c0=t818 c1=IDLE1
18470 core=0 tick r=0 y=2 c0=t818 c1=IDLE0
18471 core=0 tick r=0 y=2 c0=t818 c1=IDLE1
18472 core=0 prio t818 2 r=0 y=0 c0=t818 c1=IDLE1
18473 core=1 give r=0 y=0 c0=t818 c1=IDLE1
18474 core=0 noop r=0 y=0 c0=t818 c1=IDLE1
18475 core=1 noop r=0 y=0 c0=t818 c1=IDLE1
18476 core=1 noop r=0 y=0 c0=t818 c1=IDLE1
18477 core=0 noop r=0 y=0 c0=t818 c1=IDLE1
18478 core=0 noop r=0 y=0 c0=t818 c1=IDLE1
18479 core=1 give r=0 y=0 c0=t818 c1=IDLE1
18480 core=0 tick r=0 y=2 c0=t818 c1=IDLE0
18481 core=0 prio t818 1 r=0 y=1 c0=t818 c1=IDLE0
18482 core=0 tick r=0 y=2 c0=t818 c1=IDLE1
18483 core=1 noop r=0 y=0 c0=t818 c1=IDLE1
18484 core=1 yield r=0 y=2 c0=t818 c1=IDLE0
18485 core=0 give r=0 y=0 c0=t818 c1=IDLE0
18486 core=0 take t818 r=1 y=0 c0=t818 c1=IDLE0
18487 core=0 prio t817 1 r=0 y=0 c0=t818 c1=IDLE0
18488 core=0 noop r=0 y=0 c0=t818 c1=IDLE0
18489 core=0 resume t818 r=0 y=0 c0=t818 c1=IDLE0
18490 core=0 yield r=0 y=1 c0=t818 c1=IDLE0
18491 core=0 noop r=0 y=0 c0=t818 c1=IDLE0
18492 core=1 give_isr r=1 y=0 c0=t818 c1=IDLE0
18493 core=0 create 2 t819 p0 r=1 y=2 c0=t818 c1=IDLE1
18494 core=0 give r=0 y=0 c0=t818 c1=IDLE1
18495 core=1 noop r=0 y=0 c0=t818 c1=IDLE1
18496 core=0 noop r=0 y=0 c0=t818 c1=IDLE1
18497 core=0 tick r=0 y=2 c0=t818 c1=t819
18498 core=0 delete 2 t819 r=0 y=2 c0=t818 c1=IDLE0
18499 core=1 noop r=0 y=0 c0=t818 c1=IDLE0
18500 core=0 yield r=0 y=1 c0=t818 c1=IDLE0
18501 core=0 noop r=0 y=0 c0=t818 c1=IDLE0
18502 core=1 resume t817 r=0 y=2 c0=t818 c1=t817
18503 core=0 noop r=0 y=0 c0=t818 c1=t817
18504 core=1 delay t817 2 r=0 y=2 c0=t818 c1=IDLE1
18505 core=1 noop r=0 y=0 c0=t818 c1=IDLE1
18506 core=1 suspend t817 r=0 y=0 c0=t818 c1=IDLE1
18507 core=0 tick r=0 y=2 c0=t818 c1=IDLE0
18508 core=1 noop r=0 y=0 c0=t818 c1=IDLE0
18509 core=0 noop r=0 y=0 c0=t818 c1=IDLE0
18510 core=1 noop r=0 y=0 c0=t818 c1=IDLE0
18511 core=1 delete 0 t818 r=0 y=1 c0=IDLE1 c1=IDLE0
18512 core=1 noop r=0 y=0 c0=IDLE1 c1=IDLE0
18513 core=1 noop r=0 y=0 c0=IDLE1 c1=IDLE0
18514 core=1 give r=0 y=0 c0=IDLE1 c1=IDLE0
18515 core=1 noop r=0 y=0 c0=IDLE1 c1=IDLE0
18516 core=1 noop r=0 y=0 c0=IDLE1 c1=IDLE0
18517 core=1 noop r=0 y=0 c0=IDLE1 c1=IDLE0
18518 core=1 noop r=0 y=0 c0=IDLE1 c1=IDLE0
18519 core=1 give r=0 y=0 c0=IDLE1 c1=IDLE0
18520 core=1 create 9 t820 p1 r=1 y=2 c0=IDLE1 c1=t820
18521 core=1 noop r=0 y=0 c0=IDLE1 c1=t820
18522 core=0 noop r=0 y=0 c0=IDLE1 c1=t820
18523 core=1 noop r=0 y=0 c0=IDLE1 c1=t820
18524 core=0 give r=0 y=0 c0=IDLE1 c1=t820
18525 core=0 noop r=0 y=0 c0=IDLE1 c1=t820
18526 core=0 noop r=0 y=0 c0=IDLE1 c1=t820
18527 core=0 noop r=0 y=0 c0=IDLE1 c1=t820
18528 core=1 noop r=0 y=0 c0=IDLE1 c1=t820
18529 core=1 takeb t820 6 r=1 y=0 c0=IDLE1 c1=t820
18530 core=0 noop r=0 y=0 c0=IDLE1 c1=t820
18531 core=0 tick r=1 y=1 c0=IDLE0 c1=t820
18532 core=0 tick r=1 y=1 c0=IDLE1 c1=t820
18533 core=1 noop r=0 y=0 c0=IDLE1 c1=t820
18534 core=1 delay t820 5 r=0 y=2 c0=IDLE1 c1=IDLE0
18535 core=0 noop r=0 y=0 c0=IDLE1 c1=IDLE0
18536 core=1 noop r=0 y=0 c0=IDLE1 c1=IDLE0
18537 core=0 noop r=0 y=0 c0=IDLE1 c1=IDLE0
18538 core=0 noop r=0 y=0 c0=IDLE1 c1=IDLE0
18539 core=0 noop r=0 y=0 c0=IDLE1 c1=IDLE0
18540 core=0 create 8 t821 p0 r=1 y=2 c0=IDLE1 c1=t821
18541 core=1 delay t821 3 r=0 y=2 c0=IDLE1 c1=IDLE0
18542 core=1 prio t817 2 r=0 y=0 c0=IDLE1 c1=IDLE0
18543 core=0 tick r=1 y=3 c0=IDLE1 c1=IDLE0
18544 core=1 noop r=0 y=0 c0=IDLE1 c1=IDLE0
18545 core=1 noop r=0 y=0 c0=IDLE1 c1=IDLE0
18546 core=1 give r=1 y=0 c0=IDLE1 c1=IDLE0
18547 core=0 prio t815 0 r=0 y=0 c0=IDLE1 c1=IDLE0
18548 core=0 noop r=0 y=0 c0=IDLE1 c1=IDLE0
18549 core=0 tick r=1 y=3 c0=IDLE1 c1=IDLE0
18550 core=1 give r=0 y=0 c0=IDLE1 c1=IDLE0
18551 core=1 noop r=0 y=0 c0=IDLE1 c1=IDLE0
18552 core=0 noop r=0 y=0 c0=IDLE1 c1=IDLE0
18553 core=0 noop r=0 y=0 c0=IDLE1 c1=IDLE0
18554 core=1 noop r=0 y=0 c0=IDLE1 c1=IDLE0
18555 core=0 give_isr r=0 y=0 c0=IDLE1 c1=IDLE0
18556 core=0 prio t817 3 r=0 y=0 c0=IDLE1 c1=IDLE0
18557 core=0 give_isr r=0 y=0 c0=IDLE1 c1=IDLE0
18558 core=1 give_isr r=0 y=0 c0=IDLE1 c1=IDLE0
18559 core=1 yield r=0 y=2 c0=IDLE1 c1=IDLE0
18560 core=0 noop r=0 y=0 c0=IDLE1 c1=IDLE0
18561 core=1 noop r=0 y=0 c0=IDLE1 c1=IDLE0
18562 core=1 give_isr r=0 y=0 c0=IDLE1 c1=IDLE0
18563 core=0 give_isr r=0 y=0 c0=IDLE1 c1=IDLE0
18564 core=0 resume t821 r=0 y=0 c0=IDLE1 c1=IDLE0
18565 core=1 give_isr r=0 y=0 c0=IDLE1 c1=IDLE0
18566 core=0 noop r=0 y=0 c0=IDLE1 c1=IDLE0
18567 core=0 resume t821 r=0 y=0 c0=IDLE1 c1=IDLE0
18568 core=0 delete 4 t815 r=0 y=0 c0=IDLE1 c1=IDLE0
18569 core=1 noop r=0 y=0 c0=IDLE1 c1=IDLE0
18570 core=1 give_isr r=0 y=0 c0=IDLE1 c1=IDLE0
18571 core=0 noop r=0 y=0 c0=IDLE1 c1=IDLE0
18572 core=0 tick r=1 y=3 c0=t821 c1=IDLE1
18573 core=0 takeb t821 2 r=1 y=0 c0=t821 c1=IDLE1
18574 core=1 noop r=0 y=0 c0=t821 c1=IDLE1
18575 core=0 noop r=0 y=0 c0=t821 c1=IDLE1
18576 core=1 noop r=0 y=0 c0=t821 c1=IDLE1
18577 core=0 takeb t821 2 r=2 y=1 c0=IDLE0 c1=IDLE1
18578 core=1 noop r=0 y=0 c0=IDLE0 c1=IDLE1
18579 core=1 resume t820 r=0 y=0 c0=IDLE0 c1=IDLE1
18580 core=0 create 4 t822 p2 r=1 y=2 c0=IDLE0 c1=t822
18581 core=1 noop r=0 y=0 c0=IDLE0 c1=t822
18582 core=0 tick r=1 y=1 c0=IDLE1 c1=t822
18583 core=1 give r=1 y=1 c0=IDLE0 c1=t822
18584 core=1 prio t821 0 r=0 y=0 c0=IDLE0 c1=t822
18585 core=1 noop r=0 y=0 c0=IDLE0 c1=t822
18586 core=0 tick r=1 y=1 c0=t820 c1=t822
18587 core=0 yield r=0 y=1 c0=t820 c1=t822
18588 core=0 tick r=0 y=0 c0=t820 c1=t822
18589 core=0 give r=0 y=0 c0=t820 c1=t822
18590 core=1 noop r=0 y=0 c0=t820 c1=t822
18591 core=0 give_isr r=0 y=0 c0=t820 c1=t822
18592 core=0 tick r=0 y=0 c0=t820 c1=t822
18593 core=1 give r=0 y=0 c0=t820 c1=t822
18594 core=0 delay t820 5 r=0 y=1 c0=t821 c1=t822
18595 core=1 give r=0 y=0 c0=t821 c1=t822
18596 core=0 cont t821 r=1 y=0 c0=t821 c1=t822
18597 core=1 noop r=0 y=0 c0=t821 c1=t822
18598 core=1 delay t822 5 r=0 y=2 c0=t821 c1=IDLE1
18599 core=0 takeb t821 6 r=2 y=1 c0=IDLE0 c1=IDLE1
18600 core=1 yield r=0 y=2 c0=IDLE0 c1=IDLE1
18601 core=0 give r=1 y=2 c0=IDLE0 c1=t821
18602 core=1 cont t821 r=1 y=0 c0=IDLE0 c1=t821
18603 core=0 noop r=0 y=0 c0=IDLE0 c1=t821
18604 core=0 noop r=0 y=0 c0=IDLE0 c1=t821
18605 core=0 create 6 t823 p0 r=1 y=1 c0=IDLE1 c1=t821
18606 core=0 tick r=1 y=3 c0=t823 c1=IDLE0
18607 core=0 tick r=1 y=3 c0=IDLE1 c1=t821
18608 core=1 takeb t821 6 r=2 y=2 c0=IDLE1 c1=t823
18609 core=1 give r=1 y=1 c0=IDLE0 c1=t823
18610 core=1 delete 4 t822 r=0 y=0 c0=IDLE0 c1=t823
18611 core=0 tick r=1 y=3 c0=t821 c1=IDLE1
18612 core=0 cont t821 r=1 y=0 c0=t821 c1=IDLE1
18613 core=0 tick r=1 y=3 c0=IDLE0 c1=t823
18614 core=1 delay t823 5 r=0 y=2 c0=IDLE0 c1=t821
18615 core=0 noop r=0 y=0 c0=IDLE0 c1=t821
18616 core=1 takeb t821 3 r=2 y=2 c0=IDLE0 c1=IDLE1
18617 core=1 noop r=0 y=0 c0=IDLE0 c1=IDLE1
18618 core=1 create 2 t824 p2 r=1 y=2 c0=IDLE0 c1=t824
18619 core=1 takeb t824 2 r=2 y=2 c0=IDLE0 c1=IDLE1
18620 core=1 suspend t824 r=0 y=0 c0=IDLE0 c1=IDLE1
18621 core=1 create 4 t825 p2 r=1 y=2 c0=IDLE0 c1=t825
18622 core=1 noop r=0 y=0 c0=IDLE0 c1=t825
18623 core=0 resume t821 r=0 y=0 c0=IDLE0 c1=t825
18624 core=1 resume t817 r=0 y=1 c0=t817 c1=t825
18625 core=0 tick r=0 y=0 c0=t817 c1=t825
18626 core=1 suspend t820 r=0 y=0 c0=t817 c1=t825
18627 core=1 delete 9 t820 r=0 y=0 c0=t817 c1=t825
18628 core=0 give_isr r=1 y=0 c0=t817 c1=t825
18629 core=0 noop r=0 y=0 c0=t817 c1=t825
18630 core=1 takeb t825 5 r=1 y=0 c0=t817 c1=t825
18631 core=1 delay t825 3 r=0 y=2 c0=t817 c1=IDLE1
18632 core=0 noop r=0 y=0 c0=t817 c1=IDLE1
18633 core=1 noop r=0 y=0 c0=t817 c1=IDLE1
18634 core=1 give_isr r=1 y=0 c0=t817 c1=IDLE1
18635 core=1 prio t823 1 r=0 y=0 c0=t817 c1=IDLE1
18636 core=0 delay t817 1 r=0 y=1 c0=IDLE0 c1=IDLE1
18637 core=1 create 7 t826 p1 r=1 y=2 c0=IDLE0 c1=t826
18638 core=1 noop r=0 y=0 c0=IDLE0 c1=t826
18639 core=0 noop r=0 y=0 c0=IDLE0 c1=t826
18640 core=0 noop r=0 y=0 c0=IDLE0 c1=t826
18641 core=0 resume t825 r=0 y=0 c0=IDLE0 c1=t826
18642 core=0 tick r=1 y=1 c0=t817 c1=t826
18643 core=0 delete 8 t821 r=0 y=0 c0=t817 c1=t826
18644 core=1 suspend t825 r=0 y=0 c0=t817 c1=t826
18645 core=1 noop r=0 y=0 c0=t817 c1=t826
18646 core=0 tick r=0 y=0 c0=t817 c1=t826
18647 core=0 noop r=0 y=0 c0=t817 c1=t826
18648 core=0 tick r=0 y=0 c0=t817 c1=t826
18649 core=1 noop r=0 y=0 c0=t817 c1=t826
18650 core=1 give_isr r=0 y=0 c0=t817 c1=t826
18651 core=1 noop r=0 y=0 c0=t817 c1=t826
18652 core=0 tick r=0 y=2 c0=t817 c1=t823
18653 core=0 give r=0 y=0 c0=t817 c1=t823
18654 core=0 delay t817 1 r=0 y=1 c0=t826 c1=t823
18655 core=0 suspend t826 r=0 y=1 c0=IDLE1 c1=t823
18656 core=1 suspend t826 r=0 y=0 c0=IDLE1 c1=t823
18657 core=1 delay t823 4 r=0 y=2 c0=IDLE1 c1=IDLE0
18658 core=0 noop r=0 y=0 c0=IDLE1 c1=IDLE0
18659 core=1 noop r=0 y=0 c0=IDLE1 c1=IDLE0
18660 core=1 noop r=0 y=0 c0=IDLE1 c1=IDLE0
18661 core=1 noop r=0 y=0 c0=IDLE1 c1=IDLE0
18662 core=0 tick r=1 y=3 c0=t817 c1=IDLE1
18663 core=0 noop r=0 y=0 c0=t817 c1=IDLE1
18664 core=0 delay t817 5 r=0 y=1 c0=IDLE0 c1=IDLE1
18665 core=0 noop r=0 y=0 c0=IDLE0 c1=IDLE1
18666 core=1 give_isr r=0 y=0 c0=IDLE0 c1=IDLE1
18667 core=1 suspend t823 r=0 y=0 c0=IDLE0 c1=IDLE1
18668 core=0 noop r=0 y=0 c0=IDLE0 c1=IDLE1
18669 core=0 yield r=0 y=1 c0=IDLE0 c1=IDLE1
18670 core=1 noop r=0 y=0 c0=IDLE0 c1=IDLE1
18671 core=0 tick r=1 y=3 c0=IDLE0 c1=IDLE1
18672 core=1 noop r=0 y=0 c0=IDLE0 c1=IDLE1
18673 core=1 noop r=0 y=0 c0=IDLE0 c1=IDLE1
18674 core=1 yield r=0 y=2 c0=IDLE0 c1=IDLE1
18675 core=0 give r=0 y=0 c0=IDLE0 c1=IDLE1
18676 core=0 noop r=0 y=0 c0=IDLE0 c1=IDLE1
18677 core=1 noop r=0 y=0 c0=IDLE0 c1=IDLE1
18678 core=0 create 8 t827 p1 r=1 y=2 c0=IDLE0 c1=t827
18679 core=0 tick r=1 y=1 c0=IDLE1 c1=t827
18680 core=1 takeb t827 1 r=1 y=0 c0=IDLE1 c1=t827
18681 core=0 yield r=0 y=1 c0=IDLE0 c1=t827
18682 core=0 tick r=1 y=1 c0=IDLE1 c1=t827
18683 core=1 give_isr r=1 y=0 c0=IDLE1 c1=t827
18684 core=1 noop r=0 y=0 c0=IDLE1 c1=t827
18685 core=1 takeb t827 3 r=1 y=0 c0=IDLE1 c1=t827
18686 core=1 delay t827 5 r=0 y=2 c0=IDLE1 c1=IDLE0
18687 core=0 tick r=1 y=3 c0=IDLE1 c1=IDLE0
18688 core=0 give r=1 y=0 c0=IDLE1 c1=IDLE0
18689 core=0 noop r=0 y=0 c0=IDLE1 c1=IDLE0
18690 core=0 noop r=0 y=0 c0=IDLE1 c1=IDLE0
18691 core=1 yield r=0 y=2 c0=IDLE1 c1=IDLE0
18692 core=1 yield r=0 y=2 c0=IDLE1 c1=IDLE0
18693 core=0 noop r=0 y=0 c0=IDLE1 c1=IDLE0
18694 core=0 give_isr r=0 y=0 c0=IDLE1 c1=IDLE0
18695 core=1 suspend t825 r=0 y=0 c0=IDLE1 c1=IDLE0
18696 core=0 tick r=1 y=3 c0=t817 c1=IDLE1
18697 core=1 noop r=0 y=0 c0=t817 c1=IDLE1
18698 core=0 resume t824 r=0 y=2 c0=t817 c1=t824
18699 core=0 delay t817 2 r=0 y=1 c0=IDLE0 c1=t824
18700 core=0 resume t824 r=0 y=0 c0=IDLE0 c1=t824
18701 core=0 delete 6 t823 r=0 y=0 c0=IDLE0 c1=t824
18702 core=1 cont t824 r=1 y=0 c0=IDLE0 c1=t824
18703 core=1 noop r=0 y=0 c0=IDLE0 c1=t824
18704 core=1 prio t827 3 r=0 y=0 c0=IDLE0 c1=t824
18705 core=0 give_isr r=1 y=0 c0=IDLE0 c1=t824
18706 core=0 noop r=0 y=0 c0=IDLE0 c1=t824
18707 core=0 tick r=1 y=1 c0=IDLE1 c1=t824
18708 core=0 tick r=1 y=1 c0=t817 c1=t824
18709 core=0 noop r=0 y=0 c0=t817 c1=t824
18710 core=0 give r=0 y=0 c0=t817 c1=t824
18711 core=1 delete 7 t826 r=0 y=0 c0=t817 c1=t824
18712 core=0 suspend t825 r=0 y=0 c0=t817 c1=t824
18713 core=0 delay t817 1 r=0 y=1 c0=IDLE0 c1=t824
18714 core=1 noop r=0 y=0 c0=IDLE0 c1=t824
18715 core=0 noop r=0 y=0 c0=IDLE0 c1=t824
18716 core=0 noop r=0 y=0 c0=IDLE0 c1=t824
18717 core=1 suspend t827 r=0 y=0 c0=IDLE0 c1=t824
18718 core=1 noop r=0 y=0 c0=IDLE0 c1=t824
18719 core=1 delete 4 t825 r=0 y=0 c0=IDLE0 c1=t824
18720 core=0 give r=0 y=0 c0=IDLE0 c1=t824
18721 core=0 noop r=0 y=0 c0=IDLE0 c1=t824
18722 core=0 noop r=0 y=0 c0=IDLE0 c1=t824
18723 core=0 give r=0 y=0 c0=IDLE0 c1=t824
18724 core=0 noop r=0 y=0 c0=IDLE0 c1=t824
18725 core=0 noop r=0 y=0 c0=IDLE0 c1=t824
18726 core=0 noop r=0 y=0 c0=IDLE0 c1=t824
18727 core=1 noop r=0 y=0 c0=IDLE0 c1=t824
18728 core=1 noop r=0 y=0 c0=IDLE0 c1=t824
18729 core=0 noop r=0 y=0 c0=IDLE0 c1=t824
18730 core=0 noop r=0 y=0 c0=IDLE0 c1=t824
18731 core=1 noop r=0 y=0 c0=IDLE0 c1=t824
18732 core=0 noop r=0 y=0 c0=IDLE0 c1=t824
18733 core=0 create 3 t828 p2 r=1 y=1 c0=t828 c1=t824
18734 core=1 create 7 t829 p3 r=1 y=2 c0=t828 c1=t829
18735 core=0 tick r=1 y=3 c0=t817 c1=t829
18736 core=1 noop r=0 y=0 c0=t817 c1=t829
18737 core=1 noop r=0 y=0 c0=t817 c1=t829
18738 core=1 give_isr r=0 y=0 c0=t817 c1=t829
18739 core=0 noop r=0 y=0 c0=t817 c1=t829
18740 core=1 noop r=0 y=0 c0=t817 c1=t829
18741 core=0 tick r=1 y=3 c0=t817 c1=t829
18742 core=0 noop r=0 y=0 c0=t817 c1=t829
18743 core=0 yield r=0 y=1 c0=t817 c1=t829
18744 core=1 give_isr r=0 y=0 c0=t817 c1=t829
18745 core=1 noop r=0 y=0 c0=t817 c1=t829
18746 core=1 suspend t827 r=0 y=0 c0=t817 c1=t829
18747 core=0 tick r=1 y=3 c0=t817 c1=t829
18748 core=1 give r=0 y=0 c0=t817 c1=t829
18749 core=1 delay t829 2 r=0 y=2 c0=t817 c1=t824
18750 core=0 suspend t829 r=0 y=0 c0=t817 c1=t824
18751 core=1 noop r=0 y=0 c0=t817 c1=t824
18752 core=0 resume t817 r=0 y=0 c0=t817 c1=t824
18753 core=0 takeb t817 2 r=1 y=0 c0=t817 c1=t824
18754 core=0 give r=1 y=0 c0=t817 c1=t824
18755 core=1 delay t824 2 r=0 y=2 c0=t817 c1=t828
18756 core=0 tick r=0 y=0 c0=t817 c1=t828
18757 core=0 give r=0 y=0 c0=t817 c1=t828
18758 core=1 resume t824 r=0 y=0 c0=t817 c1=t828
18759 core=0 create 9 t830 p0 r=1 y=0 c0=t817 c1=t828
18760 core=0 tick r=0 y=2 c0=t817 c1=t824
18761 core=1 prio t830 0 r=0 y=0 c0=t817 c1=t824
18762 core=1 give r=0 y=0 c0=t817 c1=t824
18763 core=0 noop r=0 y=0 c0=t817 c1=t824
18764 core=0 noop r=0 y=0 c0=t817 c1=t824
18765 core=0 tick r=0 y=2 c0=t817 c1=t828
18766 core=0 give_isr r=0 y=0 c0=t817 c1=t828
18767 core=1 delete 2 t824 r=0 y=0 c0=t817 c1=t828
18768 core=0 resume t829 r=0 y=2 c0=t817 c1=t829
18769 core=1 noop r=0 y=0 c0=t817 c1=t829
18770 core=1 suspend t817 r=0 y=1 c0=t828 c1=t829
18771 core=1 delay t829 4 r=0 y=2 c0=t828 c1=IDLE1
18772 core=0 takeb t828 1 r=1 y=0 c0=t828 c1=IDLE1
18773 core=0 give r=1 y=0 c0=t828 c1=IDLE1
18774 core=0 take t828 r=1 y=0 c0=t828 c1=IDLE1
18775 core=0 give_isr r=1 y=0 c0=t828 c1=IDLE1
18776 core=1 noop r=0 y=0 c0=t828 c1=IDLE1
18777 core=0 noop r=0 y=0 c0=t828 c1=IDLE1
18778 core=0 tick r=0 y=2 c0=t828 c1=IDLE0
18779 core=1 noop r=0 y=0 c0=t828 c1=IDLE0
18780 core=1 noop r=0 y=0 c0=t828 c1=IDLE0
18781 core=0 resume t817 r=0 y=2 c0=t828 c1=t817
18782 core=1 delay t817 3 r=0 y=2 c0=t828 c1=t830
18783 core=1 create 4 t831 p2 r=1 y=2 c0=t828 c1=t831
18784 core=0 delete 5 t817 r=0 y=0 c0=t828 c1=t831
18785 core=0 noop r=0 y=0 c0=t828 c1=t831
18786 core=0 give r=0 y=0 c0=t828 c1=t831
18787 core=1 suspend t831 r=0 y=2 c0=t828 c1=IDLE1
18788 core=1 suspend t831 r=0 y=0 c0=t828 c1=IDLE1
18789 core=1 noop r=0 y=0 c0=t828 c1=IDLE1
18790 core=1 noop r=0 y=0 c0=t828 c1=IDLE1
18791 core=1 yield r=0 y=2 c0=t828 c1=IDLE0
18792 core=0 noop r=0 y=0 c0=t828 c1=IDLE0
18793 core=0 tick r=0 y=2 c0=t828 c1=t830
18794 core=0 tick r=0 y=2 c0=t828 c1=IDLE1
18795 core=1 noop r=0 y=0 c0=t828 c1=IDLE1
18796 core=1 noop r=0 y=0 c0=t828 c1=IDLE1
18797 core=0 takeb t828 1 r=1 y=0 c0=t828 c1=IDLE1
18798 core=1 noop r=0 y=0 c0=t828 c1=IDLE1
18799 core=1 noop r=0 y=0 c0=t828 c1=IDLE1
18800 core=1 noop r=0 y=0 c0=t828 c1=IDLE1
18801 core=1 suspend t830 r=0 y=0 c0=t828 c1=IDLE1
18802 core=0 suspend t829 r=0 y=0 c0=t828 c1=IDLE1
18803 core=0 tick r=0 y=2 c0=t828 c1=IDLE0
18804 core=1 noop r=0 y=0 c0=t828 c1=IDLE0
18805 core=1 noop r=0 y=0 c0=t828 c1=IDLE0
18806 core=1 noop r=0 y=0 c0=t828 c1=IDLE0
18807 core=1 create 2 t832 p1 r=1 y=2 c0=t828 c1=t832
18808 core=1 give r=1 y=0 c0=t828 c1=t832
18809 core=0 create 6 t833 p3 r=1 y=2 c0=t828 c1=t833
18810 core=0 delete 2 t832 r=0 y=0 c0=t828 c1=t833
18811 core=1 noop r=0 y=0 c0=t828 c1=t833
18812 core=0 tick r=0 y=0 c0=t828 c1=t833
18813 core=0 resume t829 r=0 y=1 c0=t829 c1=t833
18814 core=1 resume t829 r=0 y=0 c0=t829 c1=t833
18815 core=0 prio t829 0 r=0 y=1 c0=t828 c1=t833
18816 core=0 delay t828 3 r=0 y=1 c0=IDLE1 c1=t833
18817 core=1 give r=0 y=0 c0=IDLE1 c1=t833
18818 core=1 delay t833 2 r=0 y=2 c0=IDLE1 c1=IDLE0
18819 core=0 create 0 t834 p1 r=1 y=2 c0=IDLE1 c1=t834
18820 core=0 resume t834 r=0 y=0 c0=IDLE1 c1=t834
18821 core=1 give r=0 y=0 c0=IDLE1 c1=t834
18822 core=0 suspend t827 r=0 y=0 c0=IDLE1 c1=t834
18823 core=0 noop r=0 y=0 c0=IDLE1 c1=t834
18824 core=1 noop r=0 y=0 c0=IDLE1 c1=t834
18825 core=1 give r=0 y=0 c0=IDLE1 c1=t834
18826 core=1 delay t834 5 r=0 y=2 c0=IDLE1 c1=t829
18827 core=0 give_isr r=0 y=0 c0=IDLE1 c1=t829
18828 core=0 tick r=1 y=3 c0=IDLE0 c1=IDLE1
18829 core=0 tick r=1 y=3 c0=t833 c1=t829
18830 core=1 noop r=0 y=0 c0=t833 c1=t829
18831 core=0 tick r=0 y=2 c0=t833 c1=t828
18832 core=0 give r=0 y=0 c0=t833 c1=t828
18833 core=0 give_isr r=0 y=0 c0=t833 c1=t828
18834 core=0 resume t828 r=0 y=0 c0=t833 c1=t828
18835 core=0 prio t834 0 r=0 y=0 c0=t833 c1=t828
18836 core=0 tick r=0 y=0 c0=t833 c1=t828
18837 core=0 tick r=0 y=0 c0=t833 c1=t828
18838 core=1 delay t828 5 r=0 y=2 c0=t833 c1=IDLE0
18839 core=0 yield r=0 y=1 c0=t833 c1=IDLE0
18840 core=1 prio t828 0 r=0 y=0 c0=t833 c1=IDLE0
18841 core=0 create 5 t835 p0 r=1 y=2 c0=t833 c1=IDLE1
18842 core=1 noop r=0 y=0 c0=t833 c1=IDLE1
18843 core=1 give r=0 y=0 c0=t833 c1=IDLE1
18844 core=1 delete 0 t834 r=0 y=0 c0=t833 c1=IDLE1
18845 core=0 noop r=0 y=0 c0=t833 c1=IDLE1
18846 core=1 delete 3 t828 r=0 y=0 c0=t833 c1=IDLE1
18847 core=1 delete 6 t833 r=0 y=1 c0=t829 c1=IDLE1
18848 core=1 give r=0 y=0 c0=t829 c1=IDLE1
18849 core=0 give r=0 y=0 c0=t829 c1=IDLE1
18850 core=0 noop r=0 y=0 c0=t829 c1=IDLE1
18851 core=1 noop r=0 y=0 c0=t829 c1=IDLE1
18852 core=0 resume t831 r=0 y=2 c0=t829 c1=t831
18853 core=0 give r=0 y=0 c0=t829 c1=t831
18854 core=1 give r=0 y=0 c0=t829 c1=t831
18855 core=0 noop r=0 y=0 c0=t829 c1=t831
18856 core=0 give_isr r=0 y=0 c0=t829 c1=t831
18857 core=0 prio t830 1 r=0 y=0 c0=t829 c1=t831
18858 core=0 take t829 r=1 y=0 c0=t829 c1=t831
18859 core=0 give r=1 y=0 c0=t829 c1=t831
18860 core=0 resume t829 r=0 y=0 c0=t829 c1=t831
18861 core=1 prio t830 1 r=0 y=0 c0=t829 c1=t831
18862 core=0 noop r=0 y=0 c0=t829 c1=t831
18863 core=0 yield r=0 y=1 c0=t835 c1=t831
18864 core=0 tick r=1 y=1 c0=IDLE0 c1=t831
18865 core=1 noop r=0 y=0 c0=IDLE0 c1=t831
18866 core=1 take t831 r=1 y=0 c0=IDLE0 c1=t831
18867 core=0 noop r=0 y=0 c0=IDLE0 c1=t831
18868 core=0 noop r=0 y=0 c0=IDLE0 c1=t831
18869 core=0 noop r=0 y=0 c0=IDLE0 c1=t831
18870 core=1 give r=1 y=0 c0=IDLE0 c1=t831
18871 core=0 noop r=0 y=0 c0=IDLE0 c1=t831
18872 core=0 noop r=0 y=0 c0=IDLE0 c1=t831
18873 core=0 tick r=1 y=1 c0=IDLE1 c1=t831
18874 core=0 noop r=0 y=0 c0=IDLE1 c1=t831
18875 core=0 give r=0 y=0 c0=IDLE1 c1=t831
18876 core=1 noop r=0 y=0 c0=IDLE1 c1=t831
18877 core=0 noop r=0 y=0 c0=IDLE1 c1=t831
18878 core=0 noop r=0 y=0 c0=IDLE1 c1=t831
18879 core=0 suspend t829 r=0 y=0 c0=IDLE1 c1=t831
18880 core=0 noop r=0 y=0 c0=IDLE1 c1=t831
18881 core=0 noop r=0 y=0 c0=IDLE1 c1=t831
18882 core=0 noop r=0 y=0 c0=IDLE1 c1=t831
18883 core=0 noop r=0 y=0 c0=IDLE1 c1=t831
18884 core=1 take t831 r=1 y=0 c0=IDLE1 c1=t831
18885 core=1 noop r=0 y=0 c0=IDLE1 c1=t831
18886 core=1 suspend t827 r=0 y=0 c0=IDLE1 c1=t831
18887 core=1 give r=1 y=0 c0=IDLE1 c1=t831
18888 core=1 yield r=0 y=2 c0=IDLE1 c1=t831
18889 core=0 delete 7 t829 r=0 y=0 c0=IDLE1 c1=t831
18890 core=1 yield r=0 y=2 c0=IDLE1 c1=t831
18891 core=0 tick r=1 y=1 c0=t835 c1=t831
18892 core=1 delay t831 1 r=0 y=2 c0=t835 c1=IDLE0
18893 core=1 noop r=0 y=0 c0=t835 c1=IDLE0
18894 core=1 yield r=0 y=2 c0=t835 c1=IDLE1
18895 core=1 give r=0 y=0 c0=t835 c1=IDLE1
18896 core=1 create 7 t836 p2 r=1 y=2 c0=t835 c1=t836
18897 core=0 give_isr r=0 y=0 c0=t835 c1=t836
18898 core=1 delete 4 t831 r=0 y=0 c0=t835 c1=t836
18899 core=0 suspend t836 r=0 y=2 c0=t835 c1=IDLE0
18900 core=0 yield r=0 y=1 c0=IDLE1 c1=IDLE0
18901 core=1 give_isr r=0 y=0 c0=IDLE1 c1=IDLE0
18902 core=1 noop r=0 y=0 c0=IDLE1 c1=IDLE0
18903 core=1 noop r=0 y=0 c0=IDLE1 c1=IDLE0
18904 core=1 noop r=0 y=0 c0=IDLE1 c1=IDLE0
18905 core=0 noop r=0 y=0 c0=IDLE1 c1=IDLE0
18906 core=1 yield r=0 y=2 c0=IDLE1 c1=t835
18907 core=1 give r=0 y=0 c0=IDLE1 c1=t835
18908 core=1 take t835 r=1 y=0 c0=IDLE1 c1=t835
18909 core=0 yield r=0 y=1 c0=IDLE0 c1=t835
18910 core=1 noop r=0 y=0 c0=IDLE0 c1=t835
18911 core=0 noop r=0 y=0 c0=IDLE0 c1=t835
18912 core=1 give_isr r=1 y=0 c0=IDLE0 c1=t835
18913 core=1 delay t835 4 r=0 y=2 c0=IDLE0 c1=IDLE1
18914 core=1 noop r=0 y=0 c0=IDLE0 c1=IDLE1
18915 core=0 noop r=0 y=0 c0=IDLE0 c1=IDLE1
18916 core=0 noop r=0 y=0 c0=IDLE0 c1=IDLE1
18917 core=0 noop r=0 y=0 c0=IDLE0 c1=IDLE1
18918 core=0 tick r=1 y=3 c0=IDLE0 c1=IDLE1
18919 core=1 noop r=0 y=0 c0=IDLE0 c1=IDLE1
18920 core=0 tick r=1 y=3 c0=IDLE0 c1=IDLE1
18921 core=0 tick r=1 y=3 c0=IDLE0 c1=IDLE1
18922 core=0 create 2 t837 p1 r=1 y=2 c0=IDLE0 c1=t837
18923 core=0 suspend t836 r=0 y=0 c0=IDLE0 c1=t837
18924 core=0 noop r=0 y=0 c0=IDLE0 c1=t837
18925 core=0 noop r=0 y=0 c0=IDLE0 c1=t837
18926 core=0 yield r=0 y=1 c0=IDLE1 c1=t837
18927 core=1 give r=0 y=0 c0=IDLE1 c1=t837
18928 core=1 give_isr r=0 y=0 c0=IDLE1 c1=t837
18929 core=0 prio t827 1 r=0 y=0 c0=IDLE1 c1=t837
18930 core=0 give r=0 y=0 c0=IDLE1 c1=t837
18931 core=1 delay t837 5 r=0 y=2 c0=IDLE1 c1=IDLE0
18932 core=0 give r=0 y=0 c0=IDLE1 c1=IDLE0
18933 core=1 noop r=0 y=0 c0=IDLE1 c1=IDLE0
18934 core=0 noop r=0 y=0 c0=IDLE1 c1=IDLE0
18935 core=1 noop r=0 y=0 c0=IDLE1 c1=IDLE0
18936 core=0 noop r=0 y=0 c0=IDLE1 c1=IDLE0
18937 core=1 resume t835 r=0 y=0 c0=IDLE1 c1=IDLE0
18938 core=0 noop r=0 y=0 c0=IDLE1 c1=IDLE0
18939 core=0 noop r=0 y=0 c0=IDLE1 c1=IDLE0
18940 core=0 noop r=0 y=0 c0=IDLE1 c1=IDLE0
18941 core=0 tick r=1 y=3 c0=t835 c1=IDLE1
18942 core=1 give_isr r=0 y=0 c0=t835 c1=IDLE1
18943 core=1 noop r=0 y=0 c0=t835 c1=IDLE1
18944 core=0 give_isr r=0 y=0 c0=t835 c1=IDLE1
18945 core=0 noop r=0 y=0 c0=t835 c1=IDLE1
18946 core=0 tick r=1 y=3 c0=IDLE0 c1=t835
18947 core=0 give_isr r=0 y=0 c0=IDLE0 c1=t835
18948 core=0 give r=0 y=0 c0=IDLE0 c1=t835
18949 core=1 noop r=0 y=0 c0=IDLE0 c1=t835
18950 core=0 noop r=0 y=0 c0=IDLE0 c1=t835
18951 core=0 noop r=0 y=0 c0=IDLE0 c1=t835
18952 core=1 delete 8 t827 r=0 y=0 c0=IDLE0 c1=t835
18953 core=1 delete 9 t830 r=0 y=0 c0=IDLE0 c1=t835
18954 core=1 noop r=0 y=0 c0=IDLE0 c1=t835
18955 core=1 create 9 t838 p0 r=1 y=1 c0=IDLE1 c1=t835
18956 core=1 prio t837 2 r=0 y=0 c0=IDLE1 c1=t835
18957 core=1 delay t835 3 r=0 y=2 c0=IDLE1 c1=t838
18958 core=0 suspend t836 r=0 y=0 c0=IDLE1 c1=t838
18959 core=1 resume t837 r=0 y=0 c0=IDLE1 c1=t838
18960 core=1 delay t838 5 r=0 y=2 c0=IDLE1 c1=IDLE0
18961 core=1 noop r=0 y=0 c0=IDLE1 c1=IDLE0
18962 core=1 suspend t838 r=0 y=0 c0=IDLE1 c1=IDLE0
18963 core=0 noop r=0 y=0 c0=IDLE1 c1=IDLE0
18964 core=1 yield r=0 y=2 c0=IDLE1 c1=IDLE0
18965 core=1 give r=0 y=0 c0=IDLE1 c1=IDLE0
18966 core=0 noop r=0 y=0 c0=IDLE1 c1=IDLE0
18967 core=1 suspend t835 r=0 y=0 c0=IDLE1 c1=IDLE0
18968 core=0 resume t837 r=0 y=0 c0=IDLE1 c1=IDLE0
18969 core=1 create 4 t839 p0 r=1 y=2 c0=IDLE1 c1=t839
18970 core=0 tick r=1 y=3 c0=IDLE0 c1=IDLE1
18971 core=0 give_isr r=0 y=0 c0=IDLE0 c1=IDLE1
18972 core=1 give r=0 y=0 c0=IDLE0 c1=IDLE1
18973 core=0 noop r=0 y=0 c0=IDLE0 c1=IDLE1
18974 core=1 noop r=0 y=0 c0=IDLE0 c1=IDLE1
18975 core=0 give r=0 y=0 c0=IDLE0 c1=IDLE1
18976 core=0 prio t836 2 r=0 y=0 c0=IDLE0 c1=IDLE1
18977 core=0 give_isr r=0 y=0 c0=IDLE0 c1=IDLE1
18978 core=1 noop r=0 y=0 c0=IDLE0 c1=IDLE1
18979 core=1 delete 5 t835 r=0 y=0 c0=IDLE0 c1=IDLE1
18980 core=0 give r=0 y=0 c0=IDLE0 c1=IDLE1
18981 core=1 noop r=0 y=0 c0=IDLE0 c1=IDLE1
18982 core=0 give_isr r=0 y=0 c0=IDLE0 c1=IDLE1
18983 core=1 noop r=0 y=0 c0=IDLE0 c1=IDLE1
18984 core=1 give r=0 y=0 c0=IDLE0 c1=IDLE1
18985 core=0 noop r=0 y=0 c0=IDLE0 c1=IDLE1
18986 core=1 yield r=0 y=2 c0=IDLE0 c1=t839
18987 core=0 noop r=0 y=0 c0=IDLE0 c1=t839
18988 core=0 noop r=0 y=0 c0=IDLE0 c1=t839
18989 core=0 create 6 t840 p3 r=1 y=1 c0=t840 c1=t839
18990 core=1 resume t838 r=0 y=0 c0=t840 c1=t839
18991 core=1 delay t839 4 r=0 y=2 c0=t840 c1=IDLE1
18992 core=0 prio t836 3 r=0 y=0 c0=t840 c1=IDLE1
18993 core=1 noop r=0 y=0 c0=t840 c1=IDLE1
18994 core=0 noop r=0 y=0 c0=t840 c1=IDLE1
18995 core=0 suspend t837 r=0 y=0 c0=t840 c1=IDLE1
18996 core=0 noop r=0 y=0 c0=t840 c1=IDLE1
18997 core=0 give_isr r=0 y=0 c0=t840 c1=IDLE1
18998 core=1 noop r=0 y=0 c0=t840 c1=IDLE1
18999 core=0 delay t840 4 r=0 y=1 c0=IDLE0 c1=IDLE1
19000 core=0 tick r=1 y=3 c0=t838 c1=IDLE0
19001 core=0 tick r=1 y=3 c0=IDLE1 c1=t838
19002 core=0 noop r=0 y=0 c0=IDLE1 c1=t838
19003 core=1 takeb t838 3 r=1 y=0 c0=IDLE1 c1=t838
19004 core=1 noop r=0 y=0 c0=IDLE1 c1=t838
19005 core=0 tick r=1 y=3 c0=IDLE0 c1=IDLE1
19006 core=0 yield r=0 y=1 c0=t838 c1=IDLE1
19007 core=0 take t838 r=0 y=0 c0=t838 c1=IDLE1
19008 core=1 resume t836 r=0 y=2 c0=t838 c1=t836
19009 core=0 create 1 t841 p3 r=1 y=1 c0=t841 c1=t836
19010 core=0 prio t838 1 r=0 y=0 c0=t841 c1=t836
19011 core=0 create 5 t842 p3 r=1 y=0 c0=t841 c1=t836
19012 core=1 suspend t837 r=0 y=0 c0=t841 c1=t836
19013 core=0 takeb t841 3 r=2 y=1 c0=t842 c1=t836
19014 core=0 tick r=1 y=3 c0=t840 c1=t842
19015 core=1 delay t842 5 r=0 y=2 c0=t840 c1=t836
19016 core=0 take t840 r=0 y=0 c0=t840 c1=t836
19017 core=0 takeb t840 6 r=2 y=1 c0=t838 c1=t836
19018 core=0 yield r=0 y=1 c0=t838 c1=t836
19019 core=1 give_isr r=1 y=1 c0=t841 c1=t836
19020 core=0 cont t841 r=1 y=0 c0=t841 c1=t836
19021 core=0 delay t841 5 r=0 y=1 c0=t838 c1=t836
19022 core=1 prio t837 0 r=0 y=0 c0=t838 c1=t836
19023 core=0 give r=1 y=1 c0=t840 c1=t836
19024 core=0 cont t840 r=1 y=0 c0=t840 c1=t836
19025 core=0 create 8 t843 p0 r=1 y=0 c0=t840 c1=t836
19026 core=0 suspend t840 r=0 y=1 c0=t838 c1=t836
19027 core=0 delay t838 3 r=0 y=1 c0=IDLE0 c1=t836
19028 core=0 create 3 t844 p0 r=1 y=1 c0=IDLE1 c1=t836
19029 core=0 give r=1 y=0 c0=IDLE1 c1=t836
19030 core=1 delete 9 t838 r=0 y=0 c0=IDLE1 c1=t836
19031 core=1 delay t836 2 r=0 y=2 c0=IDLE1 c1=t839
19032 core=0 noop r=0 y=0 c0=IDLE1 c1=t839
19033 core=1 suspend t839 r=0 y=2 c0=IDLE1 c1=t843
19034 core=1 noop r=0 y=0 c0=IDLE1 c1=t843
19035 core=1 prio t843 3 r=0 y=0 c0=IDLE1 c1=t843
19036 core=1 suspend t837 r=0 y=0 c0=IDLE1 c1=t843
19037 core=1 resume t836 r=0 y=0 c0=IDLE1 c1=t843
19038 core=0 prio t839 1 r=0 y=0 c0=IDLE1 c1=t843
19039 core=0 tick r=1 y=1 c0=t844 c1=t843
19040 core=0 tick r=1 y=3 c0=t836 c1=t843
19041 core=0 yield r=0 y=1 c0=t836 c1=t843
19042 core=1 delay t843 4 r=0 y=2 c0=t836 c1=IDLE0
19043 core=0 give r=0 y=0 c0=t836 c1=IDLE0
19044 core=0 give_isr r=0 y=0 c0=t836 c1=IDLE0
19045 core=0 resume t840 r=0 y=2 c0=t836 c1=t840
19046 core=1 prio t844 0 r=0 y=0 c0=t836 c1=t840
19047 core=0 noop r=0 y=0 c0=t836 c1=t840
19048 core=0 delay t836 5 r=0 y=1 c0=IDLE1 c1=t840
19049 core=1 give_isr r=0 y=0 c0=IDLE1 c1=t840
19050 core=1 noop r=0 y=0 c0=IDLE1 c1=t840
19051 core=1 give_isr r=0 y=0 c0=IDLE1 c1=t840
19052 core=1 yield r=0 y=2 c0=IDLE1 c1=t840
19053 core=0 noop r=0 y=0 c0=IDLE1 c1=t840
19054 core=1 suspend t841 r=0 y=0 c0=IDLE1 c1=t840
19055 core=1 takeb t840 1 r=1 y=0 c0=IDLE1 c1=t840
19056 core=0 noop r=0 y=0 c0=IDLE1 c1=t840
19057 core=0 tick r=1 y=1 c0=t844 c1=t840
19058 core=1 takeb t840 4 r=2 y=2 c0=t844 c1=IDLE0
19059 core=0 noop r=0 y=0 c0=t844 c1=IDLE0
19060 core=1 noop r=0 y=0 c0=t844 c1=IDLE0
19061 core=0 tick r=1 y=3 c0=IDLE1 c1=t844
19062 core=0 noop r=0 y=0 c0=IDLE1 c1=t844
19063 core=0 give_isr r=1 y=1 c0=t840 c1=t844
19064 core=1 delay t844 2 r=0 y=2 c0=t840 c1=IDLE0
19065 core=1 noop r=0 y=0 c0=t840 c1=IDLE0
19066 core=1 prio t843 2 r=0 y=0 c0=t840 c1=IDLE0
19067 core=0 cont t840 r=1 y=0 c0=t840 c1=IDLE0
19068 core=0 create 9 t845 p1 r=1 y=2 c0=t840 c1=t845
19069 core=1 prio t844 1 r=0 y=0 c0=t840 c1=t845
19070 core=1 give_isr r=1 y=0 c0=t840 c1=t845
19071 core=0 tick r=1 y=3 c0=t842 c1=t840
19072 core=1 delete 5 t842 r=0 y=1 c0=t845 c1=t840
19073 core=0 tick r=1 y=1 c0=t843 c1=t840
19074 core=1 delete 1 t841 r=0 y=0 c0=t843 c1=t840
19075 core=1 takeb t840 2 r=1 y=0 c0=t843 c1=t840
19076 core=0 give r=1 y=0 c0=t843 c1=t840
19077 core=0 create 1 t846 p3 r=1 y=1 c0=t846 c1=t840
19078 core=1 prio t837 2 r=0 y=0 c0=t846 c1=t840
19079 core=1 noop r=0 y=0 c0=t846 c1=t840
19080 core=0 resume t840 r=0 y=0 c0=t846 c1=t840
19081 core=1 delay t840 2 r=0 y=2 c0=t846 c1=t843
19082 core=1 noop r=0 y=0 c0=t846 c1=t843
19083 core=1 noop r=0 y=0 c0=t846 c1=t843
19084 core=0 give_isr r=0 y=0 c0=t846 c1=t843
19085 core=0 tick r=1 y=3 c0=t836 c1=t846
19086 core=0 suspend t839 r=0 y=0 c0=t836 c1=t846
19087 core=1 noop r=0 y=0 c0=t836 c1=t846
19088 core=0 delay t836 5 r=0 y=1 c0=t843 c1=t846
19089 core=0 tick r=1 y=3 c0=t840 c1=t846
19090 core=0 yield r=0 y=1 c0=t840 c1=t846
19091 core=0 noop r=0 y=0 c0=t840 c1=t846
19092 core=0 takeb t840 1 r=1 y=0 c0=t840 c1=t846
19093 core=0 noop r=0 y=0 c0=t840 c1=t846
19094 core=0 noop r=0 y=0 c0=t840 c1=t846
19095 core=0 prio t837 3 r=0 y=0 c0=t840 c1=t846
19096 core=0 takeb t840 5 r=2 y=1 c0=t843 c1=t846
19097 core=0 delay t843 4 r=0 y=1 c0=t844 c1=t846
19098 core=1 prio t836 3 r=0 y=0 c0=t844 c1=t846
19099 core=0 tick r=1 y=1 c0=t845 c1=t846
19100 core=0 takeb t845 3 r=2 y=1 c0=t844 c1=t846
19101 core=0 prio t836 0 r=0 y=0 c0=t844 c1=t846
19102 core=1 suspend t839 r=0 y=0 c0=t844 c1=t846
19103 core=0 delay t844 1 r=0 y=1 c0=IDLE1 c1=t846
19104 core=1 noop r=0 y=0 c0=IDLE1 c1=t846
19105 core=1 takeb t846 2 r=2 y=2 c0=IDLE1 c1=IDLE0
19106 core=1 noop r=0 y=0 c0=IDLE1 c1=IDLE0
19107 core=1 delete 4 t839 r=0 y=0 c0=IDLE1 c1=IDLE0
19108 core=0 noop r=0 y=0 c0=IDLE1 c1=IDLE0
19109 core=0 noop r=0 y=0 c0=IDLE1 c1=IDLE0
19110 core=1 suspend t843 r=0 y=0 c0=IDLE1 c1=IDLE0
19111 core=1 delete 1 t846 r=0 y=0 c0=IDLE1 c1=IDLE0
19112 core=0 noop r=0 y=0 c0=IDLE1 c1=IDLE0
19113 core=0 noop r=0 y=0 c0=IDLE1 c1=IDLE0
19114 core=0 resume t837 r=0 y=2 c0=IDLE1 c1=t837
19115 core=1 noop r=0 y=0 c0=IDLE1 c1=t837
19116 core=0 noop r=0 y=0 c0=IDLE1 c1=t837
19117 core=1 suspend t837 r=0 y=2 c0=IDLE1 c1=IDLE0
19118 core=0 give r=1 y=2 c0=IDLE1 c1=t840
19119 core=0 give r=0 y=0 c0=IDLE1 c1=t840
19120 core=0 suspend t836 r=0 y=0 c0=IDLE1 c1=t840
19121 core=0 noop r=0 y=0 c0=IDLE1 c1=t840
19122 core=1 cont t840 r=1 y=0 c0=IDLE1 c1=t840
19123 core=0 suspend t840 r=0 y=2 c0=IDLE1 c1=IDLE0
19124 core=1 noop r=0 y=0 c0=IDLE1 c1=IDLE0
19125 core=0 suspend t845 r=0 y=0 c0=IDLE1 c1=IDLE0
19126 core=0 give r=1 y=0 c0=IDLE1 c1=IDLE0
19127 core=1 noop r=0 y=0 c0=IDLE1 c1=IDLE0
19128 core=0 resume t836 r=0 y=2 c0=IDLE1 c1=t836
19129 core=0 resume t840 r=0 y=1 c0=t840 c1=t836
19130 core=1 take t836 r=1 y=0 c0=t840 c1=t836
19131 core=0 delay t840 3 r=0 y=1 c0=IDLE0 c1=t836
19132 core=1 suspend t843 r=0 y=0 c0=IDLE0 c1=t836
19133 core=0 noop r=0 y=0 c0=IDLE0 c1=t836
19134 core=0 give r=1 y=0 c0=IDLE0 c1=t836
19135 core=1 take t836 r=1 y=0 c0=IDLE0 c1=t836
19136 core=0 noop r=0 y=0 c0=IDLE0 c1=t836
19137 core=0 prio t840 1 r=0 y=0 c0=IDLE0 c1=t836
19138 core=0 suspend t844 r=0 y=0 c0=IDLE0 c1=t836
19139 core=0 noop r=0 y=0 c0=IDLE0 c1=t836
19140 core=1 delete 2 t837 r=0 y=0 c0=IDLE0 c1=t836
19141 core=0 tick r=1 y=3 c0=IDLE1 c1=IDLE0
19142 core=0 noop r=0 y=0 c0=IDLE1 c1=IDLE0
19143 core=0 give r=1 y=0 c0=IDLE1 c1=IDLE0
19144 core=1 noop r=0 y=0 c0=IDLE1 c1=IDLE0
19145 core=0 resume t836 r=0 y=0 c0=IDLE1 c1=IDLE0
19146 core=0 noop r=0 y=0 c0=IDLE1 c1=IDLE0
19147 core=1 noop r=0 y=0 c0=IDLE1 c1=IDLE0
19148 core=1 resume t845 r=0 y=2 c0=IDLE1 c1=t845
19149 core=1 cont t845 r=1 y=0 c0=IDLE1 c1=t845
19150 core=0 delete 8 t843 r=0 y=0 c0=IDLE1 c1=t845
19151 core=1 noop r=0 y=0 c0=IDLE1 c1=t845
19152 core=0 noop r=0 y=0 c0=IDLE1 c1=t845
19153 core=0 noop r=0 y=0 c0=IDLE1 c1=t845
19154 core=0 delete 7 t836 r=0 y=0 c0=IDLE1 c1=t845
19155 core=1 give r=1 y=0 c0=IDLE1 c1=t845
19156 core=1 takeb t845 3 r=1 y=0 c0=IDLE1 c1=t845
19157 core=0 create 2 t847 p2 r=1 y=1 c0=t847 c1=t845
19158 core=0 tick r=0 y=0 c0=t847 c1=t845
19159 core=0 suspend t845 r=0 y=2 c0=t847 c1=IDLE0
19160 core=0 tick r=0 y=2 c0=t847 c1=t840
19161 core=1 prio t844 0 r=0 y=0 c0=t847 c1=t840
19162 core=0 prio t844 1 r=0 y=0 c0=t847 c1=t840
19163 core=0 delay t847 3 r=0 y=1 c0=IDLE1 c1=t840
19164 core=0 tick r=1 y=1 c0=IDLE0 c1=t840
19165 core=1 noop r=0 y=0 c0=IDLE0 c1=t840
19166 core=1 noop r=0 y=0 c0=IDLE0 c1=t840
19167 core=1 give_isr r=1 y=0 c0=IDLE0 c1=t840
19168 core=1 noop r=0 y=0 c0=IDLE0 c1=t840
19169 core=0 noop r=0 y=0 c0=IDLE0 c1=t840
19170 core=1 give r=0 y=0 c0=IDLE0 c1=t840
19171 core=0 resume t847 r=0 y=0 c0=IDLE0 c1=t840
19172 core=0 noop r=0 y=0 c0=IDLE0 c1=t840
19173 core=0 give_isr r=0 y=0 c0=IDLE0 c1=t840
19174 core=1 noop r=0 y=0 c0=IDLE0 c1=t840
19175 core=0 noop r=0 y=0 c0=IDLE0 c1=t840
19176 core=0 give r=0 y=0 c0=IDLE0 c1=t840
19177 core=0 noop r=0 y=0 c0=IDLE0 c1=t840
19178 core=0 prio t840 0 r=0 y=2 c0=IDLE0 c1=IDLE1
19179 core=1 resume t847 r=0 y=0 c0=IDLE0 c1=IDLE1
19180 core=1 prio t840 0 r=0 y=0 c0=IDLE0 c1=IDLE1
19181 core=1 create 5 t848 p0 r=1 y=2 c0=IDLE0 c1=t840
19182 core=1 delay t840 1 r=0 y=2 c0=IDLE0 c1=t848
19183 core=0 noop r=0 y=0 c0=IDLE0 c1=t848
19184 core=1 prio t844 1 r=0 y=0 c0=IDLE0 c1=t848
19185 core=0 noop r=0 y=0 c0=IDLE0 c1=t848
19186 core=1 noop r=0 y=0 c0=IDLE0 c1=t848
19187 core=0 noop r=0 y=0 c0=IDLE0 c1=t848
19188 core=0 tick r=1 y=3 c0=IDLE1 c1=t840
19189 core=0 give_isr r=0 y=0 c0=IDLE1 c1=t840
19190 core=0 tick r=1 y=3 c0=t847 c1=IDLE0
19191 core=1 noop r=0 y=0 c0=t847 c1=IDLE0
19192 core=0 takeb t847 6 r=1 y=0 c0=t847 c1=IDLE0
19193 core=1 suspend t847 r=0 y=1 c0=t848 c1=IDLE0
19194 core=0 tick r=1 y=3 c0=IDLE1 c1=t840
19195 core=0 give_isr r=1 y=0 c0=IDLE1 c1=t840
19196 core=1 noop r=0 y=0 c0=IDLE1 c1=t840
19197 core=1 delete 3 t844 r=0 y=0 c0=IDLE1 c1=t840
19198 core=1 noop r=0 y=0 c0=IDLE1 c1=t840
19199 core=1 give r=0 y=0 c0=IDLE1 c1=t840
19200 core=0 noop r=0 y=0 c0=IDLE1 c1=t840
19201 core=1 give_isr r=0 y=0 c0=IDLE1 c1=t840
19202 core=1 takeb t840 6 r=1 y=0 c0=IDLE1 c1=t840
19203 core=0 noop r=0 y=0 c0=IDLE1 c1=t840
19204 core=1 takeb t840 2 r=2 y=2 c0=IDLE1 c1=t848
19205 core=0 yield r=0 y=1 c0=IDLE0 c1=t848
19206 core=1 resume t840 r=0 y=0 c0=IDLE0 c1=t848
19207 core=0 noop r=0 y=0 c0=IDLE0 c1=t848
19208 core=1 prio t847 0 r=0 y=0 c0=IDLE0 c1=t848
19209 core=0 resume t840 r=0 y=0 c0=IDLE0 c1=t848
19210 core=0 noop r=0 y=0 c0=IDLE0 c1=t848
19211 core=0 tick r=1 y=3 c0=IDLE1 c1=IDLE0
19212 core=1 create 1 t849 p1 r=1 y=2 c0=IDLE1 c1=t849
19213 core=1 suspend t849 r=0 y=2 c0=IDLE1 c1=t848
19214 core=1 delay t848 2 r=0 y=2 c0=IDLE1 c1=IDLE0
19215 core=1 suspend t849 r=0 y=0 c0=IDLE1 c1=IDLE0
19216 core=0 noop r=0 y=0 c0=IDLE1 c1=IDLE0
19217 core=0 noop r=0 y=0 c0=IDLE1 c1=IDLE0
19218 core=0 resume t840 r=0 y=0 c0=IDLE1 c1=IDLE0
19219 core=1 suspend t840 r=0 y=0 c0=IDLE1 c1=IDLE0
19220 core=1 noop r=0 y=0 c0=IDLE1 c1=IDLE0
19221 core=0 give_isr r=1 y=0 c0=IDLE1 c1=IDLE0
19222 core=0 noop r=0 y=0 c0=IDLE1 c1=IDLE0
19223 core=0 noop r=0 y=0 c0=IDLE1 c1=IDLE0
19224 core=0 yield r=0 y=1 c0=IDLE1 c1=IDLE0
19225 core=0 noop r=0 y=0 c0=IDLE1 c1=IDLE0
19226 core=1 yield r=0 y=2 c0=IDLE1 c1=IDLE0
19227 core=0 yield r=0 y=1 c0=IDLE1 c1=IDLE0
19228 core=0 tick r=1 y=3 c0=IDLE1 c1=IDLE0
19229 core=0 delete 2 t847 r=0 y=0 c0=IDLE1 c1=IDLE0
19230 core=0 noop r=0 y=0 c0=IDLE1 c1=IDLE0
19231 core=0 noop r=0 y=0 c0=IDLE1 c1=IDLE0
19232 core=1 create 8 t850 p2 r=1 y=2 c0=IDLE1 c1=t850
19233 core=0 noop r=0 y=0 c0=IDLE1 c1=t850
19234 core=1 takeb t850 2 r=1 y=0 c0=IDLE1 c1=t850
19235 core=0 give r=1 y=0 c0=IDLE1 c1=t850
19236 core=1 give_isr r=0 y=0 c0=IDLE1 c1=t850
19237 core=1 suspend t849 r=0 y=0 c0=IDLE1 c1=t850
19238 core=1 noop r=0 y=0 c0=IDLE1 c1=t850
19239 core=0 delete 8 t850 r=0 y=2 c0=IDLE1 c1=IDLE0
19240 core=1 noop r=0 y=0 c0=IDLE1 c1=IDLE0
19241 core=0 noop r=0 y=0 c0=IDLE1 c1=IDLE0
19242 core=1 delete 6 t840 r=0 y=0 c0=IDLE1 c1=IDLE0
19243 core=0 noop r=0 y=0 c0=IDLE1 c1=IDLE0
19244 core=1 noop r=0 y=0 c0=IDLE1 c1=IDLE0
19245 core=0 give r=0 y=0 c0=IDLE1 c1=IDLE0
19246 core=0 tick r=1 y=3 c0=t848 c1=IDLE1
19247 core=0 give r=0 y=0 c0=t848 c1=IDLE1
19248 core=1 noop r=0 y=0 c0=t848 c1=IDLE1
19249 core=0 noop r=0 y=0 c0=t848 c1=IDLE1
19250 core=0 tick r=1 y=3 c0=IDLE0 c1=t848
19251 core=0 noop r=0 y=0 c0=IDLE0 c1=t848
19252 core=0 noop r=0 y=0 c0=IDLE0 c1=t848
19253 core=0 noop r=0 y=0 c0=IDLE0 c1=t848
19254 core=0 noop r=0 y=0 c0=IDLE0 c1=t848
19255 core=0 noop r=0 y=0 c0=IDLE0 c1=t848
19256 core=1 create 2 t851 p3 r=1 y=1 c0=t851 c1=t848
19257 core=0 tick r=0 y=2 c0=t851 c1=IDLE1
19258 core=0 delay t851 1 r=0 y=1 c0=IDLE0 c1=IDLE1
19259 core=0 noop r=0 y=0 c0=IDLE0 c1=IDLE1
19260 core=0 noop r=0 y=0 c0=IDLE0 c1=IDLE1
19261 core=1 noop r=0 y=0 c0=IDLE0 c1=IDLE1
19262 core=1 give r=0 y=0 c0=IDLE0 c1=IDLE1
19263 core=1 create 0 t852 p1 r=1 y=2 c0=IDLE0 c1=t852
19264 core=0 give r=0 y=0 c0=IDLE0 c1=t852
19265 core=0 tick r=1 y=1 c0=t851 c1=t852
19266 core=1 noop r=0 y=0 c0=t851 c1=t852
19267 core=0 takeb t851 6 r=1 y=0 c0=t851 c1=t852
19268 core=1 delay t852 1 r=0 y=2 c0=t851 c1=t848
19269 core=0 give_isr r=1 y=0 c0=t851 c1=t848
19270 core=0 tick r=0 y=2 c0=t851 c1=t852
19271 core=0 resume t845 r=0 y=0 c0=t851 c1=t852
19272 core=0 give r=0 y=0 c0=t851 c1=t852
19273 core=1 give r=0 y=0 c0=t851 c1=t852
19274 core=0 give_isr r=0 y=0 c0=t851 c1=t852
19275 core=1 take t852 r=1 y=0 c0=t851 c1=t852
19276 core=0 noop r=0 y=0 c0=t851 c1=t852
19277 core=1 noop r=0 y=0 c0=t851 c1=t852
19278 core=1 delete 0 t852 r=0 y=2 c0=t851 c1=t845
19279 core=1 delay t845 4 r=0 y=2 c0=t851 c1=IDLE1
19280 core=1 noop r=0 y=0 c0=t851 c1=IDLE1
19281 core=0 give r=1 y=0 c0=t851 c1=IDLE1
19282 core=1 noop r=0 y=0 c0=t851 c1=IDLE1
19283 core=0 tick r=0 y=2 c0=t851 c1=IDLE0
19284 core=0 give_isr r=0 y=0 c0=t851 c1=IDLE0
19285 core=0 suspend t851 r=0 y=1 c0=t848 c1=IDLE0
19286 core=0 give r=0 y=0 c0=t848 c1=IDLE0
19287 core=0 take t848 r=1 y=0 c0=t848 c1=IDLE0
19288 core=0 give r=1 y=0 c0=t848 c1=IDLE0
19289 core=1 noop r=0 y=0 c0=t848 c1=IDLE0
19290 core=0 tick r=1 y=3 c0=IDLE1 c1=t848
19291 core=0 noop r=0 y=0 c0=IDLE1 c1=t848
19292 core=0 noop r=0 y=0 c0=IDLE1 c1=t848
19293 core=1 delay t848 2 r=0 y=2 c0=IDLE1 c1=IDLE0
19294 core=1 give_isr r=0 y=0 c0=IDLE1 c1=IDLE0
19295 core=0 suspend t845 r=0 y=0 c0=IDLE1 c1=IDLE0
19296 core=0 tick r=1 y=3 c0=IDLE1 c1=IDLE0
19297 core=0 give r=0 y=0 c0=IDLE1 c1=IDLE0
19298 core=0 noop r=0 y=0 c0=IDLE1 c1=IDLE0
19299 core=0 give r=0 y=0 c0=IDLE1 c1=IDLE0
19300 core=1 noop r=0 y=0 c0=IDLE1 c1=IDLE0
19301 core=1 resume t845 r=0 y=2 c0=IDLE1 c1=t845
19302 core=0 give_isr r=0 y=0 c0=IDLE1 c1=t845
19303 core=0 yield r=0 y=1 c0=IDLE0 c1=t845
19304 core=0 noop r=0 y=0 c0=IDLE0 c1=t845
19305 core=0 tick r=1 y=1 c0=IDLE1 c1=t845
19306 core=1 delay t845 3 r=0 y=2 c0=IDLE1 c1=t848
19307 core=1 take t848 r=1 y=0 c0=IDLE1 c1=t848
19308 core=0 give r=1 y=0 c0=IDLE1 c1=t848
19309 core=1 delete 9 t845 r=0 y=0 c0=IDLE1 c1=t848
19310 core=0 give r=0 y=0 c0=IDLE1 c1=t848
19311 core=0 noop r=0 y=0 c0=IDLE1 c1=t848
19312 core=1 give_isr r=0 y=0 c0=IDLE1 c1=t848
19313 core=1 noop r=0 y=0 c0=IDLE1 c1=t848
19314 core=1 noop r=0 y=0 c0=IDLE1 c1=t848
19315 core=0 noop r=0 y=0 c0=IDLE1 c1=t848
19316 core=1 yield r=0 y=2 c0=IDLE1 c1=IDLE0
19317 core=1 suspend t849 r=0 y=0 c0=IDLE1 c1=IDLE0
19318 core=0 noop r=0 y=0 c0=IDLE1 c1=IDLE0
19319 core=0 tick r=1 y=3 c0=t848 c1=IDLE1
19320 core=0 noop r=0 y=0 c0=t848 c1=IDLE1
19321 core=0 suspend t849 r=0 y=0 c0=t848 c1=IDLE1
19322 core=1 noop r=0 y=0 c0=t848 c1=IDLE1
19323 core=0 give_isr r=0 y=0 c0=t848 c1=IDLE1
19324 core=0 delay t848 3 r=0 y=1 c0=IDLE0 c1=IDLE1
19325 core=1 noop r=0 y=0 c0=IDLE0 c1=IDLE1
19326 core=0 noop r=0 y=0 c0=IDLE0 c1=IDLE1
19327 core=0 create 7 t853 p1 r=1 y=2 c0=IDLE0 c1=t853
19328 core=0 noop r=0 y=0 c0=IDLE0 c1=t853
19329 core=1 noop r=0 y=0 c0=IDLE0 c1=t853
19330 core=1 delay t853 5 r=0 y=2 c0=IDLE0 c1=IDLE1
19331 core=0 create 9 t854 p3 r=1 y=2 c0=IDLE0 c1=t854
19332 core=0 tick r=1 y=1 c0=IDLE1 c1=t854
19333 core=0 resume t848 r=0 y=0 c0=IDLE1 c1=t854
19334 core=1 prio t853 1 r=0 y=0 c0=IDLE1 c1=t854
19335 core=0 yield r=0 y=1 c0=IDLE0 c1=t854
19336 core=1 give r=0 y=0 c0=IDLE0 c1=t854
19337 core=1 suspend t849 r=0 y=0 c0=IDLE0 c1=t854
19338 core=1 take t854 r=1 y=0 c0=IDLE0 c1=t854
19339 core=1 give r=1 y=0 c0=IDLE0 c1=t854
19340 core=1 delete 2 t851 r=0 y=0 c0=IDLE0 c1=t854
19341 core=1 delay t854 2 r=0 y=2 c0=IDLE0 c1=IDLE1
19342 core=0 create 8 t855 p3 r=1 y=2 c0=IDLE0 c1=t855
19343 core=1 delete 7 t853 r=0 y=0 c0=IDLE0 c1=t855
19344 core=0 give_isr r=0 y=0 c0=IDLE0 c1=t855
19345 core=1 give_isr r=0 y=0 c0=IDLE0 c1=t855
19346 core=0 yield r=0 y=1 c0=IDLE1 c1=t855
19347 core=1 give_isr r=0 y=0 c0=IDLE1 c1=t855
19348 core=0 tick r=1 y=1 c0=IDLE0 c1=t855
19349 core=0 noop r=0 y=0 c0=IDLE0 c1=t855
19350 core=0 tick r=1 y=3 c0=t854 c1=t855
19351 core=1 noop r=0 y=0 c0=t854 c1=t855
19352 core=0 tick r=1 y=3 c0=t854 c1=t855
19353 core=0 suspend t854 r=0 y=1 c0=IDLE1 c1=t855
19354 core=1 yield r=0 y=2 c0=IDLE1 c1=t855
19355 core=1 noop r=0 y=0 c0=IDLE1 c1=t855
19356 core=0 suspend t848 r=0 y=0 c0=IDLE1 c1=t855
19357 core=0 noop r=0 y=0 c0=IDLE1 c1=t855
19358 core=0 noop r=0 y=0 c0=IDLE1 c1=t855
19359 core=1 resume t849 r=0 y=1 c0=t849 c1=t855
19360 core=0 delete 1 t849 r=0 y=1 c0=IDLE0 c1=t855
19361 core=0 noop r=0 y=0 c0=IDLE0 c1=t855
19362 core=0 noop r=0 y=0 c0=IDLE0 c1=t855
19363 core=0 tick r=1 y=1 c0=IDLE1 c1=t855
19364 core=1 create 0 t856 p0 r=1 y=1 c0=IDLE0 c1=t855
19365 core=1 noop r=0 y=0 c0=IDLE0 c1=t855
19366 core=0 create 2 t857 p0 r=1 y=1 c0=t856 c1=t855
19367 core=1 suspend t857 r=0 y=0 c0=t856 c1=t855
19368 core=0 delay t856 3 r=0 y=1 c0=IDLE1 c1=t855
19369 core=0 tick r=1 y=1 c0=IDLE0 c1=t855
19370 core=1 noop r=0 y=0 c0=IDLE0 c1=t855
19371 core=1 suspend t855 r=0 y=2 c0=IDLE0 c1=IDLE1
19372 core=0 tick r=1 y=3 c0=IDLE0 c1=IDLE1
19373 core=1 noop r=0 y=0 c0=IDLE0 c1=IDLE1
19374 core=0 prio t857 2 r=0 y=0 c0=IDLE0 c1=IDLE1
19375 core=0 give_isr r=0 y=0 c0=IDLE0 c1=IDLE1
19376 core=1 noop r=0 y=0 c0=IDLE0 c1=IDLE1
19377 core=1 prio t848 3 r=0 y=0 c0=IDLE0 c1=IDLE1
19378 core=0 delete 8 t855 r=0 y=0 c0=IDLE0 c1=IDLE1
19379 core=0 create 7 t858 p1 r=1 y=2 c0=IDLE0 c1=t858
19380 core=1 noop r=0 y=0 c0=IDLE0 c1=t858
19381 core=1 suspend t854 r=0 y=0 c0=IDLE0 c1=t858
19382 core=1 yield r=0 y=2 c0=IDLE0 c1=t858
19383 core=0 tick r=1 y=1 c0=IDLE1 c1=t858
19384 core=1 delete 7 t858 r=0 y=2 c0=IDLE1 c1=t856
19385 core=1 give_isr r=0 y=0 c0=IDLE1 c1=t856
19386 core=0 noop r=0 y=0 c0=IDLE1 c1=t856
19387 core=1 delay t856 4 r=0 y=2 c0=IDLE1 c1=IDLE0
19388 core=0 noop r=0 y=0 c0=IDLE1 c1=IDLE0
19389 core=0 delete 9 t854 r=0 y=0 c0=IDLE1 c1=IDLE0
19390 core=1 noop r=0 y=0 c0=IDLE1 c1=IDLE0
19391 core=0 prio t857 2 r=0 y=0 c0=IDLE1 c1=IDLE0
19392 core=1 noop r=0 y=0 c0=IDLE1 c1=IDLE0
19393 core=0 noop r=0 y=0 c0=IDLE1 c1=IDLE0
19394 core=0 noop r=0 y=0 c0=IDLE1 c1=IDLE0
19395 core=0 delete 2 t857 r=0 y=0 c0=IDLE1 c1=IDLE0
19396 core=0 tick r=1 y=3 c0=IDLE1 c1=IDLE0
19397 core=0 noop r=0 y=0 c0=IDLE1 c1=IDLE0
19398 core=1 give_isr r=0 y=0 c0=IDLE1 c1=IDLE0
19399 core=0 suspend t848 r=0 y=0 c0=IDLE1 c1=IDLE0
19400 core=0 noop r=0 y=0 c0=IDLE1 c1=IDLE0
19401 core=1 noop r=0 y=0 c0=IDLE1 c1=IDLE0
19402 core=0 noop r=0 y=0 c0=IDLE1 c1=IDLE0
19403 core=0 noop r=0 y=0 c0=IDLE1 c1=IDLE0
19404 core=0 noop r=0 y=0 c0=IDLE1 c1=IDLE0
19405 core=1 give r=0 y=0 c0=IDLE1 c1=IDLE0
19406 core=0 noop r=0 y=0 c0=IDLE1 c1=IDLE0
19407 core=1 give r=0 y=0 c0=IDLE1 c1=IDLE0
19408 core=1 noop r=0 y=0 c0=IDLE1 c1=IDLE0
19409 core=0 yield r=0 y=1 c0=IDLE1 c1=IDLE0
19410 core=1 noop r=0 y=0 c0=IDLE1 c1=IDLE0
19411 core=1 create 1 t859 p2 r=1 y=2 c0=IDLE1 c1=t859
19412 core=1 noop r=0 y=0 c0=IDLE1 c1=t859
19413 core=0 give r=0 y=0 c0=IDLE1 c1=t859
19414 core=1 delay t859 2 r=0 y=2 c0=IDLE1 c1=IDLE0
19415 core=1 noop r=0 y=0 c0=IDLE1 c1=IDLE0
19416 core=1 noop r=0 y=0 c0=IDLE1 c1=IDLE0
19417 core=0 give r=0 y=0 c0=IDLE1 c1=IDLE0
19418 core=0 noop r=0 y=0 c0=IDLE1 c1=IDLE0
19419 core=0 noop r=0 y=0 c0=IDLE1 c1=IDLE0
19420 core=0 tick r=1 y=3 c0=IDLE1 c1=IDLE0
19421 core=0 noop r=0 y=0 c0=IDLE1 c1=IDLE0
19422 core=1 create 3 t860 p3 r=1 y=2 c0=IDLE1 c1=t860
19423 core=0 tick r=1 y=1 c0=t859 c1=t860
19424 core=1 delay t860 2 r=0 y=2 c0=t859 c1=IDLE0
19425 core=0 give_isr r=0 y=0 c0=t859 c1=IDLE0
19426 core=1 noop r=0 y=0 c0=t859 c1=IDLE0
19427 core=0 noop r=0 y=0 c0=t859 c1=IDLE0
19428 core=0 tick r=0 y=2 c0=t859 c1=IDLE1
19429 core=1 prio t848 1 r=0 y=0 c0=t859 c1=IDLE1
19430 core=1 noop r=0 y=0 c0=t859 c1=IDLE1
19431 core=1 noop r=0 y=0 c0=t859 c1=IDLE1
19432 core=0 tick r=0 y=2 c0=t859 c1=t860
19433 core=1 noop r=0 y=0 c0=t859 c1=t860
19434 core=0 tick r=0 y=0 c0=t859 c1=t860
19435 core=1 prio t859 0 r=0 y=1 c0=t856 c1=t860
19436 core=0 noop r=0 y=0 c0=t856 c1=t860
19437 core=0 delay t856 1 r=0 y=1 c0=IDLE0 c1=t860
19438 core=0 tick r=1 y=1 c0=IDLE1 c1=t860
19439 core=0 suspend t860 r=0 y=2 c0=IDLE1 c1=t859
19440 core=1 noop r=0 y=0 c0=IDLE1 c1=t859
19441 core=1 give r=0 y=0 c0=IDLE1 c1=t859
19442 core=1 noop r=0 y=0 c0=IDLE1 c1=t859
19443 core=0 give r=0 y=0 c0=IDLE1 c1=t859
19444 core=1 take t859 r=1 y=0 c0=IDLE1 c1=t859
19445 core=0 noop r=0 y=0 c0=IDLE1 c1=t859
19446 core=0 tick r=1 y=3 c0=t856 c1=IDLE0
19447 core=1 noop r=0 y=0 c0=t856 c1=IDLE0
19448 core=0 tick r=1 y=3 c0=IDLE1 c1=t859
19449 core=1 noop r=0 y=0 c0=IDLE1 c1=t859
19450 core=0 tick r=1 y=3 c0=t856 c1=IDLE0
19451 core=0 tick r=1 y=3 c0=IDLE1 c1=t859
19452 core=0 noop r=0 y=0 c0=IDLE1 c1=t859
19453 core=1 take t859 r=0 y=0 c0=IDLE1 c1=t859
19454 core=0 noop r=0 y=0 c0=IDLE1 c1=t859
19455 core=1 noop r=0 y=0 c0=IDLE1 c1=t859
19456 core=0 noop r=0 y=0 c0=IDLE1 c1=t859
19457 core=0 tick r=1 y=3 c0=t856 c1=IDLE0
19458 core=0 noop r=0 y=0 c0=t856 c1=IDLE0
19459 core=0 noop r=0 y=0 c0=t856 c1=IDLE0
19460 core=1 noop r=0 y=0 c0=t856 c1=IDLE0
19461 core=0 take t856 r=0 y=0 c0=t856 c1=IDLE0
19462 core=1 create 2 t861 p3 r=1 y=2 c0=t856 c1=t861
19463 core=1 prio t859 0 r=0 y=0 c0=t856 c1=t861
19464 core=1 give r=1 y=0 c0=t856 c1=t861
19465 core=1 create 9 t862 p1 r=1 y=1 c0=t862 c1=t861
19466 core=1 delay t861 1 r=0 y=2 c0=t862 c1=IDLE1
19467 core=0 noop r=0 y=0 c0=t862 c1=IDLE1
19468 core=1 noop r=0 y=0 c0=t862 c1=IDLE1
19469 core=0 give_isr r=0 y=0 c0=t862 c1=IDLE1
19470 core=1 noop r=0 y=0 c0=t862 c1=IDLE1
19471 core=1 delete 3 t860 r=0 y=0 c0=t862 c1=IDLE1
19472 core=0 resume t861 r=0 y=0 c0=t862 c1=IDLE1
19473 core=1 noop r=0 y=0 c0=t862 c1=IDLE1
19474 core=0 tick r=0 y=2 c0=t862 c1=t861
19475 core=0 give r=0 y=0 c0=t862 c1=t861
19476 core=0 noop r=0 y=0 c0=t862 c1=t861
19477 core=1 suspend t862 r=0 y=1 c0=t859 c1=t861
19478 core=1 noop r=0 y=0 c0=t859 c1=t861
19479 core=1 noop r=0 y=0 c0=t859 c1=t861
19480 core=0 give r=0 y=0 c0=t859 c1=t861
19481 core=1 noop r=0 y=0 c0=t859 c1=t861
19482 core=1 delay t861 4 r=0 y=2 c0=t859 c1=IDLE0
19483 core=0 prio t856 0 r=0 y=0 c0=t859 c1=IDLE0
19484 core=0 tick r=1 y=3 c0=t856 c1=IDLE1
19485 core=0 noop r=0 y=0 c0=t856 c1=IDLE1
19486 core=1 noop r=0 y=0 c0=t856 c1=IDLE1
19487 core=0 give_isr r=0 y=0 c0=t856 c1=IDLE1
19488 core=0 tick r=1 y=3 c0=t859 c1=IDLE0
19489 core=0 noop r=0 y=0 c0=t859 c1=IDLE0
19490 core=1 create 6 t863 p3 r=1 y=2 c0=t859 c1=t863
19491 core=0 noop r=0 y=0 c0=t859 c1=t863
19492 core=0 resume t861 r=0 y=0 c0=t859 c1=t863
19493 core=1 noop r=0 y=0 c0=t859 c1=t863
19494 core=1 prio t862 1 r=0 y=0 c0=t859 c1=t863
19495 core=1 create 8 t864 p2 r=1 y=1 c0=t864 c1=t863
19496 core=1 delay t863 3 r=0 y=2 c0=t864 c1=t856
19497 core=1 takeb t856 2 r=1 y=0 c0=t864 c1=t856
19498 core=1 resume t862 r=0 y=2 c0=t864 c1=t862
19499 core=0 take t864 r=0 y=0 c0=t864 c1=t862
19500 core=0 noop r=0 y=0 c0=t864 c1=t862
19501 core=1 create 7 t865 p0 r=1 y=0 c0=t864 c1=t862
19502 core=1 yield r=0 y=2 c0=t864 c1=t862
19503 core=0 takeb t864 3 r=2 y=1 c0=IDLE1 c1=t862
19504 core=1 give r=1 y=1 c0=t864 c1=t862
19505 core=0 cont t864 r=1 y=0 c0=t864 c1=t862
19506 core=1 prio t865 3 r=0 y=2 c0=t864 c1=t865
19507 core=0 suspend t865 r=0 y=2 c0=t864 c1=t862
19508 core=0 tick r=0 y=0 c0=t864 c1=t862
19509 core=1 suspend t863 r=0 y=0 c0=t864 c1=t862
19510 core=0 yield r=0 y=1 c0=t864 c1=t862
19511 core=0 delete 8 t864 r=0 y=1 c0=IDLE0 c1=t862
19512 core=0 delete 7 t865 r=0 y=0 c0=IDLE0 c1=t862
19513 core=1 resume t856 r=0 y=0 c0=IDLE0 c1=t862
19514 core=0 tick r=1 y=1 c0=t861 c1=t862
19515 core=1 suspend t861 r=0 y=1 c0=t859 c1=t862
19516 core=0 give r=1 y=0 c0=t859 c1=t862
19517 core=0 give r=0 y=0 c0=t859 c1=t862
19518 core=1 take t862 r=1 y=0 c0=t859 c1=t862
19519 core=1 takeb t862 5 r=2 y=2 c0=t859 c1=t856
19520 core=0 noop r=0 y=0 c0=t859 c1=t856
19521 core=0 create 4 t866 p1 r=1 y=2 c0=t859 c1=t866
19522 core=1 create 7 t867 p0 r=1 y=0 c0=t859 c1=t866
19523 core=0 tick r=1 y=1 c0=IDLE1 c1=t866
19524 core=1 prio t863 0 r=0 y=0 c0=IDLE1 c1=t866
19525 core=1 prio t859 3 r=0 y=1 c0=t859 c1=t866
19526 core=0 noop r=0 y=0 c0=t859 c1=t866
19527 core=1 create 8 t868 p3 r=1 y=2 c0=t859 c1=t868
19528 core=0 tick r=1 y=3 c0=t859 c1=t868
19529 core=1 resume t862 r=0 y=0 c0=t859 c1=t868
19530 core=0 delay t859 5 r=0 y=1 c0=t866 c1=t868
19531 core=1 delay t868 2 r=0 y=2 c0=t866 c1=IDLE0
19532 core=0 yield r=0 y=1 c0=t866 c1=IDLE0
19533 core=1 delete 9 t862 r=0 y=0 c0=t866 c1=IDLE0
19534 core=0 delay t866 2 r=0 y=1 c0=t856 c1=IDLE0
19535 core=0 resume t867 r=0 y=0 c0=t856 c1=IDLE0
19536 core=1 suspend t861 r=0 y=0 c0=t856 c1=IDLE0
19537 core=1 suspend t866 r=0 y=0 c0=t856 c1=IDLE0
19538 core=1 give r=1 y=0 c0=t856 c1=IDLE0
19539 core=0 tick r=1 y=3 c0=t867 c1=IDLE1
19540 core=1 noop r=0 y=0 c0=t867 c1=IDLE1
19541 core=1 prio t866 1 r=0 y=0 c0=t867 c1=IDLE1
19542 core=1 yield r=0 y=2 c0=t867 c1=t856
19543 core=0 delay t867 1 r=0 y=1 c0=IDLE0 c1=t856
19544 core=1 noop r=0 y=0 c0=IDLE0 c1=t856
19545 core=1 delay t856 1 r=0 y=2 c0=IDLE0 c1=IDLE1
19546 core=1 resume t861 r=0 y=2 c0=IDLE0 c1=t861
19547 core=1 delay t861 1 r=0 y=2 c0=IDLE0 c1=IDLE1
19548 core=0 give r=0 y=0 c0=IDLE0 c1=IDLE1
19549 core=0 create 3 t869 p1 r=1 y=2 c0=IDLE0 c1=t869
19550 core=1 give_isr r=0 y=0 c0=IDLE0 c1=t869
19551 core=0 noop r=0 y=0 c0=IDLE0 c1=t869
19552 core=0 tick r=1 y=3 c0=t868 c1=t861
19553 core=0 noop r=0 y=0 c0=t868 c1=t861
19554 core=0 give r=0 y=0 c0=t868 c1=t861
19555 core=1 yield r=0 y=2 c0=t868 c1=t861
19556 core=1 suspend t869 r=0 y=0 c0=t868 c1=t861
19557 core=1 take t861 r=1 y=0 c0=t868 c1=t861
19558 core=0 resume t863 r=0 y=0 c0=t868 c1=t861
19559 core=1 suspend t856 r=0 y=0 c0=t868 c1=t861
19560 core=0 resume t868 r=0 y=0 c0=t868 c1=t861
19561 core=0 delay t868 5 r=0 y=1 c0=IDLE1 c1=t861
19562 core=1 delete 7 t867 r=0 y=0 c0=IDLE1 c1=t861
19563 core=1 takeb t861 5 r=2 y=2 c0=IDLE1 c1=IDLE0
19564 core=0 tick r=1 y=3 c0=t863 c1=IDLE1
19565 core=1 noop r=0 y=0 c0=t863 c1=IDLE1
19566 core=1 noop r=0 y=0 c0=t863 c1=IDLE1
19567 core=0 delete 1 t859 r=0 y=0 c0=t863 c1=IDLE1
19568 core=1 yield r=0 y=2 c0=t863 c1=IDLE0
19569 core=0 suspend t856 r=0 y=0 c0=t863 c1=IDLE0
19570 core=0 noop r=0 y=0 c0=t863 c1=IDLE0
19571 core=0 resume t856 r=0 y=2 c0=t863 c1=IDLE1
19572 core=1 resume t861 r=0 y=0 c0=t863 c1=IDLE1
19573 core=0 tick r=1 y=3 c0=t856 c1=IDLE0
19574 core=0 noop r=0 y=0 c0=t856 c1=IDLE0
19575 core=0 delete 0 t856 r=0 y=1 c0=t863 c1=IDLE0
19576 core=0 delay t863 1 r=0 y=1 c0=IDLE1 c1=IDLE0
19577 core=0 noop r=0 y=0 c0=IDLE1 c1=IDLE0
19578 core=0 noop r=0 y=0 c0=IDLE1 c1=IDLE0
19579 core=0 noop r=0 y=0 c0=IDLE1 c1=IDLE0
19580 core=0 noop r=0 y=0 c0=IDLE1 c1=IDLE0
19581 core=0 noop r=0 y=0 c0=IDLE1 c1=IDLE0
19582 core=1 noop r=0 y=0 c0=IDLE1 c1=IDLE0
19583 core=1 noop r=0 y=0 c0=IDLE1 c1=IDLE0
19584 core=0 noop r=0 y=0 c0=IDLE1 c1=IDLE0
19585 core=1 noop r=0 y=0 c0=IDLE1 c1=IDLE0
19586 core=0 give r=1 y=2 c0=IDLE1 c1=t861
19587 core=1 cont t861 r=1 y=0 c0=IDLE1 c1=t861
19588 core=0 suspend t861 r=0 y=2 c0=IDLE1 c1=IDLE0
19589 core=0 noop r=0 y=0 c0=IDLE1 c1=IDLE0
19590 core=0 resume t861 r=0 y=2 c0=IDLE1 c1=t861
19591 core=0 tick r=1 y=1 c0=IDLE0 c1=t861
19592 core=1 noop r=0 y=0 c0=IDLE0 c1=t861
19593 core=1 resume t863 r=0 y=0 c0=IDLE0 c1=t861
19594 core=0 tick r=1 y=1 c0=t863 c1=t861
19595 core=0 suspend t863 r=0 y=1 c0=IDLE1 c1=t861
19596 core=0 give r=1 y=0 c0=IDLE1 c1=t861
19597 core=0 give r=0 y=0 c0=IDLE1 c1=t861
19598 core=1 create 1 t870 p1 r=1 y=1 c0=t870 c1=t861
19599 core=0 create 9 t871 p1 r=1 y=0 c0=t870 c1=t861
19600 core=0 tick r=1 y=3 c0=t868 c1=t861
19601 core=0 delay t868 5 r=0 y=1 c0=t871 c1=t861
19602 core=0 give r=0 y=0 c0=t871 c1=t861
19603 core=0 tick r=1 y=1 c0=t870 c1=t861
19604 core=0 takeb t870 5 r=1 y=0 c0=t870 c1=t861
19605 core=0 tick r=1 y=1 c0=t871 c1=t861
19606 core=1 take t861 r=0 y=0 c0=t871 c1=t861
19607 core=0 suspend t863 r=0 y=0 c0=t871 c1=t861
19608 core=1 takeb t861 4 r=2 y=2 c0=t871 c1=t870
19609 core=0 tick r=1 y=3 c0=t871 c1=t870
19610 core=0 delete 4 t866 r=0 y=0 c0=t871 c1=t870
19611 core=0 delay t871 4 r=0 y=1 c0=IDLE0 c1=t870
19612 core=0 prio t863 1 r=0 y=0 c0=IDLE0 c1=t870
19613 core=1 take t870 r=0 y=0 c0=IDLE0 c1=t870
19614 core=0 noop r=0 y=0 c0=IDLE0 c1=t870
19615 core=0 prio t871 1 r=0 y=0 c0=IDLE0 c1=t870
19616 core=0 tick r=1 y=1 c0=IDLE1 c1=t870
19617 core=0 resume t868 r=0 y=0 c0=IDLE1 c1=t870
19618 core=0 noop r=0 y=0 c0=IDLE1 c1=t870
19619 core=1 noop r=0 y=0 c0=IDLE1 c1=t870
19620 core=0 tick r=1 y=1 c0=t868 c1=t870
19621 core=0 give_isr r=1 y=2 c0=t868 c1=t861
19622 core=1 cont t861 r=1 y=0 c0=t868 c1=t861
19623 core=1 give_isr r=1 y=0 c0=t868 c1=t861
19624 core=1 give r=0 y=0 c0=t868 c1=t861
19625 core=1 delay t861 3 r=0 y=2 c0=t868 c1=t870
19626 core=0 takeb t868 5 r=1 y=0 c0=t868 c1=t870
19627 core=1 delete 9 t871 r=0 y=0 c0=t868 c1=t870
19628 core=1 noop r=0 y=0 c0=t868 c1=t870
19629 core=0 suspend t848 r=0 y=0 c0=t868 c1=t870
19630 core=0 noop r=0 y=0 c0=t868 c1=t870
19631 core=1 prio t861 1 r=0 y=0 c0=t868 c1=t870
19632 core=0 noop r=0 y=0 c0=t868 c1=t870
19633 core=1 prio t848 0 r=0 y=0 c0=t868 c1=t870
19634 core=1 delay t870 5 r=0 y=2 c0=t868 c1=IDLE0
19635 core=0 noop r=0 y=0 c0=t868 c1=IDLE0
19636 core=0 give r=1 y=0 c0=t868 c1=IDLE0
19637 core=0 noop r=0 y=0 c0=t868 c1=IDLE0
19638 core=1 noop r=0 y=0 c0=t868 c1=IDLE0
19639 core=1 give r=0 y=0 c0=t868 c1=IDLE0
19640 core=0 noop r=0 y=0 c0=t868 c1=IDLE0
19641 core=1 suspend t848 r=0 y=0 c0=t868 c1=IDLE0
19642 core=1 noop r=0 y=0 c0=t868 c1=IDLE0
19643 core=1 suspend t870 r=0 y=0 c0=t868 c1=IDLE0
19644 core=1 noop r=0 y=0 c0=t868 c1=IDLE0
19645 core=0 noop r=0 y=0 c0=t868 c1=IDLE0
19646 core=1 suspend t848 r=0 y=0 c0=t868 c1=IDLE0
19647 core=0 tick r=0 y=2 c0=t868 c1=IDLE1
19648 core=0 give_isr r=0 y=0 c0=t868 c1=IDLE1
19649 core=0 yield r=0 y=1 c0=t868 c1=IDLE1
19650 core=1 noop r=0 y=0 c0=t868 c1=IDLE1
19651 core=1 resume t869 r=0 y=2 c0=t868 c1=t869
19652 core=0 tick r=0 y=0 c0=t868 c1=t869
19653 core=1 noop r=0 y=0 c0=t868 c1=t869
19654 core=1 give r=0 y=0 c0=t868 c1=t869
19655 core=0 noop r=0 y=0 c0=t868 c1=t869
19656 core=0 take t868 r=1 y=0 c0=t868 c1=t869
19657 core=0 takeb t868 5 r=2 y=1 c0=IDLE0 c1=t869
19658 core=1 prio t869 2 r=0 y=0 c0=IDLE0 c1=t869
19659 core=1 prio t869 2 r=0 y=0 c0=IDLE0 c1=t869
19660 core=0 suspend t869 r=0 y=2 c0=IDLE0 c1=IDLE1
19661 core=0 noop r=0 y=0 c0=IDLE0 c1=IDLE1
19662 core=1 noop r=0 y=0 c0=IDLE0 c1=IDLE1
19663 core=0 yield r=0 y=1 c0=IDLE0 c1=IDLE1
19664 core=1 prio t863 3 r=0 y=0 c0=IDLE0 c1=IDLE1
19665 core=0 delete 5 t848 r=0 y=0 c0=IDLE0 c1=IDLE1
19666 core=1 noop r=0 y=0 c0=IDLE0 c1=IDLE1
19667 core=0 tick r=1 y=3 c0=t861 c1=IDLE0
19668 core=1 noop r=0 y=0 c0=t861 c1=IDLE0
19669 core=1 noop r=0 y=0 c0=t861 c1=IDLE0
19670 core=0 delay t861 3 r=0 y=1 c0=IDLE1 c1=IDLE0
19671 core=1 give r=1 y=2 c0=IDLE1 c1=t868
19672 core=0 suspend t868 r=0 y=2 c0=IDLE1 c1=IDLE0
19673 core=0 prio t870 2 r=0 y=0 c0=IDLE1 c1=IDLE0
19674 core=0 give r=0 y=0 c0=IDLE1 c1=IDLE0
19675 core=0 noop r=0 y=0 c0=IDLE1 c1=IDLE0
19676 core=1 resume t861 r=0 y=0 c0=IDLE1 c1=IDLE0
19677 core=0 noop r=0 y=0 c0=IDLE1 c1=IDLE0
19678 core=0 noop r=0 y=0 c0=IDLE1 c1=IDLE0
19679 core=1 noop r=0 y=0 c0=IDLE1 c1=IDLE0
19680 core=0 resume t861 r=0 y=0 c0=IDLE1 c1=IDLE0
19681 core=0 give r=0 y=0 c0=IDLE1 c1=IDLE0
19682 core=1 noop r=0 y=0 c0=IDLE1 c1=IDLE0
19683 core=1 give r=0 y=0 c0=IDLE1 c1=IDLE0
19684 core=1 noop r=0 y=0 c0=IDLE1 c1=IDLE0
19685 core=0 noop r=0 y=0 c0=IDLE1 c1=IDLE0
19686 core=0 create 0 t872 p2 r=1 y=2 c0=IDLE1 c1=t872
19687 core=1 takeb t872 1 r=1 y=0 c0=IDLE1 c1=t872
19688 core=1 give r=1 y=0 c0=IDLE1 c1=t872
19689 core=1 noop r=0 y=0 c0=IDLE1 c1=t872
19690 core=1 give r=0 y=0 c0=IDLE1 c1=t872
19691 core=0 prio t868 1 r=0 y=0 c0=IDLE1 c1=t872
19692 core=1 yield r=0 y=2 c0=IDLE1 c1=t872
19693 core=0 resume t868 r=0 y=1 c0=t868 c1=t872
19694 core=1 yield r=0 y=2 c0=t868 c1=t872
19695 core=0 cont t868 r=1 y=0 c0=t868 c1=t872
19696 core=1 noop r=0 y=0 c0=t868 c1=t872
19697 core=1 noop r=0 y=0 c0=t868 c1=t872
19698 core=0 give r=1 y=0 c0=t868 c1=t872
19699 core=0 delay t868 5 r=0 y=1 c0=IDLE0 c1=t872
19700 core=0 suspend t868 r=0 y=0 c0=IDLE0 c1=t872
19701 core=1 delete 1 t870 r=0 y=0 c0=IDLE0 c1=t872
19702 core=1 give_isr r=0 y=0 c0=IDLE0 c1=t872
19703 core=1 give r=0 y=0 c0=IDLE0 c1=t872
19704 core=0 noop r=0 y=0 c0=IDLE0 c1=t872
19705 core=1 resume t861 r=0 y=0 c0=IDLE0 c1=t872
19706 core=1 give r=0 y=0 c0=IDLE0 c1=t872
19707 core=0 noop r=0 y=0 c0=IDLE0 c1=t872
19708 core=0 noop r=0 y=0 c0=IDLE0 c1=t872
19709 core=1 give r=0 y=0 c0=IDLE0 c1=t872
19710 core=1 give_isr r=0 y=0 c0=IDLE0 c1=t872
19711 core=0 tick r=1 y=1 c0=IDLE1 c1=t872
19712 core=0 give r=0 y=0 c0=IDLE1 c1=t872
19713 core=1 suspend t863 r=0 y=0 c0=IDLE1 c1=t872
19714 core=1 noop r=0 y=0 c0=IDLE1 c1=t872
19715 core=1 suspend t872 r=0 y=2 c0=IDLE1 c1=IDLE0
19716 core=0 give_isr r=0 y=0 c0=IDLE1 c1=IDLE0
19717 core=1 give r=0 y=0 c0=IDLE1 c1=IDLE0
19718 core=1 noop r=0 y=0 c0=IDLE1 c1=IDLE0
19719 core=0 give r=0 y=0 c0=IDLE1 c1=IDLE0
19720 core=0 resume t872 r=0 y=2 c0=IDLE1 c1=t872
19721 core=1 noop r=0 y=0 c0=IDLE1 c1=t872
19722 core=0 noop r=0 y=0 c0=IDLE1 c1=t872
19723 core=0 give r=0 y=0 c0=IDLE1 c1=t872
19724 core=1 yield r=0 y=2 c0=IDLE1 c1=t872
19725 core=1 create 5 t873 p1 r=1 y=1 c0=t873 c1=t872
19726 core=1 takeb t872 1 r=1 y=0 c0=t873 c1=t872
19727 core=0 give_isr r=1 y=0 c0=t873 c1=t872
19728 core=1 delay t872 4 r=0 y=2 c0=t873 c1=IDLE0
19729 core=0 delay t873 1 r=0 y=1 c0=IDLE1 c1=IDLE0
19730 core=0 noop r=0 y=0 c0=IDLE1 c1=IDLE0
19731 core=1 noop r=0 y=0 c0=IDLE1 c1=IDLE0
19732 core=1 noop r=0 y=0 c0=IDLE1 c1=IDLE0
19733 core=1 resume t873 r=0 y=0 c0=IDLE1 c1=IDLE0
19734 core=0 noop r=0 y=0 c0=IDLE1 c1=IDLE0
19735 core=0 prio t863 0 r=0 y=0 c0=IDLE1 c1=IDLE0
19736 core=0 noop r=0 y=0 c0=IDLE1 c1=IDLE0
19737 core=0 noop r=0 y=0 c0=IDLE1 c1=IDLE0
19738 core=0 noop r=0 y=0 c0=IDLE1 c1=IDLE0
19739 core=0 create 4 t874 p3 r=1 y=2 c0=IDLE1 c1=t874
19740 core=1 prio t861 1 r=0 y=0 c0=IDLE1 c1=t874
19741 core=0 delete 4 t874 r=0 y=2 c0=IDLE1 c1=IDLE0
19742 core=0 tick r=1 y=3 c0=t873 c1=IDLE1
19743 core=1 yield r=0 y=2 c0=t873 c1=IDLE0
19744 core=0 tick r=1 y=3 c0=t861 c1=t873
19745 core=1 delay t873 2 r=0 y=2 c0=t861 c1=IDLE1
19746 core=1 noop r=0 y=0 c0=t861 c1=IDLE1
19747 core=1 noop r=0 y=0 c0=t861 c1=IDLE1
19748 core=1 noop r=0 y=0 c0=t861 c1=IDLE1
19749 core=0 give_isr r=0 y=0 c0=t861 c1=IDLE1
19750 core=0 noop r=0 y=0 c0=t861 c1=IDLE1
19751 core=0 prio t868 1 r=0 y=0 c0=t861 c1=IDLE1
19752 core=0 prio t868 3 r=0 y=0 c0=t861 c1=IDLE1
19753 core=1 noop r=0 y=0 c0=t861 c1=IDLE1
19754 core=1 noop r=0 y=0 c0=t861 c1=IDLE1
19755 core=0 resume t869 r=0 y=2 c0=t861 c1=t869
19756 core=1 suspend t872 r=0 y=0 c0=t861 c1=t869
19757 core=1 resume t868 r=0 y=1 c0=t868 c1=t869
19758 core=1 noop r=0 y=0 c0=t868 c1=t869
19759 core=0 noop r=0 y=0 c0=t868 c1=t869
19760 core=1 resume t869 r=0 y=0 c0=t868 c1=t869
19761 core=0 prio t869 0 r=0 y=2 c0=t868 c1=t861
19762 core=1 give r=0 y=0 c0=t868 c1=t861
19763 core=1 give_isr r=0 y=0 c0=t868 c1=t861
19764 core=0 resume t872 r=0 y=2 c0=t868 c1=t872
19765 core=0 noop r=0 y=0 c0=t868 c1=t872
19766 core=1 yield r=0 y=2 c0=t868 c1=t872
19767 core=1 delete 5 t873 r=0 y=0 c0=t868 c1=t872
19768 core=0 takeb t868 1 r=1 y=0 c0=t868 c1=t872
19769 core=0 suspend t872 r=0 y=2 c0=t868 c1=t861
19770 core=1 noop r=0 y=0 c0=t868 c1=t861
19771 core=0 delete 2 t861 r=0 y=2 c0=t868 c1=IDLE0
19772 core=0 noop r=0 y=0 c0=t868 c1=IDLE0
19773 core=1 give_isr r=1 y=0 c0=t868 c1=IDLE0
19774 core=1 give_isr r=0 y=0 c0=t868 c1=IDLE0
19775 core=0 resume t869 r=0 y=0 c0=t868 c1=IDLE0
19776 core=0 yield r=0 y=1 c0=t868 c1=IDLE0
19777 core=0 prio t868 3 r=0 y=0 c0=t868 c1=IDLE0
19778 core=0 tick r=0 y=2 c0=t868 c1=IDLE1
19779 core=0 yield r=0 y=1 c0=t868 c1=IDLE1
19780 core=1 create 5 t875 p2 r=1 y=2 c0=t868 c1=t875
19781 core=1 prio t872 2 r=0 y=0 c0=t868 c1=t875
19782 core=1 noop r=0 y=0 c0=t868 c1=t875
19783 core=0 noop r=0 y=0 c0=t868 c1=t875
19784 core=1 give r=0 y=0 c0=t868 c1=t875
19785 core=0 noop r=0 y=0 c0=t868 c1=t875
19786 core=1 noop r=0 y=0 c0=t868 c1=t875
19787 core=1 give r=0 y=0 c0=t868 c1=t875
19788 core=1 noop r=0 y=0 c0=t868 c1=t875
19789 core=1 suspend t868 r=0 y=1 c0=t869 c1=t875
19790 core=0 noop r=0 y=0 c0=t869 c1=t875
19791 core=0 noop r=0 y=0 c0=t869 c1=t875
19792 core=0 delay t869 2 r=0 y=1 c0=IDLE0 c1=t875
19793 core=0 give r=0 y=0 c0=IDLE0 c1=t875
19794 core=0 prio t872 3 r=0 y=0 c0=IDLE0 c1=t875
19795 core=0 noop r=0 y=0 c0=IDLE0 c1=t875
19796 core=0 create 7 t876 p2 r=1 y=1 c0=t876 c1=t875
19797 core=1 prio t869 1 r=0 y=0 c0=t876 c1=t875
19798 core=0 delay t876 3 r=0 y=1 c0=IDLE1 c1=t875
19799 core=0 give r=0 y=0 c0=IDLE1 c1=t875
19800 core=0 give_isr r=0 y=0 c0=IDLE1 c1=t875
19801 core=0 noop r=0 y=0 c0=IDLE1 c1=t875
19802 core=1 resume t869 r=0 y=0 c0=IDLE1 c1=t875
19803 core=0 noop r=0 y=0 c0=IDLE1 c1=t875
19804 core=1 delay t875 2 r=0 y=2 c0=IDLE1 c1=IDLE0
19805 core=0 tick r=1 y=3 c0=IDLE1 c1=IDLE0
19806 core=0 give r=0 y=0 c0=IDLE1 c1=IDLE0
19807 core=1 noop r=0 y=0 c0=IDLE1 c1=IDLE0
19808 core=0 give_isr r=0 y=0 c0=IDLE1 c1=IDLE0
19809 core=0 suspend t868 r=0 y=0 c0=IDLE1 c1=IDLE0
19810 core=0 give_isr r=0 y=0 c0=IDLE1 c1=IDLE0
19811 core=0 tick r=1 y=3 c0=t875 c1=t869
19812 core=0 takeb t875 5 r=1 y=0 c0=t875 c1=t869
19813 core=1 create 1 t877 p0 r=1 y=0 c0=t875 c1=t869
19814 core=0 delay t875 1 r=0 y=1 c0=IDLE1 c1=t869
19815 core=0 noop r=0 y=0 c0=IDLE1 c1=t869
19816 core=1 give r=1 y=0 c0=IDLE1 c1=t869
19817 core=0 noop r=0 y=0 c0=IDLE1 c1=t869
19818 core=1 noop r=0 y=0 c0=IDLE1 c1=t869
19819 core=0 noop r=0 y=0 c0=IDLE1 c1=t869
19820 core=0 noop r=0 y=0 c0=IDLE1 c1=t869
19821 core=1 noop r=0 y=0 c0=IDLE1 c1=t869
19822 core=0 give r=0 y=0 c0=IDLE1 c1=t869
19823 core=1 noop r=0 y=0 c0=IDLE1 c1=t869
19824 core=0 noop r=0 y=0 c0=IDLE1 c1=t869
19825 core=1 delete 6 t863 r=0 y=0 c0=IDLE1 c1=t869
19826 core=1 delay t869 2 r=0 y=2 c0=IDLE1 c1=IDLE0
19827 core=1 resume t868 r=0 y=2 c0=IDLE1 c1=t868
19828 core=1 prio t872 1 r=0 y=0 c0=IDLE1 c1=t868
19829 core=1 delay t868 2 r=0 y=2 c0=IDLE1 c1=t877
19830 core=1 takeb t877 5 r=1 y=0 c0=IDLE1 c1=t877
19831 core=1 noop r=0 y=0 c0=IDLE1 c1=t877
19832 core=0 noop r=0 y=0 c0=IDLE1 c1=t877
19833 core=0 noop r=0 y=0 c0=IDLE1 c1=t877
19834 core=0 noop r=0 y=0 c0=IDLE1 c1=t877
19835 core=1 suspend t875 r=0 y=0 c0=IDLE1 c1=t877
19836 core=0 give r=1 y=0 c0=IDLE1 c1=t877
19837 core=1 give r=0 y=0 c0=IDLE1 c1=t877
19838 core=1 noop r=0 y=0 c0=IDLE1 c1=t877
19839 core=0 noop r=0 y=0 c0=IDLE1 c1=t877
19840 core=0 yield r=0 y=1 c0=IDLE0 c1=t877
19841 core=0 tick r=1 y=3 c0=t876 c1=IDLE1
19842 core=1 noop r=0 y=0 c0=t876 c1=IDLE1
19843 core=0 noop r=0 y=0 c0=t876 c1=IDLE1
19844 core=1 give_isr r=0 y=0 c0=t876 c1=IDLE1
19845 core=1 give_isr r=0 y=0 c0=t876 c1=IDLE1
19846 core=1 prio t868 0 r=0 y=0 c0=t876 c1=IDLE1
19847 core=0 resume t872 r=0 y=2 c0=t876 c1=t872
19848 core=0 noop r=0 y=0 c0=t876 c1=t872
19849 core=0 give_isr r=0 y=0 c0=t876 c1=t872
19850 core=1 takeb t872 3 r=1 y=0 c0=t876 c1=t872
19851 core=0 suspend t875 r=0 y=0 c0=t876 c1=t872
19852 core=0 tick r=0 y=2 c0=t876 c1=t869
19853 core=1 noop r=0 y=0 c0=t876 c1=t869
19854 core=1 give_isr r=1 y=0 c0=t876 c1=t869
19855 core=0 tick r=0 y=2 c0=t876 c1=t872
19856 core=0 suspend t876 r=0 y=1 c0=t869 c1=t872
19857 core=0 give_isr r=0 y=0 c0=t869 c1=t872
19858 core=0 give_isr r=0 y=0 c0=t869 c1=t872
19859 core=0 prio t872 3 r=0 y=0 c0=t869 c1=t872
19860 core=0 tick r=0 y=0 c0=t869 c1=t872
19861 core=0 tick r=0 y=0 c0=t869 c1=t872
19862 core=0 suspend t876 r=0 y=0 c0=t869 c1=t872
19863 core=1 delete 5 t875 r=0 y=0 c0=t869 c1=t872
19864 core=1 take t872 r=1 y=0 c0=t869 c1=t872
19865 core=0 yield r=0 y=1 c0=t869 c1=t872
19866 core=1 give_isr r=1 y=0 c0=t869 c1=t872
19867 core=1 give r=0 y=0 c0=t869 c1=t872
19868 core=0 noop r=0 y=0 c0=t869 c1=t872
19869 core=0 noop r=0 y=0 c0=t869 c1=t872
19870 core=0 takeb t869 3 r=1 y=0 c0=t869 c1=t872
19871 core=0 prio t877 3 r=0 y=1 c0=t877 c1=t872
19872 core=0 yield r=0 y=1 c0=t877 c1=t872
19873 core=0 noop r=0 y=0 c0=t877 c1=t872
19874 core=1 yield r=0 y=2 c0=t877 c1=t872
19875 core=1 noop r=0 y=0 c0=t877 c1=t872
19876 core=1 noop r=0 y=0 c0=t877 c1=t872
19877 core=0 delay t877 2 r=0 y=1 c0=t869 c1=t872
19878 core=1 delay t872 4 r=0 y=2 c0=t869 c1=IDLE0
19879 core=0 noop r=0 y=0 c0=t869 c1=IDLE0
19880 core=0 delay t869 5 r=0 y=1 c0=IDLE1 c1=IDLE0
19881 core=1 noop r=0 y=0 c0=IDLE1 c1=IDLE0
19882 core=0 tick r=1 y=3 c0=t868 c1=IDLE1
19883 core=0 tick r=1 y=3 c0=t877 c1=IDLE0
19884 core=0 noop r=0 y=0 c0=t877 c1=IDLE0
19885 core=1 resume t877 r=0 y=0 c0=t877 c1=IDLE0
19886 core=1 delete 1 t877 r=0 y=1 c0=t868 c1=IDLE0
19887 core=1 give r=1 y=0 c0=t868 c1=IDLE0
19888 core=1 create 5 t878 p0 r=1 y=2 c0=t868 c1=IDLE1
19889 core=0 give_isr r=0 y=0 c0=t868 c1=IDLE1
19890 core=1 noop r=0 y=0 c0=t868 c1=IDLE1
19891 core=1 suspend t872 r=0 y=0 c0=t868 c1=IDLE1
19892 core=0 resume t872 r=0 y=2 c0=t868 c1=t872
19893 core=0 delay t868 3 r=0 y=1 c0=t878 c1=t872
19894 core=1 noop r=0 y=0 c0=t878 c1=t872
19895 core=0 create 6 t879 p2 r=1 y=1 c0=t879 c1=t872
19896 core=0 tick r=0 y=0 c0=t879 c1=t872
19897 core=0 tick r=0 y=0 c0=t879 c1=t872
19898 core=0 resume t868 r=0 y=0 c0=t879 c1=t872
19899 core=0 give r=0 y=0 c0=t879 c1=t872
19900 core=0 give_isr r=0 y=0 c0=t879 c1=t872
19901 core=0 give r=0 y=0 c0=t879 c1=t872
19902 core=0 noop r=0 y=0 c0=t879 c1=t872
19903 core=1 give r=0 y=0 c0=t879 c1=t872
19904 core=0 resume t876 r=0 y=0 c0=t879 c1=t872
19905 core=0 noop r=0 y=0 c0=t879 c1=t872
19906 core=0 noop r=0 y=0 c0=t879 c1=t872
19907 core=1 noop r=0 y=0 c0=t879 c1=t872
19908 core=1 delay t872 3 r=0 y=2 c0=t879 c1=t876
19909 core=0 give r=0 y=0 c0=t879 c1=t876
19910 core=1 delete 5 t878 r=0 y=0 c0=t879 c1=t876
19911 core=0 give r=0 y=0 c0=t879 c1=t876
19912 core=0 suspend t868 r=0 y=0 c0=t879 c1=t876
19913 core=0 suspend t872 r=0 y=0 c0=t879 c1=t876
19914 core=1 create 9 t880 p1 r=1 y=0 c0=t879 c1=t876
19915 core=1 give_isr r=0 y=0 c0=t879 c1=t876
19916 core=0 yield r=0 y=1 c0=t879 c1=t876
19917 core=0 create 1 t881 p1 r=1 y=0 c0=t879 c1=t876
19918 core=1 suspend t879 r=0 y=1 c0=t880 c1=t876
19919 core=0 takeb t880 5 r=1 y=0 c0=t880 c1=t876
19920 core=1 give_isr r=1 y=0 c0=t880 c1=t876
19921 core=0 give_isr r=0 y=0 c0=t880 c1=t876
19922 core=1 give_isr r=0 y=0 c0=t880 c1=t876
19923 core=1 give r=0 y=0 c0=t880 c1=t876
19924 core=0 delay t880 1 r=0 y=1 c0=t881 c1=t876
19925 core=0 tick r=1 y=1 c0=t869 c1=t876
19926 core=1 resume t868 r=0 y=0 c0=t869 c1=t876
19927 core=0 tick r=1 y=1 c0=t880 c1=t876
19928 core=0 noop r=0 y=0 c0=t880 c1=t876
19929 core=0 give r=0 y=0 c0=t880 c1=t876
19930 core=0 tick r=1 y=1 c0=t881 c1=t876
19931 core=0 noop r=0 y=0 c0=t881 c1=t876
19932 core=0 give r=0 y=0 c0=t881 c1=t876
19933 core=0 takeb t881 6 r=1 y=0 c0=t881 c1=t876
19934 core=0 noop r=0 y=0 c0=t881 c1=t876
19935 core=1 delay t876 3 r=0 y=2 c0=t881 c1=t869
19936 core=0 noop r=0 y=0 c0=t881 c1=t869
19937 core=1 delay t869 4 r=0 y=2 c0=t881 c1=t880
19938 core=1 suspend t868 r=0 y=0 c0=t881 c1=t880
19939 core=0 noop r=0 y=0 c0=t881 c1=t880
19940 core=0 delay t881 1 r=0 y=1 c0=IDLE0 c1=t880
19941 core=0 suspend t879 r=0 y=0 c0=IDLE0 c1=t880
19942 core=1 noop r=0 y=0 c0=IDLE0 c1=t880
19943 core=1 prio t876 1 r=0 y=0 c0=IDLE0 c1=t880
19944 core=0 yield r=0 y=1 c0=IDLE1 c1=t880
19945 core=1 delay t880 1 r=0 y=2 c0=IDLE1 c1=IDLE0
19946 core=0 tick r=1 y=3 c0=t881 c1=t880
19947 core=1 take t880 r=0 y=0 c0=t881 c1=t880
19948 core=0 give r=1 y=0 c0=t881 c1=t880
19949 core=1 give r=0 y=0 c0=t881 c1=t880
19950 core=1 noop r=0 y=0 c0=t881 c1=t880
19951 core=0 give r=0 y=0 c0=t881 c1=t880
19952 core=1 takeb t880 2 r=1 y=0 c0=t881 c1=t880
19953 core=1 delay t880 5 r=0 y=2 c0=t881 c1=IDLE1
19954 core=0 resume t880 r=0 y=0 c0=t881 c1=IDLE1
19955 core=1 noop r=0 y=0 c0=t881 c1=IDLE1
19956 core=1 delete 9 t880 r=0 y=0 c0=t881 c1=IDLE1
19957 core=1 noop r=0 y=0 c0=t881 c1=IDLE1
19958 core=1 give r=1 y=0 c0=t881 c1=IDLE1
19959 core=0 noop r=0 y=0 c0=t881 c1=IDLE1
19960 core=0 tick r=0 y=2 c0=t881 c1=IDLE0
19961 core=0 prio t881 1 r=0 y=0 c0=t881 c1=IDLE0
19962 core=1 delete 8 t868 r=0 y=0 c0=t881 c1=IDLE0
19963 core=1 noop r=0 y=0 c0=t881 c1=IDLE0
19964 core=0 tick r=1 y=3 c0=t876 c1=t881
19965 core=1 delete 1 t881 r=0 y=2 c0=t876 c1=IDLE1
19966 core=1 noop r=0 y=0 c0=t876 c1=IDLE1
19967 core=1 delete 0 t872 r=0 y=0 c0=t876 c1=IDLE1
19968 core=1 noop r=0 y=0 c0=t876 c1=IDLE1
19969 core=1 yield r=0 y=2 c0=t876 c1=IDLE0
19970 core=0 noop r=0 y=0 c0=t876 c1=IDLE0
19971 core=1 noop r=0 y=0 c0=t876 c1=IDLE0
19972 core=0 noop r=0 y=0 c0=t876 c1=IDLE0
19973 core=0 create 2 t882 p2 r=1 y=2 c0=t876 c1=t882
19974 core=1 delay t882 1 r=0 y=2 c0=t876 c1=IDLE1
19975 core=1 noop r=0 y=0 c0=t876 c1=IDLE1
19976 core=0 delay t876 5 r=0 y=1 c0=IDLE0 c1=IDLE1
19977 core=1 prio t869 2 r=0 y=0 c0=IDLE0 c1=IDLE1
19978 core=0 noop r=0 y=0 c0=IDLE0 c1=IDLE1
19979 core=0 create 9 t883 p1 r=1 y=2 c0=IDLE0 c1=t883
19980 core=0 give r=0 y=0 c0=IDLE0 c1=t883
19981 core=0 suspend t876 r=0 y=0 c0=IDLE0 c1=t883
19982 core=1 resume t882 r=0 y=0 c0=IDLE0 c1=t883
19983 core=0 noop r=0 y=0 c0=IDLE0 c1=t883
19984 core=0 noop r=0 y=0 c0=IDLE0 c1=t883
19985 core=0 give_isr r=0 y=0 c0=IDLE0 c1=t883
19986 core=0 noop r=0 y=0 c0=IDLE0 c1=t883
19987 core=0 tick r=1 y=3 c0=t869 c1=t882
19988 core=1 resume t882 r=0 y=0 c0=t869 c1=t882
19989 core=0 tick r=1 y=3 c0=t869 c1=t882
19990 core=0 noop r=0 y=0 c0=t869 c1=t882
19991 core=0 tick r=1 y=3 c0=t869 c1=t882
19992 core=0 tick r=1 y=3 c0=t869 c1=t882
19993 core=1 delay t882 4 r=0 y=2 c0=t869 c1=t883
19994 core=1 give_isr r=0 y=0 c0=t869 c1=t883
19995 core=0 prio t869 0 r=0 y=1 c0=IDLE1 c1=t883
19996 core=1 give r=0 y=0 c0=IDLE1 c1=t883
19997 core=0 noop r=0 y=0 c0=IDLE1 c1=t883
19998 core=0 noop r=0 y=0 c0=IDLE1 c1=t883
19999 core=0 tick r=1 y=1 c0=IDLE0 c1=t883
20000 core=0 yield r=0 y=1 c0=t869 c1=t883
